# NLA Fabrication - HVAC slider knob, 96-98 Civic EK/EJ
# Units: millimetres. 1 unit = 1 mm.
o knob_classic_line
v 8.2500 0.0000 6.4300
v 8.2423 0.0000 8.3945
v 8.2192 0.0000 9.0830
v 8.1807 0.0000 9.5895
v 8.1266 0.0000 10.0027
v 8.0567 0.0000 10.3556
v 7.9708 0.0000 10.6648
v 7.8687 0.0000 10.9399
v 7.7499 0.0000 11.1869
v 7.6139 0.0000 11.4100
v 7.4601 0.0000 11.6119
v 7.2878 0.0000 11.7949
v 7.0960 0.0000 11.9606
v 6.8835 0.0000 12.1101
v 6.6487 0.0000 12.2443
v 6.3896 0.0000 12.3642
v 6.1034 0.0000 12.4702
v 5.7865 0.0000 12.5628
v 5.4335 0.0000 12.6424
v 5.0367 0.0000 12.7093
v 4.5839 0.0000 12.7638
v 4.0538 0.0000 12.8060
v 3.4039 0.0000 12.8360
v 2.5206 0.0000 12.8540
v 0.0000 0.0000 12.8600
v -2.5206 0.0000 12.8540
v -3.4039 0.0000 12.8360
v -4.0538 0.0000 12.8060
v -4.5839 0.0000 12.7638
v -5.0367 0.0000 12.7093
v -5.4335 0.0000 12.6424
v -5.7865 0.0000 12.5628
v -6.1034 0.0000 12.4702
v -6.3896 0.0000 12.3642
v -6.6487 0.0000 12.2443
v -6.8835 0.0000 12.1101
v -7.0960 0.0000 11.9606
v -7.2878 0.0000 11.7949
v -7.4601 0.0000 11.6119
v -7.6139 0.0000 11.4100
v -7.7499 0.0000 11.1869
v -7.8687 0.0000 10.9399
v -7.9708 0.0000 10.6648
v -8.0567 0.0000 10.3556
v -8.1266 0.0000 10.0027
v -8.1807 0.0000 9.5895
v -8.2192 0.0000 9.0830
v -8.2423 0.0000 8.3945
v -8.2500 0.0000 6.4300
v -8.2423 0.0000 4.4655
v -8.2192 0.0000 3.7770
v -8.1807 0.0000 3.2705
v -8.1266 0.0000 2.8573
v -8.0567 0.0000 2.5044
v -7.9708 0.0000 2.1952
v -7.8687 0.0000 1.9201
v -7.7499 0.0000 1.6731
v -7.6139 0.0000 1.4500
v -7.4601 0.0000 1.2481
v -7.2878 0.0000 1.0651
v -7.0960 0.0000 0.8994
v -6.8835 0.0000 0.7499
v -6.6487 0.0000 0.6157
v -6.3896 0.0000 0.4958
v -6.1034 0.0000 0.3898
v -5.7865 0.0000 0.2972
v -5.4335 0.0000 0.2176
v -5.0367 0.0000 0.1507
v -4.5839 0.0000 0.0962
v -4.0538 0.0000 0.0540
v -3.4039 0.0000 0.0240
v -2.5206 0.0000 0.0060
v -0.0000 0.0000 0.5500
v 2.5206 0.0000 0.0060
v 3.4039 0.0000 0.0240
v 4.0538 0.0000 0.0540
v 4.5839 0.0000 0.0962
v 5.0367 0.0000 0.1507
v 5.4335 0.0000 0.2176
v 5.7865 0.0000 0.2972
v 6.1034 0.0000 0.3898
v 6.3896 0.0000 0.4958
v 6.6487 0.0000 0.6157
v 6.8835 0.0000 0.7499
v 7.0960 0.0000 0.8994
v 7.2878 0.0000 1.0651
v 7.4601 0.0000 1.2481
v 7.6139 0.0000 1.4500
v 7.7499 0.0000 1.6731
v 7.8687 0.0000 1.9201
v 7.9708 0.0000 2.1952
v 8.0567 0.0000 2.5044
v 8.1266 0.0000 2.8573
v 8.1807 0.0000 3.2705
v 8.2192 0.0000 3.7770
v 8.2423 0.0000 4.4655
v 8.2500 0.4299 6.4435
v 8.2423 0.4299 8.4111
v 8.2192 0.4299 9.1009
v 8.1807 0.4299 9.6086
v 8.1265 0.4299 10.0227
v 8.0566 0.4299 10.3764
v 7.9707 0.4299 10.6864
v 7.8685 0.4299 10.9622
v 7.7496 0.4299 11.2098
v 7.6136 0.4299 11.4333
v 7.4597 0.4299 11.6358
v 7.2874 0.4299 11.8192
v 7.0955 0.4299 11.9853
v 6.8829 0.4299 12.1351
v 6.6480 0.4299 12.2698
v 6.3888 0.4299 12.3899
v 6.1025 0.4299 12.4962
v 5.7855 0.4299 12.5890
v 5.4325 0.4299 12.6689
v 5.0356 0.4299 12.7360
v 4.5827 0.4299 12.7906
v 4.0525 0.4299 12.8328
v 3.4025 0.4299 12.8630
v 2.5192 0.4299 12.8810
v 0.0000 0.4299 12.8870
v -2.5192 0.4299 12.8810
v -3.4025 0.4299 12.8630
v -4.0525 0.4299 12.8328
v -4.5827 0.4299 12.7906
v -5.0356 0.4299 12.7360
v -5.4325 0.4299 12.6689
v -5.7855 0.4299 12.5890
v -6.1025 0.4299 12.4962
v -6.3888 0.4299 12.3899
v -6.6480 0.4299 12.2698
v -6.8829 0.4299 12.1351
v -7.0955 0.4299 11.9853
v -7.2874 0.4299 11.8192
v -7.4597 0.4299 11.6358
v -7.6136 0.4299 11.4333
v -7.7496 0.4299 11.2098
v -7.8685 0.4299 10.9622
v -7.9707 0.4299 10.6864
v -8.0566 0.4299 10.3764
v -8.1265 0.4299 10.0227
v -8.1807 0.4299 9.6086
v -8.2192 0.4299 9.1009
v -8.2423 0.4299 8.4111
v -8.2500 0.4299 6.4435
v -8.2423 0.4299 4.4759
v -8.2192 0.4299 3.7860
v -8.1807 0.4299 3.2784
v -8.1265 0.4299 2.8643
v -8.0566 0.4299 2.5105
v -7.9707 0.4299 2.2006
v -7.8685 0.4299 1.9248
v -7.7496 0.4299 1.6772
v -7.6136 0.4299 1.4536
v -7.4597 0.4299 1.2512
v -7.2874 0.4299 1.0677
v -7.0955 0.4299 0.9017
v -6.8829 0.4299 0.7518
v -6.6480 0.4299 0.6172
v -6.3888 0.4299 0.4971
v -6.1025 0.4299 0.3908
v -5.7855 0.4299 0.2980
v -5.4325 0.4299 0.2181
v -5.0356 0.4299 0.1510
v -4.5827 0.4299 0.0964
v -4.0525 0.4299 0.0542
v -3.4025 0.4299 0.0240
v -2.5192 0.4299 0.0060
v -0.0000 0.4299 0.5500
v 2.5192 0.4299 0.0060
v 3.4025 0.4299 0.0240
v 4.0525 0.4299 0.0542
v 4.5827 0.4299 0.0964
v 5.0356 0.4299 0.1510
v 5.4325 0.4299 0.2181
v 5.7855 0.4299 0.2980
v 6.1025 0.4299 0.3908
v 6.3888 0.4299 0.4971
v 6.6480 0.4299 0.6172
v 6.8829 0.4299 0.7518
v 7.0955 0.4299 0.9017
v 7.2874 0.4299 1.0677
v 7.4597 0.4299 1.2512
v 7.6136 0.4299 1.4536
v 7.7496 0.4299 1.6772
v 7.8685 0.4299 1.9248
v 7.9707 0.4299 2.2006
v 8.0566 0.4299 2.5105
v 8.1265 0.4299 2.8643
v 8.1807 0.4299 3.2784
v 8.2192 0.4299 3.7860
v 8.2423 0.4299 4.4759
v 8.2500 0.8560 6.4817
v 8.2423 0.8560 8.4577
v 8.2192 0.8560 9.1517
v 8.1806 0.8560 9.6625
v 8.1264 0.8560 10.0792
v 8.0564 0.8560 10.4353
v 7.9703 0.8560 10.7473
v 7.8680 0.8560 11.0249
v 7.7490 0.8560 11.2742
v 7.6128 0.8560 11.4993
v 7.4587 0.8560 11.7032
v 7.2862 0.8560 11.8879
v 7.0941 0.8560 12.0551
v 6.8812 0.8560 12.2061
v 6.6461 0.8560 12.3417
v 6.3866 0.8560 12.4627
v 6.1001 0.8560 12.5697
v 5.7828 0.8560 12.6632
v 5.4294 0.8560 12.7436
v 5.0323 0.8560 12.8112
v 4.5790 0.8560 12.8662
v 4.0486 0.8560 12.9088
v 3.3985 0.8560 12.9391
v 2.5152 0.8560 12.9573
v 0.0000 0.8560 12.9633
v -2.5152 0.8560 12.9573
v -3.3985 0.8560 12.9391
v -4.0486 0.8560 12.9088
v -4.5790 0.8560 12.8662
v -5.0323 0.8560 12.8112
v -5.4294 0.8560 12.7436
v -5.7828 0.8560 12.6632
v -6.1001 0.8560 12.5697
v -6.3866 0.8560 12.4627
v -6.6461 0.8560 12.3417
v -6.8812 0.8560 12.2061
v -7.0941 0.8560 12.0551
v -7.2862 0.8560 11.8879
v -7.4587 0.8560 11.7032
v -7.6128 0.8560 11.4993
v -7.7490 0.8560 11.2742
v -7.8680 0.8560 11.0249
v -7.9703 0.8560 10.7473
v -8.0564 0.8560 10.4353
v -8.1264 0.8560 10.0792
v -8.1806 0.8560 9.6625
v -8.2192 0.8560 9.1517
v -8.2423 0.8560 8.4577
v -8.2500 0.8560 6.4817
v -8.2423 0.8560 4.5056
v -8.2192 0.8560 3.8116
v -8.1806 0.8560 3.3009
v -8.1264 0.8560 2.8841
v -8.0564 0.8560 2.5280
v -7.9703 0.8560 2.2160
v -7.8680 0.8560 1.9384
v -7.7490 0.8560 1.6891
v -7.6128 0.8560 1.4640
v -7.4587 0.8560 1.2601
v -7.2862 0.8560 1.0754
v -7.0941 0.8560 0.9082
v -6.8812 0.8560 0.7573
v -6.6461 0.8560 0.6217
v -6.3866 0.8560 0.5007
v -6.1001 0.8560 0.3936
v -5.7828 0.8560 0.3001
v -5.4294 0.8560 0.2197
v -5.0323 0.8560 0.1521
v -4.5790 0.8560 0.0971
v -4.0486 0.8560 0.0545
v -3.3985 0.8560 0.0242
v -2.5152 0.8560 0.0060
v -0.0000 0.8560 0.5500
v 2.5152 0.8560 0.0060
v 3.3985 0.8560 0.0242
v 4.0486 0.8560 0.0545
v 4.5790 0.8560 0.0971
v 5.0323 0.8560 0.1521
v 5.4294 0.8560 0.2197
v 5.7828 0.8560 0.3001
v 6.1001 0.8560 0.3936
v 6.3866 0.8560 0.5007
v 6.6461 0.8560 0.6217
v 6.8812 0.8560 0.7573
v 7.0941 0.8560 0.9082
v 7.2862 0.8560 1.0754
v 7.4587 0.8560 1.2601
v 7.6128 0.8560 1.4640
v 7.7490 0.8560 1.6891
v 7.8680 0.8560 1.9384
v 7.9703 0.8560 2.2160
v 8.0564 0.8560 2.5280
v 8.1264 0.8560 2.8841
v 8.1806 0.8560 3.3009
v 8.2192 0.8560 3.8116
v 8.2423 0.8560 4.5056
v 8.2500 1.2783 6.5411
v 8.2423 1.2783 8.5302
v 8.2191 1.2783 9.2304
v 8.1804 1.2783 9.7461
v 8.1261 1.2783 10.1670
v 8.0559 1.2783 10.5267
v 7.9698 1.2783 10.8420
v 7.8672 1.2783 11.1225
v 7.7479 1.2783 11.3745
v 7.6114 1.2783 11.6020
v 7.4571 1.2783 11.8081
v 7.2842 1.2783 11.9948
v 7.0917 1.2783 12.1639
v 6.8785 1.2783 12.3165
v 6.6430 1.2783 12.4536
v 6.3831 1.2783 12.5759
v 6.0961 1.2783 12.6841
v 5.7783 1.2783 12.7787
v 5.4245 1.2783 12.8600
v 5.0269 1.2783 12.9284
v 4.5732 1.2783 12.9840
v 4.0424 1.2783 13.0271
v 3.3919 1.2783 13.0577
v 2.5087 1.2783 13.0761
v 0.0000 1.2783 13.0822
v -2.5087 1.2783 13.0761
v -3.3919 1.2783 13.0577
v -4.0424 1.2783 13.0271
v -4.5732 1.2783 12.9840
v -5.0269 1.2783 12.9284
v -5.4245 1.2783 12.8600
v -5.7783 1.2783 12.7787
v -6.0961 1.2783 12.6841
v -6.3831 1.2783 12.5759
v -6.6430 1.2783 12.4536
v -6.8785 1.2783 12.3165
v -7.0917 1.2783 12.1639
v -7.2842 1.2783 11.9948
v -7.4571 1.2783 11.8081
v -7.6114 1.2783 11.6020
v -7.7479 1.2783 11.3745
v -7.8672 1.2783 11.1225
v -7.9698 1.2783 10.8420
v -8.0559 1.2783 10.5267
v -8.1261 1.2783 10.1670
v -8.1804 1.2783 9.7461
v -8.2191 1.2783 9.2304
v -8.2423 1.2783 8.5302
v -8.2500 1.2783 6.5411
v -8.2423 1.2783 4.5520
v -8.2191 1.2783 3.8518
v -8.1804 1.2783 3.3361
v -8.1261 1.2783 2.9152
v -8.0559 1.2783 2.5555
v -7.9698 1.2783 2.2402
v -7.8672 1.2783 1.9597
v -7.7479 1.2783 1.7078
v -7.6114 1.2783 1.4802
v -7.4571 1.2783 1.2741
v -7.2842 1.2783 1.0874
v -7.0917 1.2783 0.9183
v -6.8785 1.2783 0.7658
v -6.6430 1.2783 0.6287
v -6.3831 1.2783 0.5063
v -6.0961 1.2783 0.3981
v -5.7783 1.2783 0.3035
v -5.4245 1.2783 0.2222
v -5.0269 1.2783 0.1539
v -4.5732 1.2783 0.0982
v -4.0424 1.2783 0.0552
v -3.3919 1.2783 0.0245
v -2.5087 1.2783 0.0061
v -0.0000 1.2783 0.5500
v 2.5087 1.2783 0.0061
v 3.3919 1.2783 0.0245
v 4.0424 1.2783 0.0552
v 4.5732 1.2783 0.0982
v 5.0269 1.2783 0.1539
v 5.4245 1.2783 0.2222
v 5.7783 1.2783 0.3035
v 6.0961 1.2783 0.3981
v 6.3831 1.2783 0.5063
v 6.6430 1.2783 0.6287
v 6.8785 1.2783 0.7658
v 7.0917 1.2783 0.9183
v 7.2842 1.2783 1.0874
v 7.4571 1.2783 1.2741
v 7.6114 1.2783 1.4802
v 7.7479 1.2783 1.7078
v 7.8672 1.2783 1.9597
v 7.9698 1.2783 2.2402
v 8.0559 1.2783 2.5555
v 8.1261 1.2783 2.9152
v 8.1804 1.2783 3.3361
v 8.2191 1.2783 3.8518
v 8.2423 1.2783 4.5520
v 8.2500 1.6968 6.6186
v 8.2423 1.6968 8.6242
v 8.2190 1.6968 9.3327
v 8.1802 1.6968 9.8549
v 8.1257 1.6968 10.2812
v 8.0554 1.6968 10.6456
v 7.9689 1.6968 10.9651
v 7.8661 1.6968 11.2495
v 7.7465 1.6968 11.5049
v 7.6096 1.6968 11.7356
v 7.4549 1.6968 11.9446
v 7.2815 1.6968 12.1340
v 7.0886 1.6968 12.3055
v 6.8749 1.6968 12.4603
v 6.6388 1.6968 12.5994
v 6.3783 1.6968 12.7235
v 6.0907 1.6968 12.8333
v 5.7723 1.6968 12.9293
v 5.4178 1.6968 13.0118
v 5.0196 1.6968 13.0811
v 4.5653 1.6968 13.1376
v 4.0339 1.6968 13.1813
v 3.3831 1.6968 13.2124
v 2.5000 1.6968 13.2310
v 0.0000 1.6968 13.2373
v -2.5000 1.6968 13.2310
v -3.3831 1.6968 13.2124
v -4.0339 1.6968 13.1813
v -4.5653 1.6968 13.1376
v -5.0196 1.6968 13.0811
v -5.4178 1.6968 13.0118
v -5.7723 1.6968 12.9293
v -6.0907 1.6968 12.8333
v -6.3783 1.6968 12.7235
v -6.6388 1.6968 12.5994
v -6.8749 1.6968 12.4603
v -7.0886 1.6968 12.3055
v -7.2815 1.6968 12.1340
v -7.4549 1.6968 11.9446
v -7.6096 1.6968 11.7356
v -7.7465 1.6968 11.5049
v -7.8661 1.6968 11.2495
v -7.9689 1.6968 10.9651
v -8.0554 1.6968 10.6456
v -8.1257 1.6968 10.2812
v -8.1802 1.6968 9.8549
v -8.2190 1.6968 9.3327
v -8.2423 1.6968 8.6242
v -8.2500 1.6968 6.6186
v -8.2423 1.6968 4.6130
v -8.2190 1.6968 3.9045
v -8.1802 1.6968 3.3824
v -8.1257 1.6968 2.9561
v -8.0554 1.6968 2.5916
v -7.9689 1.6968 2.2721
v -7.8661 1.6968 1.9878
v -7.7465 1.6968 1.7323
v -7.6096 1.6968 1.5016
v -7.4549 1.6968 1.2926
v -7.2815 1.6968 1.1032
v -7.0886 1.6968 0.9318
v -6.8749 1.6968 0.7770
v -6.6388 1.6968 0.6379
v -6.3783 1.6968 0.5137
v -6.0907 1.6968 0.4039
v -5.7723 1.6968 0.3080
v -5.4178 1.6968 0.2255
v -5.0196 1.6968 0.1561
v -4.5653 1.6968 0.0997
v -4.0339 1.6968 0.0560
v -3.3831 1.6968 0.0248
v -2.5000 1.6968 0.0062
v -0.0000 1.6968 0.5500
v 2.5000 1.6968 0.0062
v 3.3831 1.6968 0.0248
v 4.0339 1.6968 0.0560
v 4.5653 1.6968 0.0997
v 5.0196 1.6968 0.1561
v 5.4178 1.6968 0.2255
v 5.7723 1.6968 0.3080
v 6.0907 1.6968 0.4039
v 6.3783 1.6968 0.5137
v 6.6388 1.6968 0.6379
v 6.8749 1.6968 0.7770
v 7.0886 1.6968 0.9318
v 7.2815 1.6968 1.1032
v 7.4549 1.6968 1.2926
v 7.6096 1.6968 1.5016
v 7.7465 1.6968 1.7323
v 7.8661 1.6968 1.9878
v 7.9689 1.6968 2.2721
v 8.0554 1.6968 2.5916
v 8.1257 1.6968 2.9561
v 8.1802 1.6968 3.3824
v 8.2190 1.6968 3.9045
v 8.2423 1.6968 4.6130
v 8.2500 2.1115 6.7111
v 8.2422 2.1115 8.7359
v 8.2189 2.1115 9.4542
v 8.1800 2.1115 9.9840
v 8.1253 2.1115 10.4168
v 8.0547 2.1115 10.7870
v 7.9679 2.1115 11.1116
v 7.8647 2.1115 11.4006
v 7.7447 2.1115 11.6602
v 7.6074 2.1115 11.8948
v 7.4521 2.1115 12.1073
v 7.2782 2.1115 12.2999
v 7.0847 2.1115 12.4743
v 6.8703 2.1115 12.6317
v 6.6335 2.1115 12.7732
v 6.3723 2.1115 12.8995
v 6.0839 2.1115 13.0112
v 5.7648 2.1115 13.1088
v 5.4095 2.1115 13.1928
v 5.0105 2.1115 13.2634
v 4.5554 2.1115 13.3208
v 4.0234 2.1115 13.3653
v 3.3721 2.1115 13.3970
v 2.4891 2.1115 13.4159
v 0.0000 2.1115 13.4222
v -2.4891 2.1115 13.4159
v -3.3721 2.1115 13.3970
v -4.0234 2.1115 13.3653
v -4.5554 2.1115 13.3208
v -5.0105 2.1115 13.2634
v -5.4095 2.1115 13.1928
v -5.7648 2.1115 13.1088
v -6.0839 2.1115 13.0112
v -6.3723 2.1115 12.8995
v -6.6335 2.1115 12.7732
v -6.8703 2.1115 12.6317
v -7.0847 2.1115 12.4743
v -7.2782 2.1115 12.2999
v -7.4521 2.1115 12.1073
v -7.6074 2.1115 11.8948
v -7.7447 2.1115 11.6602
v -7.8647 2.1115 11.4006
v -7.9679 2.1115 11.1116
v -8.0547 2.1115 10.7870
v -8.1253 2.1115 10.4168
v -8.1800 2.1115 9.9840
v -8.2189 2.1115 9.4542
v -8.2422 2.1115 8.7359
v -8.2500 2.1115 6.7111
v -8.2422 2.1115 4.6863
v -8.2189 2.1115 3.9680
v -8.1800 2.1115 3.4382
v -8.1253 2.1115 3.0054
v -8.0547 2.1115 2.6353
v -7.9679 2.1115 2.3107
v -7.8647 2.1115 2.0217
v -7.7447 2.1115 1.7620
v -7.6074 2.1115 1.5275
v -7.4521 2.1115 1.3150
v -7.2782 2.1115 1.1224
v -7.0847 2.1115 0.9480
v -6.8703 2.1115 0.7905
v -6.6335 2.1115 0.6490
v -6.3723 2.1115 0.5228
v -6.0839 2.1115 0.4110
v -5.7648 2.1115 0.3134
v -5.4095 2.1115 0.2295
v -5.0105 2.1115 0.1589
v -4.5554 2.1115 0.1015
v -4.0234 2.1115 0.0570
v -3.3721 2.1115 0.0253
v -2.4891 2.1115 0.0063
v -0.0000 2.1115 0.5500
v 2.4891 2.1115 0.0063
v 3.3721 2.1115 0.0253
v 4.0234 2.1115 0.0570
v 4.5554 2.1115 0.1015
v 5.0105 2.1115 0.1589
v 5.4095 2.1115 0.2295
v 5.7648 2.1115 0.3134
v 6.0839 2.1115 0.4110
v 6.3723 2.1115 0.5228
v 6.6335 2.1115 0.6490
v 6.8703 2.1115 0.7905
v 7.0847 2.1115 0.9480
v 7.2782 2.1115 1.1224
v 7.4521 2.1115 1.3150
v 7.6074 2.1115 1.5275
v 7.7447 2.1115 1.7620
v 7.8647 2.1115 2.0217
v 7.9679 2.1115 2.3107
v 8.0547 2.1115 2.6353
v 8.1253 2.1115 3.0054
v 8.1800 2.1115 3.4382
v 8.2189 2.1115 3.9680
v 8.2422 2.1115 4.6863
v 8.2500 2.5223 6.8157
v 8.2422 2.5223 8.8614
v 8.2188 2.5223 9.5907
v 8.1797 2.5223 10.1292
v 8.1247 2.5223 10.5694
v 8.0538 2.5223 10.9461
v 7.9667 2.5223 11.2765
v 7.8631 2.5223 11.5708
v 7.7426 2.5223 11.8352
v 7.6047 2.5223 12.0742
v 7.4489 2.5223 12.2907
v 7.2743 2.5223 12.4870
v 7.0800 2.5223 12.6647
v 6.8648 2.5223 12.8252
v 6.6272 2.5223 12.9695
v 6.3652 2.5223 13.0982
v 6.0759 2.5223 13.2121
v 5.7558 2.5223 13.3117
v 5.3996 2.5223 13.3973
v 4.9997 2.5223 13.4693
v 4.5438 2.5223 13.5278
v 4.0109 2.5223 13.5732
v 3.3591 2.5223 13.6055
v 2.4762 2.5223 13.6249
v 0.0000 2.5223 13.6313
v -2.4762 2.5223 13.6249
v -3.3591 2.5223 13.6055
v -4.0109 2.5223 13.5732
v -4.5438 2.5223 13.5278
v -4.9997 2.5223 13.4693
v -5.3996 2.5223 13.3973
v -5.7558 2.5223 13.3117
v -6.0759 2.5223 13.2121
v -6.3652 2.5223 13.0982
v -6.6272 2.5223 12.9695
v -6.8648 2.5223 12.8252
v -7.0800 2.5223 12.6647
v -7.2743 2.5223 12.4870
v -7.4489 2.5223 12.2907
v -7.6047 2.5223 12.0742
v -7.7426 2.5223 11.8352
v -7.8631 2.5223 11.5708
v -7.9667 2.5223 11.2765
v -8.0538 2.5223 10.9461
v -8.1247 2.5223 10.5694
v -8.1797 2.5223 10.1292
v -8.2188 2.5223 9.5907
v -8.2422 2.5223 8.8614
v -8.2500 2.5223 6.8157
v -8.2422 2.5223 4.7700
v -8.2188 2.5223 4.0406
v -8.1797 2.5223 3.5021
v -8.1247 2.5223 3.0619
v -8.0538 2.5223 2.6852
v -7.9667 2.5223 2.3548
v -7.8631 2.5223 2.0605
v -7.7426 2.5223 1.7961
v -7.6047 2.5223 1.5571
v -7.4489 2.5223 1.3406
v -7.2743 2.5223 1.1443
v -7.0800 2.5223 0.9666
v -6.8648 2.5223 0.8061
v -6.6272 2.5223 0.6619
v -6.3652 2.5223 0.5331
v -6.0759 2.5223 0.4192
v -5.7558 2.5223 0.3196
v -5.3996 2.5223 0.2340
v -4.9997 2.5223 0.1621
v -4.5438 2.5223 0.1035
v -4.0109 2.5223 0.0581
v -3.3591 2.5223 0.0258
v -2.4762 2.5223 0.0064
v -0.0000 2.5223 0.5500
v 2.4762 2.5223 0.0064
v 3.3591 2.5223 0.0258
v 4.0109 2.5223 0.0581
v 4.5438 2.5223 0.1035
v 4.9997 2.5223 0.1621
v 5.3996 2.5223 0.2340
v 5.7558 2.5223 0.3196
v 6.0759 2.5223 0.4192
v 6.3652 2.5223 0.5331
v 6.6272 2.5223 0.6619
v 6.8648 2.5223 0.8061
v 7.0800 2.5223 0.9666
v 7.2743 2.5223 1.1443
v 7.4489 2.5223 1.3406
v 7.6047 2.5223 1.5571
v 7.7426 2.5223 1.7961
v 7.8631 2.5223 2.0605
v 7.9667 2.5223 2.3548
v 8.0538 2.5223 2.6852
v 8.1247 2.5223 3.0619
v 8.1797 2.5223 3.5021
v 8.2188 2.5223 4.0406
v 8.2422 2.5223 4.7700
v 8.2500 2.9292 6.9294
v 8.2422 2.9292 8.9970
v 8.2186 2.9292 9.7383
v 8.1793 2.9292 10.2863
v 8.1241 2.9292 10.7346
v 8.0529 2.9292 11.1184
v 7.9654 2.9292 11.4553
v 7.8612 2.9292 11.7553
v 7.7402 2.9292 12.0251
v 7.6016 2.9292 12.2689
v 7.4451 2.9292 12.4899
v 7.2697 2.9292 12.6902
v 7.0746 2.9292 12.8717
v 6.8586 2.9292 13.0355
v 6.6201 2.9292 13.1828
v 6.3570 2.9292 13.3143
v 6.0667 2.9292 13.4307
v 5.7456 2.9292 13.5324
v 5.3883 2.9292 13.6198
v 4.9873 2.9292 13.6933
v 4.5304 2.9292 13.7532
v 3.9966 2.9292 13.7995
v 3.3442 2.9292 13.8325
v 2.4615 2.9292 13.8523
v 0.0000 2.9292 13.8589
v -2.4615 2.9292 13.8523
v -3.3442 2.9292 13.8325
v -3.9966 2.9292 13.7995
v -4.5304 2.9292 13.7532
v -4.9873 2.9292 13.6933
v -5.3883 2.9292 13.6198
v -5.7456 2.9292 13.5324
v -6.0667 2.9292 13.4307
v -6.3570 2.9292 13.3143
v -6.6201 2.9292 13.1828
v -6.8586 2.9292 13.0355
v -7.0746 2.9292 12.8717
v -7.2697 2.9292 12.6902
v -7.4451 2.9292 12.4899
v -7.6016 2.9292 12.2689
v -7.7402 2.9292 12.0251
v -7.8612 2.9292 11.7553
v -7.9654 2.9292 11.4553
v -8.0529 2.9292 11.1184
v -8.1241 2.9292 10.7346
v -8.1793 2.9292 10.2863
v -8.2186 2.9292 9.7383
v -8.2422 2.9292 8.9970
v -8.2500 2.9292 6.9294
v -8.2422 2.9292 4.8619
v -8.2186 2.9292 4.1206
v -8.1793 2.9292 3.5726
v -8.1241 2.9292 3.1242
v -8.0529 2.9292 2.7405
v -7.9654 2.9292 2.4036
v -7.8612 2.9292 2.1035
v -7.7402 2.9292 1.8338
v -7.6016 2.9292 1.5900
v -7.4451 2.9292 1.3690
v -7.2697 2.9292 1.1687
v -7.0746 2.9292 0.9872
v -6.8586 2.9292 0.8234
v -6.6201 2.9292 0.6761
v -6.3570 2.9292 0.5446
v -6.0667 2.9292 0.4282
v -5.7456 2.9292 0.3265
v -5.3883 2.9292 0.2391
v -4.9873 2.9292 0.1656
v -4.5304 2.9292 0.1057
v -3.9966 2.9292 0.0594
v -3.3442 2.9292 0.0264
v -2.4615 2.9292 0.0066
v -0.0000 2.9292 0.5500
v 2.4615 2.9292 0.0066
v 3.3442 2.9292 0.0264
v 3.9966 2.9292 0.0594
v 4.5304 2.9292 0.1057
v 4.9873 2.9292 0.1656
v 5.3883 2.9292 0.2391
v 5.7456 2.9292 0.3265
v 6.0667 2.9292 0.4282
v 6.3570 2.9292 0.5446
v 6.6201 2.9292 0.6761
v 6.8586 2.9292 0.8234
v 7.0746 2.9292 0.9872
v 7.2697 2.9292 1.1687
v 7.4451 2.9292 1.3690
v 7.6016 2.9292 1.5900
v 7.7402 2.9292 1.8338
v 7.8612 2.9292 2.1035
v 7.9654 2.9292 2.4036
v 8.0529 2.9292 2.7405
v 8.1241 2.9292 3.1242
v 8.1793 2.9292 3.5726
v 8.2186 2.9292 4.1206
v 8.2422 2.9292 4.8619
v 8.2500 3.3322 7.0498
v 8.2421 3.3322 9.1392
v 8.2185 3.3322 9.8933
v 8.1789 3.3322 10.4514
v 8.1234 3.3322 10.9083
v 8.0518 3.3322 11.2997
v 7.9638 3.3322 11.6434
v 7.8591 3.3322 11.9497
v 7.7374 3.3322 12.2252
v 7.5982 3.3322 12.4742
v 7.4409 3.3322 12.6999
v 7.2647 3.3322 12.9047
v 7.0686 3.3322 13.0901
v 6.8516 3.3322 13.2576
v 6.6120 3.3322 13.4082
v 6.3478 3.3322 13.5427
v 6.0564 3.3322 13.6616
v 5.7341 3.3322 13.7656
v 5.3756 3.3322 13.8551
v 4.9734 3.3322 13.9303
v 4.5154 3.3322 13.9915
v 3.9806 3.3322 14.0389
v 3.3275 3.3322 14.0727
v 2.4451 3.3322 14.0929
v 0.0000 3.3322 14.0996
v -2.4451 3.3322 14.0929
v -3.3275 3.3322 14.0727
v -3.9806 3.3322 14.0389
v -4.5154 3.3322 13.9915
v -4.9734 3.3322 13.9303
v -5.3756 3.3322 13.8551
v -5.7341 3.3322 13.7656
v -6.0564 3.3322 13.6616
v -6.3478 3.3322 13.5427
v -6.6120 3.3322 13.4082
v -6.8516 3.3322 13.2576
v -7.0686 3.3322 13.0901
v -7.2647 3.3322 12.9047
v -7.4409 3.3322 12.6999
v -7.5982 3.3322 12.4742
v -7.7374 3.3322 12.2252
v -7.8591 3.3322 11.9497
v -7.9638 3.3322 11.6434
v -8.0518 3.3322 11.2997
v -8.1234 3.3322 10.9083
v -8.1789 3.3322 10.4514
v -8.2185 3.3322 9.8933
v -8.2421 3.3322 9.1392
v -8.2500 3.3322 7.0498
v -8.2421 3.3322 4.9604
v -8.2185 3.3322 4.2064
v -8.1789 3.3322 3.6483
v -8.1234 3.3322 3.1913
v -8.0518 3.3322 2.7999
v -7.9638 3.3322 2.4562
v -7.8591 3.3322 2.1499
v -7.7374 3.3322 1.8745
v -7.5982 3.3322 1.6254
v -7.4409 3.3322 1.3997
v -7.2647 3.3322 1.1950
v -7.0686 3.3322 1.0095
v -6.8516 3.3322 0.8420
v -6.6120 3.3322 0.6914
v -6.3478 3.3322 0.5570
v -6.0564 3.3322 0.4380
v -5.7341 3.3322 0.3340
v -5.3756 3.3322 0.2446
v -4.9734 3.3322 0.1694
v -4.5154 3.3322 0.1081
v -3.9806 3.3322 0.0607
v -3.3275 3.3322 0.0270
v -2.4451 3.3322 0.0067
v -0.0000 3.3322 0.5500
v 2.4451 3.3322 0.0067
v 3.3275 3.3322 0.0270
v 3.9806 3.3322 0.0607
v 4.5154 3.3322 0.1081
v 4.9734 3.3322 0.1694
v 5.3756 3.3322 0.2446
v 5.7341 3.3322 0.3340
v 6.0564 3.3322 0.4380
v 6.3478 3.3322 0.5570
v 6.6120 3.3322 0.6914
v 6.8516 3.3322 0.8420
v 7.0686 3.3322 1.0095
v 7.2647 3.3322 1.1950
v 7.4409 3.3322 1.3997
v 7.5982 3.3322 1.6254
v 7.7374 3.3322 1.8745
v 7.8591 3.3322 2.1499
v 7.9638 3.3322 2.4562
v 8.0518 3.3322 2.7999
v 8.1234 3.3322 3.1913
v 8.1789 3.3322 3.6483
v 8.2185 3.3322 4.2064
v 8.2421 3.3322 4.9604
v 8.2500 3.7314 7.1743
v 8.2421 3.7314 9.2849
v 8.2183 3.7314 10.0520
v 8.1785 3.7314 10.6205
v 8.1227 3.7314 11.0865
v 8.0506 3.7314 11.4859
v 7.9621 3.7314 11.8368
v 7.8568 3.7314 12.1497
v 7.7344 3.7314 12.4311
v 7.5944 3.7314 12.6856
v 7.4362 3.7314 12.9164
v 7.2590 3.7314 13.1257
v 7.0620 3.7314 13.3154
v 6.8439 3.7314 13.4868
v 6.6031 3.7314 13.6408
v 6.3377 3.7314 13.7784
v 6.0451 3.7314 13.9002
v 5.7214 3.7314 14.0066
v 5.3617 3.7314 14.0982
v 4.9582 3.7314 14.1751
v 4.4989 3.7314 14.2378
v 3.9630 3.7314 14.2863
v 3.3092 3.7314 14.3209
v 2.4271 3.7314 14.3416
v 0.0000 3.7314 14.3485
v -2.4271 3.7314 14.3416
v -3.3092 3.7314 14.3209
v -3.9630 3.7314 14.2863
v -4.4989 3.7314 14.2378
v -4.9582 3.7314 14.1751
v -5.3617 3.7314 14.0982
v -5.7214 3.7314 14.0066
v -6.0451 3.7314 13.9002
v -6.3377 3.7314 13.7784
v -6.6031 3.7314 13.6408
v -6.8439 3.7314 13.4868
v -7.0620 3.7314 13.3154
v -7.2590 3.7314 13.1257
v -7.4362 3.7314 12.9164
v -7.5944 3.7314 12.6856
v -7.7344 3.7314 12.4311
v -7.8568 3.7314 12.1497
v -7.9621 3.7314 11.8368
v -8.0506 3.7314 11.4859
v -8.1227 3.7314 11.0865
v -8.1785 3.7314 10.6205
v -8.2183 3.7314 10.0520
v -8.2421 3.7314 9.2849
v -8.2500 3.7314 7.1743
v -8.2421 3.7314 5.0636
v -8.2183 3.7314 4.2966
v -8.1785 3.7314 3.7280
v -8.1227 3.7314 3.2620
v -8.0506 3.7314 2.8626
v -7.9621 3.7314 2.5117
v -7.8568 3.7314 2.1989
v -7.7344 3.7314 1.9174
v -7.5944 3.7314 1.6629
v -7.4362 3.7314 1.4321
v -7.2590 3.7314 1.2228
v -7.0620 3.7314 1.0331
v -6.8439 3.7314 0.8617
v -6.6031 3.7314 0.7077
v -6.3377 3.7314 0.5701
v -6.0451 3.7314 0.4483
v -5.7214 3.7314 0.3419
v -5.3617 3.7314 0.2504
v -4.9582 3.7314 0.1734
v -4.4989 3.7314 0.1107
v -3.9630 3.7314 0.0622
v -3.3092 3.7314 0.0276
v -2.4271 3.7314 0.0069
v -0.0000 3.7314 0.5500
v 2.4271 3.7314 0.0069
v 3.3092 3.7314 0.0276
v 3.9630 3.7314 0.0622
v 4.4989 3.7314 0.1107
v 4.9582 3.7314 0.1734
v 5.3617 3.7314 0.2504
v 5.7214 3.7314 0.3419
v 6.0451 3.7314 0.4483
v 6.3377 3.7314 0.5701
v 6.6031 3.7314 0.7077
v 6.8439 3.7314 0.8617
v 7.0620 3.7314 1.0331
v 7.2590 3.7314 1.2228
v 7.4362 3.7314 1.4321
v 7.5944 3.7314 1.6629
v 7.7344 3.7314 1.9174
v 7.8568 3.7314 2.1989
v 7.9621 3.7314 2.5117
v 8.0506 3.7314 2.8626
v 8.1227 3.7314 3.2620
v 8.1785 3.7314 3.7280
v 8.2183 3.7314 4.2966
v 8.2421 3.7314 5.0636
v 8.2500 4.1266 7.3004
v 8.2420 4.1266 9.4309
v 8.2181 4.1266 10.2112
v 8.1780 4.1266 10.7904
v 8.1218 4.1266 11.2656
v 8.0493 4.1266 11.6732
v 7.9602 4.1266 12.0315
v 7.8543 4.1266 12.3511
v 7.7311 4.1266 12.6387
v 7.5903 4.1266 12.8989
v 7.4311 4.1266 13.1349
v 7.2529 4.1266 13.3491
v 7.0548 4.1266 13.5431
v 6.8355 4.1266 13.7185
v 6.5935 4.1266 13.8762
v 6.3268 4.1266 14.0170
v 6.0327 4.1266 14.1416
v 5.7077 4.1266 14.2506
v 5.3465 4.1266 14.3444
v 4.9416 4.1266 14.4232
v 4.4810 4.1266 14.4874
v 3.9440 4.1266 14.5371
v 3.2894 4.1266 14.5725
v 2.4077 4.1266 14.5937
v 0.0000 4.1266 14.6008
v -2.4077 4.1266 14.5937
v -3.2894 4.1266 14.5725
v -3.9440 4.1266 14.5371
v -4.4810 4.1266 14.4874
v -4.9416 4.1266 14.4232
v -5.3465 4.1266 14.3444
v -5.7077 4.1266 14.2506
v -6.0327 4.1266 14.1416
v -6.3268 4.1266 14.0170
v -6.5935 4.1266 13.8762
v -6.8355 4.1266 13.7185
v -7.0548 4.1266 13.5431
v -7.2529 4.1266 13.3491
v -7.4311 4.1266 13.1349
v -7.5903 4.1266 12.8989
v -7.7311 4.1266 12.6387
v -7.8543 4.1266 12.3511
v -7.9602 4.1266 12.0315
v -8.0493 4.1266 11.6732
v -8.1218 4.1266 11.2656
v -8.1780 4.1266 10.7904
v -8.2181 4.1266 10.2112
v -8.2420 4.1266 9.4309
v -8.2500 4.1266 7.3004
v -8.2420 4.1266 5.1699
v -8.2181 4.1266 4.3896
v -8.1780 4.1266 3.8104
v -8.1218 4.1266 3.3352
v -8.0493 4.1266 2.9276
v -7.9602 4.1266 2.5693
v -7.8543 4.1266 2.2497
v -7.7311 4.1266 1.9621
v -7.5903 4.1266 1.7019
v -7.4311 4.1266 1.4659
v -7.2529 4.1266 1.2517
v -7.0548 4.1266 1.0576
v -6.8355 4.1266 0.8823
v -6.5935 4.1266 0.7246
v -6.3268 4.1266 0.5838
v -6.0327 4.1266 0.4591
v -5.7077 4.1266 0.3501
v -5.3465 4.1266 0.2564
v -4.9416 4.1266 0.1776
v -4.4810 4.1266 0.1134
v -3.9440 4.1266 0.0637
v -3.2894 4.1266 0.0283
v -2.4077 4.1266 0.0071
v -0.0000 4.1266 0.5500
v 2.4077 4.1266 0.0071
v 3.2894 4.1266 0.0283
v 3.9440 4.1266 0.0637
v 4.4810 4.1266 0.1134
v 4.9416 4.1266 0.1776
v 5.3465 4.1266 0.2564
v 5.7077 4.1266 0.3501
v 6.0327 4.1266 0.4591
v 6.3268 4.1266 0.5838
v 6.5935 4.1266 0.7246
v 6.8355 4.1266 0.8823
v 7.0548 4.1266 1.0576
v 7.2529 4.1266 1.2517
v 7.4311 4.1266 1.4659
v 7.5903 4.1266 1.7019
v 7.7311 4.1266 1.9621
v 7.8543 4.1266 2.2497
v 7.9602 4.1266 2.5693
v 8.0493 4.1266 2.9276
v 8.1218 4.1266 3.3352
v 8.1780 4.1266 3.8104
v 8.2181 4.1266 4.3896
v 8.2420 4.1266 5.1699
v 8.2500 4.5179 7.4259
v 8.2420 4.5179 9.5744
v 8.2178 4.5179 10.3677
v 8.1775 4.5179 10.9576
v 8.1210 4.5179 11.4420
v 8.0479 4.5179 11.8579
v 7.9582 4.5179 12.2237
v 7.8516 4.5179 12.5502
v 7.7276 4.5179 12.8441
v 7.5858 4.5179 13.1101
v 7.4257 4.5179 13.3514
v 7.2464 4.5179 13.5705
v 7.0470 4.5179 13.7690
v 6.8264 4.5179 13.9485
v 6.5831 4.5179 14.1099
v 6.3150 4.5179 14.2540
v 6.0194 4.5179 14.3817
v 5.6929 4.5179 14.4933
v 5.3302 4.5179 14.5893
v 4.9238 4.5179 14.6700
v 4.4618 4.5179 14.7357
v 3.9235 4.5179 14.7866
v 3.2682 4.5179 14.8229
v 2.3869 4.5179 14.8446
v 0.0000 4.5179 14.8519
v -2.3869 4.5179 14.8446
v -3.2682 4.5179 14.8229
v -3.9235 4.5179 14.7866
v -4.4618 4.5179 14.7357
v -4.9238 4.5179 14.6700
v -5.3302 4.5179 14.5893
v -5.6929 4.5179 14.4933
v -6.0194 4.5179 14.3817
v -6.3150 4.5179 14.2540
v -6.5831 4.5179 14.1099
v -6.8264 4.5179 13.9485
v -7.0470 4.5179 13.7690
v -7.2464 4.5179 13.5705
v -7.4257 4.5179 13.3514
v -7.5858 4.5179 13.1101
v -7.7276 4.5179 12.8441
v -7.8516 4.5179 12.5502
v -7.9582 4.5179 12.2237
v -8.0479 4.5179 11.8579
v -8.1210 4.5179 11.4420
v -8.1775 4.5179 10.9576
v -8.2178 4.5179 10.3677
v -8.2420 4.5179 9.5744
v -8.2500 4.5179 7.4259
v -8.2420 4.5179 5.2775
v -8.2178 4.5179 4.4842
v -8.1775 4.5179 3.8943
v -8.1210 4.5179 3.4098
v -8.0479 4.5179 2.9940
v -7.9582 4.5179 2.6281
v -7.8516 4.5179 2.3017
v -7.7276 4.5179 2.0078
v -7.5858 4.5179 1.7418
v -7.4257 4.5179 1.5004
v -7.2464 4.5179 1.2814
v -7.0470 4.5179 1.0828
v -6.8264 4.5179 0.9034
v -6.5831 4.5179 0.7420
v -6.3150 4.5179 0.5978
v -6.0194 4.5179 0.4702
v -5.6929 4.5179 0.3586
v -5.3302 4.5179 0.2626
v -4.9238 4.5179 0.1819
v -4.4618 4.5179 0.1162
v -3.9235 4.5179 0.0652
v -3.2682 4.5179 0.0290
v -2.3869 4.5179 0.0072
v -0.0000 4.5179 0.5500
v 2.3869 4.5179 0.0072
v 3.2682 4.5179 0.0290
v 3.9235 4.5179 0.0652
v 4.4618 4.5179 0.1162
v 4.9238 4.5179 0.1819
v 5.3302 4.5179 0.2626
v 5.6929 4.5179 0.3586
v 6.0194 4.5179 0.4702
v 6.3150 4.5179 0.5978
v 6.5831 4.5179 0.7420
v 6.8264 4.5179 0.9034
v 7.0470 4.5179 1.0828
v 7.2464 4.5179 1.2814
v 7.4257 4.5179 1.5004
v 7.5858 4.5179 1.7418
v 7.7276 4.5179 2.0078
v 7.8516 4.5179 2.3017
v 7.9582 4.5179 2.6281
v 8.0479 4.5179 2.9940
v 8.1210 4.5179 3.4098
v 8.1775 4.5179 3.8943
v 8.2178 4.5179 4.4842
v 8.2420 4.5179 5.2775
v 8.2500 4.9053 7.5488
v 8.2419 4.9053 9.7127
v 8.2176 4.9053 10.5186
v 8.1770 4.9053 11.1190
v 8.1200 4.9053 11.6126
v 8.0464 4.9053 12.0368
v 7.9561 4.9053 12.4101
v 7.8487 4.9053 12.7434
v 7.7238 4.9053 13.0437
v 7.5811 4.9053 13.3155
v 7.4198 4.9053 13.5622
v 7.2394 4.9053 13.7862
v 7.0387 4.9053 13.9893
v 6.8168 4.9053 14.1728
v 6.5720 4.9053 14.3380
v 6.3024 4.9053 14.4855
v 6.0053 4.9053 14.6161
v 5.6772 4.9053 14.7304
v 5.3129 4.9053 14.8287
v 4.9049 4.9053 14.9113
v 4.4413 4.9053 14.9786
v 3.9018 4.9053 15.0308
v 3.2457 4.9053 15.0679
v 2.3649 4.9053 15.0902
v 0.0000 4.9053 15.0976
v -2.3649 4.9053 15.0902
v -3.2457 4.9053 15.0679
v -3.9018 4.9053 15.0308
v -4.4413 4.9053 14.9786
v -4.9049 4.9053 14.9113
v -5.3129 4.9053 14.8287
v -5.6772 4.9053 14.7304
v -6.0053 4.9053 14.6161
v -6.3024 4.9053 14.4855
v -6.5720 4.9053 14.3380
v -6.8168 4.9053 14.1728
v -7.0387 4.9053 13.9893
v -7.2394 4.9053 13.7862
v -7.4198 4.9053 13.5622
v -7.5811 4.9053 13.3155
v -7.7238 4.9053 13.0437
v -7.8487 4.9053 12.7434
v -7.9561 4.9053 12.4101
v -8.0464 4.9053 12.0368
v -8.1200 4.9053 11.6126
v -8.1770 4.9053 11.1190
v -8.2176 4.9053 10.5186
v -8.2419 4.9053 9.7127
v -8.2500 4.9053 7.5488
v -8.2419 4.9053 5.3849
v -8.2176 4.9053 4.5790
v -8.1770 4.9053 3.9786
v -8.1200 4.9053 3.4850
v -8.0464 4.9053 3.0608
v -7.9561 4.9053 2.6875
v -7.8487 4.9053 2.3542
v -7.7238 4.9053 2.0539
v -7.5811 4.9053 1.7821
v -7.4198 4.9053 1.5354
v -7.2394 4.9053 1.3114
v -7.0387 4.9053 1.1083
v -6.8168 4.9053 0.9247
v -6.5720 4.9053 0.7596
v -6.3024 4.9053 0.6121
v -6.0053 4.9053 0.4814
v -5.6772 4.9053 0.3672
v -5.3129 4.9053 0.2689
v -4.9049 4.9053 0.1863
v -4.4413 4.9053 0.1190
v -3.9018 4.9053 0.0668
v -3.2457 4.9053 0.0297
v -2.3649 4.9053 0.0074
v -0.0000 4.9053 0.5500
v 2.3649 4.9053 0.0074
v 3.2457 4.9053 0.0297
v 3.9018 4.9053 0.0668
v 4.4413 4.9053 0.1190
v 4.9049 4.9053 0.1863
v 5.3129 4.9053 0.2689
v 5.6772 4.9053 0.3672
v 6.0053 4.9053 0.4814
v 6.3024 4.9053 0.6121
v 6.5720 4.9053 0.7596
v 6.8168 4.9053 0.9247
v 7.0387 4.9053 1.1083
v 7.2394 4.9053 1.3114
v 7.4198 4.9053 1.5354
v 7.5811 4.9053 1.7821
v 7.7238 4.9053 2.0539
v 7.8487 4.9053 2.3542
v 7.9561 4.9053 2.6875
v 8.0464 4.9053 3.0608
v 8.1200 4.9053 3.4850
v 8.1770 4.9053 3.9786
v 8.2176 4.9053 4.5790
v 8.2419 4.9053 5.3849
v 8.2500 5.2887 7.6669
v 8.2418 5.2887 9.8432
v 8.2173 5.2887 10.6612
v 8.1764 5.2887 11.2718
v 8.1190 5.2887 11.7744
v 8.0449 5.2887 12.2066
v 7.9538 5.2887 12.5873
v 7.8456 5.2887 12.9274
v 7.7198 5.2887 13.2339
v 7.5760 5.2887 13.5115
v 7.4136 5.2887 13.7636
v 7.2319 5.2887 13.9925
v 7.0300 5.2887 14.2001
v 6.8066 5.2887 14.3878
v 6.5603 5.2887 14.5567
v 6.2890 5.2887 14.7076
v 5.9903 5.2887 14.8412
v 5.6605 5.2887 14.9581
v 5.2945 5.2887 15.0587
v 4.8849 5.2887 15.1433
v 4.4198 5.2887 15.2121
v 3.8789 5.2887 15.2655
v 3.2220 5.2887 15.3035
v 2.3418 5.2887 15.3263
v 0.0000 5.2887 15.3339
v -2.3418 5.2887 15.3263
v -3.2220 5.2887 15.3035
v -3.8789 5.2887 15.2655
v -4.4198 5.2887 15.2121
v -4.8849 5.2887 15.1433
v -5.2945 5.2887 15.0587
v -5.6605 5.2887 14.9581
v -5.9903 5.2887 14.8412
v -6.2890 5.2887 14.7076
v -6.5603 5.2887 14.5567
v -6.8066 5.2887 14.3878
v -7.0300 5.2887 14.2001
v -7.2319 5.2887 13.9925
v -7.4136 5.2887 13.7636
v -7.5760 5.2887 13.5115
v -7.7198 5.2887 13.2339
v -7.8456 5.2887 12.9274
v -7.9538 5.2887 12.5873
v -8.0449 5.2887 12.2066
v -8.1190 5.2887 11.7744
v -8.1764 5.2887 11.2718
v -8.2173 5.2887 10.6612
v -8.2418 5.2887 9.8432
v -8.2500 5.2887 7.6670
v -8.2418 5.2887 5.4907
v -8.2173 5.2887 4.6727
v -8.1764 5.2887 4.0621
v -8.1190 5.2887 3.5595
v -8.0449 5.2887 3.1273
v -7.9538 5.2887 2.7466
v -7.8456 5.2887 2.4065
v -7.7198 5.2887 2.1000
v -7.5760 5.2887 1.8224
v -7.4136 5.2887 1.5703
v -7.2319 5.2887 1.3414
v -7.0300 5.2887 1.1338
v -6.8066 5.2887 0.9461
v -6.5603 5.2887 0.7772
v -6.2890 5.2887 0.6263
v -5.9903 5.2887 0.4927
v -5.6605 5.2887 0.3758
v -5.2945 5.2887 0.2752
v -4.8849 5.2887 0.1906
v -4.4198 5.2887 0.1218
v -3.8789 5.2887 0.0684
v -3.2220 5.2887 0.0304
v -2.3418 5.2887 0.0076
v -0.0000 5.2887 0.5500
v 2.3418 5.2887 0.0076
v 3.2220 5.2887 0.0304
v 3.8789 5.2887 0.0684
v 4.4198 5.2887 0.1218
v 4.8849 5.2887 0.1906
v 5.2945 5.2887 0.2752
v 5.6605 5.2887 0.3758
v 5.9903 5.2887 0.4927
v 6.2890 5.2887 0.6263
v 6.5603 5.2887 0.7772
v 6.8066 5.2887 0.9461
v 7.0300 5.2887 1.1338
v 7.2319 5.2887 1.3414
v 7.4136 5.2887 1.5703
v 7.5760 5.2887 1.8224
v 7.7198 5.2887 2.1000
v 7.8456 5.2887 2.4065
v 7.9538 5.2887 2.7466
v 8.0449 5.2887 3.1273
v 8.1190 5.2887 3.5595
v 8.1764 5.2887 4.0621
v 8.2173 5.2887 4.6727
v 8.2418 5.2887 5.4907
v 8.2500 5.6681 7.7785
v 8.2418 5.6681 9.9638
v 8.2171 5.6681 10.7930
v 8.1758 5.6681 11.4132
v 8.1179 5.6681 11.9244
v 8.0432 5.6681 12.3645
v 7.9514 5.6681 12.7523
v 7.8424 5.6681 13.0991
v 7.7156 5.6681 13.4117
v 7.5707 5.6681 13.6950
v 7.4071 5.6681 13.9523
v 7.2241 5.6681 14.1860
v 7.0207 5.6681 14.3981
v 6.7958 5.6681 14.5898
v 6.5479 5.6681 14.7624
v 6.2750 5.6681 14.9166
v 5.9746 5.6681 15.0533
v 5.6430 5.6681 15.1728
v 5.2753 5.6681 15.2756
v 4.8639 5.6681 15.3621
v 4.3972 5.6681 15.4325
v 3.8550 5.6681 15.4871
v 3.1972 5.6681 15.5260
v 2.3177 5.6681 15.5493
v 0.0000 5.6681 15.5571
v -2.3177 5.6681 15.5493
v -3.1972 5.6681 15.5260
v -3.8550 5.6681 15.4871
v -4.3972 5.6681 15.4325
v -4.8639 5.6681 15.3621
v -5.2753 5.6681 15.2756
v -5.6430 5.6681 15.1728
v -5.9746 5.6681 15.0533
v -6.2750 5.6681 14.9166
v -6.5479 5.6681 14.7624
v -6.7958 5.6681 14.5898
v -7.0207 5.6681 14.3981
v -7.2241 5.6681 14.1860
v -7.4071 5.6681 13.9523
v -7.5707 5.6681 13.6950
v -7.7156 5.6681 13.4117
v -7.8424 5.6681 13.0991
v -7.9514 5.6681 12.7523
v -8.0432 5.6681 12.3645
v -8.1179 5.6681 11.9244
v -8.1758 5.6681 11.4132
v -8.2171 5.6681 10.7930
v -8.2418 5.6681 9.9638
v -8.2500 5.6681 7.7785
v -8.2418 5.6681 5.5933
v -8.2171 5.6681 4.7641
v -8.1758 5.6681 4.1439
v -8.1179 5.6681 3.6327
v -8.0432 5.6681 3.1926
v -7.9514 5.6681 2.8047
v -7.8424 5.6681 2.4580
v -7.7156 5.6681 2.1454
v -7.5707 5.6681 1.8621
v -7.4071 5.6681 1.6048
v -7.2241 5.6681 1.3711
v -7.0207 5.6681 1.1590
v -6.7958 5.6681 0.9673
v -6.5479 5.6681 0.7947
v -6.2750 5.6681 0.6404
v -5.9746 5.6681 0.5038
v -5.6430 5.6681 0.3843
v -5.2753 5.6681 0.2815
v -4.8639 5.6681 0.1950
v -4.3972 5.6681 0.1245
v -3.8550 5.6681 0.0699
v -3.1972 5.6681 0.0311
v -2.3177 5.6681 0.0078
v -0.0000 5.6681 0.5500
v 2.3177 5.6681 0.0078
v 3.1972 5.6681 0.0311
v 3.8550 5.6681 0.0699
v 4.3972 5.6681 0.1245
v 4.8639 5.6681 0.1950
v 5.2753 5.6681 0.2815
v 5.6430 5.6681 0.3843
v 5.9746 5.6681 0.5038
v 6.2750 5.6681 0.6404
v 6.5479 5.6681 0.7947
v 6.7958 5.6681 0.9673
v 7.0207 5.6681 1.1590
v 7.2241 5.6681 1.3711
v 7.4071 5.6681 1.6048
v 7.5707 5.6681 1.8621
v 7.7156 5.6681 2.1454
v 7.8424 5.6681 2.4580
v 7.9514 5.6681 2.8047
v 8.0432 5.6681 3.1926
v 8.1179 5.6681 3.6327
v 8.1758 5.6681 4.1439
v 8.2171 5.6681 4.7641
v 8.2418 5.6681 5.5933
v 8.2500 6.0434 7.8818
v 8.2417 6.0434 10.0722
v 8.2168 6.0434 10.9117
v 8.1752 6.0434 11.5409
v 8.1168 6.0434 12.0602
v 8.0415 6.0434 12.5077
v 7.9489 6.0434 12.9025
v 7.8390 6.0434 13.2556
v 7.7112 6.0434 13.5741
v 7.5652 6.0434 13.8628
v 7.4003 6.0434 14.1252
v 7.2159 6.0434 14.3636
v 7.0110 6.0434 14.5800
v 6.7846 6.0434 14.7757
v 6.5350 6.0434 14.9519
v 6.2604 6.0434 15.1094
v 5.9582 6.0434 15.2489
v 5.6247 6.0434 15.3710
v 5.2552 6.0434 15.4760
v 4.8420 6.0434 15.5644
v 4.3736 6.0434 15.6364
v 3.8300 6.0434 15.6922
v 3.1714 6.0434 15.7319
v 2.2927 6.0434 15.7557
v 0.0000 6.0434 15.7636
v -2.2927 6.0434 15.7557
v -3.1714 6.0434 15.7319
v -3.8300 6.0434 15.6922
v -4.3736 6.0434 15.6364
v -4.8420 6.0434 15.5644
v -5.2552 6.0434 15.4760
v -5.6247 6.0434 15.3710
v -5.9582 6.0434 15.2489
v -6.2604 6.0434 15.1094
v -6.5350 6.0434 14.9519
v -6.7846 6.0434 14.7757
v -7.0110 6.0434 14.5800
v -7.2159 6.0434 14.3636
v -7.4003 6.0434 14.1252
v -7.5652 6.0434 13.8628
v -7.7112 6.0434 13.5741
v -7.8390 6.0434 13.2556
v -7.9489 6.0434 12.9025
v -8.0415 6.0434 12.5077
v -8.1168 6.0434 12.0602
v -8.1752 6.0434 11.5409
v -8.2168 6.0434 10.9117
v -8.2417 6.0434 10.0722
v -8.2500 6.0434 7.8818
v -8.2417 6.0434 5.6915
v -8.2168 6.0434 4.8520
v -8.1752 6.0434 4.2227
v -8.1168 6.0434 3.7034
v -8.0415 6.0434 3.2559
v -7.9489 6.0434 2.8612
v -7.8390 6.0434 2.5081
v -7.7112 6.0434 2.1896
v -7.5652 6.0434 1.9008
v -7.4003 6.0434 1.6385
v -7.2159 6.0434 1.4000
v -7.0110 6.0434 1.1837
v -6.7846 6.0434 0.9879
v -6.5350 6.0434 0.8118
v -6.2604 6.0434 0.6543
v -5.9582 6.0434 0.5147
v -5.6247 6.0434 0.3927
v -5.2552 6.0434 0.2876
v -4.8420 6.0434 0.1992
v -4.3736 6.0434 0.1273
v -3.8300 6.0434 0.0715
v -3.1714 6.0434 0.0317
v -2.2927 6.0434 0.0079
v -0.0000 6.0434 0.5500
v 2.2927 6.0434 0.0079
v 3.1714 6.0434 0.0317
v 3.8300 6.0434 0.0715
v 4.3736 6.0434 0.1273
v 4.8420 6.0434 0.1992
v 5.2552 6.0434 0.2876
v 5.6247 6.0434 0.3927
v 5.9582 6.0434 0.5147
v 6.2604 6.0434 0.6543
v 6.5350 6.0434 0.8118
v 6.7846 6.0434 0.9879
v 7.0110 6.0434 1.1837
v 7.2159 6.0434 1.4000
v 7.4003 6.0434 1.6385
v 7.5652 6.0434 1.9008
v 7.7112 6.0434 2.1896
v 7.8390 6.0434 2.5081
v 7.9489 6.0434 2.8612
v 8.0415 6.0434 3.2559
v 8.1168 6.0434 3.7034
v 8.1752 6.0434 4.2227
v 8.2168 6.0434 4.8520
v 8.2417 6.0434 5.6915
v 8.2500 6.4148 7.9752
v 8.2416 6.4148 10.1665
v 8.2165 6.4148 11.0151
v 8.1745 6.4148 11.6526
v 8.1156 6.4148 12.1794
v 8.0396 6.4148 12.6339
v 7.9463 6.4148 13.0350
v 7.8354 6.4148 13.3942
v 7.7066 6.4148 13.7183
v 7.5594 6.4148 14.0123
v 7.3932 6.4148 14.2795
v 7.2074 6.4148 14.5224
v 7.0010 6.4148 14.7429
v 6.7729 6.4148 14.9424
v 6.5216 6.4148 15.1221
v 6.2452 6.4148 15.2827
v 5.9411 6.4148 15.4250
v 5.6058 6.4148 15.5496
v 5.2343 6.4148 15.6568
v 4.8192 6.4148 15.7470
v 4.3492 6.4148 15.8204
v 3.8041 6.4148 15.8774
v 3.1447 6.4148 15.9179
v 2.2669 6.4148 15.9422
v 0.0000 6.4148 15.9503
v -2.2669 6.4148 15.9422
v -3.1447 6.4148 15.9179
v -3.8041 6.4148 15.8774
v -4.3492 6.4148 15.8204
v -4.8192 6.4148 15.7470
v -5.2343 6.4148 15.6568
v -5.6058 6.4148 15.5496
v -5.9411 6.4148 15.4250
v -6.2452 6.4148 15.2827
v -6.5216 6.4148 15.1221
v -6.7729 6.4148 14.9424
v -7.0010 6.4148 14.7429
v -7.2074 6.4148 14.5224
v -7.3932 6.4148 14.2795
v -7.5594 6.4148 14.0123
v -7.7066 6.4148 13.7183
v -7.8354 6.4148 13.3942
v -7.9463 6.4148 13.0350
v -8.0396 6.4148 12.6339
v -8.1156 6.4148 12.1794
v -8.1745 6.4148 11.6526
v -8.2165 6.4148 11.0151
v -8.2416 6.4148 10.1665
v -8.2500 6.4148 7.9752
v -8.2416 6.4148 5.7838
v -8.2165 6.4148 4.9352
v -8.1745 6.4148 4.2977
v -8.1156 6.4148 3.7709
v -8.0396 6.4148 3.3165
v -7.9463 6.4148 2.9153
v -7.8354 6.4148 2.5562
v -7.7066 6.4148 2.2320
v -7.5594 6.4148 1.9381
v -7.3932 6.4148 1.6708
v -7.2074 6.4148 1.4279
v -7.0010 6.4148 1.2074
v -6.7729 6.4148 1.0079
v -6.5216 6.4148 0.8282
v -6.2452 6.4148 0.6676
v -5.9411 6.4148 0.5253
v -5.6058 6.4148 0.4007
v -5.2343 6.4148 0.2935
v -4.8192 6.4148 0.2034
v -4.3492 6.4148 0.1299
v -3.8041 6.4148 0.0730
v -3.1447 6.4148 0.0324
v -2.2669 6.4148 0.0081
v -0.0000 6.4148 0.5500
v 2.2669 6.4148 0.0081
v 3.1447 6.4148 0.0324
v 3.8041 6.4148 0.0730
v 4.3492 6.4148 0.1299
v 4.8192 6.4148 0.2034
v 5.2343 6.4148 0.2935
v 5.6058 6.4148 0.4007
v 5.9411 6.4148 0.5253
v 6.2452 6.4148 0.6676
v 6.5216 6.4148 0.8282
v 6.7729 6.4148 1.0079
v 7.0010 6.4148 1.2074
v 7.2074 6.4148 1.4279
v 7.3932 6.4148 1.6708
v 7.5594 6.4148 1.9381
v 7.7066 6.4148 2.2320
v 7.8354 6.4148 2.5562
v 7.9463 6.4148 2.9153
v 8.0396 6.4148 3.3165
v 8.1156 6.4148 3.7709
v 8.1745 6.4148 4.2977
v 8.2165 6.4148 4.9352
v 8.2416 6.4148 5.7838
v 8.2500 6.7822 8.0570
v 8.2416 6.7822 10.2451
v 8.2162 6.7822 11.1014
v 8.1738 6.7822 11.7461
v 8.1144 6.7822 12.2798
v 8.0377 6.7822 12.7406
v 7.9436 6.7822 13.1478
v 7.8318 6.7822 13.5125
v 7.7018 6.7822 13.8418
v 7.5534 6.7822 14.1407
v 7.3859 6.7822 14.4125
v 7.1985 6.7822 14.6596
v 6.9905 6.7822 14.8841
v 6.7607 6.7822 15.0872
v 6.5076 6.7822 15.2701
v 6.2294 6.7822 15.4338
v 5.9233 6.7822 15.5787
v 5.5861 6.7822 15.7056
v 5.2127 6.7822 15.8149
v 4.7957 6.7822 15.9068
v 4.3239 6.7822 15.9817
v 3.7775 6.7822 16.0397
v 3.1173 6.7822 16.0811
v 2.2404 6.7822 16.1058
v 0.0000 6.7822 16.1141
v -2.2404 6.7822 16.1058
v -3.1173 6.7822 16.0811
v -3.7775 6.7822 16.0397
v -4.3239 6.7822 15.9817
v -4.7957 6.7822 15.9068
v -5.2127 6.7822 15.8149
v -5.5861 6.7822 15.7056
v -5.9233 6.7822 15.5787
v -6.2294 6.7822 15.4338
v -6.5076 6.7822 15.2701
v -6.7607 6.7822 15.0872
v -6.9905 6.7822 14.8841
v -7.1985 6.7822 14.6596
v -7.3859 6.7822 14.4125
v -7.5534 6.7822 14.1407
v -7.7018 6.7822 13.8418
v -7.8318 6.7822 13.5125
v -7.9436 6.7822 13.1478
v -8.0377 6.7822 12.7406
v -8.1144 6.7822 12.2798
v -8.1738 6.7822 11.7461
v -8.2162 6.7822 11.1014
v -8.2416 6.7822 10.2451
v -8.2500 6.7822 8.0570
v -8.2416 6.7822 5.8690
v -8.2162 6.7822 5.0127
v -8.1738 6.7822 4.3679
v -8.1144 6.7822 3.8343
v -8.0377 6.7822 3.3735
v -7.9436 6.7822 2.9663
v -7.8318 6.7822 2.6016
v -7.7018 6.7822 2.2722
v -7.5534 6.7822 1.9734
v -7.3859 6.7822 1.7016
v -7.1985 6.7822 1.4544
v -6.9905 6.7822 1.2300
v -6.7607 6.7822 1.0269
v -6.5076 6.7822 0.8439
v -6.2294 6.7822 0.6803
v -5.9233 6.7822 0.5353
v -5.5861 6.7822 0.4084
v -5.2127 6.7822 0.2992
v -4.7957 6.7822 0.2073
v -4.3239 6.7822 0.1324
v -3.7775 6.7822 0.0744
v -3.1173 6.7822 0.0330
v -2.2404 6.7822 0.0083
v -0.0000 6.7822 0.5500
v 2.2404 6.7822 0.0083
v 3.1173 6.7822 0.0330
v 3.7775 6.7822 0.0744
v 4.3239 6.7822 0.1324
v 4.7957 6.7822 0.2073
v 5.2127 6.7822 0.2992
v 5.5861 6.7822 0.4084
v 5.9233 6.7822 0.5353
v 6.2294 6.7822 0.6803
v 6.5076 6.7822 0.8439
v 6.7607 6.7822 1.0269
v 6.9905 6.7822 1.2300
v 7.1985 6.7822 1.4544
v 7.3859 6.7822 1.7016
v 7.5534 6.7822 1.9734
v 7.7018 6.7822 2.2722
v 7.8318 6.7822 2.6016
v 7.9436 6.7822 2.9663
v 8.0377 6.7822 3.3735
v 8.1144 6.7822 3.8343
v 8.1738 6.7822 4.3679
v 8.2162 6.7822 5.0127
v 8.2416 6.7822 5.8690
v 8.2500 7.1454 8.1261
v 8.2415 7.1454 10.3062
v 8.2159 7.1454 11.1688
v 8.1731 7.1454 11.8198
v 8.1132 7.1454 12.3594
v 8.0358 7.1454 12.8259
v 7.9408 7.1454 13.2385
v 7.8280 7.1454 13.6083
v 7.6969 7.1454 13.9424
v 7.5472 7.1454 14.2458
v 7.3782 7.1454 14.5218
v 7.1894 7.1454 14.7729
v 6.9797 7.1454 15.0010
v 6.7482 7.1454 15.2075
v 6.4933 7.1454 15.3935
v 6.2131 7.1454 15.5599
v 5.9051 7.1454 15.7074
v 5.5658 7.1454 15.8365
v 5.1904 7.1454 15.9476
v 4.7715 7.1454 16.0411
v 4.2979 7.1454 16.1174
v 3.7500 7.1454 16.1764
v 3.0891 7.1454 16.2185
v 2.2134 7.1454 16.2437
v 0.0000 7.1454 16.2521
v -2.2134 7.1454 16.2437
v -3.0891 7.1454 16.2185
v -3.7500 7.1454 16.1764
v -4.2979 7.1454 16.1174
v -4.7715 7.1454 16.0411
v -5.1904 7.1454 15.9476
v -5.5658 7.1454 15.8365
v -5.9051 7.1454 15.7074
v -6.2131 7.1454 15.5599
v -6.4933 7.1454 15.3935
v -6.7482 7.1454 15.2075
v -6.9797 7.1454 15.0010
v -7.1894 7.1454 14.7729
v -7.3782 7.1454 14.5218
v -7.5472 7.1454 14.2458
v -7.6969 7.1454 13.9424
v -7.8280 7.1454 13.6083
v -7.9408 7.1454 13.2385
v -8.0358 7.1454 12.8259
v -8.1132 7.1454 12.3594
v -8.1731 7.1454 11.8198
v -8.2159 7.1454 11.1688
v -8.2415 7.1454 10.3062
v -8.2500 7.1454 8.1261
v -8.2415 7.1454 5.9460
v -8.2159 7.1454 5.0834
v -8.1731 7.1454 4.4324
v -8.1132 7.1454 3.8927
v -8.0358 7.1454 3.4262
v -7.9408 7.1454 3.0137
v -7.8280 7.1454 2.6439
v -7.6969 7.1454 2.3097
v -7.5472 7.1454 2.0063
v -7.3782 7.1454 1.7303
v -7.1894 7.1454 1.4793
v -6.9797 7.1454 1.2512
v -6.7482 7.1454 1.0447
v -6.4933 7.1454 0.8587
v -6.2131 7.1454 0.6923
v -5.9051 7.1454 0.5448
v -5.5658 7.1454 0.4157
v -5.1904 7.1454 0.3045
v -4.7715 7.1454 0.2110
v -4.2979 7.1454 0.1348
v -3.7500 7.1454 0.0757
v -3.0891 7.1454 0.0336
v -2.2134 7.1454 0.0084
v -0.0000 7.1454 0.5500
v 2.2134 7.1454 0.0084
v 3.0891 7.1454 0.0336
v 3.7500 7.1454 0.0757
v 4.2979 7.1454 0.1348
v 4.7715 7.1454 0.2110
v 5.1904 7.1454 0.3045
v 5.5658 7.1454 0.4157
v 5.9051 7.1454 0.5448
v 6.2131 7.1454 0.6923
v 6.4933 7.1454 0.8587
v 6.7482 7.1454 1.0447
v 6.9797 7.1454 1.2512
v 7.1894 7.1454 1.4793
v 7.3782 7.1454 1.7303
v 7.5472 7.1454 2.0063
v 7.6969 7.1454 2.3097
v 7.8280 7.1454 2.6439
v 7.9408 7.1454 3.0137
v 8.0358 7.1454 3.4262
v 8.1132 7.1454 3.8927
v 8.1731 7.1454 4.4324
v 8.2159 7.1454 5.0834
v 8.2415 7.1454 5.9460
v 8.2500 7.5046 8.1810
v 8.2414 7.5046 10.3485
v 8.2155 7.5046 11.2157
v 8.1724 7.5046 11.8718
v 8.1119 7.5046 12.4166
v 8.0338 7.5046 12.8880
v 7.9379 7.5046 13.3053
v 7.8241 7.5046 13.6796
v 7.6918 7.5046 14.0180
v 7.5408 7.5046 14.3254
v 7.3704 7.5046 14.6052
v 7.1800 7.5046 14.8599
v 6.9686 7.5046 15.0913
v 6.7353 7.5046 15.3009
v 6.4785 7.5046 15.4897
v 6.1963 7.5046 15.6587
v 5.8863 7.5046 15.8084
v 5.5450 7.5046 15.9396
v 5.1675 7.5046 16.0525
v 4.7467 7.5046 16.1475
v 4.2713 7.5046 16.2250
v 3.7220 7.5046 16.2850
v 3.0603 7.5046 16.3278
v 2.1858 7.5046 16.3534
v 0.0000 7.5046 16.3619
v -2.1858 7.5046 16.3534
v -3.0603 7.5046 16.3278
v -3.7220 7.5046 16.2850
v -4.2713 7.5046 16.2250
v -4.7467 7.5046 16.1475
v -5.1675 7.5046 16.0525
v -5.5450 7.5046 15.9396
v -5.8863 7.5046 15.8084
v -6.1963 7.5046 15.6587
v -6.4785 7.5046 15.4897
v -6.7353 7.5046 15.3009
v -6.9686 7.5046 15.0913
v -7.1800 7.5046 14.8599
v -7.3704 7.5046 14.6052
v -7.5408 7.5046 14.3254
v -7.6918 7.5046 14.0180
v -7.8241 7.5046 13.6796
v -7.9379 7.5046 13.3053
v -8.0338 7.5046 12.8880
v -8.1119 7.5046 12.4166
v -8.1724 7.5046 11.8718
v -8.2155 7.5046 11.2157
v -8.2414 7.5046 10.3485
v -8.2500 7.5046 8.1810
v -8.2414 7.5046 6.0135
v -8.2155 7.5046 5.1462
v -8.1724 7.5046 4.4901
v -8.1119 7.5046 3.9454
v -8.0338 7.5046 3.4740
v -7.9379 7.5046 3.0567
v -7.8241 7.5046 2.6824
v -7.6918 7.5046 2.3439
v -7.5408 7.5046 2.0365
v -7.3704 7.5046 1.7567
v -7.1800 7.5046 1.5020
v -6.9686 7.5046 1.2706
v -6.7353 7.5046 1.0611
v -6.4785 7.5046 0.8722
v -6.1963 7.5046 0.7033
v -5.8863 7.5046 0.5535
v -5.5450 7.5046 0.4224
v -5.1675 7.5046 0.3095
v -4.7467 7.5046 0.2144
v -4.2713 7.5046 0.1370
v -3.7220 7.5046 0.0769
v -3.0603 7.5046 0.0342
v -2.1858 7.5046 0.0085
v -0.0000 7.5046 0.5500
v 2.1858 7.5046 0.0085
v 3.0603 7.5046 0.0342
v 3.7220 7.5046 0.0769
v 4.2713 7.5046 0.1370
v 4.7467 7.5046 0.2144
v 5.1675 7.5046 0.3095
v 5.5450 7.5046 0.4224
v 5.8863 7.5046 0.5535
v 6.1963 7.5046 0.7033
v 6.4785 7.5046 0.8722
v 6.7353 7.5046 1.0611
v 6.9686 7.5046 1.2706
v 7.1800 7.5046 1.5020
v 7.3704 7.5046 1.7567
v 7.5408 7.5046 2.0365
v 7.6918 7.5046 2.3439
v 7.8241 7.5046 2.6824
v 7.9379 7.5046 3.0567
v 8.0338 7.5046 3.4740
v 8.1119 7.5046 3.9454
v 8.1724 7.5046 4.4901
v 8.2155 7.5046 5.1462
v 8.2414 7.5046 6.0135
v 8.2500 7.8597 8.2206
v 8.2413 7.8597 10.3707
v 8.2152 7.8597 11.2408
v 8.1717 7.8597 11.9008
v 8.1105 7.8597 12.4496
v 8.0317 7.8597 12.9251
v 7.9350 7.8597 13.3464
v 7.8200 7.8597 13.7245
v 7.6866 7.8597 14.0667
v 7.5342 7.8597 14.3777
v 7.3623 7.8597 14.6608
v 7.1703 7.8597 14.9186
v 6.9572 7.8597 15.1530
v 6.7220 7.8597 15.3653
v 6.4633 7.8597 15.5567
v 6.1791 7.8597 15.7279
v 5.8671 7.8597 15.8798
v 5.5237 7.8597 16.0127
v 5.1441 7.8597 16.1272
v 4.7214 7.8597 16.2236
v 4.2441 7.8597 16.3022
v 3.6934 7.8597 16.3631
v 3.0310 7.8597 16.4065
v 2.1578 7.8597 16.4325
v 0.0000 7.8597 16.4411
v -2.1578 7.8597 16.4325
v -3.0310 7.8597 16.4065
v -3.6934 7.8597 16.3631
v -4.2441 7.8597 16.3022
v -4.7214 7.8597 16.2236
v -5.1441 7.8597 16.1272
v -5.5237 7.8597 16.0127
v -5.8671 7.8597 15.8798
v -6.1791 7.8597 15.7279
v -6.4633 7.8597 15.5567
v -6.7220 7.8597 15.3653
v -6.9572 7.8597 15.1530
v -7.1703 7.8597 14.9186
v -7.3623 7.8597 14.6608
v -7.5342 7.8597 14.3777
v -7.6866 7.8597 14.0667
v -7.8200 7.8597 13.7245
v -7.9350 7.8597 13.3464
v -8.0317 7.8597 12.9251
v -8.1105 7.8597 12.4496
v -8.1717 7.8597 11.9008
v -8.2152 7.8597 11.2408
v -8.2413 7.8597 10.3707
v -8.2500 7.8597 8.2206
v -8.2413 7.8597 6.0704
v -8.2152 7.8597 5.2003
v -8.1717 7.8597 4.5404
v -8.1105 7.8597 3.9916
v -8.0317 7.8597 3.5161
v -7.9350 7.8597 3.0948
v -7.8200 7.8597 2.7166
v -7.6866 7.8597 2.3744
v -7.5342 7.8597 2.0635
v -7.3623 7.8597 1.7803
v -7.1703 7.8597 1.5225
v -6.9572 7.8597 1.2881
v -6.7220 7.8597 1.0758
v -6.4633 7.8597 0.8845
v -6.1791 7.8597 0.7132
v -5.8671 7.8597 0.5614
v -5.5237 7.8597 0.4284
v -5.1441 7.8597 0.3139
v -4.7214 7.8597 0.2175
v -4.2441 7.8597 0.1390
v -3.6934 7.8597 0.0781
v -3.0310 7.8597 0.0347
v -2.1578 7.8597 0.0087
v -0.0000 7.8597 0.5500
v 2.1578 7.8597 0.0087
v 3.0310 7.8597 0.0347
v 3.6934 7.8597 0.0781
v 4.2441 7.8597 0.1390
v 4.7214 7.8597 0.2175
v 5.1441 7.8597 0.3139
v 5.5237 7.8597 0.4284
v 5.8671 7.8597 0.5614
v 6.1791 7.8597 0.7132
v 6.4633 7.8597 0.8845
v 6.7220 7.8597 1.0758
v 6.9572 7.8597 1.2881
v 7.1703 7.8597 1.5225
v 7.3623 7.8597 1.7803
v 7.5342 7.8597 2.0635
v 7.6866 7.8597 2.3744
v 7.8200 7.8597 2.7166
v 7.9350 7.8597 3.0948
v 8.0317 7.8597 3.5161
v 8.1105 7.8597 3.9916
v 8.1717 7.8597 4.5404
v 8.2152 7.8597 5.2003
v 8.2413 7.8597 6.0704
v 8.2500 8.2107 8.2438
v 8.2412 8.2107 10.3718
v 8.2149 8.2107 11.2429
v 8.1709 8.2107 11.9053
v 8.1092 8.2107 12.4571
v 8.0296 8.2107 12.9358
v 7.9319 8.2107 13.3603
v 7.8159 8.2107 13.7416
v 7.6812 8.2107 14.0868
v 7.5275 8.2107 14.4008
v 7.3541 8.2107 14.6868
v 7.1604 8.2107 14.9473
v 6.9456 8.2107 15.1842
v 6.7085 8.2107 15.3989
v 6.4478 8.2107 15.5924
v 6.1616 8.2107 15.7657
v 5.8474 8.2107 15.9193
v 5.5019 8.2107 16.0539
v 5.1203 8.2107 16.1698
v 4.6955 8.2107 16.2674
v 4.2165 8.2107 16.3469
v 3.6643 8.2107 16.4086
v 3.0013 8.2107 16.4525
v 2.1295 8.2107 16.4789
v 0.0000 8.2107 16.4876
v -2.1295 8.2107 16.4789
v -3.0013 8.2107 16.4525
v -3.6643 8.2107 16.4086
v -4.2165 8.2107 16.3469
v -4.6955 8.2107 16.2674
v -5.1203 8.2107 16.1698
v -5.5019 8.2107 16.0539
v -5.8474 8.2107 15.9193
v -6.1616 8.2107 15.7657
v -6.4478 8.2107 15.5924
v -6.7085 8.2107 15.3989
v -6.9456 8.2107 15.1842
v -7.1604 8.2107 14.9473
v -7.3541 8.2107 14.6868
v -7.5275 8.2107 14.4008
v -7.6812 8.2107 14.0868
v -7.8159 8.2107 13.7416
v -7.9319 8.2107 13.3603
v -8.0296 8.2107 12.9358
v -8.1092 8.2107 12.4571
v -8.1709 8.2107 11.9053
v -8.2149 8.2107 11.2429
v -8.2412 8.2107 10.3718
v -8.2500 8.2107 8.2438
v -8.2412 8.2107 6.1159
v -8.2149 8.2107 5.2448
v -8.1709 8.2107 4.5823
v -8.1092 8.2107 4.0305
v -8.0296 8.2107 3.5518
v -7.9319 8.2107 3.1274
v -7.8159 8.2107 2.7460
v -7.6812 8.2107 2.4008
v -7.5275 8.2107 2.0869
v -7.3541 8.2107 1.8009
v -7.1604 8.2107 1.5403
v -6.9456 8.2107 1.3034
v -6.7085 8.2107 1.0888
v -6.4478 8.2107 0.8952
v -6.1616 8.2107 0.7220
v -5.8474 8.2107 0.5683
v -5.5019 8.2107 0.4338
v -5.1203 8.2107 0.3178
v -4.6955 8.2107 0.2202
v -4.2165 8.2107 0.1407
v -3.6643 8.2107 0.0790
v -3.0013 8.2107 0.0351
v -2.1295 8.2107 0.0088
v -0.0000 8.2107 0.5500
v 2.1295 8.2107 0.0088
v 3.0013 8.2107 0.0351
v 3.6643 8.2107 0.0790
v 4.2165 8.2107 0.1407
v 4.6955 8.2107 0.2202
v 5.1203 8.2107 0.3178
v 5.5019 8.2107 0.4338
v 5.8474 8.2107 0.5683
v 6.1616 8.2107 0.7220
v 6.4478 8.2107 0.8952
v 6.7085 8.2107 1.0888
v 6.9456 8.2107 1.3034
v 7.1604 8.2107 1.5403
v 7.3541 8.2107 1.8009
v 7.5275 8.2107 2.0869
v 7.6812 8.2107 2.4008
v 7.8159 8.2107 2.7460
v 7.9319 8.2107 3.1274
v 8.0296 8.2107 3.5518
v 8.1092 8.2107 4.0305
v 8.1709 8.2107 4.5823
v 8.2149 8.2107 5.2448
v 8.2412 8.2107 6.1159
v 8.2500 8.5575 8.2500
v 8.2411 8.5575 10.3510
v 8.2145 8.5575 11.2212
v 8.1701 8.5575 11.8848
v 8.1078 8.5575 12.4384
v 8.0274 8.5575 12.9192
v 7.9288 8.5575 13.3460
v 7.8117 8.5575 13.7297
v 7.6758 8.5575 14.0774
v 7.5206 8.5575 14.3937
v 7.3457 8.5575 14.6820
v 7.1503 8.5575 14.9447
v 6.9337 8.5575 15.1837
v 6.6947 8.5575 15.4003
v 6.4320 8.5575 15.5957
v 6.1437 8.5575 15.7706
v 5.8274 8.5575 15.9258
v 5.4797 8.5575 16.0617
v 5.0960 8.5575 16.1788
v 4.6692 8.5575 16.2774
v 4.1884 8.5575 16.3578
v 3.6348 8.5575 16.4201
v 2.9712 8.5575 16.4645
v 2.1010 8.5575 16.4911
v 0.0000 8.5575 16.5000
v -2.1010 8.5575 16.4911
v -2.9712 8.5575 16.4645
v -3.6348 8.5575 16.4201
v -4.1884 8.5575 16.3578
v -4.6692 8.5575 16.2774
v -5.0960 8.5575 16.1788
v -5.4797 8.5575 16.0617
v -5.8274 8.5575 15.9258
v -6.1437 8.5575 15.7706
v -6.4320 8.5575 15.5957
v -6.6947 8.5575 15.4003
v -6.9337 8.5575 15.1837
v -7.1503 8.5575 14.9447
v -7.3457 8.5575 14.6820
v -7.5206 8.5575 14.3937
v -7.6758 8.5575 14.0774
v -7.8117 8.5575 13.7297
v -7.9288 8.5575 13.3460
v -8.0274 8.5575 12.9192
v -8.1078 8.5575 12.4384
v -8.1701 8.5575 11.8848
v -8.2145 8.5575 11.2212
v -8.2411 8.5575 10.3510
v -8.2500 8.5575 8.2500
v -8.2411 8.5575 6.1490
v -8.2145 8.5575 5.2788
v -8.1701 8.5575 4.6152
v -8.1078 8.5575 4.0616
v -8.0274 8.5575 3.5808
v -7.9288 8.5575 3.1540
v -7.8117 8.5575 2.7703
v -7.6758 8.5575 2.4226
v -7.5206 8.5575 2.1063
v -7.3457 8.5575 1.8180
v -7.1503 8.5575 1.5553
v -6.9337 8.5575 1.3163
v -6.6947 8.5575 1.0997
v -6.4320 8.5575 0.9043
v -6.1437 8.5575 0.7294
v -5.8274 8.5575 0.5742
v -5.4797 8.5575 0.4383
v -5.0960 8.5575 0.3212
v -4.6692 8.5575 0.2226
v -4.1884 8.5575 0.1422
v -3.6348 8.5575 0.0799
v -2.9712 8.5575 0.0355
v -2.1010 8.5575 0.0089
v -0.0000 8.5575 0.5500
v 2.1010 8.5575 0.0089
v 2.9712 8.5575 0.0355
v 3.6348 8.5575 0.0799
v 4.1884 8.5575 0.1422
v 4.6692 8.5575 0.2226
v 5.0960 8.5575 0.3212
v 5.4797 8.5575 0.4383
v 5.8274 8.5575 0.5742
v 6.1437 8.5575 0.7294
v 6.4320 8.5575 0.9043
v 6.6947 8.5575 1.0997
v 6.9337 8.5575 1.3163
v 7.1503 8.5575 1.5553
v 7.3457 8.5575 1.8180
v 7.5206 8.5575 2.1063
v 7.6758 8.5575 2.4226
v 7.8117 8.5575 2.7703
v 7.9288 8.5575 3.1540
v 8.0274 8.5575 3.5808
v 8.1078 8.5575 4.0616
v 8.1701 8.5575 4.6152
v 8.2145 8.5575 5.2788
v 8.2411 8.5575 6.1490
v 8.2500 8.9002 8.2500
v 8.2410 8.9002 10.3223
v 8.2142 8.9002 11.1909
v 8.1693 8.9002 11.8550
v 8.1064 8.9002 12.4100
v 8.0252 8.9002 12.8926
v 7.9257 8.9002 13.3214
v 7.8074 8.9002 13.7073
v 7.6702 8.9002 14.0571
v 7.5136 8.9002 14.3755
v 7.3371 8.9002 14.6659
v 7.1401 8.9002 14.9307
v 6.9216 8.9002 15.1716
v 6.6807 8.9002 15.3901
v 6.4159 8.9002 15.5871
v 6.1255 8.9002 15.7636
v 5.8071 8.9002 15.9202
v 5.4573 8.9002 16.0574
v 5.0714 8.9002 16.1757
v 4.6426 8.9002 16.2752
v 4.1600 8.9002 16.3564
v 3.6050 8.9002 16.4193
v 2.9409 8.9002 16.4642
v 2.0723 8.9002 16.4910
v 0.0000 8.9002 16.5000
v -2.0723 8.9002 16.4910
v -2.9409 8.9002 16.4642
v -3.6050 8.9002 16.4193
v -4.1600 8.9002 16.3564
v -4.6426 8.9002 16.2752
v -5.0714 8.9002 16.1757
v -5.4573 8.9002 16.0574
v -5.8071 8.9002 15.9202
v -6.1255 8.9002 15.7636
v -6.4159 8.9002 15.5871
v -6.6807 8.9002 15.3901
v -6.9216 8.9002 15.1716
v -7.1401 8.9002 14.9307
v -7.3371 8.9002 14.6659
v -7.5136 8.9002 14.3755
v -7.6702 8.9002 14.0571
v -7.8074 8.9002 13.7073
v -7.9257 8.9002 13.3214
v -8.0252 8.9002 12.8926
v -8.1064 8.9002 12.4100
v -8.1693 8.9002 11.8550
v -8.2142 8.9002 11.1909
v -8.2410 8.9002 10.3223
v -8.2500 8.9002 8.2500
v -8.2410 8.9002 6.1777
v -8.2142 8.9002 5.3091
v -8.1693 8.9002 4.6450
v -8.1064 8.9002 4.0900
v -8.0252 8.9002 3.6074
v -7.9257 8.9002 3.1786
v -7.8074 8.9002 2.7927
v -7.6702 8.9002 2.4429
v -7.5136 8.9002 2.1245
v -7.3371 8.9002 1.8341
v -7.1401 8.9002 1.5693
v -6.9216 8.9002 1.3284
v -6.6807 8.9002 1.1099
v -6.4159 8.9002 0.9129
v -6.1255 8.9002 0.7364
v -5.8071 8.9002 0.5798
v -5.4573 8.9002 0.4426
v -5.0714 8.9002 0.3243
v -4.6426 8.9002 0.2248
v -4.1600 8.9002 0.1436
v -3.6050 8.9002 0.0807
v -2.9409 8.9002 0.0358
v -2.0723 8.9002 0.0090
v -0.0000 8.9002 0.5500
v 2.0723 8.9002 0.0090
v 2.9409 8.9002 0.0358
v 3.6050 8.9002 0.0807
v 4.1600 8.9002 0.1436
v 4.6426 8.9002 0.2248
v 5.0714 8.9002 0.3243
v 5.4573 8.9002 0.4426
v 5.8071 8.9002 0.5798
v 6.1255 8.9002 0.7364
v 6.4159 8.9002 0.9129
v 6.6807 8.9002 1.1099
v 6.9216 8.9002 1.3284
v 7.1401 8.9002 1.5693
v 7.3371 8.9002 1.8341
v 7.5136 8.9002 2.1245
v 7.6702 8.9002 2.4429
v 7.8074 8.9002 2.7927
v 7.9257 8.9002 3.1786
v 8.0252 8.9002 3.6074
v 8.1064 8.9002 4.0900
v 8.1693 8.9002 4.6450
v 8.2142 8.9002 5.3091
v 8.2410 8.9002 6.1777
v 8.2500 9.2387 8.2500
v 8.2410 9.2387 10.2936
v 8.2138 9.2387 11.1604
v 8.1685 9.2387 11.8249
v 8.1049 9.2387 12.3813
v 8.0230 9.2387 12.8657
v 7.9224 9.2387 13.2965
v 7.8031 9.2387 13.6845
v 7.6646 9.2387 14.0365
v 7.5065 9.2387 14.3571
v 7.3284 9.2387 14.6496
v 7.1296 9.2387 14.9164
v 6.9093 9.2387 15.1593
v 6.6664 9.2387 15.3796
v 6.3996 9.2387 15.5784
v 6.1071 9.2387 15.7565
v 5.7865 9.2387 15.9146
v 5.4345 9.2387 16.0531
v 5.0465 9.2387 16.1724
v 4.6157 9.2387 16.2730
v 4.1313 9.2387 16.3549
v 3.5749 9.2387 16.4185
v 2.9104 9.2387 16.4638
v 2.0436 9.2387 16.4910
v 0.0000 9.2387 16.5000
v -2.0436 9.2387 16.4910
v -2.9104 9.2387 16.4638
v -3.5749 9.2387 16.4185
v -4.1313 9.2387 16.3549
v -4.6157 9.2387 16.2730
v -5.0465 9.2387 16.1724
v -5.4345 9.2387 16.0531
v -5.7865 9.2387 15.9146
v -6.1071 9.2387 15.7565
v -6.3996 9.2387 15.5784
v -6.6664 9.2387 15.3796
v -6.9093 9.2387 15.1593
v -7.1296 9.2387 14.9164
v -7.3284 9.2387 14.6496
v -7.5065 9.2387 14.3571
v -7.6646 9.2387 14.0365
v -7.8031 9.2387 13.6845
v -7.9224 9.2387 13.2965
v -8.0230 9.2387 12.8657
v -8.1049 9.2387 12.3813
v -8.1685 9.2387 11.8249
v -8.2138 9.2387 11.1604
v -8.2410 9.2387 10.2936
v -8.2500 9.2387 8.2500
v -8.2410 9.2387 6.2064
v -8.2138 9.2387 5.3396
v -8.1685 9.2387 4.6751
v -8.1049 9.2387 4.1187
v -8.0230 9.2387 3.6343
v -7.9224 9.2387 3.2035
v -7.8031 9.2387 2.8155
v -7.6646 9.2387 2.4635
v -7.5065 9.2387 2.1429
v -7.3284 9.2387 1.8504
v -7.1296 9.2387 1.5836
v -6.9093 9.2387 1.3407
v -6.6664 9.2387 1.1204
v -6.3996 9.2387 0.9216
v -6.1071 9.2387 0.7435
v -5.7865 9.2387 0.5854
v -5.4345 9.2387 0.4469
v -5.0465 9.2387 0.3276
v -4.6157 9.2387 0.2270
v -4.1313 9.2387 0.1451
v -3.5749 9.2387 0.0815
v -2.9104 9.2387 0.0362
v -2.0436 9.2387 0.0090
v -0.0000 9.2387 0.5500
v 2.0436 9.2387 0.0090
v 2.9104 9.2387 0.0362
v 3.5749 9.2387 0.0815
v 4.1313 9.2387 0.1451
v 4.6157 9.2387 0.2270
v 5.0465 9.2387 0.3276
v 5.4345 9.2387 0.4469
v 5.7865 9.2387 0.5854
v 6.1071 9.2387 0.7435
v 6.3996 9.2387 0.9216
v 6.6664 9.2387 1.1204
v 6.9093 9.2387 1.3407
v 7.1296 9.2387 1.5836
v 7.3284 9.2387 1.8504
v 7.5065 9.2387 2.1429
v 7.6646 9.2387 2.4635
v 7.8031 9.2387 2.8155
v 7.9224 9.2387 3.2035
v 8.0230 9.2387 3.6343
v 8.1049 9.2387 4.1187
v 8.1685 9.2387 4.6751
v 8.2138 9.2387 5.3396
v 8.2410 9.2387 6.2064
v 8.2500 9.5730 8.2500
v 8.2409 9.5730 10.2648
v 8.2134 9.5730 11.1298
v 8.1677 9.5730 11.7947
v 8.1035 9.5730 12.3524
v 8.0207 9.5730 12.8386
v 7.9192 9.5730 13.2714
v 7.7987 9.5730 13.6615
v 7.6589 9.5730 14.0157
v 7.4993 9.5730 14.3385
v 7.3196 9.5730 14.6332
v 7.1191 9.5730 14.9020
v 6.8969 9.5730 15.1469
v 6.6520 9.5730 15.3691
v 6.3832 9.5730 15.5696
v 6.0885 9.5730 15.7493
v 5.7657 9.5730 15.9089
v 5.4115 9.5730 16.0487
v 5.0214 9.5730 16.1692
v 4.5886 9.5730 16.2707
v 4.1024 9.5730 16.3535
v 3.5447 9.5730 16.4177
v 2.8798 9.5730 16.4634
v 2.0148 9.5730 16.4909
v 0.0000 9.5730 16.5000
v -2.0148 9.5730 16.4909
v -2.8798 9.5730 16.4634
v -3.5447 9.5730 16.4177
v -4.1024 9.5730 16.3535
v -4.5886 9.5730 16.2707
v -5.0214 9.5730 16.1692
v -5.4115 9.5730 16.0487
v -5.7657 9.5730 15.9089
v -6.0885 9.5730 15.7493
v -6.3832 9.5730 15.5696
v -6.6520 9.5730 15.3691
v -6.8969 9.5730 15.1469
v -7.1191 9.5730 14.9020
v -7.3196 9.5730 14.6332
v -7.4993 9.5730 14.3385
v -7.6589 9.5730 14.0157
v -7.7987 9.5730 13.6615
v -7.9192 9.5730 13.2714
v -8.0207 9.5730 12.8386
v -8.1035 9.5730 12.3524
v -8.1677 9.5730 11.7947
v -8.2134 9.5730 11.1298
v -8.2409 9.5730 10.2648
v -8.2500 9.5730 8.2500
v -8.2409 9.5730 6.2352
v -8.2134 9.5730 5.3702
v -8.1677 9.5730 4.7053
v -8.1035 9.5730 4.1476
v -8.0207 9.5730 3.6614
v -7.9192 9.5730 3.2286
v -7.7987 9.5730 2.8385
v -7.6589 9.5730 2.4843
v -7.4993 9.5730 2.1615
v -7.3196 9.5730 1.8668
v -7.1191 9.5730 1.5980
v -6.8969 9.5730 1.3531
v -6.6520 9.5730 1.1309
v -6.3832 9.5730 0.9304
v -6.0885 9.5730 0.7507
v -5.7657 9.5730 0.5911
v -5.4115 9.5730 0.4513
v -5.0214 9.5730 0.3308
v -4.5886 9.5730 0.2293
v -4.1024 9.5730 0.1465
v -3.5447 9.5730 0.0823
v -2.8798 9.5730 0.0366
v -2.0148 9.5730 0.0091
v -0.0000 9.5730 0.5500
v 2.0148 9.5730 0.0091
v 2.8798 9.5730 0.0366
v 3.5447 9.5730 0.0823
v 4.1024 9.5730 0.1465
v 4.5886 9.5730 0.2293
v 5.0214 9.5730 0.3308
v 5.4115 9.5730 0.4513
v 5.7657 9.5730 0.5911
v 6.0885 9.5730 0.7507
v 6.3832 9.5730 0.9304
v 6.6520 9.5730 1.1309
v 6.8969 9.5730 1.3531
v 7.1191 9.5730 1.5980
v 7.3196 9.5730 1.8668
v 7.4993 9.5730 2.1615
v 7.6589 9.5730 2.4843
v 7.7987 9.5730 2.8385
v 7.9192 9.5730 3.2286
v 8.0207 9.5730 3.6614
v 8.1035 9.5730 4.1476
v 8.1677 9.5730 4.7053
v 8.2134 9.5730 5.3702
v 8.2409 9.5730 6.2352
v 8.2500 9.9031 8.2500
v 8.2408 9.9031 10.2362
v 8.2131 9.9031 11.0992
v 8.1668 9.9031 11.7644
v 8.1020 9.9031 12.3234
v 8.0184 9.9031 12.8113
v 7.9159 9.9031 13.2461
v 7.7942 9.9031 13.6384
v 7.6531 9.9031 13.9948
v 7.4921 9.9031 14.3197
v 7.3107 9.9031 14.6165
v 7.1084 9.9031 14.8875
v 6.8844 9.9031 15.1344
v 6.6375 9.9031 15.3584
v 6.3665 9.9031 15.5607
v 6.0697 9.9031 15.7421
v 5.7448 9.9031 15.9031
v 5.3884 9.9031 16.0442
v 4.9961 9.9031 16.1659
v 4.5613 9.9031 16.2684
v 4.0734 9.9031 16.3520
v 3.5144 9.9031 16.4168
v 2.8492 9.9031 16.4631
v 1.9862 9.9031 16.4908
v 0.0000 9.9031 16.5000
v -1.9862 9.9031 16.4908
v -2.8492 9.9031 16.4631
v -3.5144 9.9031 16.4168
v -4.0734 9.9031 16.3520
v -4.5613 9.9031 16.2684
v -4.9961 9.9031 16.1659
v -5.3884 9.9031 16.0442
v -5.7448 9.9031 15.9031
v -6.0697 9.9031 15.7421
v -6.3665 9.9031 15.5607
v -6.6375 9.9031 15.3584
v -6.8844 9.9031 15.1344
v -7.1084 9.9031 14.8875
v -7.3107 9.9031 14.6165
v -7.4921 9.9031 14.3197
v -7.6531 9.9031 13.9948
v -7.7942 9.9031 13.6384
v -7.9159 9.9031 13.2461
v -8.0184 9.9031 12.8113
v -8.1020 9.9031 12.3234
v -8.1668 9.9031 11.7644
v -8.2131 9.9031 11.0992
v -8.2408 9.9031 10.2362
v -8.2500 9.9031 8.2500
v -8.2408 9.9031 6.2638
v -8.2131 9.9031 5.4008
v -8.1668 9.9031 4.7356
v -8.1020 9.9031 4.1766
v -8.0184 9.9031 3.6887
v -7.9159 9.9031 3.2539
v -7.7942 9.9031 2.8616
v -7.6531 9.9031 2.5052
v -7.4921 9.9031 2.1803
v -7.3107 9.9031 1.8835
v -7.1084 9.9031 1.6125
v -6.8844 9.9031 1.3656
v -6.6375 9.9031 1.1416
v -6.3665 9.9031 0.9393
v -6.0697 9.9031 0.7579
v -5.7448 9.9031 0.5969
v -5.3884 9.9031 0.4558
v -4.9961 9.9031 0.3341
v -4.5613 9.9031 0.2316
v -4.0734 9.9031 0.1480
v -3.5144 9.9031 0.0832
v -2.8492 9.9031 0.0369
v -1.9862 9.9031 0.0092
v -0.0000 9.9031 0.5500
v 1.9862 9.9031 0.0092
v 2.8492 9.9031 0.0369
v 3.5144 9.9031 0.0832
v 4.0734 9.9031 0.1480
v 4.5613 9.9031 0.2316
v 4.9961 9.9031 0.3341
v 5.3884 9.9031 0.4558
v 5.7448 9.9031 0.5969
v 6.0697 9.9031 0.7579
v 6.3665 9.9031 0.9393
v 6.6375 9.9031 1.1416
v 6.8844 9.9031 1.3656
v 7.1084 9.9031 1.6125
v 7.3107 9.9031 1.8835
v 7.4921 9.9031 2.1803
v 7.6531 9.9031 2.5052
v 7.7942 9.9031 2.8616
v 7.9159 9.9031 3.2539
v 8.0184 9.9031 3.6887
v 8.1020 9.9031 4.1766
v 8.1668 9.9031 4.7356
v 8.2131 9.9031 5.4008
v 8.2408 9.9031 6.2638
v 8.2500 10.2289 8.2500
v 8.2407 10.2289 10.2077
v 8.2127 10.2289 11.0686
v 8.1660 10.2289 11.7341
v 8.1005 10.2289 12.2943
v 8.0161 10.2289 12.7839
v 7.9126 10.2289 13.2208
v 7.7897 10.2289 13.6152
v 7.6472 10.2289 13.9737
v 7.4848 10.2289 14.3009
v 7.3018 10.2289 14.5998
v 7.0977 10.2289 14.8729
v 6.8717 10.2289 15.1217
v 6.6229 10.2289 15.3477
v 6.3498 10.2289 15.5518
v 6.0509 10.2289 15.7348
v 5.7237 10.2289 15.8972
v 5.3652 10.2289 16.0397
v 4.9708 10.2289 16.1626
v 4.5339 10.2289 16.2661
v 4.0443 10.2289 16.3505
v 3.4841 10.2289 16.4160
v 2.8186 10.2289 16.4627
v 1.9577 10.2289 16.4907
v 0.0000 10.2289 16.5000
v -1.9577 10.2289 16.4907
v -2.8186 10.2289 16.4627
v -3.4841 10.2289 16.4160
v -4.0443 10.2289 16.3505
v -4.5339 10.2289 16.2661
v -4.9708 10.2289 16.1626
v -5.3652 10.2289 16.0397
v -5.7237 10.2289 15.8972
v -6.0509 10.2289 15.7348
v -6.3498 10.2289 15.5518
v -6.6229 10.2289 15.3477
v -6.8717 10.2289 15.1217
v -7.0977 10.2289 14.8729
v -7.3018 10.2289 14.5998
v -7.4848 10.2289 14.3009
v -7.6472 10.2289 13.9737
v -7.7897 10.2289 13.6152
v -7.9126 10.2289 13.2208
v -8.0161 10.2289 12.7839
v -8.1005 10.2289 12.2943
v -8.1660 10.2289 11.7341
v -8.2127 10.2289 11.0686
v -8.2407 10.2289 10.2077
v -8.2500 10.2289 8.2500
v -8.2407 10.2289 6.2923
v -8.2127 10.2289 5.4314
v -8.1660 10.2289 4.7659
v -8.1005 10.2289 4.2057
v -8.0161 10.2289 3.7161
v -7.9126 10.2289 3.2792
v -7.7897 10.2289 2.8848
v -7.6472 10.2289 2.5263
v -7.4848 10.2289 2.1991
v -7.3018 10.2289 1.9002
v -7.0977 10.2289 1.6271
v -6.8717 10.2289 1.3783
v -6.6229 10.2289 1.1523
v -6.3498 10.2289 0.9482
v -6.0509 10.2289 0.7652
v -5.7237 10.2289 0.6028
v -5.3652 10.2289 0.4603
v -4.9708 10.2289 0.3374
v -4.5339 10.2289 0.2339
v -4.0443 10.2289 0.1495
v -3.4841 10.2289 0.0840
v -2.8186 10.2289 0.0373
v -1.9577 10.2289 0.0093
v -0.0000 10.2289 0.5500
v 1.9577 10.2289 0.0093
v 2.8186 10.2289 0.0373
v 3.4841 10.2289 0.0840
v 4.0443 10.2289 0.1495
v 4.5339 10.2289 0.2339
v 4.9708 10.2289 0.3374
v 5.3652 10.2289 0.4603
v 5.7237 10.2289 0.6028
v 6.0509 10.2289 0.7652
v 6.3498 10.2289 0.9482
v 6.6229 10.2289 1.1523
v 6.8717 10.2289 1.3783
v 7.0977 10.2289 1.6271
v 7.3018 10.2289 1.9002
v 7.4848 10.2289 2.1991
v 7.6472 10.2289 2.5263
v 7.7897 10.2289 2.8848
v 7.9126 10.2289 3.2792
v 8.0161 10.2289 3.7161
v 8.1005 10.2289 4.2057
v 8.1660 10.2289 4.7659
v 8.2127 10.2289 5.4314
v 8.2407 10.2289 6.2923
v 8.2500 10.5504 8.2500
v 8.2406 10.5504 10.1794
v 8.2123 10.5504 11.0382
v 8.1652 10.5504 11.7039
v 8.0990 10.5504 12.2652
v 8.0138 10.5504 12.7566
v 7.9092 10.5504 13.1954
v 7.7852 10.5504 13.5919
v 7.6414 10.5504 13.9526
v 7.4774 10.5504 14.2819
v 7.2928 10.5504 14.5830
v 7.0869 10.5504 14.8582
v 6.8590 10.5504 15.1090
v 6.6082 10.5504 15.3369
v 6.3330 10.5504 15.5428
v 6.0319 10.5504 15.7274
v 5.7026 10.5504 15.8914
v 5.3419 10.5504 16.0352
v 4.9454 10.5504 16.1592
v 4.5066 10.5504 16.2638
v 4.0152 10.5504 16.3490
v 3.4539 10.5504 16.4152
v 2.7882 10.5504 16.4623
v 1.9294 10.5504 16.4906
v 0.0000 10.5504 16.5000
v -1.9294 10.5504 16.4906
v -2.7882 10.5504 16.4623
v -3.4539 10.5504 16.4152
v -4.0152 10.5504 16.3490
v -4.5066 10.5504 16.2638
v -4.9454 10.5504 16.1592
v -5.3419 10.5504 16.0352
v -5.7026 10.5504 15.8914
v -6.0319 10.5504 15.7274
v -6.3330 10.5504 15.5428
v -6.6082 10.5504 15.3369
v -6.8590 10.5504 15.1090
v -7.0869 10.5504 14.8582
v -7.2928 10.5504 14.5830
v -7.4774 10.5504 14.2819
v -7.6414 10.5504 13.9526
v -7.7852 10.5504 13.5919
v -7.9092 10.5504 13.1954
v -8.0138 10.5504 12.7566
v -8.0990 10.5504 12.2652
v -8.1652 10.5504 11.7039
v -8.2123 10.5504 11.0382
v -8.2406 10.5504 10.1794
v -8.2500 10.5504 8.2500
v -8.2406 10.5504 6.3206
v -8.2123 10.5504 5.4618
v -8.1652 10.5504 4.7961
v -8.0990 10.5504 4.2348
v -8.0138 10.5504 3.7434
v -7.9092 10.5504 3.3046
v -7.7852 10.5504 2.9081
v -7.6414 10.5504 2.5474
v -7.4774 10.5504 2.2181
v -7.2928 10.5504 1.9170
v -7.0869 10.5504 1.6418
v -6.8590 10.5504 1.3910
v -6.6082 10.5504 1.1631
v -6.3330 10.5504 0.9572
v -6.0319 10.5504 0.7726
v -5.7026 10.5504 0.6086
v -5.3419 10.5504 0.4648
v -4.9454 10.5504 0.3408
v -4.5066 10.5504 0.2362
v -4.0152 10.5504 0.1510
v -3.4539 10.5504 0.0848
v -2.7882 10.5504 0.0377
v -1.9294 10.5504 0.0094
v -0.0000 10.5504 0.5500
v 1.9294 10.5504 0.0094
v 2.7882 10.5504 0.0377
v 3.4539 10.5504 0.0848
v 4.0152 10.5504 0.1510
v 4.5066 10.5504 0.2362
v 4.9454 10.5504 0.3408
v 5.3419 10.5504 0.4648
v 5.7026 10.5504 0.6086
v 6.0319 10.5504 0.7726
v 6.3330 10.5504 0.9572
v 6.6082 10.5504 1.1631
v 6.8590 10.5504 1.3910
v 7.0869 10.5504 1.6418
v 7.2928 10.5504 1.9170
v 7.4774 10.5504 2.2181
v 7.6414 10.5504 2.5474
v 7.7852 10.5504 2.9081
v 7.9092 10.5504 3.3046
v 8.0138 10.5504 3.7434
v 8.0990 10.5504 4.2348
v 8.1652 10.5504 4.7961
v 8.2123 10.5504 5.4618
v 8.2406 10.5504 6.3206
v 8.2500 10.8676 8.2500
v 8.2405 10.8676 10.1515
v 8.2119 10.8676 11.0079
v 8.1643 10.8676 11.6738
v 8.0975 10.8676 12.2363
v 8.0114 10.8676 12.7293
v 7.9059 10.8676 13.1700
v 7.7807 10.8676 13.5686
v 7.6355 10.8676 13.9315
v 7.4700 10.8676 14.2630
v 7.2837 10.8676 14.5662
v 7.0761 10.8676 14.8435
v 6.8463 10.8676 15.0963
v 6.5935 10.8676 15.3261
v 6.3162 10.8676 15.5337
v 6.0130 10.8676 15.7200
v 5.6815 10.8676 15.8855
v 5.3186 10.8676 16.0307
v 4.9200 10.8676 16.1559
v 4.4793 10.8676 16.2614
v 3.9863 10.8676 16.3475
v 3.4238 10.8676 16.4143
v 2.7579 10.8676 16.4619
v 1.9015 10.8676 16.4905
v 0.0000 10.8676 16.5000
v -1.9015 10.8676 16.4905
v -2.7579 10.8676 16.4619
v -3.4238 10.8676 16.4143
v -3.9863 10.8676 16.3475
v -4.4793 10.8676 16.2614
v -4.9200 10.8676 16.1559
v -5.3186 10.8676 16.0307
v -5.6815 10.8676 15.8855
v -6.0130 10.8676 15.7200
v -6.3162 10.8676 15.5337
v -6.5935 10.8676 15.3261
v -6.8463 10.8676 15.0963
v -7.0761 10.8676 14.8435
v -7.2837 10.8676 14.5662
v -7.4700 10.8676 14.2630
v -7.6355 10.8676 13.9315
v -7.7807 10.8676 13.5686
v -7.9059 10.8676 13.1700
v -8.0114 10.8676 12.7293
v -8.0975 10.8676 12.2363
v -8.1643 10.8676 11.6738
v -8.2119 10.8676 11.0079
v -8.2405 10.8676 10.1515
v -8.2500 10.8676 8.2500
v -8.2405 10.8676 6.3485
v -8.2119 10.8676 5.4921
v -8.1643 10.8676 4.8262
v -8.0975 10.8676 4.2637
v -8.0114 10.8676 3.7707
v -7.9059 10.8676 3.3300
v -7.7807 10.8676 2.9314
v -7.6355 10.8676 2.5685
v -7.4700 10.8676 2.2370
v -7.2837 10.8676 1.9338
v -7.0761 10.8676 1.6565
v -6.8463 10.8676 1.4037
v -6.5935 10.8676 1.1739
v -6.3162 10.8676 0.9663
v -6.0130 10.8676 0.7800
v -5.6815 10.8676 0.6145
v -5.3186 10.8676 0.4693
v -4.9200 10.8676 0.3441
v -4.4793 10.8676 0.2386
v -3.9863 10.8676 0.1525
v -3.4238 10.8676 0.0857
v -2.7579 10.8676 0.0381
v -1.9015 10.8676 0.0095
v -0.0000 10.8676 0.5500
v 1.9015 10.8676 0.0095
v 2.7579 10.8676 0.0381
v 3.4238 10.8676 0.0857
v 3.9863 10.8676 0.1525
v 4.4793 10.8676 0.2386
v 4.9200 10.8676 0.3441
v 5.3186 10.8676 0.4693
v 5.6815 10.8676 0.6145
v 6.0130 10.8676 0.7800
v 6.3162 10.8676 0.9663
v 6.5935 10.8676 1.1739
v 6.8463 10.8676 1.4037
v 7.0761 10.8676 1.6565
v 7.2837 10.8676 1.9338
v 7.4700 10.8676 2.2370
v 7.6355 10.8676 2.5685
v 7.7807 10.8676 2.9314
v 7.9059 10.8676 3.3300
v 8.0114 10.8676 3.7707
v 8.0975 10.8676 4.2637
v 8.1643 10.8676 4.8262
v 8.2119 10.8676 5.4921
v 8.2405 10.8676 6.3485
v 8.2500 11.1806 8.2500
v 8.2404 11.1806 10.1238
v 8.2116 11.1806 10.9780
v 8.1635 11.1806 11.6439
v 8.0960 11.1806 12.2075
v 8.0091 11.1806 12.7021
v 7.9025 11.1806 13.1447
v 7.7761 11.1806 13.5454
v 7.6296 11.1806 13.9104
v 7.4626 11.1806 14.2440
v 7.2747 11.1806 14.5494
v 7.0653 11.1806 14.8287
v 6.8336 11.1806 15.0836
v 6.5787 11.1806 15.3153
v 6.2994 11.1806 15.5247
v 5.9940 11.1806 15.7126
v 5.6604 11.1806 15.8796
v 5.2954 11.1806 16.0261
v 4.8947 11.1806 16.1525
v 4.4521 11.1806 16.2591
v 3.9575 11.1806 16.3460
v 3.3939 11.1806 16.4135
v 2.7280 11.1806 16.4616
v 1.8738 11.1806 16.4904
v 0.0000 11.1806 16.5000
v -1.8738 11.1806 16.4904
v -2.7280 11.1806 16.4616
v -3.3939 11.1806 16.4135
v -3.9575 11.1806 16.3460
v -4.4521 11.1806 16.2591
v -4.8947 11.1806 16.1525
v -5.2954 11.1806 16.0261
v -5.6604 11.1806 15.8796
v -5.9940 11.1806 15.7126
v -6.2994 11.1806 15.5247
v -6.5787 11.1806 15.3153
v -6.8336 11.1806 15.0836
v -7.0653 11.1806 14.8287
v -7.2747 11.1806 14.5494
v -7.4626 11.1806 14.2440
v -7.6296 11.1806 13.9104
v -7.7761 11.1806 13.5454
v -7.9025 11.1806 13.1447
v -8.0091 11.1806 12.7021
v -8.0960 11.1806 12.2075
v -8.1635 11.1806 11.6439
v -8.2116 11.1806 10.9780
v -8.2404 11.1806 10.1238
v -8.2500 11.1806 8.2500
v -8.2404 11.1806 6.3762
v -8.2116 11.1806 5.5220
v -8.1635 11.1806 4.8561
v -8.0960 11.1806 4.2925
v -8.0091 11.1806 3.7979
v -7.9025 11.1806 3.3553
v -7.7761 11.1806 2.9546
v -7.6296 11.1806 2.5896
v -7.4626 11.1806 2.2560
v -7.2747 11.1806 1.9506
v -7.0653 11.1806 1.6713
v -6.8336 11.1806 1.4164
v -6.5787 11.1806 1.1847
v -6.2994 11.1806 0.9753
v -5.9940 11.1806 0.7874
v -5.6604 11.1806 0.6204
v -5.2954 11.1806 0.4739
v -4.8947 11.1806 0.3475
v -4.4521 11.1806 0.2409
v -3.9575 11.1806 0.1540
v -3.3939 11.1806 0.0865
v -2.7280 11.1806 0.0384
v -1.8738 11.1806 0.0096
v -0.0000 11.1806 0.5500
v 1.8738 11.1806 0.0096
v 2.7280 11.1806 0.0384
v 3.3939 11.1806 0.0865
v 3.9575 11.1806 0.1540
v 4.4521 11.1806 0.2409
v 4.8947 11.1806 0.3475
v 5.2954 11.1806 0.4739
v 5.6604 11.1806 0.6204
v 5.9940 11.1806 0.7874
v 6.2994 11.1806 0.9753
v 6.5787 11.1806 1.1847
v 6.8336 11.1806 1.4164
v 7.0653 11.1806 1.6713
v 7.2747 11.1806 1.9506
v 7.4626 11.1806 2.2560
v 7.6296 11.1806 2.5896
v 7.7761 11.1806 2.9546
v 7.9025 11.1806 3.3553
v 8.0091 11.1806 3.7979
v 8.0960 11.1806 4.2925
v 8.1635 11.1806 4.8561
v 8.2116 11.1806 5.5220
v 8.2404 11.1806 6.3762
v 8.2500 11.4891 8.2500
v 8.2403 11.4891 10.0966
v 8.2112 11.4891 10.9483
v 8.1626 11.4891 11.6143
v 8.0945 11.4891 12.1789
v 8.0067 11.4891 12.6751
v 7.8992 11.4891 13.1196
v 7.7716 11.4891 13.5222
v 7.6237 11.4891 13.8894
v 7.4552 11.4891 14.2252
v 7.2657 11.4891 14.5327
v 7.0545 11.4891 14.8141
v 6.8209 11.4891 15.0709
v 6.5641 11.4891 15.3045
v 6.2827 11.4891 15.5157
v 5.9752 11.4891 15.7052
v 5.6394 11.4891 15.8737
v 5.2722 11.4891 16.0216
v 4.8696 11.4891 16.1492
v 4.4251 11.4891 16.2567
v 3.9289 11.4891 16.3445
v 3.3643 11.4891 16.4126
v 2.6983 11.4891 16.4612
v 1.8466 11.4891 16.4903
v 0.0000 11.4891 16.5000
v -1.8466 11.4891 16.4903
v -2.6983 11.4891 16.4612
v -3.3643 11.4891 16.4126
v -3.9289 11.4891 16.3445
v -4.4251 11.4891 16.2567
v -4.8696 11.4891 16.1492
v -5.2722 11.4891 16.0216
v -5.6394 11.4891 15.8737
v -5.9752 11.4891 15.7052
v -6.2827 11.4891 15.5157
v -6.5641 11.4891 15.3045
v -6.8209 11.4891 15.0709
v -7.0545 11.4891 14.8141
v -7.2657 11.4891 14.5327
v -7.4552 11.4891 14.2252
v -7.6237 11.4891 13.8894
v -7.7716 11.4891 13.5222
v -7.8992 11.4891 13.1196
v -8.0067 11.4891 12.6751
v -8.0945 11.4891 12.1789
v -8.1626 11.4891 11.6143
v -8.2112 11.4891 10.9483
v -8.2403 11.4891 10.0966
v -8.2500 11.4891 8.2500
v -8.2403 11.4891 6.4034
v -8.2112 11.4891 5.5517
v -8.1626 11.4891 4.8857
v -8.0945 11.4891 4.3211
v -8.0067 11.4891 3.8249
v -7.8992 11.4891 3.3804
v -7.7716 11.4891 2.9778
v -7.6237 11.4891 2.6106
v -7.4552 11.4891 2.2748
v -7.2657 11.4891 1.9673
v -7.0545 11.4891 1.6859
v -6.8209 11.4891 1.4291
v -6.5641 11.4891 1.1955
v -6.2827 11.4891 0.9843
v -5.9752 11.4891 0.7948
v -5.6394 11.4891 0.6263
v -5.2722 11.4891 0.4784
v -4.8696 11.4891 0.3508
v -4.4251 11.4891 0.2433
v -3.9289 11.4891 0.1555
v -3.3643 11.4891 0.0874
v -2.6983 11.4891 0.0388
v -1.8466 11.4891 0.0097
v -0.0000 11.4891 0.5500
v 1.8466 11.4891 0.0097
v 2.6983 11.4891 0.0388
v 3.3643 11.4891 0.0874
v 3.9289 11.4891 0.1555
v 4.4251 11.4891 0.2433
v 4.8696 11.4891 0.3508
v 5.2722 11.4891 0.4784
v 5.6394 11.4891 0.6263
v 5.9752 11.4891 0.7948
v 6.2827 11.4891 0.9843
v 6.5641 11.4891 1.1955
v 6.8209 11.4891 1.4291
v 7.0545 11.4891 1.6859
v 7.2657 11.4891 1.9673
v 7.4552 11.4891 2.2748
v 7.6237 11.4891 2.6106
v 7.7716 11.4891 2.9778
v 7.8992 11.4891 3.3804
v 8.0067 11.4891 3.8249
v 8.0945 11.4891 4.3211
v 8.1626 11.4891 4.8857
v 8.2112 11.4891 5.5517
v 8.2403 11.4891 6.4034
v 8.2500 11.7933 8.2500
v 8.2402 11.7933 10.0699
v 8.2108 11.7933 10.9191
v 8.1618 11.7933 11.5850
v 8.0930 11.7933 12.1506
v 8.0044 11.7933 12.6483
v 7.8958 11.7933 13.0946
v 7.7671 11.7933 13.4993
v 7.6179 11.7933 13.8685
v 7.4479 11.7933 14.2064
v 7.2567 11.7933 14.5160
v 7.0437 11.7933 14.7995
v 6.8083 11.7933 15.0583
v 6.5495 11.7933 15.2937
v 6.2660 11.7933 15.5067
v 5.9564 11.7933 15.6979
v 5.6185 11.7933 15.8679
v 5.2493 11.7933 16.0171
v 4.8446 11.7933 16.1458
v 4.3983 11.7933 16.2544
v 3.9006 11.7933 16.3430
v 3.3350 11.7933 16.4118
v 2.6691 11.7933 16.4608
v 1.8199 11.7933 16.4902
v 0.0000 11.7933 16.5000
v -1.8199 11.7933 16.4902
v -2.6691 11.7933 16.4608
v -3.3350 11.7933 16.4118
v -3.9006 11.7933 16.3430
v -4.3983 11.7933 16.2544
v -4.8446 11.7933 16.1458
v -5.2493 11.7933 16.0171
v -5.6185 11.7933 15.8679
v -5.9564 11.7933 15.6979
v -6.2660 11.7933 15.5067
v -6.5495 11.7933 15.2937
v -6.8083 11.7933 15.0583
v -7.0437 11.7933 14.7995
v -7.2567 11.7933 14.5160
v -7.4479 11.7933 14.2064
v -7.6179 11.7933 13.8685
v -7.7671 11.7933 13.4993
v -7.8958 11.7933 13.0946
v -8.0044 11.7933 12.6483
v -8.0930 11.7933 12.1506
v -8.1618 11.7933 11.5850
v -8.2108 11.7933 10.9191
v -8.2402 11.7933 10.0699
v -8.2500 11.7933 8.2500
v -8.2402 11.7933 6.4301
v -8.2108 11.7933 5.5809
v -8.1618 11.7933 4.9150
v -8.0930 11.7933 4.3494
v -8.0044 11.7933 3.8517
v -7.8958 11.7933 3.4054
v -7.7671 11.7933 3.0007
v -7.6179 11.7933 2.6315
v -7.4479 11.7933 2.2936
v -7.2567 11.7933 1.9840
v -7.0437 11.7933 1.7005
v -6.8083 11.7933 1.4417
v -6.5495 11.7933 1.2063
v -6.2660 11.7933 0.9933
v -5.9564 11.7933 0.8021
v -5.6185 11.7933 0.6321
v -5.2493 11.7933 0.4829
v -4.8446 11.7933 0.3542
v -4.3983 11.7933 0.2456
v -3.9006 11.7933 0.1570
v -3.3350 11.7933 0.0882
v -2.6691 11.7933 0.0392
v -1.8199 11.7933 0.0098
v -0.0000 11.7933 0.5500
v 1.8199 11.7933 0.0098
v 2.6691 11.7933 0.0392
v 3.3350 11.7933 0.0882
v 3.9006 11.7933 0.1570
v 4.3983 11.7933 0.2456
v 4.8446 11.7933 0.3542
v 5.2493 11.7933 0.4829
v 5.6185 11.7933 0.6321
v 5.9564 11.7933 0.8021
v 6.2660 11.7933 0.9933
v 6.5495 11.7933 1.2063
v 6.8083 11.7933 1.4417
v 7.0437 11.7933 1.7005
v 7.2567 11.7933 1.9840
v 7.4479 11.7933 2.2936
v 7.6179 11.7933 2.6315
v 7.7671 11.7933 3.0007
v 7.8958 11.7933 3.4054
v 8.0044 11.7933 3.8517
v 8.0930 11.7933 4.3494
v 8.1618 11.7933 4.9150
v 8.2108 11.7933 5.5809
v 8.2402 11.7933 6.4301
v 8.2480 12.0931 8.2500
v 8.2381 12.0931 10.0437
v 8.2085 12.0931 10.8904
v 8.1590 12.0931 11.5561
v 8.0896 12.0931 12.1227
v 8.0002 12.0931 12.6218
v 7.8906 12.0931 13.0699
v 7.7607 12.0931 13.4766
v 7.6102 12.0931 13.8478
v 7.4388 12.0931 14.1878
v 7.2460 12.0931 14.4995
v 7.0314 12.0931 14.7850
v 6.7941 12.0931 15.0457
v 6.5334 12.0931 15.2830
v 6.2480 12.0931 15.4977
v 5.9364 12.0931 15.6906
v 5.5965 12.0931 15.8620
v 5.2253 12.0931 16.0126
v 4.8188 12.0931 16.1425
v 4.3708 12.0931 16.2521
v 3.8717 12.0931 16.3415
v 3.3053 12.0931 16.4109
v 2.6397 12.0931 16.4604
v 1.7933 12.0931 16.4901
v 0.0000 12.0931 16.5000
v -1.7933 12.0931 16.4901
v -2.6397 12.0931 16.4604
v -3.3053 12.0931 16.4109
v -3.8717 12.0931 16.3415
v -4.3708 12.0931 16.2521
v -4.8188 12.0931 16.1425
v -5.2253 12.0931 16.0126
v -5.5965 12.0931 15.8620
v -5.9364 12.0931 15.6906
v -6.2480 12.0931 15.4977
v -6.5334 12.0931 15.2830
v -6.7941 12.0931 15.0457
v -7.0314 12.0931 14.7850
v -7.2460 12.0931 14.4995
v -7.4388 12.0931 14.1878
v -7.6102 12.0931 13.8478
v -7.7607 12.0931 13.4766
v -7.8906 12.0931 13.0699
v -8.0002 12.0931 12.6218
v -8.0896 12.0931 12.1227
v -8.1590 12.0931 11.5561
v -8.2085 12.0931 10.8904
v -8.2381 12.0931 10.0437
v -8.2480 12.0931 8.2500
v -8.2381 12.0931 6.4563
v -8.2085 12.0931 5.6096
v -8.1590 12.0931 4.9439
v -8.0896 12.0931 4.3773
v -8.0002 12.0931 3.8782
v -7.8906 12.0931 3.4301
v -7.7607 12.0931 3.0234
v -7.6102 12.0931 2.6522
v -7.4388 12.0931 2.3122
v -7.2460 12.0931 2.0005
v -7.0314 12.0931 1.7150
v -6.7941 12.0931 1.4543
v -6.5334 12.0931 1.2170
v -6.2480 12.0931 1.0023
v -5.9364 12.0931 0.8094
v -5.5965 12.0931 0.6380
v -5.2253 12.0931 0.4874
v -4.8188 12.0931 0.3575
v -4.3708 12.0931 0.2479
v -3.8717 12.0931 0.1585
v -3.3053 12.0931 0.0891
v -2.6397 12.0931 0.0396
v -1.7933 12.0931 0.0099
v -0.0000 12.0931 0.5500
v 1.7933 12.0931 0.0099
v 2.6397 12.0931 0.0396
v 3.3053 12.0931 0.0891
v 3.8717 12.0931 0.1585
v 4.3708 12.0931 0.2479
v 4.8188 12.0931 0.3575
v 5.2253 12.0931 0.4874
v 5.5965 12.0931 0.6380
v 5.9364 12.0931 0.8094
v 6.2480 12.0931 1.0023
v 6.5334 12.0931 1.2170
v 6.7941 12.0931 1.4543
v 7.0314 12.0931 1.7150
v 7.2460 12.0931 2.0005
v 7.4388 12.0931 2.3122
v 7.6102 12.0931 2.6522
v 7.7607 12.0931 3.0234
v 7.8906 12.0931 3.4301
v 8.0002 12.0931 3.8782
v 8.0896 12.0931 4.3773
v 8.1590 12.0931 4.9439
v 8.2085 12.0931 5.6096
v 8.2381 12.0931 6.4563
v 8.2166 12.3884 8.2500
v 8.2067 12.3884 10.0180
v 8.1769 12.3884 10.8621
v 8.1271 12.3884 11.5277
v 8.0573 12.3884 12.0951
v 7.9674 12.3884 12.5957
v 7.8573 12.3884 13.0455
v 7.7267 12.3884 13.4541
v 7.5755 12.3884 13.8274
v 7.4033 12.3884 14.1694
v 7.2096 12.3884 14.4832
v 6.9941 12.3884 14.7706
v 6.7559 12.3884 15.0333
v 6.4942 12.3884 15.2724
v 6.2079 12.3884 15.4889
v 5.8955 12.3884 15.6833
v 5.5548 12.3884 15.8563
v 5.1831 12.3884 16.0081
v 4.7762 12.3884 16.1392
v 4.3281 12.3884 16.2498
v 3.8296 12.3884 16.3400
v 3.2645 12.3884 16.4101
v 2.6016 12.3884 16.4601
v 1.7609 12.3884 16.4900
v 0.0000 12.3884 16.5000
v -1.7609 12.3884 16.4900
v -2.6016 12.3884 16.4601
v -3.2645 12.3884 16.4101
v -3.8296 12.3884 16.3400
v -4.3281 12.3884 16.2498
v -4.7762 12.3884 16.1392
v -5.1831 12.3884 16.0081
v -5.5548 12.3884 15.8563
v -5.8955 12.3884 15.6833
v -6.2079 12.3884 15.4889
v -6.4942 12.3884 15.2724
v -6.7559 12.3884 15.0333
v -6.9941 12.3884 14.7706
v -7.2096 12.3884 14.4832
v -7.4033 12.3884 14.1694
v -7.5755 12.3884 13.8274
v -7.7267 12.3884 13.4541
v -7.8573 12.3884 13.0455
v -7.9674 12.3884 12.5957
v -8.0573 12.3884 12.0951
v -8.1271 12.3884 11.5277
v -8.1769 12.3884 10.8621
v -8.2067 12.3884 10.0180
v -8.2166 12.3884 8.2500
v -8.2067 12.3884 6.4820
v -8.1769 12.3884 5.6379
v -8.1271 12.3884 4.9723
v -8.0573 12.3884 4.4049
v -7.9674 12.3884 3.9043
v -7.8573 12.3884 3.4545
v -7.7267 12.3884 3.0459
v -7.5755 12.3884 2.6726
v -7.4033 12.3884 2.3306
v -7.2096 12.3884 2.0168
v -6.9941 12.3884 1.7294
v -6.7559 12.3884 1.4667
v -6.4942 12.3884 1.2276
v -6.2079 12.3884 1.0111
v -5.8955 12.3884 0.8167
v -5.5548 12.3884 0.6437
v -5.1831 12.3884 0.4919
v -4.7762 12.3884 0.3608
v -4.3281 12.3884 0.2502
v -3.8296 12.3884 0.1600
v -3.2645 12.3884 0.0899
v -2.6016 12.3884 0.0399
v -1.7609 12.3884 0.0100
v -0.0000 12.3884 0.5500
v 1.7609 12.3884 0.0100
v 2.6016 12.3884 0.0399
v 3.2645 12.3884 0.0899
v 3.8296 12.3884 0.1600
v 4.3281 12.3884 0.2502
v 4.7762 12.3884 0.3608
v 5.1831 12.3884 0.4919
v 5.5548 12.3884 0.6437
v 5.8955 12.3884 0.8167
v 6.2079 12.3884 1.0111
v 6.4942 12.3884 1.2276
v 6.7559 12.3884 1.4667
v 6.9941 12.3884 1.7294
v 7.2096 12.3884 2.0168
v 7.4033 12.3884 2.3306
v 7.5755 12.3884 2.6726
v 7.7267 12.3884 3.0459
v 7.8573 12.3884 3.4545
v 7.9674 12.3884 3.9043
v 8.0573 12.3884 4.4049
v 8.1271 12.3884 4.9723
v 8.1769 12.3884 5.6379
v 8.2067 12.3884 6.4820
v 8.1509 12.6793 8.2500
v 8.1410 12.6793 9.9930
v 8.1111 12.6793 10.8345
v 8.0613 12.6793 11.4998
v 7.9914 12.6793 12.0680
v 7.9014 12.6793 12.5700
v 7.7912 12.6793 13.0215
v 7.6606 12.6793 13.4319
v 7.5092 12.6793 13.8072
v 7.3369 12.6793 14.1513
v 7.1433 12.6793 14.4670
v 6.9278 12.6793 14.7564
v 6.6897 12.6793 15.0210
v 6.4283 12.6793 15.2620
v 6.1423 12.6793 15.4801
v 5.8304 12.6793 15.6761
v 5.4904 12.6793 15.8505
v 5.1197 12.6793 16.0037
v 4.7142 12.6793 16.1359
v 4.2681 12.6793 16.2475
v 3.7722 12.6793 16.3386
v 3.2108 12.6793 16.4093
v 2.5534 12.6793 16.4597
v 1.7221 12.6793 16.4899
v 0.0000 12.6793 16.5000
v -1.7221 12.6793 16.4899
v -2.5534 12.6793 16.4597
v -3.2108 12.6793 16.4093
v -3.7722 12.6793 16.3386
v -4.2681 12.6793 16.2475
v -4.7142 12.6793 16.1359
v -5.1197 12.6793 16.0037
v -5.4904 12.6793 15.8505
v -5.8304 12.6793 15.6761
v -6.1423 12.6793 15.4801
v -6.4283 12.6793 15.2620
v -6.6897 12.6793 15.0210
v -6.9278 12.6793 14.7564
v -7.1433 12.6793 14.4670
v -7.3369 12.6793 14.1513
v -7.5092 12.6793 13.8072
v -7.6606 12.6793 13.4319
v -7.7912 12.6793 13.0215
v -7.9014 12.6793 12.5700
v -7.9914 12.6793 12.0680
v -8.0613 12.6793 11.4998
v -8.1111 12.6793 10.8345
v -8.1410 12.6793 9.9930
v -8.1509 12.6793 8.2500
v -8.1410 12.6793 6.5070
v -8.1111 12.6793 5.6655
v -8.0613 12.6793 5.0002
v -7.9914 12.6793 4.4320
v -7.9014 12.6793 3.9300
v -7.7912 12.6793 3.4785
v -7.6606 12.6793 3.0681
v -7.5092 12.6793 2.6928
v -7.3369 12.6793 2.3487
v -7.1433 12.6793 2.0330
v -6.9278 12.6793 1.7436
v -6.6897 12.6793 1.4790
v -6.4283 12.6793 1.2380
v -6.1423 12.6793 1.0199
v -5.8304 12.6793 0.8239
v -5.4904 12.6793 0.6495
v -5.1197 12.6793 0.4963
v -4.7142 12.6793 0.3641
v -4.2681 12.6793 0.2525
v -3.7722 12.6793 0.1614
v -3.2108 12.6793 0.0907
v -2.5534 12.6793 0.0403
v -1.7221 12.6793 0.0101
v -0.0000 12.6793 0.5500
v 1.7221 12.6793 0.0101
v 2.5534 12.6793 0.0403
v 3.2108 12.6793 0.0907
v 3.7722 12.6793 0.1614
v 4.2681 12.6793 0.2525
v 4.7142 12.6793 0.3641
v 5.1197 12.6793 0.4963
v 5.4904 12.6793 0.6495
v 5.8304 12.6793 0.8239
v 6.1423 12.6793 1.0199
v 6.4283 12.6793 1.2380
v 6.6897 12.6793 1.4790
v 6.9278 12.6793 1.7436
v 7.1433 12.6793 2.0330
v 7.3369 12.6793 2.3487
v 7.5092 12.6793 2.6928
v 7.6606 12.6793 3.0681
v 7.7912 12.6793 3.4785
v 7.9014 12.6793 3.9300
v 7.9914 12.6793 4.4320
v 8.0613 12.6793 5.0002
v 8.1111 12.6793 5.6655
v 8.1410 12.6793 6.5070
v 8.0556 12.9657 8.2500
v 8.0456 12.9657 9.9686
v 8.0159 12.9657 10.8074
v 7.9662 12.9657 11.4725
v 7.8965 12.9657 12.0415
v 7.8068 12.9657 12.5447
v 7.6969 12.9657 12.9979
v 7.5667 12.9657 13.4102
v 7.4159 12.9657 13.7873
v 7.2442 12.9657 14.1334
v 7.0513 12.9657 14.4511
v 6.8367 12.9657 14.7424
v 6.5996 12.9657 15.0089
v 6.3394 12.9657 15.2517
v 6.0549 12.9657 15.4715
v 5.7447 12.9657 15.6691
v 5.4068 12.9657 15.8449
v 5.0386 12.9657 15.9993
v 4.6360 12.9657 16.1327
v 4.1935 12.9657 16.2452
v 3.7021 12.9657 16.3371
v 3.1466 12.9657 16.4084
v 2.4971 12.9657 16.4593
v 1.6781 12.9657 16.4898
v 0.0000 12.9657 16.5000
v -1.6781 12.9657 16.4898
v -2.4971 12.9657 16.4593
v -3.1466 12.9657 16.4084
v -3.7021 12.9657 16.3371
v -4.1935 12.9657 16.2452
v -4.6360 12.9657 16.1327
v -5.0386 12.9657 15.9993
v -5.4068 12.9657 15.8449
v -5.7447 12.9657 15.6691
v -6.0549 12.9657 15.4715
v -6.3394 12.9657 15.2517
v -6.5996 12.9657 15.0089
v -6.8367 12.9657 14.7424
v -7.0513 12.9657 14.4511
v -7.2442 12.9657 14.1334
v -7.4159 12.9657 13.7873
v -7.5667 12.9657 13.4102
v -7.6969 12.9657 12.9979
v -7.8068 12.9657 12.5447
v -7.8965 12.9657 12.0415
v -7.9662 12.9657 11.4725
v -8.0159 12.9657 10.8074
v -8.0456 12.9657 9.9686
v -8.0556 12.9657 8.2500
v -8.0456 12.9657 6.5314
v -8.0159 12.9657 5.6926
v -7.9662 12.9657 5.0275
v -7.8965 12.9657 4.4585
v -7.8068 12.9657 3.9553
v -7.6969 12.9657 3.5021
v -7.5667 12.9657 3.0898
v -7.4159 12.9657 2.7127
v -7.2442 12.9657 2.3666
v -7.0513 12.9657 2.0489
v -6.8367 12.9657 1.7576
v -6.5996 12.9657 1.4911
v -6.3394 12.9657 1.2483
v -6.0549 12.9657 1.0285
v -5.7447 12.9657 0.8309
v -5.4068 12.9657 0.6551
v -5.0386 12.9657 0.5007
v -4.6360 12.9657 0.3673
v -4.1935 12.9657 0.2548
v -3.7021 12.9657 0.1629
v -3.1466 12.9657 0.0916
v -2.4971 12.9657 0.0407
v -1.6781 12.9657 0.0102
v -0.0000 12.9657 0.5500
v 1.6781 12.9657 0.0102
v 2.4971 12.9657 0.0407
v 3.1466 12.9657 0.0916
v 3.7021 12.9657 0.1629
v 4.1935 12.9657 0.2548
v 4.6360 12.9657 0.3673
v 5.0386 12.9657 0.5007
v 5.4068 12.9657 0.6551
v 5.7447 12.9657 0.8309
v 6.0549 12.9657 1.0285
v 6.3394 12.9657 1.2483
v 6.5996 12.9657 1.4911
v 6.8367 12.9657 1.7576
v 7.0513 12.9657 2.0489
v 7.2442 12.9657 2.3666
v 7.4159 12.9657 2.7127
v 7.5667 12.9657 3.0898
v 7.6969 12.9657 3.5021
v 7.8068 12.9657 3.9553
v 7.8965 12.9657 4.4585
v 7.9662 12.9657 5.0275
v 8.0159 12.9657 5.6926
v 8.0456 12.9657 6.5314
v 7.9351 13.2476 8.2500
v 7.9252 13.2476 9.9450
v 7.8956 13.2476 10.7811
v 7.8463 13.2476 11.4458
v 7.7771 13.2476 12.0155
v 7.6879 13.2476 12.5200
v 7.5788 13.2476 12.9748
v 7.4494 13.2476 13.3888
v 7.2997 13.2476 13.7678
v 7.1292 13.2476 14.1158
v 6.9377 13.2476 14.4354
v 6.7246 13.2476 14.7287
v 6.4895 13.2476 14.9970
v 6.2314 13.2476 15.2415
v 5.9493 13.2476 15.4630
v 5.6419 13.2476 15.6621
v 5.3072 13.2476 15.8393
v 4.9426 13.2476 15.9950
v 4.5444 13.2476 16.1295
v 4.1070 13.2476 16.2430
v 3.6218 13.2476 16.3357
v 3.0739 13.2476 16.4076
v 2.4344 13.2476 16.4590
v 1.6303 13.2476 16.4897
v 0.0000 13.2476 16.5000
v -1.6303 13.2476 16.4897
v -2.4344 13.2476 16.4590
v -3.0739 13.2476 16.4076
v -3.6218 13.2476 16.3357
v -4.1070 13.2476 16.2430
v -4.5444 13.2476 16.1295
v -4.9426 13.2476 15.9950
v -5.3072 13.2476 15.8393
v -5.6419 13.2476 15.6621
v -5.9493 13.2476 15.4630
v -6.2314 13.2476 15.2415
v -6.4895 13.2476 14.9970
v -6.7246 13.2476 14.7287
v -6.9377 13.2476 14.4354
v -7.1292 13.2476 14.1158
v -7.2997 13.2476 13.7678
v -7.4494 13.2476 13.3888
v -7.5788 13.2476 12.9748
v -7.6879 13.2476 12.5200
v -7.7771 13.2476 12.0155
v -7.8463 13.2476 11.4458
v -7.8956 13.2476 10.7811
v -7.9252 13.2476 9.9450
v -7.9351 13.2476 8.2500
v -7.9252 13.2476 6.5550
v -7.8956 13.2476 5.7189
v -7.8463 13.2476 5.0542
v -7.7771 13.2476 4.4845
v -7.6879 13.2476 3.9800
v -7.5788 13.2476 3.5252
v -7.4494 13.2476 3.1112
v -7.2997 13.2476 2.7322
v -7.1292 13.2476 2.3842
v -6.9377 13.2476 2.0646
v -6.7246 13.2476 1.7713
v -6.4895 13.2476 1.5030
v -6.2314 13.2476 1.2585
v -5.9493 13.2476 1.0370
v -5.6419 13.2476 0.8379
v -5.3072 13.2476 0.6607
v -4.9426 13.2476 0.5050
v -4.5444 13.2476 0.3705
v -4.1070 13.2476 0.2570
v -3.6218 13.2476 0.1643
v -3.0739 13.2476 0.0924
v -2.4344 13.2476 0.0410
v -1.6303 13.2476 0.0103
v -0.0000 13.2476 0.5500
v 1.6303 13.2476 0.0103
v 2.4344 13.2476 0.0410
v 3.0739 13.2476 0.0924
v 3.6218 13.2476 0.1643
v 4.1070 13.2476 0.2570
v 4.5444 13.2476 0.3705
v 4.9426 13.2476 0.5050
v 5.3072 13.2476 0.6607
v 5.6419 13.2476 0.8379
v 5.9493 13.2476 1.0370
v 6.2314 13.2476 1.2585
v 6.4895 13.2476 1.5030
v 6.7246 13.2476 1.7713
v 6.9377 13.2476 2.0646
v 7.1292 13.2476 2.3842
v 7.2997 13.2476 2.7322
v 7.4494 13.2476 3.1112
v 7.5788 13.2476 3.5252
v 7.6879 13.2476 3.9800
v 7.7771 13.2476 4.4845
v 7.8463 13.2476 5.0542
v 7.8956 13.2476 5.7189
v 7.9252 13.2476 6.5550
v 7.7936 13.5249 8.2500
v 7.7839 13.5249 9.9220
v 7.7546 13.5249 10.7554
v 7.7056 13.5249 11.4198
v 7.6371 13.5249 11.9901
v 7.5488 13.5249 12.4958
v 7.4407 13.5249 12.9521
v 7.3126 13.5249 13.3679
v 7.1644 13.5249 13.7487
v 6.9956 13.5249 14.0986
v 6.8061 13.5249 14.4201
v 6.5954 13.5249 14.7152
v 6.3628 13.5249 14.9853
v 6.1076 13.5249 15.2315
v 5.8288 13.5249 15.4546
v 5.5251 13.5249 15.6553
v 5.1946 13.5249 15.8339
v 4.8348 13.5249 15.9908
v 4.4420 13.5249 16.1264
v 4.0110 13.5249 16.2409
v 3.5332 13.5249 16.3343
v 2.9945 13.5249 16.4068
v 2.3668 13.5249 16.4586
v 1.5795 13.5249 16.4897
v 0.0000 13.5249 16.5000
v -1.5795 13.5249 16.4897
v -2.3668 13.5249 16.4586
v -2.9945 13.5249 16.4068
v -3.5332 13.5249 16.3343
v -4.0110 13.5249 16.2409
v -4.4420 13.5249 16.1264
v -4.8348 13.5249 15.9908
v -5.1946 13.5249 15.8339
v -5.5251 13.5249 15.6553
v -5.8288 13.5249 15.4546
v -6.1076 13.5249 15.2315
v -6.3628 13.5249 14.9853
v -6.5954 13.5249 14.7152
v -6.8061 13.5249 14.4201
v -6.9956 13.5249 14.0986
v -7.1644 13.5249 13.7487
v -7.3126 13.5249 13.3679
v -7.4407 13.5249 12.9521
v -7.5488 13.5249 12.4958
v -7.6371 13.5249 11.9901
v -7.7056 13.5249 11.4198
v -7.7546 13.5249 10.7554
v -7.7839 13.5249 9.9220
v -7.7936 13.5249 8.2500
v -7.7839 13.5249 6.5780
v -7.7546 13.5249 5.7446
v -7.7056 13.5249 5.0802
v -7.6371 13.5249 4.5099
v -7.5488 13.5249 4.0042
v -7.4407 13.5249 3.5479
v -7.3126 13.5249 3.1321
v -7.1644 13.5249 2.7513
v -6.9956 13.5249 2.4014
v -6.8061 13.5249 2.0799
v -6.5954 13.5249 1.7848
v -6.3628 13.5249 1.5147
v -6.1076 13.5249 1.2685
v -5.8288 13.5249 1.0454
v -5.5251 13.5249 0.8447
v -5.1946 13.5249 0.6661
v -4.8348 13.5249 0.5092
v -4.4420 13.5249 0.3736
v -4.0110 13.5249 0.2591
v -3.5332 13.5249 0.1657
v -2.9945 13.5249 0.0932
v -2.3668 13.5249 0.0414
v -1.5795 13.5249 0.0106
v -0.0000 13.5249 0.5500
v 1.5795 13.5249 0.0106
v 2.3668 13.5249 0.0414
v 2.9945 13.5249 0.0932
v 3.5332 13.5249 0.1657
v 4.0110 13.5249 0.2591
v 4.4420 13.5249 0.3736
v 4.8348 13.5249 0.5092
v 5.1946 13.5249 0.6661
v 5.5251 13.5249 0.8447
v 5.8288 13.5249 1.0454
v 6.1076 13.5249 1.2685
v 6.3628 13.5249 1.5147
v 6.5954 13.5249 1.7848
v 6.8061 13.5249 2.0799
v 6.9956 13.5249 2.4014
v 7.1644 13.5249 2.7513
v 7.3126 13.5249 3.1321
v 7.4407 13.5249 3.5479
v 7.5488 13.5249 4.0042
v 7.6371 13.5249 4.5099
v 7.7056 13.5249 5.0802
v 7.7546 13.5249 5.7446
v 7.7839 13.5249 6.5780
v 7.6351 13.7977 8.2500
v 7.6254 13.7977 9.8998
v 7.5965 13.7977 10.7305
v 7.5482 13.7977 11.3945
v 7.4804 13.7977 11.9654
v 7.3933 13.7977 12.4723
v 7.2865 13.7977 12.9300
v 7.1600 13.7977 13.3474
v 7.0137 13.7977 13.7301
v 6.8471 13.7977 14.0818
v 6.6601 13.7977 14.4051
v 6.4521 13.7977 14.7020
v 6.2227 13.7977 14.9739
v 5.9711 13.7977 15.2218
v 5.6963 13.7977 15.4465
v 5.3971 13.7977 15.6486
v 5.0716 13.7977 15.8285
v 4.7175 13.7977 15.9867
v 4.3312 13.7977 16.1234
v 3.9076 13.7977 16.2387
v 3.4385 13.7977 16.3329
v 2.9101 13.7977 16.4061
v 2.2956 13.7977 16.4583
v 1.5268 13.7977 16.4896
v 0.0000 13.7977 16.5000
v -1.5268 13.7977 16.4896
v -2.2956 13.7977 16.4583
v -2.9101 13.7977 16.4061
v -3.4385 13.7977 16.3329
v -3.9076 13.7977 16.2387
v -4.3312 13.7977 16.1234
v -4.7175 13.7977 15.9867
v -5.0716 13.7977 15.8285
v -5.3971 13.7977 15.6486
v -5.6963 13.7977 15.4465
v -5.9711 13.7977 15.2218
v -6.2227 13.7977 14.9739
v -6.4521 13.7977 14.7020
v -6.6601 13.7977 14.4051
v -6.8471 13.7977 14.0818
v -7.0137 13.7977 13.7301
v -7.1600 13.7977 13.3474
v -7.2865 13.7977 12.9300
v -7.3933 13.7977 12.4723
v -7.4804 13.7977 11.9654
v -7.5482 13.7977 11.3945
v -7.5965 13.7977 10.7305
v -7.6254 13.7977 9.8998
v -7.6351 13.7977 8.2500
v -7.6254 13.7977 6.6002
v -7.5965 13.7977 5.7695
v -7.5482 13.7977 5.1055
v -7.4804 13.7977 4.5346
v -7.3933 13.7977 4.0277
v -7.2865 13.7977 3.5700
v -7.1600 13.7977 3.1526
v -7.0137 13.7977 2.7699
v -6.8471 13.7977 2.4182
v -6.6601 13.7977 2.0949
v -6.4521 13.7977 1.7980
v -6.2227 13.7977 1.5261
v -5.9711 13.7977 1.2782
v -5.6963 13.7977 1.0535
v -5.3971 13.7977 0.8514
v -5.0716 13.7977 0.6715
v -4.7175 13.7977 0.5133
v -4.3312 13.7977 0.3766
v -3.9076 13.7977 0.2613
v -3.4385 13.7977 0.1671
v -2.9101 13.7977 0.0939
v -2.2956 13.7977 0.0417
v -1.5268 13.7977 0.0133
v -0.0000 13.7977 0.5500
v 1.5268 13.7977 0.0133
v 2.2956 13.7977 0.0417
v 2.9101 13.7977 0.0939
v 3.4385 13.7977 0.1671
v 3.9076 13.7977 0.2613
v 4.3312 13.7977 0.3766
v 4.7175 13.7977 0.5133
v 5.0716 13.7977 0.6715
v 5.3971 13.7977 0.8514
v 5.6963 13.7977 1.0535
v 5.9711 13.7977 1.2782
v 6.2227 13.7977 1.5261
v 6.4521 13.7977 1.7980
v 6.6601 13.7977 2.0949
v 6.8471 13.7977 2.4182
v 7.0137 13.7977 2.7699
v 7.1600 13.7977 3.1526
v 7.2865 13.7977 3.5700
v 7.3933 13.7977 4.0277
v 7.4804 13.7977 4.5346
v 7.5482 13.7977 5.1055
v 7.5965 13.7977 5.7695
v 7.6254 13.7977 6.6002
v 7.4630 14.0658 8.2500
v 7.4535 14.0658 9.8784
v 7.4249 14.0658 10.7064
v 7.3773 14.0658 11.3700
v 7.3106 14.0658 11.9414
v 7.2247 14.0658 12.4494
v 7.1196 14.0658 12.9085
v 6.9950 14.0658 13.3275
v 6.8508 14.0658 13.7119
v 6.6869 14.0658 14.0654
v 6.5027 14.0658 14.3905
v 6.2981 14.0658 14.6891
v 6.0724 14.0658 14.9627
v 5.8249 14.0658 15.2123
v 5.5547 14.0658 15.4385
v 5.2606 14.0658 15.6420
v 4.9409 14.0658 15.8233
v 4.5932 14.0658 15.9827
v 4.2141 14.0658 16.1204
v 3.7988 14.0658 16.2366
v 3.3393 14.0658 16.3316
v 2.8224 14.0658 16.4053
v 2.2221 14.0658 16.4579
v 1.4730 14.0658 16.4895
v 0.0000 14.0658 16.5000
v -1.4730 14.0658 16.4895
v -2.2221 14.0658 16.4579
v -2.8224 14.0658 16.4053
v -3.3393 14.0658 16.3316
v -3.7988 14.0658 16.2366
v -4.2141 14.0658 16.1204
v -4.5932 14.0658 15.9827
v -4.9409 14.0658 15.8233
v -5.2606 14.0658 15.6420
v -5.5547 14.0658 15.4385
v -5.8249 14.0658 15.2123
v -6.0724 14.0658 14.9627
v -6.2981 14.0658 14.6891
v -6.5027 14.0658 14.3905
v -6.6869 14.0658 14.0654
v -6.8508 14.0658 13.7119
v -6.9950 14.0658 13.3275
v -7.1196 14.0658 12.9085
v -7.2247 14.0658 12.4494
v -7.3106 14.0658 11.9414
v -7.3773 14.0658 11.3700
v -7.4249 14.0658 10.7064
v -7.4535 14.0658 9.8784
v -7.4630 14.0658 8.2500
v -7.4535 14.0658 6.6216
v -7.4249 14.0658 5.7936
v -7.3773 14.0658 5.1300
v -7.3106 14.0658 4.5586
v -7.2247 14.0658 4.0506
v -7.1196 14.0658 3.5915
v -6.9950 14.0658 3.1725
v -6.8508 14.0658 2.7881
v -6.6869 14.0658 2.4346
v -6.5027 14.0658 2.1095
v -6.2981 14.0658 1.8109
v -6.0724 14.0658 1.5373
v -5.8249 14.0658 1.2877
v -5.5547 14.0658 1.0615
v -5.2606 14.0658 0.8580
v -4.9409 14.0658 0.6767
v -4.5932 14.0658 0.5173
v -4.2141 14.0658 0.3796
v -3.7988 14.0658 0.2634
v -3.3393 14.0658 0.1684
v -2.8224 14.0658 0.0947
v -2.2221 14.0658 0.0421
v -1.4730 14.0658 0.0190
v -0.0000 14.0658 0.5500
v 1.4730 14.0658 0.0190
v 2.2221 14.0658 0.0421
v 2.8224 14.0658 0.0947
v 3.3393 14.0658 0.1684
v 3.7988 14.0658 0.2634
v 4.2141 14.0658 0.3796
v 4.5932 14.0658 0.5173
v 4.9409 14.0658 0.6767
v 5.2606 14.0658 0.8580
v 5.5547 14.0658 1.0615
v 5.8249 14.0658 1.2877
v 6.0724 14.0658 1.5373
v 6.2981 14.0658 1.8109
v 6.5027 14.0658 2.1095
v 6.6869 14.0658 2.4346
v 6.8508 14.0658 2.7881
v 6.9950 14.0658 3.1725
v 7.1196 14.0658 3.5915
v 7.2247 14.0658 4.0506
v 7.3106 14.0658 4.5586
v 7.3773 14.0658 5.1300
v 7.4249 14.0658 5.7936
v 7.4535 14.0658 6.6216
v 7.2807 14.3293 8.2500
v 7.2713 14.3293 9.8577
v 7.2433 14.3293 10.6832
v 7.1965 14.3293 11.3462
v 7.1309 14.3293 11.9182
v 7.0465 14.3293 12.4271
v 6.9431 14.3293 12.8877
v 6.8207 14.3293 13.3082
v 6.6790 14.3293 13.6942
v 6.5179 14.3293 14.0494
v 6.3370 14.3293 14.3763
v 6.1361 14.3293 14.6766
v 5.9144 14.3293 14.9519
v 5.6715 14.3293 15.2030
v 5.4065 14.3293 15.4307
v 5.1180 14.3293 15.6357
v 4.8046 14.3293 15.8182
v 4.4639 14.3293 15.9787
v 4.0928 14.3293 16.1175
v 3.6864 14.3293 16.2346
v 3.2372 14.3293 16.3303
v 2.7325 14.3293 16.4046
v 2.1473 14.3293 16.4576
v 1.4188 14.3293 16.4894
v 0.0000 14.3293 16.5000
v -1.4188 14.3293 16.4894
v -2.1473 14.3293 16.4576
v -2.7325 14.3293 16.4046
v -3.2372 14.3293 16.3303
v -3.6864 14.3293 16.2346
v -4.0928 14.3293 16.1175
v -4.4639 14.3293 15.9787
v -4.8046 14.3293 15.8182
v -5.1180 14.3293 15.6357
v -5.4065 14.3293 15.4307
v -5.6715 14.3293 15.2030
v -5.9144 14.3293 14.9519
v -6.1361 14.3293 14.6766
v -6.3370 14.3293 14.3763
v -6.5179 14.3293 14.0494
v -6.6790 14.3293 13.6942
v -6.8207 14.3293 13.3082
v -6.9431 14.3293 12.8877
v -7.0465 14.3293 12.4271
v -7.1309 14.3293 11.9182
v -7.1965 14.3293 11.3462
v -7.2433 14.3293 10.6832
v -7.2713 14.3293 9.8577
v -7.2807 14.3293 8.2500
v -7.2713 14.3293 6.6423
v -7.2433 14.3293 5.8168
v -7.1965 14.3293 5.1538
v -7.1309 14.3293 4.5818
v -7.0465 14.3293 4.0729
v -6.9431 14.3293 3.6123
v -6.8207 14.3293 3.1918
v -6.6790 14.3293 2.8058
v -6.5179 14.3293 2.4506
v -6.3370 14.3293 2.1237
v -6.1361 14.3293 1.8234
v -5.9144 14.3293 1.5481
v -5.6715 14.3293 1.2970
v -5.4065 14.3293 1.0693
v -5.1180 14.3293 0.8643
v -4.8046 14.3293 0.6818
v -4.4639 14.3293 0.5213
v -4.0928 14.3293 0.3825
v -3.6864 14.3293 0.2654
v -3.2372 14.3293 0.1697
v -2.7325 14.3293 0.0954
v -2.1473 14.3293 0.0424
v -1.4188 14.3293 0.0278
v -0.0000 14.3293 0.5500
v 1.4188 14.3293 0.0278
v 2.1473 14.3293 0.0424
v 2.7325 14.3293 0.0954
v 3.2372 14.3293 0.1697
v 3.6864 14.3293 0.2654
v 4.0928 14.3293 0.3825
v 4.4639 14.3293 0.5213
v 4.8046 14.3293 0.6818
v 5.1180 14.3293 0.8643
v 5.4065 14.3293 1.0693
v 5.6715 14.3293 1.2970
v 5.9144 14.3293 1.5481
v 6.1361 14.3293 1.8234
v 6.3370 14.3293 2.1237
v 6.5179 14.3293 2.4506
v 6.6790 14.3293 2.8058
v 6.8207 14.3293 3.1918
v 6.9431 14.3293 3.6123
v 7.0465 14.3293 4.0729
v 7.1309 14.3293 4.5818
v 7.1965 14.3293 5.1538
v 7.2433 14.3293 5.8168
v 7.2713 14.3293 6.6423
v 7.0912 14.5880 8.2500
v 7.0821 14.5880 9.8379
v 7.0545 14.5880 10.6607
v 7.0086 14.5880 11.3233
v 6.9442 14.5880 11.8957
v 6.8614 14.5880 12.4057
v 6.7600 14.5880 12.8675
v 6.6399 14.5880 13.2895
v 6.5010 14.5880 13.6771
v 6.3430 14.5880 14.0339
v 6.1657 14.5880 14.3624
v 5.9686 14.5880 14.6645
v 5.7515 14.5880 14.9413
v 5.5135 14.5880 15.1940
v 5.2539 14.5880 15.4232
v 4.9715 14.5880 15.6295
v 4.6648 14.5880 15.8133
v 4.3317 14.5880 15.9749
v 3.9689 14.5880 16.1146
v 3.5720 14.5880 16.2326
v 3.1336 14.5880 16.3290
v 2.6417 14.5880 16.4039
v 2.0721 14.5880 16.4573
v 1.3649 14.5880 16.4893
v 0.0000 14.5880 16.5000
v -1.3649 14.5880 16.4893
v -2.0721 14.5880 16.4573
v -2.6417 14.5880 16.4039
v -3.1336 14.5880 16.3290
v -3.5720 14.5880 16.2326
v -3.9689 14.5880 16.1146
v -4.3317 14.5880 15.9749
v -4.6648 14.5880 15.8133
v -4.9715 14.5880 15.6295
v -5.2539 14.5880 15.4232
v -5.5135 14.5880 15.1940
v -5.7515 14.5880 14.9413
v -5.9686 14.5880 14.6645
v -6.1657 14.5880 14.3624
v -6.3430 14.5880 14.0339
v -6.5010 14.5880 13.6771
v -6.6399 14.5880 13.2895
v -6.7600 14.5880 12.8675
v -6.8614 14.5880 12.4057
v -6.9442 14.5880 11.8957
v -7.0086 14.5880 11.3233
v -7.0545 14.5880 10.6607
v -7.0821 14.5880 9.8379
v -7.0912 14.5880 8.2500
v -7.0821 14.5880 6.6621
v -7.0545 14.5880 5.8393
v -7.0086 14.5880 5.1767
v -6.9442 14.5880 4.6043
v -6.8614 14.5880 4.0943
v -6.7600 14.5880 3.6325
v -6.6399 14.5880 3.2105
v -6.5010 14.5880 2.8229
v -6.3430 14.5880 2.4661
v -6.1657 14.5880 2.1376
v -5.9686 14.5880 1.8355
v -5.7515 14.5880 1.5587
v -5.5135 14.5880 1.3060
v -5.2539 14.5880 1.0768
v -4.9715 14.5880 0.8705
v -4.6648 14.5880 0.6867
v -4.3317 14.5880 0.5251
v -3.9689 14.5880 0.3854
v -3.5720 14.5880 0.2674
v -3.1336 14.5880 0.1710
v -2.6417 14.5880 0.0961
v -2.0721 14.5880 0.0427
v -1.3649 14.5880 0.0395
v -0.0000 14.5880 0.5500
v 1.3649 14.5880 0.0395
v 2.0721 14.5880 0.0427
v 2.6417 14.5880 0.0961
v 3.1336 14.5880 0.1710
v 3.5720 14.5880 0.2674
v 3.9689 14.5880 0.3854
v 4.3317 14.5880 0.5251
v 4.6648 14.5880 0.6867
v 4.9715 14.5880 0.8705
v 5.2539 14.5880 1.0768
v 5.5135 14.5880 1.3060
v 5.7515 14.5880 1.5587
v 5.9686 14.5880 1.8355
v 6.1657 14.5880 2.1376
v 6.3430 14.5880 2.4661
v 6.5010 14.5880 2.8229
v 6.6399 14.5880 3.2105
v 6.7600 14.5880 3.6325
v 6.8614 14.5880 4.0943
v 6.9442 14.5880 4.6043
v 7.0086 14.5880 5.1767
v 7.0545 14.5880 5.8393
v 7.0821 14.5880 6.6621
v 6.8974 14.8421 8.2500
v 6.8884 14.8421 9.8189
v 6.8615 14.8421 10.6392
v 6.8165 14.8421 11.3013
v 6.7534 14.8421 11.8740
v 6.6723 14.8421 12.3849
v 6.5730 14.8421 12.8479
v 6.4553 14.8421 13.2714
v 6.3193 14.8421 13.6606
v 6.1646 14.8421 14.0190
v 5.9910 14.8421 14.3491
v 5.7982 14.8421 14.6527
v 5.5858 14.8421 14.9311
v 5.3530 14.8421 15.1852
v 5.0992 14.8421 15.4159
v 4.8232 14.8421 15.6235
v 4.5235 14.8421 15.8085
v 4.1982 14.8421 15.9712
v 3.8441 14.8421 16.1119
v 3.4570 14.8421 16.2307
v 3.0299 14.8421 16.3278
v 2.5510 14.8421 16.4032
v 1.9975 14.8421 16.4570
v 1.3117 14.8421 16.4892
v 0.0000 14.8421 16.5000
v -1.3117 14.8421 16.4892
v -1.9975 14.8421 16.4570
v -2.5510 14.8421 16.4032
v -3.0299 14.8421 16.3278
v -3.4570 14.8421 16.2307
v -3.8441 14.8421 16.1119
v -4.1982 14.8421 15.9712
v -4.5235 14.8421 15.8085
v -4.8232 14.8421 15.6235
v -5.0992 14.8421 15.4159
v -5.3530 14.8421 15.1852
v -5.5858 14.8421 14.9311
v -5.7982 14.8421 14.6527
v -5.9910 14.8421 14.3491
v -6.1646 14.8421 14.0190
v -6.3193 14.8421 13.6606
v -6.4553 14.8421 13.2714
v -6.5730 14.8421 12.8479
v -6.6723 14.8421 12.3849
v -6.7534 14.8421 11.8740
v -6.8165 14.8421 11.3013
v -6.8615 14.8421 10.6392
v -6.8884 14.8421 9.8189
v -6.8974 14.8421 8.2500
v -6.8884 14.8421 6.6811
v -6.8615 14.8421 5.8608
v -6.8165 14.8421 5.1987
v -6.7534 14.8421 4.6260
v -6.6723 14.8421 4.1151
v -6.5730 14.8421 3.6521
v -6.4553 14.8421 3.2286
v -6.3193 14.8421 2.8394
v -6.1646 14.8421 2.4810
v -5.9910 14.8421 2.1509
v -5.7982 14.8421 1.8473
v -5.5858 14.8421 1.5689
v -5.3530 14.8421 1.3148
v -5.0992 14.8421 1.0841
v -4.8232 14.8421 0.8765
v -4.5235 14.8421 0.6915
v -4.1982 14.8421 0.5288
v -3.8441 14.8421 0.3881
v -3.4570 14.8421 0.2693
v -3.0299 14.8421 0.1722
v -2.5510 14.8421 0.0968
v -1.9975 14.8421 0.0430
v -1.3117 14.8421 0.0536
v -0.0000 14.8421 0.5500
v 1.3117 14.8421 0.0536
v 1.9975 14.8421 0.0430
v 2.5510 14.8421 0.0968
v 3.0299 14.8421 0.1722
v 3.4570 14.8421 0.2693
v 3.8441 14.8421 0.3881
v 4.1982 14.8421 0.5288
v 4.5235 14.8421 0.6915
v 4.8232 14.8421 0.8765
v 5.0992 14.8421 1.0841
v 5.3530 14.8421 1.3148
v 5.5858 14.8421 1.5689
v 5.7982 14.8421 1.8473
v 5.9910 14.8421 2.1509
v 6.1646 14.8421 2.4810
v 6.3193 14.8421 2.8394
v 6.4553 14.8421 3.2286
v 6.5730 14.8421 3.6521
v 6.6723 14.8421 4.1151
v 6.7534 14.8421 4.6260
v 6.8165 14.8421 5.1987
v 6.8615 14.8421 5.8608
v 6.8884 14.8421 6.6811
v 6.7018 15.0914 8.2500
v 6.6930 15.0914 9.8008
v 6.6666 15.0914 10.6186
v 6.6226 15.0914 11.2801
v 6.5609 15.0914 11.8532
v 6.4816 15.0914 12.3650
v 6.3844 15.0914 12.8292
v 6.2694 15.0914 13.2540
v 6.1363 15.0914 13.6446
v 5.9851 15.0914 14.0045
v 5.8154 15.0914 14.3362
v 5.6270 15.0914 14.6413
v 5.4193 15.0914 14.9212
v 5.1920 15.0914 15.1768
v 4.9441 15.0914 15.4088
v 4.6747 15.0914 15.6177
v 4.3823 15.0914 15.8038
v 4.0649 15.0914 15.9676
v 3.7199 15.0914 16.1092
v 3.3428 15.0914 16.2288
v 2.9271 15.0914 16.3266
v 2.4615 15.0914 16.4025
v 1.9241 15.0914 16.4567
v 1.2598 15.0914 16.4892
v 0.0000 15.0914 16.5000
v -1.2598 15.0914 16.4892
v -1.9241 15.0914 16.4567
v -2.4615 15.0914 16.4025
v -2.9271 15.0914 16.3266
v -3.3428 15.0914 16.2288
v -3.7199 15.0914 16.1092
v -4.0649 15.0914 15.9676
v -4.3823 15.0914 15.8038
v -4.6747 15.0914 15.6177
v -4.9441 15.0914 15.4088
v -5.1920 15.0914 15.1768
v -5.4193 15.0914 14.9212
v -5.6270 15.0914 14.6413
v -5.8154 15.0914 14.3362
v -5.9851 15.0914 14.0045
v -6.1363 15.0914 13.6446
v -6.2694 15.0914 13.2540
v -6.3844 15.0914 12.8292
v -6.4816 15.0914 12.3650
v -6.5609 15.0914 11.8532
v -6.6226 15.0914 11.2801
v -6.6666 15.0914 10.6186
v -6.6930 15.0914 9.8008
v -6.7018 15.0914 8.2500
v -6.6930 15.0914 6.6992
v -6.6666 15.0914 5.8814
v -6.6226 15.0914 5.2199
v -6.5609 15.0914 4.6468
v -6.4816 15.0914 4.1350
v -6.3844 15.0914 3.6708
v -6.2694 15.0914 3.2460
v -6.1363 15.0914 2.8554
v -5.9851 15.0914 2.4955
v -5.8154 15.0914 2.1638
v -5.6270 15.0914 1.8587
v -5.4193 15.0914 1.5788
v -5.1920 15.0914 1.3232
v -4.9441 15.0914 1.0912
v -4.6747 15.0914 0.8823
v -4.3823 15.0914 0.6962
v -4.0649 15.0914 0.5324
v -3.7199 15.0914 0.3908
v -3.3428 15.0914 0.2712
v -2.9271 15.0914 0.1734
v -2.4615 15.0914 0.0975
v -1.9241 15.0914 0.0433
v -1.2598 15.0914 0.0699
v -0.0000 15.0914 0.5500
v 1.2598 15.0914 0.0699
v 1.9241 15.0914 0.0433
v 2.4615 15.0914 0.0975
v 2.9271 15.0914 0.1734
v 3.3428 15.0914 0.2712
v 3.7199 15.0914 0.3908
v 4.0649 15.0914 0.5324
v 4.3823 15.0914 0.6962
v 4.6747 15.0914 0.8823
v 4.9441 15.0914 1.0912
v 5.1920 15.0914 1.3232
v 5.4193 15.0914 1.5788
v 5.6270 15.0914 1.8587
v 5.8154 15.0914 2.1638
v 5.9851 15.0914 2.4955
v 6.1363 15.0914 2.8554
v 6.2694 15.0914 3.2460
v 6.3844 15.0914 3.6708
v 6.4816 15.0914 4.1350
v 6.5609 15.0914 4.6468
v 6.6226 15.0914 5.2199
v 6.6666 15.0914 5.8814
v 6.6930 15.0914 6.6992
v 6.5068 15.3359 8.2500
v 6.4982 15.3359 9.7835
v 6.4724 15.3359 10.5988
v 6.4293 15.3359 11.2598
v 6.3691 15.3359 11.8333
v 6.2915 15.3359 12.3458
v 6.1966 15.3359 12.8111
v 6.0842 15.3359 13.2372
v 5.9542 15.3359 13.6293
v 5.8065 15.3359 13.9907
v 5.6408 15.3359 14.3238
v 5.4568 15.3359 14.6304
v 5.2541 15.3359 14.9117
v 5.0322 15.3359 15.1687
v 4.7904 15.3359 15.4020
v 4.5276 15.3359 15.6121
v 4.2426 15.3359 15.7994
v 3.9334 15.3359 15.9642
v 3.5973 15.3359 16.1067
v 3.2304 15.3359 16.2271
v 2.8261 15.3359 16.3254
v 2.3738 15.3359 16.4018
v 1.8525 15.3359 16.4564
v 1.2095 15.3359 16.4891
v 0.0000 15.3359 16.5000
v -1.2095 15.3359 16.4891
v -1.8525 15.3359 16.4564
v -2.3738 15.3359 16.4018
v -2.8261 15.3359 16.3254
v -3.2304 15.3359 16.2271
v -3.5973 15.3359 16.1067
v -3.9334 15.3359 15.9642
v -4.2426 15.3359 15.7994
v -4.5276 15.3359 15.6121
v -4.7904 15.3359 15.4020
v -5.0322 15.3359 15.1687
v -5.2541 15.3359 14.9117
v -5.4568 15.3359 14.6304
v -5.6408 15.3359 14.3238
v -5.8065 15.3359 13.9907
v -5.9542 15.3359 13.6293
v -6.0842 15.3359 13.2372
v -6.1966 15.3359 12.8111
v -6.2915 15.3359 12.3458
v -6.3691 15.3359 11.8333
v -6.4293 15.3359 11.2598
v -6.4724 15.3359 10.5988
v -6.4982 15.3359 9.7835
v -6.5068 15.3359 8.2500
v -6.4982 15.3359 6.7165
v -6.4724 15.3359 5.9012
v -6.4293 15.3359 5.2402
v -6.3691 15.3359 4.6667
v -6.2915 15.3359 4.1542
v -6.1966 15.3359 3.6889
v -6.0842 15.3359 3.2628
v -5.9542 15.3359 2.8707
v -5.8065 15.3359 2.5093
v -5.6408 15.3359 2.1762
v -5.4568 15.3359 1.8696
v -5.2541 15.3359 1.5883
v -5.0322 15.3359 1.3313
v -4.7904 15.3359 1.0980
v -4.5276 15.3359 0.8879
v -4.2426 15.3359 0.7006
v -3.9334 15.3359 0.5358
v -3.5973 15.3359 0.3933
v -3.2304 15.3359 0.2729
v -2.8261 15.3359 0.1746
v -2.3738 15.3359 0.0982
v -1.8525 15.3359 0.0436
v -1.2095 15.3359 0.0879
v -0.0000 15.3359 0.5500
v 1.2095 15.3359 0.0879
v 1.8525 15.3359 0.0436
v 2.3738 15.3359 0.0982
v 2.8261 15.3359 0.1746
v 3.2304 15.3359 0.2729
v 3.5973 15.3359 0.3933
v 3.9334 15.3359 0.5358
v 4.2426 15.3359 0.7006
v 4.5276 15.3359 0.8879
v 4.7904 15.3359 1.0980
v 5.0322 15.3359 1.3313
v 5.2541 15.3359 1.5883
v 5.4568 15.3359 1.8696
v 5.6408 15.3359 2.1762
v 5.8065 15.3359 2.5093
v 5.9542 15.3359 2.8707
v 6.0842 15.3359 3.2628
v 6.1966 15.3359 3.6889
v 6.2915 15.3359 4.1542
v 6.3691 15.3359 4.6667
v 6.4293 15.3359 5.2402
v 6.4724 15.3359 5.9012
v 6.4982 15.3359 6.7165
v 6.3143 15.5756 8.2500
v 6.3059 15.5756 9.7671
v 6.2807 15.5756 10.5800
v 6.2387 15.5756 11.2404
v 6.1798 15.5756 11.8142
v 6.1041 15.5756 12.3275
v 6.0114 15.5756 12.7939
v 5.9017 15.5756 13.2212
v 5.7748 15.5756 13.6146
v 5.6306 15.5756 13.9773
v 5.4689 15.5756 14.3119
v 5.2894 15.5756 14.6199
v 5.0917 15.5756 14.9026
v 4.8753 15.5756 15.1609
v 4.6396 15.5756 15.3954
v 4.3835 15.5756 15.6067
v 4.1059 15.5756 15.7951
v 3.8048 15.5756 15.9609
v 3.4777 15.5756 16.1042
v 3.1208 15.5756 16.2253
v 2.7279 15.5756 16.3243
v 2.2888 15.5756 16.4012
v 1.7833 15.5756 16.4561
v 1.1611 15.5756 16.4890
v 0.0000 15.5756 16.5000
v -1.1611 15.5756 16.4890
v -1.7833 15.5756 16.4561
v -2.2888 15.5756 16.4012
v -2.7279 15.5756 16.3243
v -3.1208 15.5756 16.2253
v -3.4777 15.5756 16.1042
v -3.8048 15.5756 15.9609
v -4.1059 15.5756 15.7951
v -4.3835 15.5756 15.6067
v -4.6396 15.5756 15.3954
v -4.8753 15.5756 15.1609
v -5.0917 15.5756 14.9026
v -5.2894 15.5756 14.6199
v -5.4689 15.5756 14.3119
v -5.6306 15.5756 13.9773
v -5.7748 15.5756 13.6146
v -5.9017 15.5756 13.2212
v -6.0114 15.5756 12.7939
v -6.1041 15.5756 12.3275
v -6.1798 15.5756 11.8142
v -6.2387 15.5756 11.2404
v -6.2807 15.5756 10.5800
v -6.3059 15.5756 9.7671
v -6.3143 15.5756 8.2500
v -6.3059 15.5756 6.7329
v -6.2807 15.5756 5.9200
v -6.2387 15.5756 5.2596
v -6.1798 15.5756 4.6858
v -6.1041 15.5756 4.1725
v -6.0114 15.5756 3.7061
v -5.9017 15.5756 3.2788
v -5.7748 15.5756 2.8854
v -5.6306 15.5756 2.5227
v -5.4689 15.5756 2.1881
v -5.2894 15.5756 1.8801
v -5.0917 15.5756 1.5974
v -4.8753 15.5756 1.3391
v -4.6396 15.5756 1.1046
v -4.3835 15.5756 0.8933
v -4.1059 15.5756 0.7049
v -3.8048 15.5756 0.5391
v -3.4777 15.5756 0.3958
v -3.1208 15.5756 0.2747
v -2.7279 15.5756 0.1757
v -2.2888 15.5756 0.0988
v -1.7833 15.5756 0.0439
v -1.1611 15.5756 0.1069
v -0.0000 15.5756 0.5500
v 1.1611 15.5756 0.1069
v 1.7833 15.5756 0.0439
v 2.2888 15.5756 0.0988
v 2.7279 15.5756 0.1757
v 3.1208 15.5756 0.2747
v 3.4777 15.5756 0.3958
v 3.8048 15.5756 0.5391
v 4.1059 15.5756 0.7049
v 4.3835 15.5756 0.8933
v 4.6396 15.5756 1.1046
v 4.8753 15.5756 1.3391
v 5.0917 15.5756 1.5974
v 5.2894 15.5756 1.8801
v 5.4689 15.5756 2.1881
v 5.6306 15.5756 2.5227
v 5.7748 15.5756 2.8854
v 5.9017 15.5756 3.2788
v 6.0114 15.5756 3.7061
v 6.1041 15.5756 4.1725
v 6.1798 15.5756 4.6858
v 6.2387 15.5756 5.2596
v 6.2807 15.5756 5.9200
v 6.3059 15.5756 6.7329
v 6.1263 15.8103 8.2500
v 6.1181 15.8103 9.7515
v 6.0935 15.8103 10.5621
v 6.0525 15.8103 11.2220
v 5.9950 15.8103 11.7960
v 5.9211 15.8103 12.3100
v 5.8306 15.8103 12.7774
v 5.7236 15.8103 13.2059
v 5.5998 15.8103 13.6005
v 5.4591 15.8103 13.9646
v 5.3014 15.8103 14.3005
v 5.1264 15.8103 14.6099
v 4.9336 15.8103 14.8939
v 4.7227 15.8103 15.1535
v 4.4930 15.8103 15.3892
v 4.2436 15.8103 15.6016
v 3.9732 15.8103 15.7910
v 3.6801 15.8103 15.9577
v 3.3619 15.8103 16.1019
v 3.0149 15.8103 16.2237
v 2.6332 15.8103 16.3232
v 2.2070 15.8103 16.4006
v 1.7169 15.8103 16.4558
v 1.1150 15.8103 16.4890
v 0.0000 15.8103 16.5000
v -1.1150 15.8103 16.4890
v -1.7169 15.8103 16.4558
v -2.2070 15.8103 16.4006
v -2.6332 15.8103 16.3232
v -3.0149 15.8103 16.2237
v -3.3619 15.8103 16.1019
v -3.6801 15.8103 15.9577
v -3.9732 15.8103 15.7910
v -4.2436 15.8103 15.6016
v -4.4930 15.8103 15.3892
v -4.7227 15.8103 15.1535
v -4.9336 15.8103 14.8939
v -5.1264 15.8103 14.6099
v -5.3014 15.8103 14.3005
v -5.4591 15.8103 13.9646
v -5.5998 15.8103 13.6005
v -5.7236 15.8103 13.2059
v -5.8306 15.8103 12.7774
v -5.9211 15.8103 12.3100
v -5.9950 15.8103 11.7960
v -6.0525 15.8103 11.2220
v -6.0935 15.8103 10.5621
v -6.1181 15.8103 9.7515
v -6.1263 15.8103 8.2500
v -6.1181 15.8103 6.7485
v -6.0935 15.8103 5.9379
v -6.0525 15.8103 5.2780
v -5.9950 15.8103 4.7040
v -5.9211 15.8103 4.1900
v -5.8306 15.8103 3.7226
v -5.7236 15.8103 3.2941
v -5.5998 15.8103 2.8995
v -5.4591 15.8103 2.5354
v -5.3014 15.8103 2.1995
v -5.1264 15.8103 1.8901
v -4.9336 15.8103 1.6061
v -4.7227 15.8103 1.3465
v -4.4930 15.8103 1.1108
v -4.2436 15.8103 0.8984
v -3.9732 15.8103 0.7090
v -3.6801 15.8103 0.5423
v -3.3619 15.8103 0.3981
v -3.0149 15.8103 0.2763
v -2.6332 15.8103 0.1768
v -2.2070 15.8103 0.0994
v -1.7169 15.8103 0.0442
v -1.1150 15.8103 0.1266
v -0.0000 15.8103 0.5500
v 1.1150 15.8103 0.1266
v 1.7169 15.8103 0.0442
v 2.2070 15.8103 0.0994
v 2.6332 15.8103 0.1768
v 3.0149 15.8103 0.2763
v 3.3619 15.8103 0.3981
v 3.6801 15.8103 0.5423
v 3.9732 15.8103 0.7090
v 4.2436 15.8103 0.8984
v 4.4930 15.8103 1.1108
v 4.7227 15.8103 1.3465
v 4.9336 15.8103 1.6061
v 5.1264 15.8103 1.8901
v 5.3014 15.8103 2.1995
v 5.4591 15.8103 2.5354
v 5.5998 15.8103 2.8995
v 5.7236 15.8103 3.2941
v 5.8306 15.8103 3.7226
v 5.9211 15.8103 4.1900
v 5.9950 15.8103 4.7040
v 6.0525 15.8103 5.2780
v 6.0935 15.8103 5.9379
v 6.1181 15.8103 6.7485
v 5.9444 16.0402 8.2500
v 5.9364 16.0402 9.7368
v 5.9124 16.0402 10.5452
v 5.8723 16.0402 11.2045
v 5.8163 16.0402 11.7788
v 5.7442 16.0402 12.2934
v 5.6559 16.0402 12.7617
v 5.5514 16.0402 13.1913
v 5.4307 16.0402 13.5871
v 5.2935 16.0402 13.9525
v 5.1397 16.0402 14.2897
v 4.9690 16.0402 14.6003
v 4.7812 16.0402 14.8856
v 4.5756 16.0402 15.1464
v 4.3518 16.0402 15.3832
v 4.1088 16.0402 15.5967
v 3.8456 16.0402 15.7871
v 3.5603 16.0402 15.9547
v 3.2508 16.0402 16.0996
v 2.9134 16.0402 16.2221
v 2.5426 16.0402 16.3222
v 2.1288 16.0402 16.4000
v 1.6538 16.0402 16.4556
v 1.0713 16.0402 16.4889
v 0.0000 16.0402 16.5000
v -1.0713 16.0402 16.4889
v -1.6538 16.0402 16.4556
v -2.1288 16.0402 16.4000
v -2.5426 16.0402 16.3222
v -2.9134 16.0402 16.2221
v -3.2508 16.0402 16.0996
v -3.5603 16.0402 15.9547
v -3.8456 16.0402 15.7871
v -4.1088 16.0402 15.5967
v -4.3518 16.0402 15.3832
v -4.5756 16.0402 15.1464
v -4.7812 16.0402 14.8856
v -4.9690 16.0402 14.6003
v -5.1397 16.0402 14.2897
v -5.2935 16.0402 13.9525
v -5.4307 16.0402 13.5871
v -5.5514 16.0402 13.1913
v -5.6559 16.0402 12.7617
v -5.7442 16.0402 12.2934
v -5.8163 16.0402 11.7788
v -5.8723 16.0402 11.2045
v -5.9124 16.0402 10.5452
v -5.9364 16.0402 9.7368
v -5.9444 16.0402 8.2500
v -5.9364 16.0402 6.7632
v -5.9124 16.0402 5.9548
v -5.8723 16.0402 5.2955
v -5.8163 16.0402 4.7212
v -5.7442 16.0402 4.2066
v -5.6559 16.0402 3.7383
v -5.5514 16.0402 3.3087
v -5.4307 16.0402 2.9129
v -5.2935 16.0402 2.5475
v -5.1397 16.0402 2.2103
v -4.9690 16.0402 1.8997
v -4.7812 16.0402 1.6144
v -4.5756 16.0402 1.3536
v -4.3518 16.0402 1.1168
v -4.1088 16.0402 0.9033
v -3.8456 16.0402 0.7129
v -3.5603 16.0402 0.5453
v -3.2508 16.0402 0.4004
v -2.9134 16.0402 0.2779
v -2.5426 16.0402 0.1778
v -2.1288 16.0402 0.1000
v -1.6538 16.0402 0.0444
v -1.0713 16.0402 0.1464
v -0.0000 16.0402 0.5500
v 1.0713 16.0402 0.1464
v 1.6538 16.0402 0.0444
v 2.1288 16.0402 0.1000
v 2.5426 16.0402 0.1778
v 2.9134 16.0402 0.2779
v 3.2508 16.0402 0.4004
v 3.5603 16.0402 0.5453
v 3.8456 16.0402 0.7129
v 4.1088 16.0402 0.9033
v 4.3518 16.0402 1.1168
v 4.5756 16.0402 1.3536
v 4.7812 16.0402 1.6144
v 4.9690 16.0402 1.8997
v 5.1397 16.0402 2.2103
v 5.2935 16.0402 2.5475
v 5.4307 16.0402 2.9129
v 5.5514 16.0402 3.3087
v 5.6559 16.0402 3.7383
v 5.7442 16.0402 4.2066
v 5.8163 16.0402 4.7212
v 5.8723 16.0402 5.2955
v 5.9124 16.0402 5.9548
v 5.9364 16.0402 6.7632
v 5.7700 16.2650 8.2500
v 5.7622 16.2650 9.7229
v 5.7388 16.2650 10.5292
v 5.6997 16.2650 11.1880
v 5.6450 16.2650 11.7624
v 5.5746 16.2650 12.2777
v 5.4885 16.2650 12.7468
v 5.3866 16.2650 13.1774
v 5.2688 16.2650 13.5744
v 5.1350 16.2650 13.9410
v 4.9850 16.2650 14.2794
v 4.8186 16.2650 14.5913
v 4.6354 16.2650 14.8777
v 4.4351 16.2650 15.1396
v 4.2169 16.2650 15.3775
v 3.9803 16.2650 15.5920
v 3.7239 16.2650 15.7833
v 3.4462 16.2650 15.9518
v 3.1451 16.2650 16.0975
v 2.8169 16.2650 16.2206
v 2.4566 16.2650 16.3213
v 2.0548 16.2650 16.3995
v 1.5941 16.2650 16.4553
v 1.0302 16.2650 16.4888
v 0.0000 16.2650 16.5000
v -1.0302 16.2650 16.4888
v -1.5941 16.2650 16.4553
v -2.0548 16.2650 16.3995
v -2.4566 16.2650 16.3213
v -2.8169 16.2650 16.2206
v -3.1451 16.2650 16.0975
v -3.4462 16.2650 15.9518
v -3.7239 16.2650 15.7833
v -3.9803 16.2650 15.5920
v -4.2169 16.2650 15.3775
v -4.4351 16.2650 15.1396
v -4.6354 16.2650 14.8777
v -4.8186 16.2650 14.5913
v -4.9850 16.2650 14.2794
v -5.1350 16.2650 13.9410
v -5.2688 16.2650 13.5744
v -5.3866 16.2650 13.1774
v -5.4885 16.2650 12.7468
v -5.5746 16.2650 12.2777
v -5.6450 16.2650 11.7624
v -5.6997 16.2650 11.1880
v -5.7388 16.2650 10.5292
v -5.7622 16.2650 9.7229
v -5.7700 16.2650 8.2500
v -5.7622 16.2650 6.7771
v -5.7388 16.2650 5.9708
v -5.6997 16.2650 5.3120
v -5.6450 16.2650 4.7376
v -5.5746 16.2650 4.2223
v -5.4885 16.2650 3.7532
v -5.3866 16.2650 3.3226
v -5.2688 16.2650 2.9256
v -5.1350 16.2650 2.5590
v -4.9850 16.2650 2.2206
v -4.8186 16.2650 1.9087
v -4.6354 16.2650 1.6223
v -4.4351 16.2650 1.3604
v -4.2169 16.2650 1.1225
v -3.9803 16.2650 0.9080
v -3.7239 16.2650 0.7167
v -3.4462 16.2650 0.5482
v -3.1451 16.2650 0.4025
v -2.8169 16.2650 0.2794
v -2.4566 16.2650 0.1787
v -2.0548 16.2650 0.1005
v -1.5941 16.2650 0.0447
v -1.0302 16.2650 0.1661
v -0.0000 16.2650 0.5500
v 1.0302 16.2650 0.1661
v 1.5941 16.2650 0.0447
v 2.0548 16.2650 0.1005
v 2.4566 16.2650 0.1787
v 2.8169 16.2650 0.2794
v 3.1451 16.2650 0.4025
v 3.4462 16.2650 0.5482
v 3.7239 16.2650 0.7167
v 3.9803 16.2650 0.9080
v 4.2169 16.2650 1.1225
v 4.4351 16.2650 1.3604
v 4.6354 16.2650 1.6223
v 4.8186 16.2650 1.9087
v 4.9850 16.2650 2.2206
v 5.1350 16.2650 2.5590
v 5.2688 16.2650 2.9256
v 5.3866 16.2650 3.3226
v 5.4885 16.2650 3.7532
v 5.5746 16.2650 4.2223
v 5.6450 16.2650 4.7376
v 5.6997 16.2650 5.3120
v 5.7388 16.2650 5.9708
v 5.7622 16.2650 6.7771
v 5.6045 16.4849 8.2500
v 5.5968 16.4849 9.7099
v 5.5740 16.4849 10.5141
v 5.5358 16.4849 11.1724
v 5.4824 16.4849 11.7470
v 5.4137 16.4849 12.2628
v 5.3296 16.4849 12.7328
v 5.2302 16.4849 13.1644
v 5.1152 16.4849 13.5624
v 4.9846 16.4849 13.9301
v 4.8383 16.4849 14.2697
v 4.6759 16.4849 14.5827
v 4.4973 16.4849 14.8702
v 4.3019 16.4849 15.1332
v 4.0893 16.4849 15.3722
v 3.8587 16.4849 15.5876
v 3.6089 16.4849 15.7798
v 3.3385 16.4849 15.9490
v 3.0453 16.4849 16.0955
v 2.7260 16.4849 16.2192
v 2.3756 16.4849 16.3204
v 1.9852 16.4849 16.3990
v 1.5381 16.4849 16.4551
v 0.9918 16.4849 16.4888
v 0.0000 16.4849 16.5000
v -0.9918 16.4849 16.4888
v -1.5381 16.4849 16.4551
v -1.9852 16.4849 16.3990
v -2.3756 16.4849 16.3204
v -2.7260 16.4849 16.2192
v -3.0453 16.4849 16.0955
v -3.3385 16.4849 15.9490
v -3.6089 16.4849 15.7798
v -3.8587 16.4849 15.5876
v -4.0893 16.4849 15.3722
v -4.3019 16.4849 15.1332
v -4.4973 16.4849 14.8702
v -4.6759 16.4849 14.5827
v -4.8383 16.4849 14.2697
v -4.9846 16.4849 13.9301
v -5.1152 16.4849 13.5624
v -5.2302 16.4849 13.1644
v -5.3296 16.4849 12.7328
v -5.4137 16.4849 12.2628
v -5.4824 16.4849 11.7470
v -5.5358 16.4849 11.1724
v -5.5740 16.4849 10.5141
v -5.5968 16.4849 9.7099
v -5.6045 16.4849 8.2500
v -5.5968 16.4849 6.7901
v -5.5740 16.4849 5.9859
v -5.5358 16.4849 5.3276
v -5.4824 16.4849 4.7530
v -5.4137 16.4849 4.2372
v -5.3296 16.4849 3.7672
v -5.2302 16.4849 3.3356
v -5.1152 16.4849 2.9376
v -4.9846 16.4849 2.5699
v -4.8383 16.4849 2.2303
v -4.6759 16.4849 1.9173
v -4.4973 16.4849 1.6298
v -4.3019 16.4849 1.3668
v -4.0893 16.4849 1.1278
v -3.8587 16.4849 0.9124
v -3.6089 16.4849 0.7202
v -3.3385 16.4849 0.5510
v -3.0453 16.4849 0.4045
v -2.7260 16.4849 0.2808
v -2.3756 16.4849 0.1796
v -1.9852 16.4849 0.1010
v -1.5381 16.4849 0.0469
v -0.9918 16.4849 0.1851
v -0.0000 16.4849 0.5500
v 0.9918 16.4849 0.1851
v 1.5381 16.4849 0.0469
v 1.9852 16.4849 0.1010
v 2.3756 16.4849 0.1796
v 2.7260 16.4849 0.2808
v 3.0453 16.4849 0.4045
v 3.3385 16.4849 0.5510
v 3.6089 16.4849 0.7202
v 3.8587 16.4849 0.9124
v 4.0893 16.4849 1.1278
v 4.3019 16.4849 1.3668
v 4.4973 16.4849 1.6298
v 4.6759 16.4849 1.9173
v 4.8383 16.4849 2.2303
v 4.9846 16.4849 2.5699
v 5.1152 16.4849 2.9376
v 5.2302 16.4849 3.3356
v 5.3296 16.4849 3.7672
v 5.4137 16.4849 4.2372
v 5.4824 16.4849 4.7530
v 5.5358 16.4849 5.3276
v 5.5740 16.4849 5.9859
v 5.5968 16.4849 6.7901
v 5.4487 16.6997 8.2500
v 5.4413 16.6997 9.6977
v 5.4189 16.6997 10.5000
v 5.3817 16.6997 11.1577
v 5.3295 16.6997 11.7324
v 5.2624 16.6997 12.2488
v 5.1803 16.6997 12.7195
v 5.0831 16.6997 13.1520
v 4.9709 16.6997 13.5511
v 4.8434 16.6997 13.9198
v 4.7005 16.6997 14.2605
v 4.5420 16.6997 14.5745
v 4.3677 16.6997 14.8632
v 4.1771 16.6997 15.1272
v 3.9696 16.6997 15.3671
v 3.7446 16.6997 15.5834
v 3.5011 16.6997 15.7765
v 3.2376 16.6997 15.9465
v 2.9519 16.6997 16.0936
v 2.6410 16.6997 16.2179
v 2.3000 16.6997 16.3195
v 1.9204 16.6997 16.3985
v 1.4860 16.6997 16.4549
v 0.9561 16.6997 16.4887
v 0.0000 16.6997 16.5000
v -0.9561 16.6997 16.4887
v -1.4860 16.6997 16.4549
v -1.9204 16.6997 16.3985
v -2.3000 16.6997 16.3195
v -2.6410 16.6997 16.2179
v -2.9519 16.6997 16.0936
v -3.2376 16.6997 15.9465
v -3.5011 16.6997 15.7765
v -3.7446 16.6997 15.5834
v -3.9696 16.6997 15.3671
v -4.1771 16.6997 15.1272
v -4.3677 16.6997 14.8632
v -4.5420 16.6997 14.5745
v -4.7005 16.6997 14.2605
v -4.8434 16.6997 13.9198
v -4.9709 16.6997 13.5511
v -5.0831 16.6997 13.1520
v -5.1803 16.6997 12.7195
v -5.2624 16.6997 12.2488
v -5.3295 16.6997 11.7324
v -5.3817 16.6997 11.1577
v -5.4189 16.6997 10.5000
v -5.4413 16.6997 9.6977
v -5.4487 16.6997 8.2500
v -5.4413 16.6997 6.8023
v -5.4189 16.6997 6.0000
v -5.3817 16.6997 5.3423
v -5.3295 16.6997 4.7676
v -5.2624 16.6997 4.2512
v -5.1803 16.6997 3.7805
v -5.0831 16.6997 3.3480
v -4.9709 16.6997 2.9489
v -4.8434 16.6997 2.5802
v -4.7005 16.6997 2.2395
v -4.5420 16.6997 1.9255
v -4.3677 16.6997 1.6368
v -4.1771 16.6997 1.3728
v -3.9696 16.6997 1.1329
v -3.7446 16.6997 0.9166
v -3.5011 16.6997 0.7235
v -3.2376 16.6997 0.5535
v -2.9519 16.6997 0.4064
v -2.6410 16.6997 0.2821
v -2.3000 16.6997 0.1805
v -1.9204 16.6997 0.1015
v -1.4860 16.6997 0.0520
v -0.9561 16.6997 0.2033
v -0.0000 16.6997 0.5500
v 0.9561 16.6997 0.2033
v 1.4860 16.6997 0.0520
v 1.9204 16.6997 0.1015
v 2.3000 16.6997 0.1805
v 2.6410 16.6997 0.2821
v 2.9519 16.6997 0.4064
v 3.2376 16.6997 0.5535
v 3.5011 16.6997 0.7235
v 3.7446 16.6997 0.9166
v 3.9696 16.6997 1.1329
v 4.1771 16.6997 1.3728
v 4.3677 16.6997 1.6368
v 4.5420 16.6997 1.9255
v 4.7005 16.6997 2.2395
v 4.8434 16.6997 2.5802
v 4.9709 16.6997 2.9489
v 5.0831 16.6997 3.3480
v 5.1803 16.6997 3.7805
v 5.2624 16.6997 4.2512
v 5.3295 16.6997 4.7676
v 5.3817 16.6997 5.3423
v 5.4189 16.6997 6.0000
v 5.4413 16.6997 6.8023
v 5.3037 16.9093 8.2316
v 5.2964 16.9093 9.6647
v 5.2746 16.9093 10.4633
v 5.2382 16.9093 11.1191
v 5.1871 16.9093 11.6927
v 5.1215 16.9093 12.2084
v 5.0413 16.9093 12.6787
v 4.9463 16.9093 13.1111
v 4.8366 16.9093 13.5102
v 4.7120 16.9093 13.8791
v 4.5723 16.9093 14.2200
v 4.4175 16.9093 14.5344
v 4.2472 16.9093 14.8234
v 4.0610 16.9093 15.0877
v 3.8584 16.9093 15.3280
v 3.6388 16.9093 15.5447
v 3.4011 16.9093 15.7381
v 3.1439 16.9093 15.9084
v 2.8653 16.9093 16.0558
v 2.5623 16.9093 16.1804
v 2.2300 16.9093 16.2823
v 1.8604 16.9093 16.3614
v 1.4379 16.9093 16.4180
v 0.9234 16.9093 16.4519
v 0.0000 16.9093 16.4632
v -0.9234 16.9093 16.4519
v -1.4379 16.9093 16.4180
v -1.8604 16.9093 16.3614
v -2.2300 16.9093 16.2823
v -2.5623 16.9093 16.1804
v -2.8653 16.9093 16.0558
v -3.1439 16.9093 15.9084
v -3.4011 16.9093 15.7381
v -3.6388 16.9093 15.5447
v -3.8584 16.9093 15.3280
v -4.0610 16.9093 15.0877
v -4.2472 16.9093 14.8234
v -4.4175 16.9093 14.5344
v -4.5723 16.9093 14.2200
v -4.7120 16.9093 13.8791
v -4.8366 16.9093 13.5102
v -4.9463 16.9093 13.1111
v -5.0413 16.9093 12.6787
v -5.1215 16.9093 12.2084
v -5.1871 16.9093 11.6927
v -5.2382 16.9093 11.1191
v -5.2746 16.9093 10.4633
v -5.2964 16.9093 9.6647
v -5.3037 16.9093 8.2316
v -5.2964 16.9093 6.7985
v -5.2746 16.9093 5.9999
v -5.2382 16.9093 5.3441
v -5.1871 16.9093 4.7705
v -5.1215 16.9093 4.2548
v -5.0413 16.9093 3.7844
v -4.9463 16.9093 3.3520
v -4.8366 16.9093 2.9529
v -4.7120 16.9093 2.5840
v -4.5723 16.9093 2.2432
v -4.4175 16.9093 1.9288
v -4.2472 16.9093 1.6398
v -4.0610 16.9093 1.3755
v -3.8584 16.9093 1.1351
v -3.6388 16.9093 0.9184
v -3.4011 16.9093 0.7250
v -3.1439 16.9093 0.5547
v -2.8653 16.9093 0.4073
v -2.5623 16.9093 0.2828
v -2.2300 16.9093 0.1809
v -1.8604 16.9093 0.1017
v -1.4379 16.9093 0.0590
v -0.9234 16.9093 0.2203
v -0.0000 16.9093 0.5500
v 0.9234 16.9093 0.2203
v 1.4379 16.9093 0.0590
v 1.8604 16.9093 0.1017
v 2.2300 16.9093 0.1809
v 2.5623 16.9093 0.2828
v 2.8653 16.9093 0.4073
v 3.1439 16.9093 0.5547
v 3.4011 16.9093 0.7250
v 3.6388 16.9093 0.9184
v 3.8584 16.9093 1.1351
v 4.0610 16.9093 1.3755
v 4.2472 16.9093 1.6398
v 4.4175 16.9093 1.9288
v 4.5723 16.9093 2.2432
v 4.7120 16.9093 2.5840
v 4.8366 16.9093 2.9529
v 4.9463 16.9093 3.3520
v 5.0413 16.9093 3.7844
v 5.1215 16.9093 4.2548
v 5.1871 16.9093 4.7705
v 5.2382 16.9093 5.3441
v 5.2746 16.9093 5.9999
v 5.2964 16.9093 6.7985
v 5.1701 17.1138 7.8280
v 5.1630 17.1138 9.1808
v 5.1416 17.1138 9.9386
v 5.1059 17.1138 10.5618
v 5.0560 17.1138 11.1073
v 4.9918 17.1138 11.5982
v 4.9132 17.1138 12.0461
v 4.8203 17.1138 12.4580
v 4.7129 17.1138 12.8384
v 4.5909 17.1138 13.1901
v 4.4543 17.1138 13.5152
v 4.3029 17.1138 13.8150
v 4.1363 17.1138 14.0907
v 3.9542 17.1138 14.3429
v 3.7561 17.1138 14.5723
v 3.5414 17.1138 14.7791
v 3.3092 17.1138 14.9637
v 3.0580 17.1138 15.1263
v 2.7859 17.1138 15.2670
v 2.4900 17.1138 15.3860
v 2.1659 17.1138 15.4832
v 1.8055 17.1138 15.5589
v 1.3940 17.1138 15.6128
v 0.8935 17.1138 15.6452
v 0.0000 17.1138 15.6560
v -0.8935 17.1138 15.6452
v -1.3940 17.1138 15.6128
v -1.8055 17.1138 15.5589
v -2.1659 17.1138 15.4832
v -2.4900 17.1138 15.3860
v -2.7859 17.1138 15.2670
v -3.0580 17.1138 15.1263
v -3.3092 17.1138 14.9637
v -3.5414 17.1138 14.7791
v -3.7561 17.1138 14.5723
v -3.9542 17.1138 14.3429
v -4.1363 17.1138 14.0907
v -4.3029 17.1138 13.8150
v -4.4543 17.1138 13.5152
v -4.5909 17.1138 13.1901
v -4.7129 17.1138 12.8384
v -4.8203 17.1138 12.4580
v -4.9132 17.1138 12.0461
v -4.9918 17.1138 11.5982
v -5.0560 17.1138 11.1073
v -5.1059 17.1138 10.5618
v -5.1416 17.1138 9.9386
v -5.1630 17.1138 9.1808
v -5.1701 17.1138 7.8280
v -5.1630 17.1138 6.4752
v -5.1416 17.1138 5.7174
v -5.1059 17.1138 5.0942
v -5.0560 17.1138 4.5487
v -4.9918 17.1138 4.0578
v -4.9132 17.1138 3.6099
v -4.8203 17.1138 3.1980
v -4.7129 17.1138 2.8176
v -4.5909 17.1138 2.4659
v -4.4543 17.1138 2.1409
v -4.3029 17.1138 1.8410
v -4.1363 17.1138 1.5653
v -3.9542 17.1138 1.3131
v -3.7561 17.1138 1.0837
v -3.5414 17.1138 0.8769
v -3.3092 17.1138 0.6923
v -3.0580 17.1138 0.5297
v -2.7859 17.1138 0.3890
v -2.4900 17.1138 0.2700
v -2.1659 17.1138 0.1728
v -1.8055 17.1138 0.0972
v -1.3940 17.1138 0.0654
v -0.8935 17.1138 0.2356
v -0.0000 17.1138 0.5500
v 0.8935 17.1138 0.2356
v 1.3940 17.1138 0.0654
v 1.8055 17.1138 0.0972
v 2.1659 17.1138 0.1728
v 2.4900 17.1138 0.2700
v 2.7859 17.1138 0.3890
v 3.0580 17.1138 0.5297
v 3.3092 17.1138 0.6923
v 3.5414 17.1138 0.8769
v 3.7561 17.1138 1.0837
v 3.9542 17.1138 1.3131
v 4.1363 17.1138 1.5653
v 4.3029 17.1138 1.8410
v 4.4543 17.1138 2.1409
v 4.5909 17.1138 2.4659
v 4.7129 17.1138 2.8176
v 4.8203 17.1138 3.1980
v 4.9132 17.1138 3.6099
v 4.9918 17.1138 4.0578
v 5.0560 17.1138 4.5487
v 5.1059 17.1138 5.0942
v 5.1416 17.1138 5.7174
v 5.1630 17.1138 6.4752
v 5.0484 17.3131 7.4405
v 5.0414 17.3131 8.7155
v 5.0204 17.3131 9.4332
v 4.9855 17.3131 10.0242
v 4.9365 17.3131 10.5420
v 4.8736 17.3131 11.0082
v 4.7966 17.3131 11.4339
v 4.7055 17.3131 11.8255
v 4.6003 17.3131 12.1872
v 4.4808 17.3131 12.5217
v 4.3469 17.3131 12.8310
v 4.1985 17.3131 13.1164
v 4.0354 17.3131 13.3788
v 3.8570 17.3131 13.6189
v 3.6631 17.3131 13.8373
v 3.4529 17.3131 14.0342
v 3.2256 17.3131 14.2101
v 2.9798 17.3131 14.3649
v 2.7137 17.3131 14.4990
v 2.4244 17.3131 14.6123
v 2.1076 17.3131 14.7049
v 1.7558 17.3131 14.7770
v 1.3541 17.3131 14.8284
v 0.8664 17.3131 14.8592
v 0.0000 17.3131 14.8695
v -0.8664 17.3131 14.8592
v -1.3541 17.3131 14.8284
v -1.7558 17.3131 14.7770
v -2.1076 17.3131 14.7049
v -2.4244 17.3131 14.6123
v -2.7137 17.3131 14.4990
v -2.9798 17.3131 14.3649
v -3.2256 17.3131 14.2101
v -3.4529 17.3131 14.0342
v -3.6631 17.3131 13.8373
v -3.8570 17.3131 13.6189
v -4.0354 17.3131 13.3788
v -4.1985 17.3131 13.1164
v -4.3469 17.3131 12.8310
v -4.4808 17.3131 12.5217
v -4.6003 17.3131 12.1872
v -4.7055 17.3131 11.8255
v -4.7966 17.3131 11.4339
v -4.8736 17.3131 11.0082
v -4.9365 17.3131 10.5420
v -4.9855 17.3131 10.0242
v -5.0204 17.3131 9.4332
v -5.0414 17.3131 8.7155
v -5.0484 17.3131 7.4405
v -5.0414 17.3131 6.1656
v -5.0204 17.3131 5.4478
v -4.9855 17.3131 4.8568
v -4.9365 17.3131 4.3390
v -4.8736 17.3131 3.8728
v -4.7966 17.3131 3.4472
v -4.7055 17.3131 3.0556
v -4.6003 17.3131 2.6939
v -4.4808 17.3131 2.3593
v -4.3469 17.3131 2.0500
v -4.1985 17.3131 1.7647
v -4.0354 17.3131 1.5023
v -3.8570 17.3131 1.2621
v -3.6631 17.3131 1.0438
v -3.4529 17.3131 0.8468
v -3.2256 17.3131 0.6710
v -2.9798 17.3131 0.5161
v -2.7137 17.3131 0.3821
v -2.4244 17.3131 0.2688
v -2.1076 17.3131 0.1761
v -1.7558 17.3131 0.1041
v -1.3541 17.3131 0.0841
v -0.8664 17.3131 0.2611
v -0.0000 17.3131 0.5615
v 0.8664 17.3131 0.2611
v 1.3541 17.3131 0.0841
v 1.7558 17.3131 0.1041
v 2.1076 17.3131 0.1761
v 2.4244 17.3131 0.2688
v 2.7137 17.3131 0.3821
v 2.9798 17.3131 0.5161
v 3.2256 17.3131 0.6710
v 3.4529 17.3131 0.8468
v 3.6631 17.3131 1.0438
v 3.8570 17.3131 1.2621
v 4.0354 17.3131 1.5023
v 4.1985 17.3131 1.7647
v 4.3469 17.3131 2.0500
v 4.4808 17.3131 2.3593
v 4.6003 17.3131 2.6939
v 4.7055 17.3131 3.0556
v 4.7966 17.3131 3.4472
v 4.8736 17.3131 3.8728
v 4.9365 17.3131 4.3390
v 4.9855 17.3131 4.8568
v 5.0204 17.3131 5.4478
v 5.0414 17.3131 6.1656
v 4.9390 17.5070 7.0927
v 4.9321 17.5070 8.2882
v 4.9116 17.5070 8.9643
v 4.8772 17.5070 9.5217
v 4.8292 17.5070 10.0105
v 4.7674 17.5070 10.4508
v 4.6918 17.5070 10.8529
v 4.6023 17.5070 11.2231
v 4.4990 17.5070 11.5651
v 4.3818 17.5070 11.8815
v 4.2504 17.5070 12.1741
v 4.1048 17.5070 12.4441
v 3.9447 17.5070 12.6924
v 3.7698 17.5070 12.9197
v 3.5795 17.5070 13.1264
v 3.3734 17.5070 13.3129
v 3.1506 17.5070 13.4794
v 2.9096 17.5070 13.6260
v 2.6489 17.5070 13.7530
v 2.3656 17.5070 13.8603
v 2.0554 17.5070 13.9480
v 1.7111 17.5070 14.0162
v 1.3185 17.5070 14.0650
v 0.8422 17.5070 14.0942
v 0.0000 17.5070 14.1039
v -0.8422 17.5070 14.0942
v -1.3185 17.5070 14.0650
v -1.7111 17.5070 14.0162
v -2.0554 17.5070 13.9480
v -2.3656 17.5070 13.8603
v -2.6489 17.5070 13.7530
v -2.9096 17.5070 13.6260
v -3.1506 17.5070 13.4794
v -3.3734 17.5070 13.3129
v -3.5795 17.5070 13.1264
v -3.7698 17.5070 12.9197
v -3.9447 17.5070 12.6924
v -4.1048 17.5070 12.4441
v -4.2504 17.5070 12.1741
v -4.3818 17.5070 11.8815
v -4.4990 17.5070 11.5651
v -4.6023 17.5070 11.2231
v -4.6918 17.5070 10.8529
v -4.7674 17.5070 10.4508
v -4.8292 17.5070 10.0105
v -4.8772 17.5070 9.5217
v -4.9116 17.5070 8.9643
v -4.9321 17.5070 8.2882
v -4.9390 17.5070 7.0927
v -4.9321 17.5070 5.8971
v -4.9116 17.5070 5.2210
v -4.8772 17.5070 4.6636
v -4.8292 17.5070 4.1749
v -4.7674 17.5070 3.7346
v -4.6918 17.5070 3.3324
v -4.6023 17.5070 2.9622
v -4.4990 17.5070 2.6202
v -4.3818 17.5070 2.3038
v -4.2504 17.5070 2.0113
v -4.1048 17.5070 1.7412
v -3.9447 17.5070 1.4929
v -3.7698 17.5070 1.2656
v -3.5795 17.5070 1.0589
v -3.3734 17.5070 0.8724
v -3.1506 17.5070 0.7060
v -2.9096 17.5070 0.5593
v -2.6489 17.5070 0.4324
v -2.3656 17.5070 0.3251
v -2.0554 17.5070 0.2373
v -1.7111 17.5070 0.1691
v -1.3185 17.5070 0.1613
v -0.8422 17.5070 0.3434
v -0.0000 17.5070 0.6314
v 0.8422 17.5070 0.3434
v 1.3185 17.5070 0.1613
v 1.7111 17.5070 0.1691
v 2.0554 17.5070 0.2373
v 2.3656 17.5070 0.3251
v 2.6489 17.5070 0.4324
v 2.9096 17.5070 0.5593
v 3.1506 17.5070 0.7060
v 3.3734 17.5070 0.8724
v 3.5795 17.5070 1.0589
v 3.7698 17.5070 1.2656
v 3.9447 17.5070 1.4929
v 4.1048 17.5070 1.7412
v 4.2504 17.5070 2.0113
v 4.3818 17.5070 2.3038
v 4.4990 17.5070 2.6202
v 4.6023 17.5070 2.9622
v 4.6918 17.5070 3.3324
v 4.7674 17.5070 3.7346
v 4.8292 17.5070 4.1749
v 4.8772 17.5070 4.6636
v 4.9116 17.5070 5.2210
v 4.9321 17.5070 5.8971
v 4.8421 17.6956 6.7813
v 4.8354 17.6956 7.8963
v 4.8151 17.6956 8.5295
v 4.7814 17.6956 9.0522
v 4.7341 17.6956 9.5108
v 4.6733 17.6956 9.9242
v 4.5989 17.6956 10.3019
v 4.5110 17.6956 10.6497
v 4.4094 17.6956 10.9711
v 4.2941 17.6956 11.2686
v 4.1649 17.6956 11.5437
v 4.0218 17.6956 11.7976
v 3.8644 17.6956 12.0312
v 3.6925 17.6956 12.2450
v 3.5055 17.6956 12.4395
v 3.3030 17.6956 12.6150
v 3.0841 17.6956 12.7716
v 2.8475 17.6956 12.9096
v 2.5915 17.6956 13.0291
v 2.3134 17.6956 13.1301
v 2.0092 17.6956 13.2127
v 1.6716 17.6956 13.2769
v 1.2869 17.6956 13.3228
v 0.8208 17.6956 13.3503
v 0.0000 17.6956 13.3595
v -0.8208 17.6956 13.3503
v -1.2869 17.6956 13.3228
v -1.6716 17.6956 13.2769
v -2.0092 17.6956 13.2127
v -2.3134 17.6956 13.1301
v -2.5915 17.6956 13.0291
v -2.8475 17.6956 12.9096
v -3.0841 17.6956 12.7716
v -3.3030 17.6956 12.6150
v -3.5055 17.6956 12.4395
v -3.6925 17.6956 12.2450
v -3.8644 17.6956 12.0312
v -4.0218 17.6956 11.7976
v -4.1649 17.6956 11.5437
v -4.2941 17.6956 11.2686
v -4.4094 17.6956 10.9711
v -4.5110 17.6956 10.6497
v -4.5989 17.6956 10.3019
v -4.6733 17.6956 9.9242
v -4.7341 17.6956 9.5108
v -4.7814 17.6956 9.0522
v -4.8151 17.6956 8.5295
v -4.8354 17.6956 7.8963
v -4.8421 17.6956 6.7813
v -4.8354 17.6956 5.6662
v -4.8151 17.6956 5.0330
v -4.7814 17.6956 4.5104
v -4.7341 17.6956 4.0517
v -4.6733 17.6956 3.6383
v -4.5989 17.6956 3.2606
v -4.5110 17.6956 2.9128
v -4.4094 17.6956 2.5914
v -4.2941 17.6956 2.2939
v -4.1649 17.6956 2.0188
v -4.0218 17.6956 1.7649
v -3.8644 17.6956 1.5313
v -3.6925 17.6956 1.3175
v -3.5055 17.6956 1.1230
v -3.3030 17.6956 0.9475
v -3.0841 17.6956 0.7909
v -2.8475 17.6956 0.6529
v -2.5915 17.6956 0.5334
v -2.3134 17.6956 0.4324
v -2.0092 17.6956 0.3498
v -1.6716 17.6956 0.2856
v -1.2869 17.6956 0.2901
v -0.8208 17.6956 0.4760
v -0.0000 17.6956 0.7530
v 0.8208 17.6956 0.4760
v 1.2869 17.6956 0.2901
v 1.6716 17.6956 0.2856
v 2.0092 17.6956 0.3498
v 2.3134 17.6956 0.4324
v 2.5915 17.6956 0.5334
v 2.8475 17.6956 0.6529
v 3.0841 17.6956 0.7909
v 3.3030 17.6956 0.9475
v 3.5055 17.6956 1.1230
v 3.6925 17.6956 1.3175
v 3.8644 17.6956 1.5313
v 4.0218 17.6956 1.7649
v 4.1649 17.6956 2.0188
v 4.2941 17.6956 2.2939
v 4.4094 17.6956 2.5914
v 4.5110 17.6956 2.9128
v 4.5989 17.6956 3.2606
v 4.6733 17.6956 3.6383
v 4.7341 17.6956 4.0517
v 4.7814 17.6956 4.5104
v 4.8151 17.6956 5.0330
v 4.8354 17.6956 5.6662
v 4.7578 17.8788 6.5003
v 4.7512 17.8788 7.5348
v 4.7312 17.8788 8.1244
v 4.6979 17.8788 8.6117
v 4.6513 17.8788 9.0395
v 4.5914 17.8788 9.4253
v 4.5182 17.8788 9.7780
v 4.4315 17.8788 10.1029
v 4.3314 17.8788 10.4032
v 4.2178 17.8788 10.6811
v 4.0905 17.8788 10.9382
v 3.9495 17.8788 11.1756
v 3.7945 17.8788 11.3940
v 3.6251 17.8788 11.5939
v 3.4411 17.8788 11.7758
v 3.2417 17.8788 11.9399
v 3.0262 17.8788 12.0865
v 2.7933 17.8788 12.2156
v 2.5415 17.8788 12.3273
v 2.2680 17.8788 12.4218
v 1.9688 17.8788 12.4991
v 1.6371 17.8788 12.5592
v 1.2593 17.8788 12.6021
v 0.8021 17.8788 12.6278
v 0.0000 17.8788 12.6364
v -0.8021 17.8788 12.6278
v -1.2593 17.8788 12.6021
v -1.6371 17.8788 12.5592
v -1.9688 17.8788 12.4991
v -2.2680 17.8788 12.4218
v -2.5415 17.8788 12.3273
v -2.7933 17.8788 12.2156
v -3.0262 17.8788 12.0865
v -3.2417 17.8788 11.9399
v -3.4411 17.8788 11.7758
v -3.6251 17.8788 11.5939
v -3.7945 17.8788 11.3940
v -3.9495 17.8788 11.1756
v -4.0905 17.8788 10.9382
v -4.2178 17.8788 10.6811
v -4.3314 17.8788 10.4032
v -4.4315 17.8788 10.1029
v -4.5182 17.8788 9.7780
v -4.5914 17.8788 9.4253
v -4.6513 17.8788 9.0395
v -4.6979 17.8788 8.6117
v -4.7312 17.8788 8.1244
v -4.7512 17.8788 7.5348
v -4.7578 17.8788 6.5003
v -4.7512 17.8788 5.4658
v -4.7312 17.8788 4.8762
v -4.6979 17.8788 4.3890
v -4.6513 17.8788 3.9611
v -4.5914 17.8788 3.5753
v -4.5182 17.8788 3.2226
v -4.4315 17.8788 2.8978
v -4.3314 17.8788 2.5975
v -4.2178 17.8788 2.3195
v -4.0905 17.8788 2.0624
v -3.9495 17.8788 1.8250
v -3.7945 17.8788 1.6066
v -3.6251 17.8788 1.4067
v -3.4411 17.8788 1.2248
v -3.2417 17.8788 1.0607
v -3.0262 17.8788 0.9141
v -2.7933 17.8788 0.7850
v -2.5415 17.8788 0.6733
v -2.2680 17.8788 0.5788
v -1.9688 17.8788 0.5015
v -1.6371 17.8788 0.4414
v -1.2593 17.8788 0.4578
v -0.8021 17.8788 0.6466
v -0.0000 17.8788 0.9142
v 0.8021 17.8788 0.6466
v 1.2593 17.8788 0.4578
v 1.6371 17.8788 0.4414
v 1.9688 17.8788 0.5015
v 2.2680 17.8788 0.5788
v 2.5415 17.8788 0.6733
v 2.7933 17.8788 0.7850
v 3.0262 17.8788 0.9141
v 3.2417 17.8788 1.0607
v 3.4411 17.8788 1.2248
v 3.6251 17.8788 1.4067
v 3.7945 17.8788 1.6066
v 3.9495 17.8788 1.8250
v 4.0905 17.8788 2.0624
v 4.2178 17.8788 2.3195
v 4.3314 17.8788 2.5975
v 4.4315 17.8788 2.8978
v 4.5182 17.8788 3.2226
v 4.5914 17.8788 3.5753
v 4.6513 17.8788 3.9611
v 4.6979 17.8788 4.3890
v 4.7312 17.8788 4.8762
v 4.7512 17.8788 5.4658
v 4.6860 18.0565 6.2446
v 4.6795 18.0565 7.1991
v 4.6597 18.0565 7.7451
v 4.6269 18.0565 8.1967
v 4.5809 18.0565 8.5935
v 4.5217 18.0565 8.9515
v 4.4493 18.0565 9.2789
v 4.3638 18.0565 9.5805
v 4.2649 18.0565 9.8594
v 4.1527 18.0565 10.1176
v 4.0271 18.0565 10.3564
v 3.8879 18.0565 10.5770
v 3.7348 18.0565 10.7800
v 3.5677 18.0565 10.9658
v 3.3861 18.0565 11.1349
v 3.1894 18.0565 11.2874
v 2.9767 18.0565 11.4237
v 2.7471 18.0565 11.5437
v 2.4987 18.0565 11.6476
v 2.2291 18.0565 11.7355
v 1.9343 18.0565 11.8074
v 1.6076 18.0565 11.8632
v 1.2357 18.0565 11.9031
v 0.7861 18.0565 11.9271
v 0.0000 18.0565 11.9350
v -0.7861 18.0565 11.9271
v -1.2357 18.0565 11.9031
v -1.6076 18.0565 11.8632
v -1.9343 18.0565 11.8074
v -2.2291 18.0565 11.7355
v -2.4987 18.0565 11.6476
v -2.7471 18.0565 11.5437
v -2.9767 18.0565 11.4237
v -3.1894 18.0565 11.2874
v -3.3861 18.0565 11.1349
v -3.5677 18.0565 10.9658
v -3.7348 18.0565 10.7800
v -3.8879 18.0565 10.5770
v -4.0271 18.0565 10.3564
v -4.1527 18.0565 10.1176
v -4.2649 18.0565 9.8594
v -4.3638 18.0565 9.5805
v -4.4493 18.0565 9.2789
v -4.5217 18.0565 8.9515
v -4.5809 18.0565 8.5935
v -4.6269 18.0565 8.1967
v -4.6597 18.0565 7.7451
v -4.6795 18.0565 7.1991
v -4.6860 18.0565 6.2446
v -4.6795 18.0565 5.2900
v -4.6597 18.0565 4.7440
v -4.6269 18.0565 4.2924
v -4.5809 18.0565 3.8956
v -4.5217 18.0565 3.5376
v -4.4493 18.0565 3.2102
v -4.3638 18.0565 2.9086
v -4.2649 18.0565 2.6298
v -4.1527 18.0565 2.3716
v -4.0271 18.0565 2.1327
v -3.8879 18.0565 1.9121
v -3.7348 18.0565 1.7091
v -3.5677 18.0565 1.5233
v -3.3861 18.0565 1.3542
v -3.1894 18.0565 1.2017
v -2.9767 18.0565 1.0654
v -2.7471 18.0565 0.9454
v -2.4987 18.0565 0.8415
v -2.2291 18.0565 0.7536
v -1.9343 18.0565 0.6818
v -1.6076 18.0565 0.6259
v -1.2357 18.0565 0.6534
v -0.7861 18.0565 0.8446
v -0.0000 18.0565 1.1041
v 0.7861 18.0565 0.8446
v 1.2357 18.0565 0.6534
v 1.6076 18.0565 0.6259
v 1.9343 18.0565 0.6818
v 2.2291 18.0565 0.7536
v 2.4987 18.0565 0.8415
v 2.7471 18.0565 0.9454
v 2.9767 18.0565 1.0654
v 3.1894 18.0565 1.2017
v 3.3861 18.0565 1.3542
v 3.5677 18.0565 1.5233
v 3.7348 18.0565 1.7091
v 3.8879 18.0565 1.9121
v 4.0271 18.0565 2.1327
v 4.1527 18.0565 2.3716
v 4.2649 18.0565 2.6298
v 4.3638 18.0565 2.9086
v 4.4493 18.0565 3.2102
v 4.5217 18.0565 3.5376
v 4.5809 18.0565 3.8956
v 4.6269 18.0565 4.2924
v 4.6597 18.0565 4.7440
v 4.6795 18.0565 5.2900
v 4.6266 18.2286 6.0094
v 4.6201 18.2286 6.8854
v 4.6006 18.2286 7.3881
v 4.5681 18.2286 7.8042
v 4.5225 18.2286 8.1701
v 4.4639 18.2286 8.5003
v 4.3923 18.2286 8.8024
v 4.3076 18.2286 9.0807
v 4.2098 18.2286 9.3382
v 4.0988 18.2286 9.5765
v 3.9745 18.2286 9.7971
v 3.8367 18.2286 10.0009
v 3.6853 18.2286 10.1883
v 3.5200 18.2286 10.3600
v 3.3404 18.2286 10.5162
v 3.1458 18.2286 10.6572
v 2.9356 18.2286 10.7830
v 2.7085 18.2286 10.8940
v 2.4631 18.2286 10.9900
v 2.1967 18.2286 11.0712
v 1.9055 18.2286 11.1376
v 1.5828 18.2286 11.1893
v 1.2159 18.2286 11.2261
v 0.7726 18.2286 11.2483
v 0.0000 18.2286 11.2556
v -0.7726 18.2286 11.2483
v -1.2159 18.2286 11.2261
v -1.5828 18.2286 11.1893
v -1.9055 18.2286 11.1376
v -2.1967 18.2286 11.0712
v -2.4631 18.2286 10.9900
v -2.7085 18.2286 10.8940
v -2.9356 18.2286 10.7830
v -3.1458 18.2286 10.6572
v -3.3404 18.2286 10.5162
v -3.5200 18.2286 10.3600
v -3.6853 18.2286 10.1883
v -3.8367 18.2286 10.0009
v -3.9745 18.2286 9.7971
v -4.0988 18.2286 9.5765
v -4.2098 18.2286 9.3382
v -4.3076 18.2286 9.0807
v -4.3923 18.2286 8.8024
v -4.4639 18.2286 8.5003
v -4.5225 18.2286 8.1701
v -4.5681 18.2286 7.8042
v -4.6006 18.2286 7.3881
v -4.6201 18.2286 6.8854
v -4.6266 18.2286 6.0094
v -4.6201 18.2286 5.1334
v -4.6006 18.2286 4.6307
v -4.5681 18.2286 4.2146
v -4.5225 18.2286 3.8487
v -4.4639 18.2286 3.5185
v -4.3923 18.2286 3.2165
v -4.3076 18.2286 2.9381
v -4.2098 18.2286 2.6807
v -4.0988 18.2286 2.4423
v -3.9745 18.2286 2.2217
v -3.8367 18.2286 2.0179
v -3.6853 18.2286 1.8305
v -3.5200 18.2286 1.6588
v -3.3404 18.2286 1.5026
v -3.1458 18.2286 1.3617
v -2.9356 18.2286 1.2358
v -2.7085 18.2286 1.1248
v -2.4631 18.2286 1.0288
v -2.1967 18.2286 0.9476
v -1.9055 18.2286 0.8812
v -1.5828 18.2286 0.8297
v -1.2159 18.2286 0.8672
v -0.7726 18.2286 1.0603
v -0.0000 18.2286 1.3132
v 0.7726 18.2286 1.0603
v 1.2159 18.2286 0.8672
v 1.5828 18.2286 0.8297
v 1.9055 18.2286 0.8812
v 2.1967 18.2286 0.9476
v 2.4631 18.2286 1.0288
v 2.7085 18.2286 1.1248
v 2.9356 18.2286 1.2358
v 3.1458 18.2286 1.3617
v 3.3404 18.2286 1.5026
v 3.5200 18.2286 1.6588
v 3.6853 18.2286 1.8305
v 3.8367 18.2286 2.0179
v 3.9745 18.2286 2.2217
v 4.0988 18.2286 2.4423
v 4.2098 18.2286 2.6807
v 4.3076 18.2286 2.9381
v 4.3923 18.2286 3.2165
v 4.4639 18.2286 3.5185
v 4.5225 18.2286 3.8487
v 4.5681 18.2286 4.2146
v 4.6006 18.2286 4.6307
v 4.6201 18.2286 5.1334
v 4.5792 18.3950 5.7909
v 4.5727 18.3950 6.5904
v 4.5534 18.3950 7.0504
v 4.5211 18.3950 7.4316
v 4.4759 18.3950 7.7669
v 4.4178 18.3950 8.0696
v 4.3468 18.3950 8.3466
v 4.2628 18.3950 8.6019
v 4.1658 18.3950 8.8381
v 4.0557 18.3950 9.0569
v 3.9324 18.3950 9.2593
v 3.7958 18.3950 9.4463
v 3.6457 18.3950 9.6184
v 3.4818 18.3950 9.7760
v 3.3036 18.3950 9.9195
v 3.1108 18.3950 10.0489
v 2.9025 18.3950 10.1645
v 2.6775 18.3950 10.2663
v 2.4343 18.3950 10.3545
v 2.1704 18.3950 10.4291
v 1.8821 18.3950 10.4901
v 1.5628 18.3950 10.5376
v 1.1997 18.3950 10.5714
v 0.7615 18.3950 10.5918
v 0.0000 18.3950 10.5985
v -0.7615 18.3950 10.5918
v -1.1997 18.3950 10.5714
v -1.5628 18.3950 10.5376
v -1.8821 18.3950 10.4901
v -2.1704 18.3950 10.4291
v -2.4343 18.3950 10.3545
v -2.6775 18.3950 10.2663
v -2.9025 18.3950 10.1645
v -3.1108 18.3950 10.0489
v -3.3036 18.3950 9.9195
v -3.4818 18.3950 9.7760
v -3.6457 18.3950 9.6184
v -3.7958 18.3950 9.4463
v -3.9324 18.3950 9.2593
v -4.0557 18.3950 9.0569
v -4.1658 18.3950 8.8381
v -4.2628 18.3950 8.6019
v -4.3468 18.3950 8.3466
v -4.4178 18.3950 8.0696
v -4.4759 18.3950 7.7669
v -4.5211 18.3950 7.4316
v -4.5534 18.3950 7.0504
v -4.5727 18.3950 6.5904
v -4.5792 18.3950 5.7909
v -4.5727 18.3950 4.9914
v -4.5534 18.3950 4.5313
v -4.5211 18.3950 4.1501
v -4.4759 18.3950 3.8149
v -4.4178 18.3950 3.5121
v -4.3468 18.3950 3.2351
v -4.2628 18.3950 2.9798
v -4.1658 18.3950 2.7436
v -4.0557 18.3950 2.5249
v -3.9324 18.3950 2.3224
v -3.7958 18.3950 2.1354
v -3.6457 18.3950 1.9633
v -3.4818 18.3950 1.8057
v -3.3036 18.3950 1.6623
v -3.1108 18.3950 1.5329
v -2.9025 18.3950 1.4173
v -2.6775 18.3950 1.3154
v -2.4343 18.3950 1.2272
v -2.1704 18.3950 1.1526
v -1.8821 18.3950 1.0916
v -1.5628 18.3950 1.0449
v -1.1997 18.3950 1.0910
v -0.7615 18.3950 1.2858
v -0.0000 18.3950 1.5332
v 0.7615 18.3950 1.2858
v 1.1997 18.3950 1.0910
v 1.5628 18.3950 1.0449
v 1.8821 18.3950 1.0916
v 2.1704 18.3950 1.1526
v 2.4343 18.3950 1.2272
v 2.6775 18.3950 1.3154
v 2.9025 18.3950 1.4173
v 3.1108 18.3950 1.5329
v 3.3036 18.3950 1.6623
v 3.4818 18.3950 1.8057
v 3.6457 18.3950 1.9633
v 3.7958 18.3950 2.1354
v 3.9324 18.3950 2.3224
v 4.0557 18.3950 2.5249
v 4.1658 18.3950 2.7436
v 4.2628 18.3950 2.9798
v 4.3468 18.3950 3.2351
v 4.4178 18.3950 3.5121
v 4.4759 18.3950 3.8149
v 4.5211 18.3950 4.1501
v 4.5534 18.3950 4.5313
v 4.5727 18.3950 4.9914
v 4.5434 18.5558 5.5856
v 4.5370 18.5558 6.3110
v 4.5177 18.5558 6.7295
v 4.4857 18.5558 7.0765
v 4.4407 18.5558 7.3819
v 4.3830 18.5558 7.6577
v 4.3124 18.5558 7.9101
v 4.2288 18.5558 8.1428
v 4.1324 18.5558 8.3582
v 4.0229 18.5558 8.5576
v 3.9004 18.5558 8.7423
v 3.7646 18.5558 8.9128
v 3.6155 18.5558 9.0698
v 3.4526 18.5558 9.2135
v 3.2756 18.5558 9.3444
v 3.0840 18.5558 9.4625
v 2.8771 18.5558 9.5679
v 2.6536 18.5558 9.6609
v 2.4121 18.5558 9.7414
v 2.1502 18.5558 9.8094
v 1.8640 18.5558 9.8651
v 1.5471 18.5558 9.9084
v 1.1870 18.5558 9.9393
v 0.7527 18.5558 9.9578
v 0.0000 18.5558 9.9640
v -0.7527 18.5558 9.9578
v -1.1870 18.5558 9.9393
v -1.5471 18.5558 9.9084
v -1.8640 18.5558 9.8651
v -2.1502 18.5558 9.8094
v -2.4121 18.5558 9.7414
v -2.6536 18.5558 9.6609
v -2.8771 18.5558 9.5679
v -3.0840 18.5558 9.4625
v -3.2756 18.5558 9.3444
v -3.4526 18.5558 9.2135
v -3.6155 18.5558 9.0698
v -3.7646 18.5558 8.9128
v -3.9004 18.5558 8.7423
v -4.0229 18.5558 8.5576
v -4.1324 18.5558 8.3582
v -4.2288 18.5558 8.1428
v -4.3124 18.5558 7.9101
v -4.3830 18.5558 7.6577
v -4.4407 18.5558 7.3819
v -4.4857 18.5558 7.0765
v -4.5177 18.5558 6.7295
v -4.5370 18.5558 6.3110
v -4.5434 18.5558 5.5856
v -4.5370 18.5558 4.8602
v -4.5177 18.5558 4.4416
v -4.4857 18.5558 4.0946
v -4.4407 18.5558 3.7893
v -4.3830 18.5558 3.5135
v -4.3124 18.5558 3.2610
v -4.2288 18.5558 3.0283
v -4.1324 18.5558 2.8130
v -4.0229 18.5558 2.6135
v -3.9004 18.5558 2.4289
v -3.7646 18.5558 2.2583
v -3.6155 18.5558 2.1014
v -3.4526 18.5558 1.9576
v -3.2756 18.5558 1.8268
v -3.0840 18.5558 1.7087
v -2.8771 18.5558 1.6032
v -2.6536 18.5558 1.5103
v -2.4121 18.5558 1.4298
v -2.1502 18.5558 1.3617
v -1.8640 18.5558 1.3061
v -1.5471 18.5558 1.2643
v -1.1870 18.5558 1.3174
v -0.7527 18.5558 1.5138
v -0.0000 18.5558 1.7571
v 0.7527 18.5558 1.5138
v 1.1870 18.5558 1.3174
v 1.5471 18.5558 1.2643
v 1.8640 18.5558 1.3061
v 2.1502 18.5558 1.3617
v 2.4121 18.5558 1.4298
v 2.6536 18.5558 1.5103
v 2.8771 18.5558 1.6032
v 3.0840 18.5558 1.7087
v 3.2756 18.5558 1.8268
v 3.4526 18.5558 1.9576
v 3.6155 18.5558 2.1014
v 3.7646 18.5558 2.2583
v 3.9004 18.5558 2.4289
v 4.0229 18.5558 2.6135
v 4.1324 18.5558 2.8130
v 4.2288 18.5558 3.0283
v 4.3124 18.5558 3.2610
v 4.3830 18.5558 3.5135
v 4.4407 18.5558 3.7893
v 4.4857 18.5558 4.0946
v 4.5177 18.5558 4.4416
v 4.5370 18.5558 4.8602
v 4.5187 18.7107 5.3907
v 4.5123 18.7107 6.0449
v 4.4931 18.7107 6.4232
v 4.4612 18.7107 6.7371
v 4.4164 18.7107 7.0134
v 4.3589 18.7107 7.2630
v 4.2885 18.7107 7.4916
v 4.2053 18.7107 7.7023
v 4.1092 18.7107 7.8973
v 4.0002 18.7107 8.0780
v 3.8781 18.7107 8.2453
v 3.7429 18.7107 8.3998
v 3.5943 18.7107 8.5420
v 3.4321 18.7107 8.6723
v 3.2558 18.7107 8.7908
v 3.0651 18.7107 8.8979
v 2.8590 18.7107 8.9934
v 2.6366 18.7107 9.0777
v 2.3962 18.7107 9.1506
v 2.1355 18.7107 9.2123
v 1.8508 18.7107 9.2628
v 1.5356 18.7107 9.3020
v 1.1777 18.7107 9.3300
v 0.7462 18.7107 9.3469
v 0.0000 18.7107 9.3525
v -0.7462 18.7107 9.3469
v -1.1777 18.7107 9.3300
v -1.5356 18.7107 9.3020
v -1.8508 18.7107 9.2628
v -2.1355 18.7107 9.2123
v -2.3962 18.7107 9.1506
v -2.6366 18.7107 9.0777
v -2.8590 18.7107 8.9934
v -3.0651 18.7107 8.8979
v -3.2558 18.7107 8.7908
v -3.4321 18.7107 8.6723
v -3.5943 18.7107 8.5420
v -3.7429 18.7107 8.3998
v -3.8781 18.7107 8.2453
v -4.0002 18.7107 8.0780
v -4.1092 18.7107 7.8973
v -4.2053 18.7107 7.7023
v -4.2885 18.7107 7.4916
v -4.3589 18.7107 7.2630
v -4.4164 18.7107 7.0134
v -4.4612 18.7107 6.7371
v -4.4931 18.7107 6.4232
v -4.5123 18.7107 6.0449
v -4.5187 18.7107 5.3907
v -4.5123 18.7107 4.7365
v -4.4931 18.7107 4.3582
v -4.4612 18.7107 4.0443
v -4.4164 18.7107 3.7680
v -4.3589 18.7107 3.5184
v -4.2885 18.7107 3.2898
v -4.2053 18.7107 3.0791
v -4.1092 18.7107 2.8841
v -4.0002 18.7107 2.7034
v -3.8781 18.7107 2.5361
v -3.7429 18.7107 2.3816
v -3.5943 18.7107 2.2394
v -3.4321 18.7107 2.1091
v -3.2558 18.7107 1.9906
v -3.0651 18.7107 1.8835
v -2.8590 18.7107 1.7879
v -2.6366 18.7107 1.7037
v -2.3962 18.7107 1.6308
v -2.1355 18.7107 1.5691
v -1.8508 18.7107 1.5186
v -1.5356 18.7107 1.4816
v -1.1777 18.7107 1.5406
v -0.7462 18.7107 1.7385
v -0.0000 18.7107 1.9789
v 0.7462 18.7107 1.7385
v 1.1777 18.7107 1.5406
v 1.5356 18.7107 1.4816
v 1.8508 18.7107 1.5186
v 2.1355 18.7107 1.5691
v 2.3962 18.7107 1.6308
v 2.6366 18.7107 1.7037
v 2.8590 18.7107 1.7879
v 3.0651 18.7107 1.8835
v 3.2558 18.7107 1.9906
v 3.4321 18.7107 2.1091
v 3.5943 18.7107 2.2394
v 3.7429 18.7107 2.3816
v 3.8781 18.7107 2.5361
v 4.0002 18.7107 2.7034
v 4.1092 18.7107 2.8841
v 4.2053 18.7107 3.0791
v 4.2885 18.7107 3.2898
v 4.3589 18.7107 3.5184
v 4.4164 18.7107 3.7680
v 4.4612 18.7107 4.0443
v 4.4931 18.7107 4.3582
v 4.5123 18.7107 4.7365
v 4.5045 18.8597 5.2039
v 4.4981 18.8597 5.7901
v 4.4789 18.8597 6.1298
v 4.4470 18.8597 6.4118
v 4.4023 18.8597 6.6601
v 4.3449 18.8597 6.8845
v 4.2746 18.8597 7.0900
v 4.1916 18.8597 7.2795
v 4.0956 18.8597 7.4549
v 3.9868 18.8597 7.6174
v 3.8649 18.8597 7.7679
v 3.7300 18.8597 7.9069
v 3.5816 18.8597 8.0348
v 3.4197 18.8597 8.1521
v 3.2439 18.8597 8.2588
v 3.0535 18.8597 8.3551
v 2.8479 18.8597 8.4411
v 2.6260 18.8597 8.5169
v 2.3862 18.8597 8.5826
v 2.1262 18.8597 8.6381
v 1.8423 18.8597 8.6835
v 1.5281 18.8597 8.7188
v 1.1714 18.8597 8.7441
v 0.7417 18.8597 8.7592
v 0.0000 18.8597 8.7642
v -0.7417 18.8597 8.7592
v -1.1714 18.8597 8.7441
v -1.5281 18.8597 8.7188
v -1.8423 18.8597 8.6835
v -2.1262 18.8597 8.6381
v -2.3862 18.8597 8.5826
v -2.6260 18.8597 8.5169
v -2.8479 18.8597 8.4411
v -3.0535 18.8597 8.3551
v -3.2439 18.8597 8.2588
v -3.4197 18.8597 8.1521
v -3.5816 18.8597 8.0348
v -3.7300 18.8597 7.9069
v -3.8649 18.8597 7.7679
v -3.9868 18.8597 7.6174
v -4.0956 18.8597 7.4549
v -4.1916 18.8597 7.2795
v -4.2746 18.8597 7.0900
v -4.3449 18.8597 6.8845
v -4.4023 18.8597 6.6601
v -4.4470 18.8597 6.4118
v -4.4789 18.8597 6.1298
v -4.4981 18.8597 5.7901
v -4.5045 18.8597 5.2039
v -4.4981 18.8597 4.6177
v -4.4789 18.8597 4.2781
v -4.4470 18.8597 3.9961
v -4.4023 18.8597 3.7478
v -4.3449 18.8597 3.5234
v -4.2746 18.8597 3.3179
v -4.1916 18.8597 3.1284
v -4.0956 18.8597 2.9530
v -3.9868 18.8597 2.7905
v -3.8649 18.8597 2.6400
v -3.7300 18.8597 2.5010
v -3.5816 18.8597 2.3730
v -3.4197 18.8597 2.2558
v -3.2439 18.8597 2.1491
v -3.0535 18.8597 2.0528
v -2.8479 18.8597 1.9668
v -2.6260 18.8597 1.8910
v -2.3862 18.8597 1.8253
v -2.1262 18.8597 1.7698
v -1.8423 18.8597 1.7244
v -1.5281 18.8597 1.6918
v -1.1714 18.8597 1.7556
v -0.7417 18.8597 1.9551
v -0.0000 18.8597 2.1936
v 0.7417 18.8597 1.9551
v 1.1714 18.8597 1.7556
v 1.5281 18.8597 1.6918
v 1.8423 18.8597 1.7244
v 2.1262 18.8597 1.7698
v 2.3862 18.8597 1.8253
v 2.6260 18.8597 1.8910
v 2.8479 18.8597 1.9668
v 3.0535 18.8597 2.0528
v 3.2439 18.8597 2.1491
v 3.4197 18.8597 2.2558
v 3.5816 18.8597 2.3730
v 3.7300 18.8597 2.5010
v 3.8649 18.8597 2.6400
v 3.9868 18.8597 2.7905
v 4.0956 18.8597 2.9530
v 4.1916 18.8597 3.1284
v 4.2746 18.8597 3.3179
v 4.3449 18.8597 3.5234
v 4.4023 18.8597 3.7478
v 4.4470 18.8597 3.9961
v 4.4789 18.8597 4.2781
v 4.4981 18.8597 4.6177
v 4.5000 19.0027 5.0235
v 4.4936 19.0027 5.5451
v 4.4745 19.0027 5.8479
v 4.4425 19.0027 6.0994
v 4.3978 19.0027 6.3209
v 4.3404 19.0027 6.5212
v 4.2701 19.0027 6.7046
v 4.1870 19.0027 6.8737
v 4.0910 19.0027 7.0303
v 3.9822 19.0027 7.1754
v 3.8603 19.0027 7.3098
v 3.7253 19.0027 7.4339
v 3.5769 19.0027 7.5482
v 3.4150 19.0027 7.6529
v 3.2391 19.0027 7.7482
v 3.0488 19.0027 7.8342
v 2.8432 19.0027 7.9111
v 2.6214 19.0027 7.9788
v 2.3817 19.0027 8.0375
v 2.1218 19.0027 8.0871
v 1.8381 19.0027 8.1276
v 1.5243 19.0027 8.1592
v 1.1680 19.0027 8.1817
v 0.7390 19.0027 8.1952
v 0.0000 19.0027 8.1997
v -0.7390 19.0027 8.1952
v -1.1680 19.0027 8.1817
v -1.5243 19.0027 8.1592
v -1.8381 19.0027 8.1276
v -2.1218 19.0027 8.0871
v -2.3817 19.0027 8.0375
v -2.6214 19.0027 7.9788
v -2.8432 19.0027 7.9111
v -3.0488 19.0027 7.8342
v -3.2391 19.0027 7.7482
v -3.4150 19.0027 7.6529
v -3.5769 19.0027 7.5482
v -3.7253 19.0027 7.4339
v -3.8603 19.0027 7.3098
v -3.9822 19.0027 7.1754
v -4.0910 19.0027 7.0303
v -4.1870 19.0027 6.8737
v -4.2701 19.0027 6.7046
v -4.3404 19.0027 6.5212
v -4.3978 19.0027 6.3209
v -4.4425 19.0027 6.0994
v -4.4745 19.0027 5.8479
v -4.4936 19.0027 5.5451
v -4.5000 19.0027 5.0235
v -4.4936 19.0027 4.5019
v -4.4745 19.0027 4.1991
v -4.4425 19.0027 3.9476
v -4.3978 19.0027 3.7261
v -4.3404 19.0027 3.5258
v -4.2701 19.0027 3.3424
v -4.1870 19.0027 3.1733
v -4.0910 19.0027 3.0167
v -3.9822 19.0027 2.8716
v -3.8603 19.0027 2.7372
v -3.7253 19.0027 2.6131
v -3.5769 19.0027 2.4988
v -3.4150 19.0027 2.3941
v -3.2391 19.0027 2.2988
v -3.0488 19.0027 2.2128
v -2.8432 19.0027 2.1359
v -2.6214 19.0027 2.0682
v -2.3817 19.0027 2.0096
v -2.1218 19.0027 1.9599
v -1.8381 19.0027 1.9194
v -1.5243 19.0027 1.8909
v -1.1680 19.0027 1.9584
v -0.7390 19.0027 2.1596
v -0.0000 19.0027 2.3973
v 0.7390 19.0027 2.1596
v 1.1680 19.0027 1.9584
v 1.5243 19.0027 1.8909
v 1.8381 19.0027 1.9194
v 2.1218 19.0027 1.9599
v 2.3817 19.0027 2.0096
v 2.6214 19.0027 2.0682
v 2.8432 19.0027 2.1359
v 3.0488 19.0027 2.2128
v 3.2391 19.0027 2.2988
v 3.4150 19.0027 2.3941
v 3.5769 19.0027 2.4988
v 3.7253 19.0027 2.6131
v 3.8603 19.0027 2.7372
v 3.9822 19.0027 2.8716
v 4.0910 19.0027 3.0167
v 4.1870 19.0027 3.1733
v 4.2701 19.0027 3.3424
v 4.3404 19.0027 3.5258
v 4.3978 19.0027 3.7261
v 4.4425 19.0027 3.9476
v 4.4745 19.0027 4.1991
v 4.4936 19.0027 4.5019
v 4.5000 19.1396 4.8481
v 4.4936 19.1396 5.3087
v 4.4744 19.1396 5.5766
v 4.4425 19.1396 5.7991
v 4.3977 19.1396 5.9952
v 4.3402 19.1396 6.1725
v 4.2698 19.1396 6.3349
v 4.1866 19.1396 6.4847
v 4.0905 19.1396 6.6234
v 3.9816 19.1396 6.7519
v 3.8595 19.1396 6.8709
v 3.7244 19.1396 6.9809
v 3.5759 19.1396 7.0821
v 3.4138 19.1396 7.1749
v 3.2378 19.1396 7.2593
v 3.0473 19.1396 7.3355
v 2.8416 19.1396 7.4036
v 2.6196 19.1396 7.4636
v 2.3798 19.1396 7.5156
v 2.1199 19.1396 7.5596
v 1.8361 19.1396 7.5955
v 1.5222 19.1396 7.6235
v 1.1661 19.1396 7.6435
v 0.7374 19.1396 7.6554
v 0.0000 19.1396 7.6594
v -0.7374 19.1396 7.6554
v -1.1661 19.1396 7.6435
v -1.5222 19.1396 7.6235
v -1.8361 19.1396 7.5955
v -2.1199 19.1396 7.5596
v -2.3798 19.1396 7.5156
v -2.6196 19.1396 7.4636
v -2.8416 19.1396 7.4036
v -3.0473 19.1396 7.3355
v -3.2378 19.1396 7.2593
v -3.4138 19.1396 7.1749
v -3.5759 19.1396 7.0821
v -3.7244 19.1396 6.9809
v -3.8595 19.1396 6.8709
v -3.9816 19.1396 6.7519
v -4.0905 19.1396 6.6234
v -4.1866 19.1396 6.4847
v -4.2698 19.1396 6.3349
v -4.3402 19.1396 6.1725
v -4.3977 19.1396 5.9952
v -4.4425 19.1396 5.7991
v -4.4744 19.1396 5.5766
v -4.4936 19.1396 5.3087
v -4.5000 19.1396 4.8481
v -4.4936 19.1396 4.3874
v -4.4744 19.1396 4.1196
v -4.4425 19.1396 3.8971
v -4.3977 19.1396 3.7010
v -4.3402 19.1396 3.5237
v -4.2698 19.1396 3.3613
v -4.1866 19.1396 3.2115
v -4.0905 19.1396 3.0728
v -3.9816 19.1396 2.9443
v -3.8595 19.1396 2.8253
v -3.7244 19.1396 2.7153
v -3.5759 19.1396 2.6140
v -3.4138 19.1396 2.5213
v -3.2378 19.1396 2.4368
v -3.0473 19.1396 2.3606
v -2.8416 19.1396 2.2925
v -2.6196 19.1396 2.2325
v -2.3798 19.1396 2.1805
v -2.1199 19.1396 2.1366
v -1.8361 19.1396 2.1006
v -1.5222 19.1396 2.0759
v -1.1661 19.1396 2.1466
v -0.7374 19.1396 2.3494
v -0.0000 19.1396 2.5867
v 0.7374 19.1396 2.3494
v 1.1661 19.1396 2.1466
v 1.5222 19.1396 2.0759
v 1.8361 19.1396 2.1006
v 2.1199 19.1396 2.1366
v 2.3798 19.1396 2.1805
v 2.6196 19.1396 2.2325
v 2.8416 19.1396 2.2925
v 3.0473 19.1396 2.3606
v 3.2378 19.1396 2.4368
v 3.4138 19.1396 2.5213
v 3.5759 19.1396 2.6140
v 3.7244 19.1396 2.7153
v 3.8595 19.1396 2.8253
v 3.9816 19.1396 2.9443
v 4.0905 19.1396 3.0728
v 4.1866 19.1396 3.2115
v 4.2698 19.1396 3.3613
v 4.3402 19.1396 3.5237
v 4.3977 19.1396 3.7010
v 4.4425 19.1396 3.8971
v 4.4744 19.1396 4.1196
v 4.4936 19.1396 4.3874
v 4.5000 19.2702 4.6767
v 4.4936 19.2702 5.0802
v 4.4744 19.2702 5.3151
v 4.4424 19.2702 5.5103
v 4.3976 19.2702 5.6824
v 4.3400 19.2702 5.8380
v 4.2696 19.2702 5.9805
v 4.1863 19.2702 6.1121
v 4.0901 19.2702 6.2338
v 3.9810 19.2702 6.3467
v 3.8589 19.2702 6.4512
v 3.7236 19.2702 6.5478
v 3.5750 19.2702 6.6367
v 3.4128 19.2702 6.7182
v 3.2367 19.2702 6.7923
v 3.0461 19.2702 6.8593
v 2.8402 19.2702 6.9191
v 2.6181 19.2702 6.9718
v 2.3782 19.2702 7.0174
v 2.1182 19.2702 7.0561
v 1.8344 19.2702 7.0876
v 1.5205 19.2702 7.1122
v 1.1644 19.2702 7.1297
v 0.7360 19.2702 7.1403
v 0.0000 19.2702 7.1438
v -0.7360 19.2702 7.1403
v -1.1644 19.2702 7.1297
v -1.5205 19.2702 7.1122
v -1.8344 19.2702 7.0876
v -2.1182 19.2702 7.0561
v -2.3782 19.2702 7.0174
v -2.6181 19.2702 6.9718
v -2.8402 19.2702 6.9191
v -3.0461 19.2702 6.8593
v -3.2367 19.2702 6.7923
v -3.4128 19.2702 6.7182
v -3.5750 19.2702 6.6367
v -3.7236 19.2702 6.5478
v -3.8589 19.2702 6.4512
v -3.9810 19.2702 6.3467
v -4.0901 19.2702 6.2338
v -4.1863 19.2702 6.1121
v -4.2696 19.2702 5.9805
v -4.3400 19.2702 5.8380
v -4.3976 19.2702 5.6824
v -4.4424 19.2702 5.5103
v -4.4744 19.2702 5.3151
v -4.4936 19.2702 5.0802
v -4.5000 19.2702 4.6767
v -4.4936 19.2702 4.2733
v -4.4744 19.2702 4.0384
v -4.4424 19.2702 3.8432
v -4.3976 19.2702 3.6711
v -4.3400 19.2702 3.5155
v -4.2696 19.2702 3.3729
v -4.1863 19.2702 3.2414
v -4.0901 19.2702 3.1196
v -3.9810 19.2702 3.0068
v -3.8589 19.2702 2.9023
v -3.7236 19.2702 2.8057
v -3.5750 19.2702 2.7168
v -3.4128 19.2702 2.6353
v -3.2367 19.2702 2.5611
v -3.0461 19.2702 2.4942
v -2.8402 19.2702 2.4344
v -2.6181 19.2702 2.3817
v -2.3782 19.2702 2.3360
v -2.1182 19.2702 2.2974
v -1.8344 19.2702 2.2658
v -1.5205 19.2702 2.2446
v -1.1644 19.2702 2.3183
v -0.7360 19.2702 2.5227
v -0.0000 19.2702 2.7597
v 0.7360 19.2702 2.5227
v 1.1644 19.2702 2.3183
v 1.5205 19.2702 2.2446
v 1.8344 19.2702 2.2658
v 2.1182 19.2702 2.2974
v 2.3782 19.2702 2.3360
v 2.6181 19.2702 2.3817
v 2.8402 19.2702 2.4344
v 3.0461 19.2702 2.4942
v 3.2367 19.2702 2.5611
v 3.4128 19.2702 2.6353
v 3.5750 19.2702 2.7168
v 3.7236 19.2702 2.8057
v 3.8589 19.2702 2.9023
v 3.9810 19.2702 3.0068
v 4.0901 19.2702 3.1196
v 4.1863 19.2702 3.2414
v 4.2696 19.2702 3.3729
v 4.3400 19.2702 3.5155
v 4.3976 19.2702 3.6711
v 4.4424 19.2702 3.8432
v 4.4744 19.2702 4.0384
v 4.4936 19.2702 4.2733
v 4.5000 19.3945 4.5090
v 4.4936 19.3945 4.8591
v 4.4744 19.3945 5.0631
v 4.4424 19.3945 5.2328
v 4.3975 19.3945 5.3824
v 4.3399 19.3945 5.5176
v 4.2694 19.3945 5.6416
v 4.1860 19.3945 5.7559
v 4.0898 19.3945 5.8618
v 3.9806 19.3945 5.9599
v 3.8584 19.3945 6.0508
v 3.7230 19.3945 6.1348
v 3.5743 19.3945 6.2122
v 3.4120 19.3945 6.2830
v 3.2357 19.3945 6.3475
v 3.0450 19.3945 6.4058
v 2.8390 19.3945 6.4578
v 2.6168 19.3945 6.5037
v 2.3768 19.3945 6.5434
v 2.1167 19.3945 6.5770
v 1.8329 19.3945 6.6044
v 1.5190 19.3945 6.6258
v 1.1630 19.3945 6.6411
v 0.7348 19.3945 6.6502
v 0.0000 19.3945 6.6533
v -0.7348 19.3945 6.6502
v -1.1630 19.3945 6.6411
v -1.5190 19.3945 6.6258
v -1.8329 19.3945 6.6044
v -2.1167 19.3945 6.5770
v -2.3768 19.3945 6.5434
v -2.6168 19.3945 6.5037
v -2.8390 19.3945 6.4578
v -3.0450 19.3945 6.4058
v -3.2357 19.3945 6.3475
v -3.4120 19.3945 6.2830
v -3.5743 19.3945 6.2122
v -3.7230 19.3945 6.1348
v -3.8584 19.3945 6.0508
v -3.9806 19.3945 5.9599
v -4.0898 19.3945 5.8618
v -4.1860 19.3945 5.7559
v -4.2694 19.3945 5.6416
v -4.3399 19.3945 5.5176
v -4.3975 19.3945 5.3824
v -4.4424 19.3945 5.2328
v -4.4744 19.3945 5.0631
v -4.4936 19.3945 4.8591
v -4.5000 19.3945 4.5090
v -4.4936 19.3945 4.1589
v -4.4744 19.3945 3.9548
v -4.4424 19.3945 3.7852
v -4.3975 19.3945 3.6356
v -4.3399 19.3945 3.5003
v -4.2694 19.3945 3.3764
v -4.1860 19.3945 3.2620
v -4.0898 19.3945 3.1562
v -3.9806 19.3945 3.0580
v -3.8584 19.3945 2.9671
v -3.7230 19.3945 2.8831
v -3.5743 19.3945 2.8058
v -3.4120 19.3945 2.7349
v -3.2357 19.3945 2.6704
v -3.0450 19.3945 2.6122
v -2.8390 19.3945 2.5602
v -2.6168 19.3945 2.5143
v -2.3768 19.3945 2.4746
v -2.1167 19.3945 2.4410
v -1.8329 19.3945 2.4135
v -1.5190 19.3945 2.3956
v -1.1630 19.3945 2.4721
v -0.7348 19.3945 2.6779
v -0.0000 19.3945 2.9147
v 0.7348 19.3945 2.6779
v 1.1630 19.3945 2.4721
v 1.5190 19.3945 2.3956
v 1.8329 19.3945 2.4135
v 2.1167 19.3945 2.4410
v 2.3768 19.3945 2.4746
v 2.6168 19.3945 2.5143
v 2.8390 19.3945 2.5602
v 3.0450 19.3945 2.6122
v 3.2357 19.3945 2.6704
v 3.4120 19.3945 2.7349
v 3.5743 19.3945 2.8058
v 3.7230 19.3945 2.8831
v 3.8584 19.3945 2.9671
v 3.9806 19.3945 3.0580
v 4.0898 19.3945 3.1562
v 4.1860 19.3945 3.2620
v 4.2694 19.3945 3.3764
v 4.3399 19.3945 3.5003
v 4.3975 19.3945 3.6356
v 4.4424 19.3945 3.7852
v 4.4744 19.3945 3.9548
v 4.4936 19.3945 4.1589
v 4.5000 19.5122 4.3447
v 4.4936 19.5122 4.6453
v 4.4744 19.5122 4.8207
v 4.4423 19.5122 4.9666
v 4.3974 19.5122 5.0952
v 4.3397 19.5122 5.2115
v 4.2692 19.5122 5.3181
v 4.1858 19.5122 5.4165
v 4.0895 19.5122 5.5075
v 3.9802 19.5122 5.5920
v 3.8579 19.5122 5.6702
v 3.7225 19.5122 5.7424
v 3.5737 19.5122 5.8090
v 3.4113 19.5122 5.8699
v 3.2349 19.5122 5.9254
v 3.0441 19.5122 5.9755
v 2.8380 19.5122 6.0203
v 2.6158 19.5122 6.0598
v 2.3757 19.5122 6.0939
v 2.1155 19.5122 6.1228
v 1.8316 19.5122 6.1465
v 1.5177 19.5122 6.1649
v 1.1618 19.5122 6.1780
v 0.7338 19.5122 6.1859
v 0.0000 19.5122 6.1885
v -0.7338 19.5122 6.1859
v -1.1618 19.5122 6.1780
v -1.5177 19.5122 6.1649
v -1.8316 19.5122 6.1465
v -2.1155 19.5122 6.1228
v -2.3757 19.5122 6.0939
v -2.6158 19.5122 6.0598
v -2.8380 19.5122 6.0203
v -3.0441 19.5122 5.9755
v -3.2349 19.5122 5.9254
v -3.4113 19.5122 5.8699
v -3.5737 19.5122 5.8090
v -3.7225 19.5122 5.7424
v -3.8579 19.5122 5.6702
v -3.9802 19.5122 5.5920
v -4.0895 19.5122 5.5075
v -4.1858 19.5122 5.4165
v -4.2692 19.5122 5.3181
v -4.3397 19.5122 5.2115
v -4.3974 19.5122 5.0952
v -4.4423 19.5122 4.9666
v -4.4744 19.5122 4.8207
v -4.4936 19.5122 4.6453
v -4.5000 19.5122 4.3447
v -4.4936 19.5122 4.0440
v -4.4744 19.5122 3.8687
v -4.4423 19.5122 3.7228
v -4.3974 19.5122 3.5942
v -4.3397 19.5122 3.4779
v -4.2692 19.5122 3.3713
v -4.1858 19.5122 3.2729
v -4.0895 19.5122 3.1818
v -3.9802 19.5122 3.0974
v -3.8579 19.5122 3.0192
v -3.7225 19.5122 2.9470
v -3.5737 19.5122 2.8804
v -3.4113 19.5122 2.8195
v -3.2349 19.5122 2.7640
v -3.0441 19.5122 2.7138
v -2.8380 19.5122 2.6691
v -2.6158 19.5122 2.6296
v -2.3757 19.5122 2.5954
v -2.1155 19.5122 2.5665
v -1.8316 19.5122 2.5429
v -1.5177 19.5122 2.5281
v -1.1618 19.5122 2.6071
v -0.7338 19.5122 2.8142
v -0.0000 19.5122 3.0509
v 0.7338 19.5122 2.8142
v 1.1618 19.5122 2.6071
v 1.5177 19.5122 2.5281
v 1.8316 19.5122 2.5429
v 2.1155 19.5122 2.5665
v 2.3757 19.5122 2.5954
v 2.6158 19.5122 2.6296
v 2.8380 19.5122 2.6691
v 3.0441 19.5122 2.7138
v 3.2349 19.5122 2.7640
v 3.4113 19.5122 2.8195
v 3.5737 19.5122 2.8804
v 3.7225 19.5122 2.9470
v 3.8579 19.5122 3.0192
v 3.9802 19.5122 3.0974
v 4.0895 19.5122 3.1818
v 4.1858 19.5122 3.2729
v 4.2692 19.5122 3.3713
v 4.3397 19.5122 3.4779
v 4.3974 19.5122 3.5942
v 4.4423 19.5122 3.7228
v 4.4744 19.5122 3.8687
v 4.4936 19.5122 4.0440
v 4.5000 19.6233 4.1841
v 4.4936 19.6233 4.4391
v 4.4743 19.6233 4.5880
v 4.4423 19.6233 4.7119
v 4.3974 19.6233 4.8211
v 4.3396 19.6233 4.9199
v 4.2691 19.6233 5.0105
v 4.1856 19.6233 5.0941
v 4.0892 19.6233 5.1714
v 3.9799 19.6233 5.2432
v 3.8576 19.6233 5.3096
v 3.7220 19.6233 5.3710
v 3.5732 19.6233 5.4275
v 3.4107 19.6233 5.4794
v 3.2343 19.6233 5.5265
v 3.0433 19.6233 5.5691
v 2.8372 19.6233 5.6071
v 2.6149 19.6233 5.6407
v 2.3747 19.6233 5.6697
v 2.1145 19.6233 5.6943
v 1.8306 19.6233 5.7144
v 1.5167 19.6233 5.7300
v 1.1608 19.6233 5.7412
v 0.7329 19.6233 5.7479
v 0.0000 19.6233 5.7501
v -0.7329 19.6233 5.7479
v -1.1608 19.6233 5.7412
v -1.5167 19.6233 5.7300
v -1.8306 19.6233 5.7144
v -2.1145 19.6233 5.6943
v -2.3747 19.6233 5.6697
v -2.6149 19.6233 5.6407
v -2.8372 19.6233 5.6071
v -3.0433 19.6233 5.5691
v -3.2343 19.6233 5.5265
v -3.4107 19.6233 5.4794
v -3.5732 19.6233 5.4275
v -3.7220 19.6233 5.3710
v -3.8576 19.6233 5.3096
v -3.9799 19.6233 5.2432
v -4.0892 19.6233 5.1714
v -4.1856 19.6233 5.0941
v -4.2691 19.6233 5.0105
v -4.3396 19.6233 4.9199
v -4.3974 19.6233 4.8211
v -4.4423 19.6233 4.7119
v -4.4743 19.6233 4.5880
v -4.4936 19.6233 4.4391
v -4.5000 19.6233 4.1841
v -4.4936 19.6233 3.9290
v -4.4743 19.6233 3.7801
v -4.4423 19.6233 3.6562
v -4.3974 19.6233 3.5470
v -4.3396 19.6233 3.4482
v -4.2691 19.6233 3.3576
v -4.1856 19.6233 3.2741
v -4.0892 19.6233 3.1967
v -3.9799 19.6233 3.1250
v -3.8576 19.6233 3.0585
v -3.7220 19.6233 2.9971
v -3.5732 19.6233 2.9406
v -3.4107 19.6233 2.8888
v -3.2343 19.6233 2.8416
v -3.0433 19.6233 2.7990
v -2.8372 19.6233 2.7610
v -2.6149 19.6233 2.7275
v -2.3747 19.6233 2.6984
v -2.1145 19.6233 2.6739
v -1.8306 19.6233 2.6538
v -1.5167 19.6233 2.6418
v -1.1608 19.6233 2.7230
v -0.7329 19.6233 2.9314
v -0.0000 19.6233 3.1680
v 0.7329 19.6233 2.9314
v 1.1608 19.6233 2.7230
v 1.5167 19.6233 2.6418
v 1.8306 19.6233 2.6538
v 2.1145 19.6233 2.6739
v 2.3747 19.6233 2.6984
v 2.6149 19.6233 2.7275
v 2.8372 19.6233 2.7610
v 3.0433 19.6233 2.7990
v 3.2343 19.6233 2.8416
v 3.4107 19.6233 2.8888
v 3.5732 19.6233 2.9406
v 3.7220 19.6233 2.9971
v 3.8576 19.6233 3.0585
v 3.9799 19.6233 3.1250
v 4.0892 19.6233 3.1967
v 4.1856 19.6233 3.2741
v 4.2691 19.6233 3.3576
v 4.3396 19.6233 3.4482
v 4.3974 19.6233 3.5470
v 4.4423 19.6233 3.6562
v 4.4743 19.6233 3.7801
v 4.4936 19.6233 3.9290
v 4.5000 19.7275 4.0276
v 4.4936 19.7275 4.2410
v 4.4743 19.7275 4.3656
v 4.4422 19.7275 4.4693
v 4.3973 19.7275 4.5607
v 4.3396 19.7275 4.6435
v 4.2689 19.7275 4.7193
v 4.1854 19.7275 4.7893
v 4.0890 19.7275 4.8541
v 3.9797 19.7275 4.9141
v 3.8573 19.7275 4.9698
v 3.7217 19.7275 5.0212
v 3.5728 19.7275 5.0686
v 3.4102 19.7275 5.1120
v 3.2337 19.7275 5.1515
v 3.0427 19.7275 5.1871
v 2.8366 19.7275 5.2190
v 2.6142 19.7275 5.2471
v 2.3740 19.7275 5.2714
v 2.1137 19.7275 5.2920
v 1.8298 19.7275 5.3088
v 1.5159 19.7275 5.3219
v 1.1600 19.7275 5.3312
v 0.7323 19.7275 5.3369
v 0.0000 19.7275 5.3387
v -0.7323 19.7275 5.3369
v -1.1600 19.7275 5.3312
v -1.5159 19.7275 5.3219
v -1.8298 19.7275 5.3088
v -2.1137 19.7275 5.2920
v -2.3740 19.7275 5.2714
v -2.6142 19.7275 5.2471
v -2.8366 19.7275 5.2190
v -3.0427 19.7275 5.1871
v -3.2337 19.7275 5.1515
v -3.4102 19.7275 5.1120
v -3.5728 19.7275 5.0686
v -3.7217 19.7275 5.0212
v -3.8573 19.7275 4.9698
v -3.9797 19.7275 4.9141
v -4.0890 19.7275 4.8541
v -4.1854 19.7275 4.7893
v -4.2689 19.7275 4.7193
v -4.3396 19.7275 4.6435
v -4.3973 19.7275 4.5607
v -4.4422 19.7275 4.4693
v -4.4743 19.7275 4.3656
v -4.4936 19.7275 4.2410
v -4.5000 19.7275 4.0276
v -4.4936 19.7275 3.8143
v -4.4743 19.7275 3.6897
v -4.4422 19.7275 3.5860
v -4.3973 19.7275 3.4945
v -4.3396 19.7275 3.4118
v -4.2689 19.7275 3.3360
v -4.1854 19.7275 3.2660
v -4.0890 19.7275 3.2012
v -3.9797 19.7275 3.1411
v -3.8573 19.7275 3.0855
v -3.7217 19.7275 3.0341
v -3.5728 19.7275 2.9867
v -3.4102 19.7275 2.9433
v -3.2337 19.7275 2.9038
v -3.0427 19.7275 2.8681
v -2.8366 19.7275 2.8363
v -2.6142 19.7275 2.8082
v -2.3740 19.7275 2.7839
v -2.1137 19.7275 2.7633
v -1.8298 19.7275 2.7465
v -1.5159 19.7275 2.7371
v -1.1600 19.7275 2.8204
v -0.7323 19.7275 3.0299
v -0.0000 19.7275 3.2665
v 0.7323 19.7275 3.0299
v 1.1600 19.7275 2.8204
v 1.5159 19.7275 2.7371
v 1.8298 19.7275 2.7465
v 2.1137 19.7275 2.7633
v 2.3740 19.7275 2.7839
v 2.6142 19.7275 2.8082
v 2.8366 19.7275 2.8363
v 3.0427 19.7275 2.8681
v 3.2337 19.7275 2.9038
v 3.4102 19.7275 2.9433
v 3.5728 19.7275 2.9867
v 3.7217 19.7275 3.0341
v 3.8573 19.7275 3.0855
v 3.9797 19.7275 3.1411
v 4.0890 19.7275 3.2012
v 4.1854 19.7275 3.2660
v 4.2689 19.7275 3.3360
v 4.3396 19.7275 3.4118
v 4.3973 19.7275 3.4945
v 4.4422 19.7275 3.5860
v 4.4743 19.7275 3.6897
v 4.4936 19.7275 3.8143
v 4.5000 19.8247 3.8762
v 4.4936 19.8247 4.0516
v 4.4743 19.8247 4.1542
v 4.4422 19.8247 4.2395
v 4.3973 19.8247 4.3148
v 4.3395 19.8247 4.3829
v 4.2688 19.8247 4.4453
v 4.1853 19.8247 4.5029
v 4.0889 19.8247 4.5562
v 3.9795 19.8247 4.6057
v 3.8570 19.8247 4.6515
v 3.7214 19.8247 4.6938
v 3.5724 19.8247 4.7328
v 3.4098 19.8247 4.7685
v 3.2333 19.8247 4.8010
v 3.0423 19.8247 4.8304
v 2.8360 19.8247 4.8566
v 2.6136 19.8247 4.8797
v 2.3734 19.8247 4.8998
v 2.1131 19.8247 4.9167
v 1.8291 19.8247 4.9306
v 1.5152 19.8247 4.9413
v 1.1594 19.8247 4.9490
v 0.7317 19.8247 4.9537
v 0.0000 19.8247 4.9552
v -0.7317 19.8247 4.9537
v -1.1594 19.8247 4.9490
v -1.5152 19.8247 4.9413
v -1.8291 19.8247 4.9306
v -2.1131 19.8247 4.9167
v -2.3734 19.8247 4.8998
v -2.6136 19.8247 4.8797
v -2.8360 19.8247 4.8566
v -3.0423 19.8247 4.8304
v -3.2333 19.8247 4.8010
v -3.4098 19.8247 4.7685
v -3.5724 19.8247 4.7328
v -3.7214 19.8247 4.6938
v -3.8570 19.8247 4.6515
v -3.9795 19.8247 4.6057
v -4.0889 19.8247 4.5562
v -4.1853 19.8247 4.5029
v -4.2688 19.8247 4.4453
v -4.3395 19.8247 4.3829
v -4.3973 19.8247 4.3148
v -4.4422 19.8247 4.2395
v -4.4743 19.8247 4.1542
v -4.4936 19.8247 4.0516
v -4.5000 19.8247 3.8762
v -4.4936 19.8247 3.7007
v -4.4743 19.8247 3.5982
v -4.4422 19.8247 3.5129
v -4.3973 19.8247 3.4376
v -4.3395 19.8247 3.3695
v -4.2688 19.8247 3.3071
v -4.1853 19.8247 3.2495
v -4.0889 19.8247 3.1962
v -3.9795 19.8247 3.1467
v -3.8570 19.8247 3.1009
v -3.7214 19.8247 3.0586
v -3.5724 19.8247 3.0196
v -3.4098 19.8247 2.9839
v -3.2333 19.8247 2.9513
v -3.0423 19.8247 2.9220
v -2.8360 19.8247 2.8958
v -2.6136 19.8247 2.8726
v -2.3734 19.8247 2.8526
v -2.1131 19.8247 2.8357
v -1.8291 19.8247 2.8218
v -1.5152 19.8247 2.8148
v -1.1594 19.8247 2.9000
v -0.7317 19.8247 3.1105
v -0.0000 19.8247 3.3472
v 0.7317 19.8247 3.1105
v 1.1594 19.8247 2.9000
v 1.5152 19.8247 2.8148
v 1.8291 19.8247 2.8218
v 2.1131 19.8247 2.8357
v 2.3734 19.8247 2.8526
v 2.6136 19.8247 2.8726
v 2.8360 19.8247 2.8958
v 3.0423 19.8247 2.9220
v 3.2333 19.8247 2.9513
v 3.4098 19.8247 2.9839
v 3.5724 19.8247 3.0196
v 3.7214 19.8247 3.0586
v 3.8570 19.8247 3.1009
v 3.9795 19.8247 3.1467
v 4.0889 19.8247 3.1962
v 4.1853 19.8247 3.2495
v 4.2688 19.8247 3.3071
v 4.3395 19.8247 3.3695
v 4.3973 19.8247 3.4376
v 4.4422 19.8247 3.5129
v 4.4743 19.8247 3.5982
v 4.4936 19.8247 3.7007
v 4.5000 19.9146 3.7308
v 4.4936 19.9146 3.8721
v 4.4743 19.9146 3.9548
v 4.4422 19.9146 4.0235
v 4.3973 19.9146 4.0842
v 4.3394 19.9146 4.1391
v 4.2688 19.9146 4.1894
v 4.1852 19.9146 4.2358
v 4.0888 19.9146 4.2788
v 3.9793 19.9146 4.3186
v 3.8568 19.9146 4.3556
v 3.7212 19.9146 4.3897
v 3.5722 19.9146 4.4211
v 3.4096 19.9146 4.4499
v 3.2330 19.9146 4.4761
v 3.0419 19.9146 4.4998
v 2.8356 19.9146 4.5209
v 2.6132 19.9146 4.5396
v 2.3729 19.9146 4.5557
v 2.1126 19.9146 4.5694
v 1.8286 19.9146 4.5806
v 1.5147 19.9146 4.5892
v 1.1589 19.9146 4.5954
v 0.7313 19.9146 4.5992
v 0.0000 19.9146 4.6004
v -0.7313 19.9146 4.5992
v -1.1589 19.9146 4.5954
v -1.5147 19.9146 4.5892
v -1.8286 19.9146 4.5806
v -2.1126 19.9146 4.5694
v -2.3729 19.9146 4.5557
v -2.6132 19.9146 4.5396
v -2.8356 19.9146 4.5209
v -3.0419 19.9146 4.4998
v -3.2330 19.9146 4.4761
v -3.4096 19.9146 4.4499
v -3.5722 19.9146 4.4211
v -3.7212 19.9146 4.3897
v -3.8568 19.9146 4.3556
v -3.9793 19.9146 4.3186
v -4.0888 19.9146 4.2788
v -4.1852 19.9146 4.2358
v -4.2688 19.9146 4.1894
v -4.3394 19.9146 4.1391
v -4.3973 19.9146 4.0842
v -4.4422 19.9146 4.0235
v -4.4743 19.9146 3.9548
v -4.4936 19.9146 3.8721
v -4.5000 19.9146 3.7308
v -4.4936 19.9146 3.5895
v -4.4743 19.9146 3.5068
v -4.4422 19.9146 3.4381
v -4.3973 19.9146 3.3774
v -4.3394 19.9146 3.3225
v -4.2688 19.9146 3.2722
v -4.1852 19.9146 3.2258
v -4.0888 19.9146 3.1828
v -3.9793 19.9146 3.1430
v -3.8568 19.9146 3.1060
v -3.7212 19.9146 3.0719
v -3.5722 19.9146 3.0405
v -3.4096 19.9146 3.0117
v -3.2330 19.9146 2.9855
v -3.0419 19.9146 2.9618
v -2.8356 19.9146 2.9407
v -2.6132 19.9146 2.9220
v -2.3729 19.9146 2.9059
v -2.1126 19.9146 2.8922
v -1.8286 19.9146 2.8810
v -1.5147 19.9146 2.8762
v -1.1589 19.9146 2.9630
v -0.7313 19.9146 3.1744
v -0.0000 19.9146 3.4112
v 0.7313 19.9146 3.1744
v 1.1589 19.9146 2.9630
v 1.5147 19.9146 2.8762
v 1.8286 19.9146 2.8810
v 2.1126 19.9146 2.8922
v 2.3729 19.9146 2.9059
v 2.6132 19.9146 2.9220
v 2.8356 19.9146 2.9407
v 3.0419 19.9146 2.9618
v 3.2330 19.9146 2.9855
v 3.4096 19.9146 3.0117
v 3.5722 19.9146 3.0405
v 3.7212 19.9146 3.0719
v 3.8568 19.9146 3.1060
v 3.9793 19.9146 3.1430
v 4.0888 19.9146 3.1828
v 4.1852 19.9146 3.2258
v 4.2688 19.9146 3.2722
v 4.3394 19.9146 3.3225
v 4.3973 19.9146 3.3774
v 4.4422 19.9146 3.4381
v 4.4743 19.9146 3.5068
v 4.4936 19.9146 3.5895
v 4.5000 19.9969 3.5928
v 4.4936 19.9969 3.7037
v 4.4743 19.9969 3.7685
v 4.4422 19.9969 3.8225
v 4.3972 19.9969 3.8701
v 4.3394 19.9969 3.9132
v 4.2687 19.9969 3.9527
v 4.1852 19.9969 3.9891
v 4.0887 19.9969 4.0229
v 3.9792 19.9969 4.0542
v 3.8567 19.9969 4.0832
v 3.7210 19.9969 4.1099
v 3.5720 19.9969 4.1346
v 3.4093 19.9969 4.1572
v 3.2327 19.9969 4.1778
v 3.0416 19.9969 4.1964
v 2.8353 19.9969 4.2130
v 2.6128 19.9969 4.2276
v 2.3726 19.9969 4.2403
v 2.1122 19.9969 4.2510
v 1.8282 19.9969 4.2598
v 1.5143 19.9969 4.2666
v 1.1585 19.9969 4.2715
v 0.7310 19.9969 4.2744
v 0.0000 19.9969 4.2754
v -0.7310 19.9969 4.2744
v -1.1585 19.9969 4.2715
v -1.5143 19.9969 4.2666
v -1.8282 19.9969 4.2598
v -2.1122 19.9969 4.2510
v -2.3726 19.9969 4.2403
v -2.6128 19.9969 4.2276
v -2.8353 19.9969 4.2130
v -3.0416 19.9969 4.1964
v -3.2327 19.9969 4.1778
v -3.4093 19.9969 4.1572
v -3.5720 19.9969 4.1346
v -3.7210 19.9969 4.1099
v -3.8567 19.9969 4.0832
v -3.9792 19.9969 4.0542
v -4.0887 19.9969 4.0229
v -4.1852 19.9969 3.9891
v -4.2687 19.9969 3.9527
v -4.3394 19.9969 3.9132
v -4.3972 19.9969 3.8701
v -4.4422 19.9969 3.8225
v -4.4743 19.9969 3.7685
v -4.4936 19.9969 3.7037
v -4.5000 19.9969 3.5928
v -4.4936 19.9969 3.4819
v -4.4743 19.9969 3.4170
v -4.4422 19.9969 3.3631
v -4.3972 19.9969 3.3154
v -4.3394 19.9969 3.2724
v -4.2687 19.9969 3.2329
v -4.1852 19.9969 3.1964
v -4.0887 19.9969 3.1627
v -3.9792 19.9969 3.1314
v -3.8567 19.9969 3.1024
v -3.7210 19.9969 3.0756
v -3.5720 19.9969 3.0509
v -3.4093 19.9969 3.0283
v -3.2327 19.9969 3.0077
v -3.0416 19.9969 2.9891
v -2.8353 19.9969 2.9725
v -2.6128 19.9969 2.9579
v -2.3726 19.9969 2.9452
v -2.1122 19.9969 2.9345
v -1.8282 19.9969 2.9257
v -1.5143 19.9969 2.9228
v -1.1585 19.9969 3.0110
v -0.7310 19.9969 3.2233
v -0.0000 19.9969 3.4601
v 0.7310 19.9969 3.2233
v 1.1585 19.9969 3.0110
v 1.5143 19.9969 2.9228
v 1.8282 19.9969 2.9257
v 2.1122 19.9969 2.9345
v 2.3726 19.9969 2.9452
v 2.6128 19.9969 2.9579
v 2.8353 19.9969 2.9725
v 3.0416 19.9969 2.9891
v 3.2327 19.9969 3.0077
v 3.4093 19.9969 3.0283
v 3.5720 19.9969 3.0509
v 3.7210 19.9969 3.0756
v 3.8567 19.9969 3.1024
v 3.9792 19.9969 3.1314
v 4.0887 19.9969 3.1627
v 4.1852 19.9969 3.1964
v 4.2687 19.9969 3.2329
v 4.3394 19.9969 3.2724
v 4.3972 19.9969 3.3154
v 4.4422 19.9969 3.3631
v 4.4743 19.9969 3.4170
v 4.4936 19.9969 3.4819
v 4.5000 20.0714 3.4636
v 4.4936 20.0714 3.5477
v 4.4743 20.0714 3.5969
v 4.4422 20.0714 3.6378
v 4.3972 20.0714 3.6739
v 4.3394 20.0714 3.7066
v 4.2687 20.0714 3.7366
v 4.1851 20.0714 3.7642
v 4.0886 20.0714 3.7898
v 3.9791 20.0714 3.8136
v 3.8566 20.0714 3.8356
v 3.7209 20.0714 3.8559
v 3.5718 20.0714 3.8746
v 3.4092 20.0714 3.8917
v 3.2325 20.0714 3.9074
v 3.0414 20.0714 3.9214
v 2.8351 20.0714 3.9340
v 2.6126 20.0714 3.9451
v 2.3723 20.0714 3.9548
v 2.1120 20.0714 3.9629
v 1.8280 20.0714 3.9696
v 1.5141 20.0714 3.9747
v 1.1583 20.0714 3.9784
v 0.7308 20.0714 3.9806
v 0.0000 20.0714 3.9814
v -0.7308 20.0714 3.9806
v -1.1583 20.0714 3.9784
v -1.5141 20.0714 3.9747
v -1.8280 20.0714 3.9696
v -2.1120 20.0714 3.9629
v -2.3723 20.0714 3.9548
v -2.6126 20.0714 3.9451
v -2.8351 20.0714 3.9340
v -3.0414 20.0714 3.9214
v -3.2325 20.0714 3.9074
v -3.4092 20.0714 3.8917
v -3.5718 20.0714 3.8746
v -3.7209 20.0714 3.8559
v -3.8566 20.0714 3.8356
v -3.9791 20.0714 3.8136
v -4.0886 20.0714 3.7898
v -4.1851 20.0714 3.7642
v -4.2687 20.0714 3.7366
v -4.3394 20.0714 3.7066
v -4.3972 20.0714 3.6739
v -4.4422 20.0714 3.6378
v -4.4743 20.0714 3.5969
v -4.4936 20.0714 3.5477
v -4.5000 20.0714 3.4636
v -4.4936 20.0714 3.3796
v -4.4743 20.0714 3.3304
v -4.4422 20.0714 3.2894
v -4.3972 20.0714 3.2533
v -4.3394 20.0714 3.2206
v -4.2687 20.0714 3.1907
v -4.1851 20.0714 3.1630
v -4.0886 20.0714 3.1374
v -3.9791 20.0714 3.1137
v -3.8566 20.0714 3.0917
v -3.7209 20.0714 3.0714
v -3.5718 20.0714 3.0527
v -3.4092 20.0714 3.0355
v -3.2325 20.0714 3.0199
v -3.0414 20.0714 3.0058
v -2.8351 20.0714 2.9932
v -2.6126 20.0714 2.9821
v -2.3723 20.0714 2.9725
v -2.1120 20.0714 2.9644
v -1.8280 20.0714 2.9577
v -1.5141 20.0714 2.9564
v -1.1583 20.0714 3.0460
v -0.7308 20.0714 3.2589
v -0.0000 20.0714 3.4959
v 0.7308 20.0714 3.2589
v 1.1583 20.0714 3.0460
v 1.5141 20.0714 2.9564
v 1.8280 20.0714 2.9577
v 2.1120 20.0714 2.9644
v 2.3723 20.0714 2.9725
v 2.6126 20.0714 2.9821
v 2.8351 20.0714 2.9932
v 3.0414 20.0714 3.0058
v 3.2325 20.0714 3.0199
v 3.4092 20.0714 3.0355
v 3.5718 20.0714 3.0527
v 3.7209 20.0714 3.0714
v 3.8566 20.0714 3.0917
v 3.9791 20.0714 3.1137
v 4.0886 20.0714 3.1374
v 4.1851 20.0714 3.1630
v 4.2687 20.0714 3.1907
v 4.3394 20.0714 3.2206
v 4.3972 20.0714 3.2533
v 4.4422 20.0714 3.2894
v 4.4743 20.0714 3.3304
v 4.4936 20.0714 3.3796
v 4.5000 20.1376 3.3451
v 4.4936 20.1376 3.4060
v 4.4743 20.1376 3.4416
v 4.4422 20.1376 3.4712
v 4.3972 20.1376 3.4973
v 4.3394 20.1376 3.5210
v 4.2687 20.1376 3.5427
v 4.1851 20.1376 3.5627
v 4.0886 20.1376 3.5812
v 3.9791 20.1376 3.5984
v 3.8565 20.1376 3.6143
v 3.7208 20.1376 3.6290
v 3.5718 20.1376 3.6425
v 3.4091 20.1376 3.6549
v 3.2324 20.1376 3.6662
v 3.0413 20.1376 3.6765
v 2.8350 20.1376 3.6856
v 2.6124 20.1376 3.6936
v 2.3721 20.1376 3.7006
v 2.1118 20.1376 3.7065
v 1.8278 20.1376 3.7113
v 1.5139 20.1376 3.7150
v 1.1581 20.1376 3.7177
v 0.7307 20.1376 3.7193
v 0.0000 20.1376 3.7198
v -0.7307 20.1376 3.7193
v -1.1581 20.1376 3.7177
v -1.5139 20.1376 3.7150
v -1.8278 20.1376 3.7113
v -2.1118 20.1376 3.7065
v -2.3721 20.1376 3.7006
v -2.6124 20.1376 3.6936
v -2.8350 20.1376 3.6856
v -3.0413 20.1376 3.6765
v -3.2324 20.1376 3.6662
v -3.4091 20.1376 3.6549
v -3.5718 20.1376 3.6425
v -3.7208 20.1376 3.6290
v -3.8565 20.1376 3.6143
v -3.9791 20.1376 3.5984
v -4.0886 20.1376 3.5812
v -4.1851 20.1376 3.5627
v -4.2687 20.1376 3.5427
v -4.3394 20.1376 3.5210
v -4.3972 20.1376 3.4973
v -4.4422 20.1376 3.4712
v -4.4743 20.1376 3.4416
v -4.4936 20.1376 3.4060
v -4.5000 20.1376 3.3451
v -4.4936 20.1376 3.2843
v -4.4743 20.1376 3.2487
v -4.4422 20.1376 3.2191
v -4.3972 20.1376 3.1930
v -4.3394 20.1376 3.1693
v -4.2687 20.1376 3.1476
v -4.1851 20.1376 3.1276
v -4.0886 20.1376 3.1091
v -3.9791 20.1376 3.0919
v -3.8565 20.1376 3.0760
v -3.7208 20.1376 3.0613
v -3.5718 20.1376 3.0477
v -3.4091 20.1376 3.0353
v -3.2324 20.1376 3.0240
v -3.0413 20.1376 3.0138
v -2.8350 20.1376 3.0047
v -2.6124 20.1376 2.9967
v -2.3721 20.1376 2.9897
v -2.1118 20.1376 2.9838
v -1.8278 20.1376 2.9790
v -1.5139 20.1376 2.9792
v -1.1581 20.1376 3.0698
v -0.7307 20.1376 3.2833
v -0.0000 20.1376 3.5205
v 0.7307 20.1376 3.2833
v 1.1581 20.1376 3.0698
v 1.5139 20.1376 2.9792
v 1.8278 20.1376 2.9790
v 2.1118 20.1376 2.9838
v 2.3721 20.1376 2.9897
v 2.6124 20.1376 2.9967
v 2.8350 20.1376 3.0047
v 3.0413 20.1376 3.0138
v 3.2324 20.1376 3.0240
v 3.4091 20.1376 3.0353
v 3.5718 20.1376 3.0477
v 3.7208 20.1376 3.0613
v 3.8565 20.1376 3.0760
v 3.9791 20.1376 3.0919
v 4.0886 20.1376 3.1091
v 4.1851 20.1376 3.1276
v 4.2687 20.1376 3.1476
v 4.3394 20.1376 3.1693
v 4.3972 20.1376 3.1930
v 4.4422 20.1376 3.2191
v 4.4743 20.1376 3.2487
v 4.4936 20.1376 3.2843
v 4.5000 20.1952 3.2393
v 4.4936 20.1952 3.2804
v 4.4743 20.1952 3.3045
v 4.4422 20.1952 3.3245
v 4.3972 20.1952 3.3422
v 4.3394 20.1952 3.3581
v 4.2687 20.1952 3.3728
v 4.1851 20.1952 3.3863
v 4.0885 20.1952 3.3989
v 3.9791 20.1952 3.4105
v 3.8565 20.1952 3.4212
v 3.7208 20.1952 3.4312
v 3.5717 20.1952 3.4403
v 3.4090 20.1952 3.4487
v 3.2324 20.1952 3.4564
v 3.0412 20.1952 3.4633
v 2.8349 20.1952 3.4694
v 2.6123 20.1952 3.4749
v 2.3720 20.1952 3.4796
v 2.1117 20.1952 3.4835
v 1.8277 20.1952 3.4868
v 1.5138 20.1952 3.4893
v 1.1580 20.1952 3.4911
v 0.7306 20.1952 3.4922
v 0.0000 20.1952 3.4926
v -0.7306 20.1952 3.4922
v -1.1580 20.1952 3.4911
v -1.5138 20.1952 3.4893
v -1.8277 20.1952 3.4868
v -2.1117 20.1952 3.4835
v -2.3720 20.1952 3.4796
v -2.6123 20.1952 3.4749
v -2.8349 20.1952 3.4694
v -3.0412 20.1952 3.4633
v -3.2324 20.1952 3.4564
v -3.4090 20.1952 3.4487
v -3.5717 20.1952 3.4403
v -3.7208 20.1952 3.4312
v -3.8565 20.1952 3.4212
v -3.9791 20.1952 3.4105
v -4.0885 20.1952 3.3989
v -4.1851 20.1952 3.3863
v -4.2687 20.1952 3.3728
v -4.3394 20.1952 3.3581
v -4.3972 20.1952 3.3422
v -4.4422 20.1952 3.3245
v -4.4743 20.1952 3.3045
v -4.4936 20.1952 3.2804
v -4.5000 20.1952 3.2393
v -4.4936 20.1952 3.1982
v -4.4743 20.1952 3.1741
v -4.4422 20.1952 3.1541
v -4.3972 20.1952 3.1364
v -4.3394 20.1952 3.1204
v -4.2687 20.1952 3.1058
v -4.1851 20.1952 3.0922
v -4.0885 20.1952 3.0797
v -3.9791 20.1952 3.0681
v -3.8565 20.1952 3.0573
v -3.7208 20.1952 3.0474
v -3.5717 20.1952 3.0382
v -3.4090 20.1952 3.0298
v -3.2324 20.1952 3.0222
v -3.0412 20.1952 3.0153
v -2.8349 20.1952 3.0091
v -2.6123 20.1952 3.0037
v -2.3720 20.1952 2.9990
v -2.1117 20.1952 2.9950
v -1.8277 20.1952 2.9918
v -1.5138 20.1952 2.9932
v -1.1580 20.1952 3.0847
v -0.7306 20.1952 3.2987
v -0.0000 20.1952 3.5360
v 0.7306 20.1952 3.2987
v 1.1580 20.1952 3.0847
v 1.5138 20.1952 2.9932
v 1.8277 20.1952 2.9918
v 2.1117 20.1952 2.9950
v 2.3720 20.1952 2.9990
v 2.6123 20.1952 3.0037
v 2.8349 20.1952 3.0091
v 3.0412 20.1952 3.0153
v 3.2324 20.1952 3.0222
v 3.4090 20.1952 3.0298
v 3.5717 20.1952 3.0382
v 3.7208 20.1952 3.0474
v 3.8565 20.1952 3.0573
v 3.9791 20.1952 3.0681
v 4.0885 20.1952 3.0797
v 4.1851 20.1952 3.0922
v 4.2687 20.1952 3.1058
v 4.3394 20.1952 3.1204
v 4.3972 20.1952 3.1364
v 4.4422 20.1952 3.1541
v 4.4743 20.1952 3.1741
v 4.4936 20.1952 3.1982
v -0.0000 20.3200 3.2536
v 5.7500 0.0000 6.4300
v 5.7446 0.0000 7.6307
v 5.7286 0.0000 8.0515
v 5.7017 0.0000 8.3611
v 5.6640 0.0000 8.6136
v 5.6153 0.0000 8.8293
v 5.5554 0.0000 9.0183
v 5.4842 0.0000 9.1865
v 5.4014 0.0000 9.3374
v 5.3066 0.0000 9.4738
v 5.1995 0.0000 9.5972
v 5.0794 0.0000 9.7090
v 4.9457 0.0000 9.8103
v 4.7976 0.0000 9.9016
v 4.6339 0.0000 9.9837
v 4.4533 0.0000 10.0570
v 4.2539 0.0000 10.1217
v 4.0330 0.0000 10.1784
v 3.7870 0.0000 10.2270
v 3.5105 0.0000 10.2679
v 3.1948 0.0000 10.3012
v 2.8254 0.0000 10.3270
v 2.3724 0.0000 10.3453
v 1.7568 0.0000 10.3563
v 0.0000 0.0000 10.3600
v -1.7568 0.0000 10.3563
v -2.3724 0.0000 10.3453
v -2.8254 0.0000 10.3270
v -3.1948 0.0000 10.3012
v -3.5105 0.0000 10.2679
v -3.7870 0.0000 10.2270
v -4.0330 0.0000 10.1784
v -4.2539 0.0000 10.1217
v -4.4533 0.0000 10.0570
v -4.6339 0.0000 9.9837
v -4.7976 0.0000 9.9016
v -4.9457 0.0000 9.8103
v -5.0794 0.0000 9.7090
v -5.1995 0.0000 9.5972
v -5.3066 0.0000 9.4738
v -5.4014 0.0000 9.3374
v -5.4842 0.0000 9.1865
v -5.5554 0.0000 9.0183
v -5.6153 0.0000 8.8293
v -5.6640 0.0000 8.6136
v -5.7017 0.0000 8.3611
v -5.7286 0.0000 8.0515
v -5.7446 0.0000 7.6307
v -5.7500 0.0000 6.4300
v -5.7446 0.0000 5.2293
v -5.7286 0.0000 4.8085
v -5.7017 0.0000 4.4989
v -5.6640 0.0000 4.2464
v -5.6153 0.0000 4.0307
v -5.5554 0.0000 3.8417
v -5.4842 0.0000 3.6735
v -5.4014 0.0000 3.5226
v -5.3066 0.0000 3.3862
v -5.1995 0.0000 3.2628
v -5.0794 0.0000 3.1510
v -4.9457 0.0000 3.0497
v -4.7976 0.0000 2.9584
v -4.6339 0.0000 2.8763
v -4.4533 0.0000 2.8030
v -4.2539 0.0000 2.7383
v -4.0330 0.0000 2.6816
v -3.7870 0.0000 2.6330
v -3.5105 0.0000 2.5921
v -3.1948 0.0000 2.5588
v -2.8254 0.0000 2.5330
v -2.3724 0.0000 2.5147
v -1.7568 0.0000 2.5037
v -0.0000 0.0000 2.5000
v 1.7568 0.0000 2.5037
v 2.3724 0.0000 2.5147
v 2.8254 0.0000 2.5330
v 3.1948 0.0000 2.5588
v 3.5105 0.0000 2.5921
v 3.7870 0.0000 2.6330
v 4.0330 0.0000 2.6816
v 4.2539 0.0000 2.7383
v 4.4533 0.0000 2.8030
v 4.6339 0.0000 2.8763
v 4.7976 0.0000 2.9584
v 4.9457 0.0000 3.0497
v 5.0794 0.0000 3.1510
v 5.1995 0.0000 3.2628
v 5.3066 0.0000 3.3862
v 5.4014 0.0000 3.5226
v 5.4842 0.0000 3.6735
v 5.5554 0.0000 3.8417
v 5.6153 0.0000 4.0307
v 5.6640 0.0000 4.2464
v 5.7017 0.0000 4.4989
v 5.7286 0.0000 4.8085
v 5.7446 0.0000 5.2293
v 5.7500 0.4299 6.4435
v 5.7446 0.4299 7.6477
v 5.7286 0.4299 8.0699
v 5.7017 0.4299 8.3806
v 5.6639 0.4299 8.6340
v 5.6152 0.4299 8.8505
v 5.5553 0.4299 9.0402
v 5.4841 0.4299 9.2090
v 5.4013 0.4299 9.3605
v 5.3064 0.4299 9.4973
v 5.1992 0.4299 9.6212
v 5.0791 0.4299 9.7335
v 4.9453 0.4299 9.8351
v 4.7972 0.4299 9.9269
v 4.6335 0.4299 10.0092
v 4.4528 0.4299 10.0828
v 4.2533 0.4299 10.1478
v 4.0323 0.4299 10.2046
v 3.7863 0.4299 10.2535
v 3.5097 0.4299 10.2946
v 3.1940 0.4299 10.3280
v 2.8244 0.4299 10.3539
v 2.3714 0.4299 10.3723
v 1.7558 0.4299 10.3833
v 0.0000 0.4299 10.3870
v -1.7558 0.4299 10.3833
v -2.3714 0.4299 10.3723
v -2.8244 0.4299 10.3539
v -3.1940 0.4299 10.3280
v -3.5097 0.4299 10.2946
v -3.7863 0.4299 10.2535
v -4.0323 0.4299 10.2046
v -4.2533 0.4299 10.1478
v -4.4528 0.4299 10.0828
v -4.6335 0.4299 10.0092
v -4.7972 0.4299 9.9269
v -4.9453 0.4299 9.8351
v -5.0791 0.4299 9.7335
v -5.1992 0.4299 9.6212
v -5.3064 0.4299 9.4973
v -5.4013 0.4299 9.3605
v -5.4841 0.4299 9.2090
v -5.5553 0.4299 9.0402
v -5.6152 0.4299 8.8505
v -5.6639 0.4299 8.6340
v -5.7017 0.4299 8.3806
v -5.7286 0.4299 8.0699
v -5.7446 0.4299 7.6477
v -5.7500 0.4299 6.4435
v -5.7446 0.4299 5.2393
v -5.7286 0.4299 4.8171
v -5.7017 0.4299 4.5064
v -5.6639 0.4299 4.2530
v -5.6152 0.4299 4.0365
v -5.5553 0.4299 3.8468
v -5.4841 0.4299 3.6780
v -5.4013 0.4299 3.5265
v -5.3064 0.4299 3.3896
v -5.1992 0.4299 3.2657
v -5.0791 0.4299 3.1535
v -4.9453 0.4299 3.0519
v -4.7972 0.4299 2.9601
v -4.6335 0.4299 2.8777
v -4.4528 0.4299 2.8042
v -4.2533 0.4299 2.7392
v -4.0323 0.4299 2.6824
v -3.7863 0.4299 2.6335
v -3.5097 0.4299 2.5924
v -3.1940 0.4299 2.5590
v -2.8244 0.4299 2.5331
v -2.3714 0.4299 2.5147
v -1.7558 0.4299 2.5037
v -0.0000 0.4299 2.5000
v 1.7558 0.4299 2.5037
v 2.3714 0.4299 2.5147
v 2.8244 0.4299 2.5331
v 3.1940 0.4299 2.5590
v 3.5097 0.4299 2.5924
v 3.7863 0.4299 2.6335
v 4.0323 0.4299 2.6824
v 4.2533 0.4299 2.7392
v 4.4528 0.4299 2.8042
v 4.6335 0.4299 2.8777
v 4.7972 0.4299 2.9601
v 4.9453 0.4299 3.0519
v 5.0791 0.4299 3.1535
v 5.1992 0.4299 3.2657
v 5.3064 0.4299 3.3896
v 5.4013 0.4299 3.5265
v 5.4841 0.4299 3.6780
v 5.5553 0.4299 3.8468
v 5.6152 0.4299 4.0365
v 5.6639 0.4299 4.2530
v 5.7017 0.4299 4.5064
v 5.7286 0.4299 4.8171
v 5.7446 0.4299 5.2393
v 5.7500 0.8560 6.4817
v 5.7446 0.8560 7.6955
v 5.7285 0.8560 8.1218
v 5.7016 0.8560 8.4356
v 5.6638 0.8560 8.6916
v 5.6150 0.8560 8.9104
v 5.5551 0.8560 9.1020
v 5.4838 0.8560 9.2726
v 5.4008 0.8560 9.4257
v 5.3059 0.8560 9.5640
v 5.1985 0.8560 9.6892
v 5.0782 0.8560 9.8027
v 4.9443 0.8560 9.9054
v 4.7960 0.8560 9.9981
v 4.6321 0.8560 10.0814
v 4.4513 0.8560 10.1558
v 4.2516 0.8560 10.2215
v 4.0304 0.8560 10.2790
v 3.7841 0.8560 10.3283
v 3.5073 0.8560 10.3699
v 3.1915 0.8560 10.4036
v 2.8217 0.8560 10.4298
v 2.3686 0.8560 10.4484
v 1.7530 0.8560 10.4596
v 0.0000 0.8560 10.4633
v -1.7530 0.8560 10.4596
v -2.3686 0.8560 10.4484
v -2.8217 0.8560 10.4298
v -3.1915 0.8560 10.4036
v -3.5073 0.8560 10.3699
v -3.7841 0.8560 10.3283
v -4.0304 0.8560 10.2790
v -4.2516 0.8560 10.2215
v -4.4513 0.8560 10.1558
v -4.6321 0.8560 10.0814
v -4.7960 0.8560 9.9981
v -4.9443 0.8560 9.9054
v -5.0782 0.8560 9.8027
v -5.1985 0.8560 9.6892
v -5.3059 0.8560 9.5640
v -5.4008 0.8560 9.4257
v -5.4838 0.8560 9.2726
v -5.5551 0.8560 9.1020
v -5.6150 0.8560 8.9104
v -5.6638 0.8560 8.6916
v -5.7016 0.8560 8.4356
v -5.7285 0.8560 8.1218
v -5.7446 0.8560 7.6955
v -5.7500 0.8560 6.4817
v -5.7446 0.8560 5.2678
v -5.7285 0.8560 4.8415
v -5.7016 0.8560 4.5277
v -5.6638 0.8560 4.2717
v -5.6150 0.8560 4.0530
v -5.5551 0.8560 3.8613
v -5.4838 0.8560 3.6908
v -5.4008 0.8560 3.5376
v -5.3059 0.8560 3.3993
v -5.1985 0.8560 3.2741
v -5.0782 0.8560 3.1606
v -4.9443 0.8560 3.0579
v -4.7960 0.8560 2.9652
v -4.6321 0.8560 2.8819
v -4.4513 0.8560 2.8076
v -4.2516 0.8560 2.7418
v -4.0304 0.8560 2.6844
v -3.7841 0.8560 2.6350
v -3.5073 0.8560 2.5935
v -3.1915 0.8560 2.5597
v -2.8217 0.8560 2.5335
v -2.3686 0.8560 2.5149
v -1.7530 0.8560 2.5037
v -0.0000 0.8560 2.5000
v 1.7530 0.8560 2.5037
v 2.3686 0.8560 2.5149
v 2.8217 0.8560 2.5335
v 3.1915 0.8560 2.5597
v 3.5073 0.8560 2.5935
v 3.7841 0.8560 2.6350
v 4.0304 0.8560 2.6844
v 4.2516 0.8560 2.7418
v 4.4513 0.8560 2.8076
v 4.6321 0.8560 2.8819
v 4.7960 0.8560 2.9652
v 4.9443 0.8560 3.0579
v 5.0782 0.8560 3.1606
v 5.1985 0.8560 3.2741
v 5.3059 0.8560 3.3993
v 5.4008 0.8560 3.5376
v 5.4838 0.8560 3.6908
v 5.5551 0.8560 3.8613
v 5.6150 0.8560 4.0530
v 5.6638 0.8560 4.2717
v 5.7016 0.8560 4.5277
v 5.7285 0.8560 4.8415
v 5.7446 0.8560 5.2678
v 5.7500 1.2783 6.5411
v 5.7446 1.2783 7.7700
v 5.7285 1.2783 8.2026
v 5.7015 1.2783 8.5212
v 5.6636 1.2783 8.7812
v 5.6147 1.2783 9.0034
v 5.5547 1.2783 9.1982
v 5.4832 1.2783 9.3715
v 5.4001 1.2783 9.5272
v 5.3049 1.2783 9.6677
v 5.1974 1.2783 9.7951
v 5.0769 1.2783 9.9104
v 4.9427 1.2783 10.0149
v 4.7941 1.2783 10.1091
v 4.6300 1.2783 10.1938
v 4.4488 1.2783 10.2694
v 4.2488 1.2783 10.3363
v 4.0273 1.2783 10.3947
v 3.7807 1.2783 10.4449
v 3.5036 1.2783 10.4872
v 3.1874 1.2783 10.5215
v 2.8174 1.2783 10.5481
v 2.3641 1.2783 10.5671
v 1.7485 1.2783 10.5784
v 0.0000 1.2783 10.5822
v -1.7485 1.2783 10.5784
v -2.3641 1.2783 10.5671
v -2.8174 1.2783 10.5481
v -3.1874 1.2783 10.5215
v -3.5036 1.2783 10.4872
v -3.7807 1.2783 10.4449
v -4.0273 1.2783 10.3947
v -4.2488 1.2783 10.3363
v -4.4488 1.2783 10.2694
v -4.6300 1.2783 10.1938
v -4.7941 1.2783 10.1091
v -4.9427 1.2783 10.0149
v -5.0769 1.2783 9.9104
v -5.1974 1.2783 9.7951
v -5.3049 1.2783 9.6677
v -5.4001 1.2783 9.5272
v -5.4832 1.2783 9.3715
v -5.5547 1.2783 9.1982
v -5.6147 1.2783 9.0034
v -5.6636 1.2783 8.7812
v -5.7015 1.2783 8.5212
v -5.7285 1.2783 8.2026
v -5.7446 1.2783 7.7700
v -5.7500 1.2783 6.5411
v -5.7446 1.2783 5.3123
v -5.7285 1.2783 4.8796
v -5.7015 1.2783 4.5610
v -5.6636 1.2783 4.3010
v -5.6147 1.2783 4.0788
v -5.5547 1.2783 3.8840
v -5.4832 1.2783 3.7107
v -5.4001 1.2783 3.5551
v -5.3049 1.2783 3.4145
v -5.1974 1.2783 3.2872
v -5.0769 1.2783 3.1718
v -4.9427 1.2783 3.0674
v -4.7941 1.2783 2.9731
v -4.6300 1.2783 2.8884
v -4.4488 1.2783 2.8128
v -4.2488 1.2783 2.7459
v -4.0273 1.2783 2.6875
v -3.7807 1.2783 2.6373
v -3.5036 1.2783 2.5951
v -3.1874 1.2783 2.5607
v -2.8174 1.2783 2.5341
v -2.3641 1.2783 2.5151
v -1.7485 1.2783 2.5038
v -0.0000 1.2783 2.5000
v 1.7485 1.2783 2.5038
v 2.3641 1.2783 2.5151
v 2.8174 1.2783 2.5341
v 3.1874 1.2783 2.5607
v 3.5036 1.2783 2.5951
v 3.7807 1.2783 2.6373
v 4.0273 1.2783 2.6875
v 4.2488 1.2783 2.7459
v 4.4488 1.2783 2.8128
v 4.6300 1.2783 2.8884
v 4.7941 1.2783 2.9731
v 4.9427 1.2783 3.0674
v 5.0769 1.2783 3.1718
v 5.1974 1.2783 3.2872
v 5.3049 1.2783 3.4145
v 5.4001 1.2783 3.5551
v 5.4832 1.2783 3.7107
v 5.5547 1.2783 3.8840
v 5.6147 1.2783 4.0788
v 5.6636 1.2783 4.3010
v 5.7015 1.2783 4.5610
v 5.7285 1.2783 4.8796
v 5.7446 1.2783 5.3123
v 5.7500 1.6968 6.6186
v 5.7446 1.6968 7.8667
v 5.7284 1.6968 8.3076
v 5.7014 1.6968 8.6325
v 5.6634 1.6968 8.8977
v 5.6144 1.6968 9.1245
v 5.5541 1.6968 9.3234
v 5.4824 1.6968 9.5003
v 5.3991 1.6968 9.6593
v 5.3037 1.6968 9.8028
v 5.1958 1.6968 9.9329
v 5.0750 1.6968 10.0507
v 4.9405 1.6968 10.1574
v 4.7916 1.6968 10.2538
v 4.6270 1.6968 10.3403
v 4.4455 1.6968 10.4176
v 4.2450 1.6968 10.4859
v 4.0231 1.6968 10.5456
v 3.7761 1.6968 10.5969
v 3.4985 1.6968 10.6401
v 3.1819 1.6968 10.6752
v 2.8115 1.6968 10.7024
v 2.3579 1.6968 10.7218
v 1.7424 1.6968 10.7334
v 0.0000 1.6968 10.7373
v -1.7424 1.6968 10.7334
v -2.3579 1.6968 10.7218
v -2.8115 1.6968 10.7024
v -3.1819 1.6968 10.6752
v -3.4985 1.6968 10.6401
v -3.7761 1.6968 10.5969
v -4.0231 1.6968 10.5456
v -4.2450 1.6968 10.4859
v -4.4455 1.6968 10.4176
v -4.6270 1.6968 10.3403
v -4.7916 1.6968 10.2538
v -4.9405 1.6968 10.1574
v -5.0750 1.6968 10.0507
v -5.1958 1.6968 9.9329
v -5.3037 1.6968 9.8028
v -5.3991 1.6968 9.6593
v -5.4824 1.6968 9.5003
v -5.5541 1.6968 9.3234
v -5.6144 1.6968 9.1245
v -5.6634 1.6968 8.8977
v -5.7014 1.6968 8.6325
v -5.7284 1.6968 8.3076
v -5.7446 1.6968 7.8667
v -5.7500 1.6968 6.6186
v -5.7446 1.6968 5.3706
v -5.7284 1.6968 4.9297
v -5.7014 1.6968 4.6048
v -5.6634 1.6968 4.3395
v -5.6144 1.6968 4.1127
v -5.5541 1.6968 3.9139
v -5.4824 1.6968 3.7369
v -5.3991 1.6968 3.5780
v -5.3037 1.6968 3.4344
v -5.1958 1.6968 3.3044
v -5.0750 1.6968 3.1865
v -4.9405 1.6968 3.0798
v -4.7916 1.6968 2.9835
v -4.6270 1.6968 2.8969
v -4.4455 1.6968 2.8197
v -4.2450 1.6968 2.7514
v -4.0231 1.6968 2.6916
v -3.7761 1.6968 2.6403
v -3.4985 1.6968 2.5972
v -3.1819 1.6968 2.5620
v -2.8115 1.6968 2.5348
v -2.3579 1.6968 2.5155
v -1.7424 1.6968 2.5039
v -0.0000 1.6968 2.5000
v 1.7424 1.6968 2.5039
v 2.3579 1.6968 2.5155
v 2.8115 1.6968 2.5348
v 3.1819 1.6968 2.5620
v 3.4985 1.6968 2.5972
v 3.7761 1.6968 2.6403
v 4.0231 1.6968 2.6916
v 4.2450 1.6968 2.7514
v 4.4455 1.6968 2.8197
v 4.6270 1.6968 2.8969
v 4.7916 1.6968 2.9835
v 4.9405 1.6968 3.0798
v 5.0750 1.6968 3.1865
v 5.1958 1.6968 3.3044
v 5.3037 1.6968 3.4344
v 5.3991 1.6968 3.5780
v 5.4824 1.6968 3.7369
v 5.5541 1.6968 3.9139
v 5.6144 1.6968 4.1127
v 5.6634 1.6968 4.3395
v 5.7014 1.6968 4.6048
v 5.7284 1.6968 4.9297
v 5.7446 1.6968 5.3706
v 5.7500 2.1115 6.7111
v 5.7446 2.1115 7.9816
v 5.7283 2.1115 8.4324
v 5.7012 2.1115 8.7648
v 5.6631 2.1115 9.0364
v 5.6139 2.1115 9.2687
v 5.5534 2.1115 9.4723
v 5.4815 2.1115 9.6537
v 5.3978 2.1115 9.8166
v 5.3021 2.1115 9.9638
v 5.1939 2.1115 10.0971
v 5.0727 2.1115 10.2180
v 4.9378 2.1115 10.3274
v 4.7884 2.1115 10.4262
v 4.6233 2.1115 10.5150
v 4.4413 2.1115 10.5942
v 4.2403 2.1115 10.6643
v 4.0179 2.1115 10.7256
v 3.7703 2.1115 10.7783
v 3.4921 2.1115 10.8225
v 3.1750 2.1115 10.8586
v 2.8042 2.1115 10.8865
v 2.3502 2.1115 10.9064
v 1.7348 2.1115 10.9183
v 0.0000 2.1115 10.9222
v -1.7348 2.1115 10.9183
v -2.3502 2.1115 10.9064
v -2.8042 2.1115 10.8865
v -3.1750 2.1115 10.8586
v -3.4921 2.1115 10.8225
v -3.7703 2.1115 10.7783
v -4.0179 2.1115 10.7256
v -4.2403 2.1115 10.6643
v -4.4413 2.1115 10.5942
v -4.6233 2.1115 10.5150
v -4.7884 2.1115 10.4262
v -4.9378 2.1115 10.3274
v -5.0727 2.1115 10.2180
v -5.1939 2.1115 10.0971
v -5.3021 2.1115 9.9638
v -5.3978 2.1115 9.8166
v -5.4815 2.1115 9.6537
v -5.5534 2.1115 9.4723
v -5.6139 2.1115 9.2687
v -5.6631 2.1115 9.0364
v -5.7012 2.1115 8.7648
v -5.7283 2.1115 8.4324
v -5.7446 2.1115 7.9816
v -5.7500 2.1115 6.7111
v -5.7446 2.1115 5.4406
v -5.7283 2.1115 4.9899
v -5.7012 2.1115 4.6574
v -5.6631 2.1115 4.3858
v -5.6139 2.1115 4.1536
v -5.5534 2.1115 3.9499
v -5.4815 2.1115 3.7686
v -5.3978 2.1115 3.6056
v -5.3021 2.1115 3.4585
v -5.1939 2.1115 3.3251
v -5.0727 2.1115 3.2043
v -4.9378 2.1115 3.0948
v -4.7884 2.1115 2.9960
v -4.6233 2.1115 2.9073
v -4.4413 2.1115 2.8280
v -4.2403 2.1115 2.7579
v -4.0179 2.1115 2.6967
v -3.7703 2.1115 2.6440
v -3.4921 2.1115 2.5997
v -3.1750 2.1115 2.5637
v -2.8042 2.1115 2.5357
v -2.3502 2.1115 2.5159
v -1.7348 2.1115 2.5040
v -0.0000 2.1115 2.5000
v 1.7348 2.1115 2.5040
v 2.3502 2.1115 2.5159
v 2.8042 2.1115 2.5357
v 3.1750 2.1115 2.5637
v 3.4921 2.1115 2.5997
v 3.7703 2.1115 2.6440
v 4.0179 2.1115 2.6967
v 4.2403 2.1115 2.7579
v 4.4413 2.1115 2.8280
v 4.6233 2.1115 2.9073
v 4.7884 2.1115 2.9960
v 4.9378 2.1115 3.0948
v 5.0727 2.1115 3.2043
v 5.1939 2.1115 3.3251
v 5.3021 2.1115 3.4585
v 5.3978 2.1115 3.6056
v 5.4815 2.1115 3.7686
v 5.5534 2.1115 3.9499
v 5.6139 2.1115 4.1536
v 5.6631 2.1115 4.3858
v 5.7012 2.1115 4.6574
v 5.7283 2.1115 4.9899
v 5.7446 2.1115 5.4406
v 5.7500 2.5223 6.8157
v 5.7446 2.5223 8.1110
v 5.7282 2.5223 8.5728
v 5.7010 2.5223 8.9138
v 5.6627 2.5223 9.1925
v 5.6133 2.5223 9.4310
v 5.5526 2.5223 9.6403
v 5.4804 2.5223 9.8266
v 5.3964 2.5223 9.9940
v 5.3003 2.5223 10.1453
v 5.1916 2.5223 10.2824
v 5.0699 2.5223 10.4067
v 4.9345 2.5223 10.5193
v 4.7846 2.5223 10.6209
v 4.6190 2.5223 10.7122
v 4.4363 2.5223 10.7938
v 4.2347 2.5223 10.8659
v 4.0116 2.5223 10.9289
v 3.7634 2.5223 10.9831
v 3.4846 2.5223 11.0287
v 3.1669 2.5223 11.0658
v 2.7955 2.5223 11.0945
v 2.3412 2.5223 11.1150
v 1.7258 2.5223 11.1272
v 0.0000 2.5223 11.1313
v -1.7258 2.5223 11.1272
v -2.3412 2.5223 11.1150
v -2.7955 2.5223 11.0945
v -3.1669 2.5223 11.0658
v -3.4846 2.5223 11.0287
v -3.7634 2.5223 10.9831
v -4.0116 2.5223 10.9289
v -4.2347 2.5223 10.8659
v -4.4363 2.5223 10.7938
v -4.6190 2.5223 10.7122
v -4.7846 2.5223 10.6209
v -4.9345 2.5223 10.5193
v -5.0699 2.5223 10.4067
v -5.1916 2.5223 10.2824
v -5.3003 2.5223 10.1453
v -5.3964 2.5223 9.9940
v -5.4804 2.5223 9.8266
v -5.5526 2.5223 9.6403
v -5.6133 2.5223 9.4310
v -5.6627 2.5223 9.1925
v -5.7010 2.5223 8.9138
v -5.7282 2.5223 8.5728
v -5.7446 2.5223 8.1110
v -5.7500 2.5223 6.8157
v -5.7446 2.5223 5.5203
v -5.7282 2.5223 5.0585
v -5.7010 2.5223 4.7175
v -5.6627 2.5223 4.4388
v -5.6133 2.5223 4.2003
v -5.5526 2.5223 3.9911
v -5.4804 2.5223 3.8047
v -5.3964 2.5223 3.6373
v -5.3003 2.5223 3.4860
v -5.1916 2.5223 3.3489
v -5.0699 2.5223 3.2246
v -4.9345 2.5223 3.1120
v -4.7846 2.5223 3.0104
v -4.6190 2.5223 2.9191
v -4.4363 2.5223 2.8376
v -4.2347 2.5223 2.7654
v -4.0116 2.5223 2.7024
v -3.7634 2.5223 2.6482
v -3.4846 2.5223 2.6026
v -3.1669 2.5223 2.5655
v -2.7955 2.5223 2.5368
v -2.3412 2.5223 2.5163
v -1.7258 2.5223 2.5041
v -0.0000 2.5223 2.5000
v 1.7258 2.5223 2.5041
v 2.3412 2.5223 2.5163
v 2.7955 2.5223 2.5368
v 3.1669 2.5223 2.5655
v 3.4846 2.5223 2.6026
v 3.7634 2.5223 2.6482
v 4.0116 2.5223 2.7024
v 4.2347 2.5223 2.7654
v 4.4363 2.5223 2.8376
v 4.6190 2.5223 2.9191
v 4.7846 2.5223 3.0104
v 4.9345 2.5223 3.1120
v 5.0699 2.5223 3.2246
v 5.1916 2.5223 3.3489
v 5.3003 2.5223 3.4860
v 5.3964 2.5223 3.6373
v 5.4804 2.5223 3.8047
v 5.5526 2.5223 3.9911
v 5.6133 2.5223 4.2003
v 5.6627 2.5223 4.4388
v 5.7010 2.5223 4.7175
v 5.7282 2.5223 5.0585
v 5.7446 2.5223 5.5203
v 5.7500 2.9292 6.9294
v 5.7445 2.9292 8.2510
v 5.7281 2.9292 8.7249
v 5.7007 2.9292 9.0752
v 5.6623 2.9292 9.3618
v 5.6126 2.9292 9.6071
v 5.5516 2.9292 9.8225
v 5.4790 2.9292 10.0143
v 5.3947 2.9292 10.1867
v 5.2981 2.9292 10.3425
v 5.1890 2.9292 10.4838
v 5.0668 2.9292 10.6118
v 4.9308 2.9292 10.7278
v 4.7802 2.9292 10.8326
v 4.6140 2.9292 10.9267
v 4.4306 2.9292 11.0108
v 4.2283 2.9292 11.0852
v 4.0045 2.9292 11.1502
v 3.7555 2.9292 11.2061
v 3.4760 2.9292 11.2531
v 3.1575 2.9292 11.2913
v 2.7855 2.9292 11.3209
v 2.3308 2.9292 11.3420
v 1.7156 2.9292 11.3547
v 0.0000 2.9292 11.3589
v -1.7156 2.9292 11.3547
v -2.3308 2.9292 11.3420
v -2.7855 2.9292 11.3209
v -3.1575 2.9292 11.2913
v -3.4760 2.9292 11.2531
v -3.7555 2.9292 11.2061
v -4.0045 2.9292 11.1502
v -4.2283 2.9292 11.0852
v -4.4306 2.9292 11.0108
v -4.6140 2.9292 10.9267
v -4.7802 2.9292 10.8326
v -4.9308 2.9292 10.7278
v -5.0668 2.9292 10.6118
v -5.1890 2.9292 10.4838
v -5.2981 2.9292 10.3425
v -5.3947 2.9292 10.1867
v -5.4790 2.9292 10.0143
v -5.5516 2.9292 9.8225
v -5.6126 2.9292 9.6071
v -5.6623 2.9292 9.3618
v -5.7007 2.9292 9.0752
v -5.7281 2.9292 8.7249
v -5.7445 2.9292 8.2510
v -5.7500 2.9292 6.9294
v -5.7445 2.9292 5.6079
v -5.7281 2.9292 5.1340
v -5.7007 2.9292 4.7837
v -5.6623 2.9292 4.4971
v -5.6126 2.9292 4.2518
v -5.5516 2.9292 4.0364
v -5.4790 2.9292 3.8446
v -5.3947 2.9292 3.6722
v -5.2981 2.9292 3.5164
v -5.1890 2.9292 3.3751
v -5.0668 2.9292 3.2470
v -4.9308 2.9292 3.1311
v -4.7802 2.9292 3.0263
v -4.6140 2.9292 2.9322
v -4.4306 2.9292 2.8481
v -4.2283 2.9292 2.7737
v -4.0045 2.9292 2.7087
v -3.7555 2.9292 2.6528
v -3.4760 2.9292 2.6058
v -3.1575 2.9292 2.5676
v -2.7855 2.9292 2.5379
v -2.3308 2.9292 2.5168
v -1.7156 2.9292 2.5042
v -0.0000 2.9292 2.5000
v 1.7156 2.9292 2.5042
v 2.3308 2.9292 2.5168
v 2.7855 2.9292 2.5379
v 3.1575 2.9292 2.5676
v 3.4760 2.9292 2.6058
v 3.7555 2.9292 2.6528
v 4.0045 2.9292 2.7087
v 4.2283 2.9292 2.7737
v 4.4306 2.9292 2.8481
v 4.6140 2.9292 2.9322
v 4.7802 2.9292 3.0263
v 4.9308 2.9292 3.1311
v 5.0668 2.9292 3.2470
v 5.1890 2.9292 3.3751
v 5.2981 2.9292 3.5164
v 5.3947 2.9292 3.6722
v 5.4790 2.9292 3.8446
v 5.5516 2.9292 4.0364
v 5.6126 2.9292 4.2518
v 5.6623 2.9292 4.4971
v 5.7007 2.9292 4.7837
v 5.7281 2.9292 5.1340
v 5.7445 2.9292 5.6079
v 5.7500 3.3322 7.0498
v 5.7445 3.3322 8.3983
v 5.7280 3.3322 8.8849
v 5.7005 3.3322 9.2451
v 5.6618 3.3322 9.5400
v 5.6119 3.3322 9.7926
v 5.5505 3.3322 10.0145
v 5.4776 3.3322 10.2121
v 5.3928 3.3322 10.3899
v 5.2957 3.3322 10.5506
v 5.1861 3.3322 10.6963
v 5.0632 3.3322 10.8284
v 4.9266 3.3322 10.9481
v 4.7754 3.3322 11.0562
v 4.6084 3.3322 11.1534
v 4.4243 3.3322 11.2402
v 4.2211 3.3322 11.3170
v 3.9965 3.3322 11.3841
v 3.7467 3.3322 11.4418
v 3.4663 3.3322 11.4903
v 3.1471 3.3322 11.5298
v 2.7744 3.3322 11.5604
v 2.3192 3.3322 11.5822
v 1.7042 3.3322 11.5953
v 0.0000 3.3322 11.5996
v -1.7042 3.3322 11.5953
v -2.3192 3.3322 11.5822
v -2.7744 3.3322 11.5604
v -3.1471 3.3322 11.5298
v -3.4663 3.3322 11.4903
v -3.7467 3.3322 11.4418
v -3.9965 3.3322 11.3841
v -4.2211 3.3322 11.3170
v -4.4243 3.3322 11.2402
v -4.6084 3.3322 11.1534
v -4.7754 3.3322 11.0562
v -4.9266 3.3322 10.9481
v -5.0632 3.3322 10.8284
v -5.1861 3.3322 10.6963
v -5.2957 3.3322 10.5506
v -5.3928 3.3322 10.3899
v -5.4776 3.3322 10.2121
v -5.5505 3.3322 10.0145
v -5.6119 3.3322 9.7926
v -5.6618 3.3322 9.5400
v -5.7005 3.3322 9.2451
v -5.7280 3.3322 8.8849
v -5.7445 3.3322 8.3983
v -5.7500 3.3322 7.0498
v -5.7445 3.3322 5.7014
v -5.7280 3.3322 5.2147
v -5.7005 3.3322 4.8545
v -5.6618 3.3322 4.5596
v -5.6119 3.3322 4.3070
v -5.5505 3.3322 4.0852
v -5.4776 3.3322 3.8875
v -5.3928 3.3322 3.7097
v -5.2957 3.3322 3.5490
v -5.1861 3.3322 3.4033
v -5.0632 3.3322 3.2712
v -4.9266 3.3322 3.1515
v -4.7754 3.3322 3.0434
v -4.6084 3.3322 2.9462
v -4.4243 3.3322 2.8595
v -4.2211 3.3322 2.7827
v -3.9965 3.3322 2.7156
v -3.7467 3.3322 2.6578
v -3.4663 3.3322 2.6093
v -3.1471 3.3322 2.5698
v -2.7744 3.3322 2.5392
v -2.3192 3.3322 2.5174
v -1.7042 3.3322 2.5043
v -0.0000 3.3322 2.5000
v 1.7042 3.3322 2.5043
v 2.3192 3.3322 2.5174
v 2.7744 3.3322 2.5392
v 3.1471 3.3322 2.5698
v 3.4663 3.3322 2.6093
v 3.7467 3.3322 2.6578
v 3.9965 3.3322 2.7156
v 4.2211 3.3322 2.7827
v 4.4243 3.3322 2.8595
v 4.6084 3.3322 2.9462
v 4.7754 3.3322 3.0434
v 4.9266 3.3322 3.1515
v 5.0632 3.3322 3.2712
v 5.1861 3.3322 3.4033
v 5.2957 3.3322 3.5490
v 5.3928 3.3322 3.7097
v 5.4776 3.3322 3.8875
v 5.5505 3.3322 4.0852
v 5.6119 3.3322 4.3070
v 5.6618 3.3322 4.5596
v 5.7005 3.3322 4.8545
v 5.7280 3.3322 5.2147
v 5.7445 3.3322 5.7014
v 5.7500 3.7314 7.1743
v 5.7445 3.7314 8.5494
v 5.7279 3.7314 9.0492
v 5.7002 3.7314 9.4196
v 5.6613 3.7314 9.7232
v 5.6110 3.7314 9.9834
v 5.5493 3.7314 10.2121
v 5.4760 3.7314 10.4159
v 5.3907 3.7314 10.5993
v 5.2931 3.7314 10.7651
v 5.1828 3.7314 10.9154
v 5.0593 3.7314 11.0518
v 4.9220 3.7314 11.1754
v 4.7700 3.7314 11.2871
v 4.6022 3.7314 11.3874
v 4.4172 3.7314 11.4771
v 4.2132 3.7314 11.5564
v 3.9877 3.7314 11.6258
v 3.7369 3.7314 11.6854
v 3.4557 3.7314 11.7356
v 3.1356 3.7314 11.7764
v 2.7621 3.7314 11.8080
v 2.3064 3.7314 11.8305
v 1.6916 3.7314 11.8440
v 0.0000 3.7314 11.8485
v -1.6916 3.7314 11.8440
v -2.3064 3.7314 11.8305
v -2.7621 3.7314 11.8080
v -3.1356 3.7314 11.7764
v -3.4557 3.7314 11.7356
v -3.7369 3.7314 11.6854
v -3.9877 3.7314 11.6258
v -4.2132 3.7314 11.5564
v -4.4172 3.7314 11.4771
v -4.6022 3.7314 11.3874
v -4.7700 3.7314 11.2871
v -4.9220 3.7314 11.1754
v -5.0593 3.7314 11.0518
v -5.1828 3.7314 10.9154
v -5.2931 3.7314 10.7651
v -5.3907 3.7314 10.5993
v -5.4760 3.7314 10.4159
v -5.5493 3.7314 10.2121
v -5.6110 3.7314 9.9834
v -5.6613 3.7314 9.7232
v -5.7002 3.7314 9.4196
v -5.7279 3.7314 9.0492
v -5.7445 3.7314 8.5494
v -5.7500 3.7314 7.1743
v -5.7445 3.7314 5.7991
v -5.7279 3.7314 5.2993
v -5.7002 3.7314 4.9289
v -5.6613 3.7314 4.6253
v -5.6110 3.7314 4.3651
v -5.5493 3.7314 4.1365
v -5.4760 3.7314 3.9326
v -5.3907 3.7314 3.7493
v -5.2931 3.7314 3.5834
v -5.1828 3.7314 3.4331
v -5.0593 3.7314 3.2967
v -4.9220 3.7314 3.1731
v -4.7700 3.7314 3.0615
v -4.6022 3.7314 2.9611
v -4.4172 3.7314 2.8714
v -4.2132 3.7314 2.7921
v -3.9877 3.7314 2.7228
v -3.7369 3.7314 2.6631
v -3.4557 3.7314 2.6130
v -3.1356 3.7314 2.5721
v -2.7621 3.7314 2.5405
v -2.3064 3.7314 2.5180
v -1.6916 3.7314 2.5045
v -0.0000 3.7314 2.5000
v 1.6916 3.7314 2.5045
v 2.3064 3.7314 2.5180
v 2.7621 3.7314 2.5405
v 3.1356 3.7314 2.5721
v 3.4557 3.7314 2.6130
v 3.7369 3.7314 2.6631
v 3.9877 3.7314 2.7228
v 4.2132 3.7314 2.7921
v 4.4172 3.7314 2.8714
v 4.6022 3.7314 2.9611
v 4.7700 3.7314 3.0615
v 4.9220 3.7314 3.1731
v 5.0593 3.7314 3.2967
v 5.1828 3.7314 3.4331
v 5.2931 3.7314 3.5834
v 5.3907 3.7314 3.7493
v 5.4760 3.7314 3.9326
v 5.5493 3.7314 4.1365
v 5.6110 3.7314 4.3651
v 5.6613 3.7314 4.6253
v 5.7002 3.7314 4.9289
v 5.7279 3.7314 5.2993
v 5.7445 3.7314 5.7991
v 5.7500 4.1266 7.3004
v 5.7444 4.1266 8.7013
v 5.7277 4.1266 9.2144
v 5.6998 4.1266 9.5952
v 5.6607 4.1266 9.9077
v 5.6101 4.1266 10.1757
v 5.5480 4.1266 10.4113
v 5.4742 4.1266 10.6215
v 5.3884 4.1266 10.8106
v 5.2902 4.1266 10.9817
v 5.1793 4.1266 11.1369
v 5.0551 4.1266 11.2777
v 4.9170 4.1266 11.4053
v 4.7641 4.1266 11.5206
v 4.5954 4.1266 11.6243
v 4.4096 4.1266 11.7169
v 4.2046 4.1266 11.7989
v 3.9781 4.1266 11.8705
v 3.7264 4.1266 11.9322
v 3.4441 4.1266 11.9840
v 3.1231 4.1266 12.0262
v 2.7488 4.1266 12.0589
v 2.2926 4.1266 12.0822
v 1.6781 4.1266 12.0961
v 0.0000 4.1266 12.1008
v -1.6781 4.1266 12.0961
v -2.2926 4.1266 12.0822
v -2.7488 4.1266 12.0589
v -3.1231 4.1266 12.0262
v -3.4441 4.1266 11.9840
v -3.7264 4.1266 11.9322
v -3.9781 4.1266 11.8705
v -4.2046 4.1266 11.7989
v -4.4096 4.1266 11.7169
v -4.5954 4.1266 11.6243
v -4.7641 4.1266 11.5206
v -4.9170 4.1266 11.4053
v -5.0551 4.1266 11.2777
v -5.1793 4.1266 11.1369
v -5.2902 4.1266 10.9817
v -5.3884 4.1266 10.8106
v -5.4742 4.1266 10.6215
v -5.5480 4.1266 10.4113
v -5.6101 4.1266 10.1757
v -5.6607 4.1266 9.9077
v -5.6998 4.1266 9.5952
v -5.7277 4.1266 9.2144
v -5.7444 4.1266 8.7013
v -5.7500 4.1266 7.3004
v -5.7444 4.1266 5.8995
v -5.7277 4.1266 5.3864
v -5.6998 4.1266 5.0055
v -5.6607 4.1266 4.6931
v -5.6101 4.1266 4.4250
v -5.5480 4.1266 4.1894
v -5.4742 4.1266 3.9793
v -5.3884 4.1266 3.7902
v -5.2902 4.1266 3.6191
v -5.1793 4.1266 3.4639
v -5.0551 4.1266 3.3231
v -4.9170 4.1266 3.1955
v -4.7641 4.1266 3.0802
v -4.5954 4.1266 2.9765
v -4.4096 4.1266 2.8839
v -4.2046 4.1266 2.8019
v -3.9781 4.1266 2.7302
v -3.7264 4.1266 2.6686
v -3.4441 4.1266 2.6168
v -3.1231 4.1266 2.5746
v -2.7488 4.1266 2.5419
v -2.2926 4.1266 2.5186
v -1.6781 4.1266 2.5046
v -0.0000 4.1266 2.5000
v 1.6781 4.1266 2.5046
v 2.2926 4.1266 2.5186
v 2.7488 4.1266 2.5419
v 3.1231 4.1266 2.5746
v 3.4441 4.1266 2.6168
v 3.7264 4.1266 2.6686
v 3.9781 4.1266 2.7302
v 4.2046 4.1266 2.8019
v 4.4096 4.1266 2.8839
v 4.5954 4.1266 2.9765
v 4.7641 4.1266 3.0802
v 4.9170 4.1266 3.1955
v 5.0551 4.1266 3.3231
v 5.1793 4.1266 3.4639
v 5.2902 4.1266 3.6191
v 5.3884 4.1266 3.7902
v 5.4742 4.1266 3.9793
v 5.5480 4.1266 4.1894
v 5.6101 4.1266 4.4250
v 5.6607 4.1266 4.6931
v 5.6998 4.1266 5.0055
v 5.7277 4.1266 5.3864
v 5.7444 4.1266 5.8995
v 5.7500 4.5179 7.4259
v 5.7444 4.5179 8.8511
v 5.7276 4.5179 9.3773
v 5.6995 4.5179 9.7686
v 5.6601 4.5179 10.0900
v 5.6092 4.5179 10.3659
v 5.5467 4.5179 10.6085
v 5.4723 4.5179 10.8251
v 5.3859 4.5179 11.0200
v 5.2871 4.5179 11.1965
v 5.1755 4.5179 11.3566
v 5.0505 4.5179 11.5019
v 4.9116 4.5179 11.6336
v 4.7578 4.5179 11.7526
v 4.5882 4.5179 11.8597
v 4.4013 4.5179 11.9553
v 4.1954 4.5179 12.0400
v 3.9678 4.5179 12.1140
v 3.7150 4.5179 12.1777
v 3.4317 4.5179 12.2312
v 3.1097 4.5179 12.2748
v 2.7346 4.5179 12.3086
v 2.2778 4.5179 12.3327
v 1.6636 4.5179 12.3471
v 0.0000 4.5179 12.3519
v -1.6636 4.5179 12.3471
v -2.2778 4.5179 12.3327
v -2.7346 4.5179 12.3086
v -3.1097 4.5179 12.2748
v -3.4317 4.5179 12.2312
v -3.7150 4.5179 12.1777
v -3.9678 4.5179 12.1140
v -4.1954 4.5179 12.0400
v -4.4013 4.5179 11.9553
v -4.5882 4.5179 11.8597
v -4.7578 4.5179 11.7526
v -4.9116 4.5179 11.6336
v -5.0505 4.5179 11.5019
v -5.1755 4.5179 11.3566
v -5.2871 4.5179 11.1965
v -5.3859 4.5179 11.0200
v -5.4723 4.5179 10.8251
v -5.5467 4.5179 10.6085
v -5.6092 4.5179 10.3659
v -5.6601 4.5179 10.0900
v -5.6995 4.5179 9.7686
v -5.7276 4.5179 9.3773
v -5.7444 4.5179 8.8511
v -5.7500 4.5179 7.4259
v -5.7444 4.5179 6.0008
v -5.7276 4.5179 5.4746
v -5.6995 4.5179 5.0833
v -5.6601 4.5179 4.7619
v -5.6092 4.5179 4.4860
v -5.5467 4.5179 4.2434
v -5.4723 4.5179 4.0268
v -5.3859 4.5179 3.8318
v -5.2871 4.5179 3.6554
v -5.1755 4.5179 3.4953
v -5.0505 4.5179 3.3500
v -4.9116 4.5179 3.2183
v -4.7578 4.5179 3.0993
v -4.5882 4.5179 2.9922
v -4.4013 4.5179 2.8966
v -4.1954 4.5179 2.8119
v -3.9678 4.5179 2.7379
v -3.7150 4.5179 2.6742
v -3.4317 4.5179 2.6207
v -3.1097 4.5179 2.5771
v -2.7346 4.5179 2.5433
v -2.2778 4.5179 2.5192
v -1.6636 4.5179 2.5048
v -0.0000 4.5179 2.5000
v 1.6636 4.5179 2.5048
v 2.2778 4.5179 2.5192
v 2.7346 4.5179 2.5433
v 3.1097 4.5179 2.5771
v 3.4317 4.5179 2.6207
v 3.7150 4.5179 2.6742
v 3.9678 4.5179 2.7379
v 4.1954 4.5179 2.8119
v 4.4013 4.5179 2.8966
v 4.5882 4.5179 2.9922
v 4.7578 4.5179 3.0993
v 4.9116 4.5179 3.2183
v 5.0505 4.5179 3.3500
v 5.1755 4.5179 3.4953
v 5.2871 4.5179 3.6554
v 5.3859 4.5179 3.8318
v 5.4723 4.5179 4.0268
v 5.5467 4.5179 4.2434
v 5.6092 4.5179 4.4860
v 5.6601 4.5179 4.7619
v 5.6995 4.5179 5.0833
v 5.7276 4.5179 5.4746
v 5.7444 4.5179 6.0008
v 5.7500 4.9053 7.5488
v 5.7444 4.9053 8.9960
v 5.7274 4.9053 9.5351
v 5.6991 4.9053 9.9366
v 5.6594 4.9053 10.2668
v 5.6081 4.9053 10.5504
v 5.5452 4.9053 10.8001
v 5.4703 4.9053 11.0231
v 5.3833 4.9053 11.2239
v 5.2838 4.9053 11.4057
v 5.1714 4.9053 11.5707
v 5.0456 4.9053 11.7205
v 4.9058 4.9053 11.8563
v 4.7511 4.9053 11.9791
v 4.5805 4.9053 12.0895
v 4.3926 4.9053 12.1882
v 4.1855 4.9053 12.2756
v 3.9568 4.9053 12.3520
v 3.7029 4.9053 12.4177
v 3.4185 4.9053 12.4730
v 3.0955 4.9053 12.5180
v 2.7195 4.9053 12.5529
v 2.2621 4.9053 12.5777
v 1.6483 4.9053 12.5926
v 0.0000 4.9053 12.5976
v -1.6483 4.9053 12.5926
v -2.2621 4.9053 12.5777
v -2.7195 4.9053 12.5529
v -3.0955 4.9053 12.5180
v -3.4185 4.9053 12.4730
v -3.7029 4.9053 12.4177
v -3.9568 4.9053 12.3520
v -4.1855 4.9053 12.2756
v -4.3926 4.9053 12.1882
v -4.5805 4.9053 12.0895
v -4.7511 4.9053 11.9791
v -4.9058 4.9053 11.8563
v -5.0456 4.9053 11.7205
v -5.1714 4.9053 11.5707
v -5.2838 4.9053 11.4057
v -5.3833 4.9053 11.2239
v -5.4703 4.9053 11.0231
v -5.5452 4.9053 10.8001
v -5.6081 4.9053 10.5504
v -5.6594 4.9053 10.2668
v -5.6991 4.9053 9.9366
v -5.7274 4.9053 9.5351
v -5.7444 4.9053 8.9960
v -5.7500 4.9053 7.5488
v -5.7444 4.9053 6.1015
v -5.7274 4.9053 5.5625
v -5.6991 4.9053 5.1610
v -5.6594 4.9053 4.8308
v -5.6081 4.9053 4.5471
v -5.5452 4.9053 4.2975
v -5.4703 4.9053 4.0745
v -5.3833 4.9053 3.8737
v -5.2838 4.9053 3.6919
v -5.1714 4.9053 3.5269
v -5.0456 4.9053 3.3771
v -4.9058 4.9053 3.2413
v -4.7511 4.9053 3.1185
v -4.5805 4.9053 3.0080
v -4.3926 4.9053 2.9094
v -4.1855 4.9053 2.8220
v -3.9568 4.9053 2.7456
v -3.7029 4.9053 2.6799
v -3.4185 4.9053 2.6246
v -3.0955 4.9053 2.5796
v -2.7195 4.9053 2.5447
v -2.2621 4.9053 2.5198
v -1.6483 4.9053 2.5050
v -0.0000 4.9053 2.5000
v 1.6483 4.9053 2.5050
v 2.2621 4.9053 2.5198
v 2.7195 4.9053 2.5447
v 3.0955 4.9053 2.5796
v 3.4185 4.9053 2.6246
v 3.7029 4.9053 2.6799
v 3.9568 4.9053 2.7456
v 4.1855 4.9053 2.8220
v 4.3926 4.9053 2.9094
v 4.5805 4.9053 3.0080
v 4.7511 4.9053 3.1185
v 4.9058 4.9053 3.2413
v 5.0456 4.9053 3.3771
v 5.1714 4.9053 3.5269
v 5.2838 4.9053 3.6919
v 5.3833 4.9053 3.8737
v 5.4703 4.9053 4.0745
v 5.5452 4.9053 4.2975
v 5.6081 4.9053 4.5471
v 5.6594 4.9053 4.8308
v 5.6991 4.9053 5.1610
v 5.7274 4.9053 5.5625
v 5.7444 4.9053 6.1015
v 5.7500 5.2887 7.6669
v 5.7443 5.2887 9.1336
v 5.7272 5.2887 9.6849
v 5.6987 5.2887 10.0963
v 5.6587 5.2887 10.4350
v 5.6070 5.2887 10.7263
v 5.5436 5.2887 10.9829
v 5.4682 5.2887 11.2121
v 5.3805 5.2887 11.4187
v 5.2803 5.2887 11.6058
v 5.1671 5.2887 11.7756
v 5.0404 5.2887 11.9299
v 4.8997 5.2887 12.0698
v 4.7440 5.2887 12.1963
v 4.5723 5.2887 12.3101
v 4.3833 5.2887 12.4118
v 4.1751 5.2887 12.5019
v 3.9452 5.2887 12.5806
v 3.6901 5.2887 12.6484
v 3.4046 5.2887 12.7054
v 3.0804 5.2887 12.7518
v 2.7035 5.2887 12.7878
v 2.2456 5.2887 12.8134
v 1.6322 5.2887 12.8288
v 0.0000 5.2887 12.8339
v -1.6322 5.2887 12.8288
v -2.2456 5.2887 12.8134
v -2.7035 5.2887 12.7878
v -3.0804 5.2887 12.7518
v -3.4046 5.2887 12.7054
v -3.6901 5.2887 12.6484
v -3.9452 5.2887 12.5806
v -4.1751 5.2887 12.5019
v -4.3833 5.2887 12.4118
v -4.5723 5.2887 12.3101
v -4.7440 5.2887 12.1963
v -4.8997 5.2887 12.0698
v -5.0404 5.2887 11.9299
v -5.1671 5.2887 11.7756
v -5.2803 5.2887 11.6058
v -5.3805 5.2887 11.4187
v -5.4682 5.2887 11.2121
v -5.5436 5.2887 10.9829
v -5.6070 5.2887 10.7263
v -5.6587 5.2887 10.4350
v -5.6987 5.2887 10.0963
v -5.7272 5.2887 9.6849
v -5.7443 5.2887 9.1336
v -5.7500 5.2887 7.6669
v -5.7443 5.2887 6.2003
v -5.7272 5.2887 5.6490
v -5.6987 5.2887 5.2376
v -5.6587 5.2887 4.8989
v -5.6070 5.2887 4.6076
v -5.5436 5.2887 4.3510
v -5.4682 5.2887 4.1218
v -5.3805 5.2887 3.9152
v -5.2803 5.2887 3.7281
v -5.1671 5.2887 3.5583
v -5.0404 5.2887 3.4040
v -4.8997 5.2887 3.2641
v -4.7440 5.2887 3.1376
v -4.5723 5.2887 3.0238
v -4.3833 5.2887 2.9221
v -4.1751 5.2887 2.8320
v -3.9452 5.2887 2.7533
v -3.6901 5.2887 2.6855
v -3.4046 5.2887 2.6285
v -3.0804 5.2887 2.5821
v -2.7035 5.2887 2.5461
v -2.2456 5.2887 2.5205
v -1.6322 5.2887 2.5051
v -0.0000 5.2887 2.5000
v 1.6322 5.2887 2.5051
v 2.2456 5.2887 2.5205
v 2.7035 5.2887 2.5461
v 3.0804 5.2887 2.5821
v 3.4046 5.2887 2.6285
v 3.6901 5.2887 2.6855
v 3.9452 5.2887 2.7533
v 4.1751 5.2887 2.8320
v 4.3833 5.2887 2.9221
v 4.5723 5.2887 3.0238
v 4.7440 5.2887 3.1376
v 4.8997 5.2887 3.2641
v 5.0404 5.2887 3.4040
v 5.1671 5.2887 3.5583
v 5.2803 5.2887 3.7281
v 5.3805 5.2887 3.9152
v 5.4682 5.2887 4.1218
v 5.5436 5.2887 4.3510
v 5.6070 5.2887 4.6076
v 5.6587 5.2887 4.8989
v 5.6987 5.2887 5.2376
v 5.7272 5.2887 5.6490
v 5.7443 5.2887 6.2003
v 5.7500 5.6681 7.7785
v 5.7443 5.6681 9.2614
v 5.7270 5.6681 9.8242
v 5.6983 5.6681 10.2450
v 5.6579 5.6681 10.5920
v 5.6059 5.6681 10.8906
v 5.5419 5.6681 11.1538
v 5.4659 5.6681 11.3891
v 5.3776 5.6681 11.6012
v 5.2766 5.6681 11.7935
v 5.1626 5.6681 11.9681
v 5.0350 5.6681 12.1267
v 4.8932 5.6681 12.2706
v 4.7365 5.6681 12.4007
v 4.5637 5.6681 12.5178
v 4.3735 5.6681 12.6225
v 4.1641 5.6681 12.7152
v 3.9330 5.6681 12.7963
v 3.6767 5.6681 12.8661
v 3.3900 5.6681 12.9248
v 3.0647 5.6681 12.9726
v 2.6868 5.6681 13.0096
v 2.2283 5.6681 13.0360
v 1.6154 5.6681 13.0518
v 0.0000 5.6681 13.0571
v -1.6154 5.6681 13.0518
v -2.2283 5.6681 13.0360
v -2.6868 5.6681 13.0096
v -3.0647 5.6681 12.9726
v -3.3900 5.6681 12.9248
v -3.6767 5.6681 12.8661
v -3.9330 5.6681 12.7963
v -4.1641 5.6681 12.7152
v -4.3735 5.6681 12.6225
v -4.5637 5.6681 12.5178
v -4.7365 5.6681 12.4007
v -4.8932 5.6681 12.2706
v -5.0350 5.6681 12.1267
v -5.1626 5.6681 11.9681
v -5.2766 5.6681 11.7935
v -5.3776 5.6681 11.6012
v -5.4659 5.6681 11.3891
v -5.5419 5.6681 11.1538
v -5.6059 5.6681 10.8906
v -5.6579 5.6681 10.5920
v -5.6983 5.6681 10.2450
v -5.7270 5.6681 9.8242
v -5.7443 5.6681 9.2614
v -5.7500 5.6681 7.7785
v -5.7443 5.6681 6.2956
v -5.7270 5.6681 5.7329
v -5.6983 5.6681 5.3120
v -5.6579 5.6681 4.9651
v -5.6059 5.6681 4.6665
v -5.5419 5.6681 4.4033
v -5.4659 5.6681 4.1680
v -5.3776 5.6681 3.9559
v -5.2766 5.6681 3.7636
v -5.1626 5.6681 3.5890
v -5.0350 5.6681 3.4304
v -4.8932 5.6681 3.2865
v -4.7365 5.6681 3.1564
v -4.5637 5.6681 3.0393
v -4.3735 5.6681 2.9346
v -4.1641 5.6681 2.8419
v -3.9330 5.6681 2.7608
v -3.6767 5.6681 2.6910
v -3.3900 5.6681 2.6323
v -3.0647 5.6681 2.5845
v -2.6868 5.6681 2.5475
v -2.2283 5.6681 2.5211
v -1.6154 5.6681 2.5053
v -0.0000 5.6681 2.5000
v 1.6154 5.6681 2.5053
v 2.2283 5.6681 2.5211
v 2.6868 5.6681 2.5475
v 3.0647 5.6681 2.5845
v 3.3900 5.6681 2.6323
v 3.6767 5.6681 2.6910
v 3.9330 5.6681 2.7608
v 4.1641 5.6681 2.8419
v 4.3735 5.6681 2.9346
v 4.5637 5.6681 3.0393
v 4.7365 5.6681 3.1564
v 4.8932 5.6681 3.2865
v 5.0350 5.6681 3.4304
v 5.1626 5.6681 3.5890
v 5.2766 5.6681 3.7636
v 5.3776 5.6681 3.9559
v 5.4659 5.6681 4.1680
v 5.5419 5.6681 4.4033
v 5.6059 5.6681 4.6665
v 5.6579 5.6681 4.9651
v 5.6983 5.6681 5.3120
v 5.7270 5.6681 5.7329
v 5.7443 5.6681 6.2956
v 5.7500 6.0434 7.8818
v 5.7442 6.0434 9.3774
v 5.7269 6.0434 9.9507
v 5.6979 6.0434 10.3803
v 5.6572 6.0434 10.7349
v 5.6046 6.0434 11.0405
v 5.5402 6.0434 11.3100
v 5.4635 6.0434 11.5511
v 5.3745 6.0434 11.7686
v 5.2727 6.0434 11.9657
v 5.1578 6.0434 12.1449
v 5.0293 6.0434 12.3077
v 4.8865 6.0434 12.4554
v 4.7286 6.0434 12.5891
v 4.5547 6.0434 12.7094
v 4.3633 6.0434 12.8169
v 4.1527 6.0434 12.9122
v 3.9203 6.0434 12.9955
v 3.6627 6.0434 13.0673
v 3.3747 6.0434 13.1276
v 3.0483 6.0434 13.1767
v 2.6694 6.0434 13.2148
v 2.2104 6.0434 13.2420
v 1.5979 6.0434 13.2582
v 0.0000 6.0434 13.2636
v -1.5979 6.0434 13.2582
v -2.2104 6.0434 13.2420
v -2.6694 6.0434 13.2148
v -3.0483 6.0434 13.1767
v -3.3747 6.0434 13.1276
v -3.6627 6.0434 13.0673
v -3.9203 6.0434 12.9955
v -4.1527 6.0434 12.9122
v -4.3633 6.0434 12.8169
v -4.5547 6.0434 12.7094
v -4.7286 6.0434 12.5891
v -4.8865 6.0434 12.4554
v -5.0293 6.0434 12.3077
v -5.1578 6.0434 12.1449
v -5.2727 6.0434 11.9657
v -5.3745 6.0434 11.7686
v -5.4635 6.0434 11.5511
v -5.5402 6.0434 11.3100
v -5.6046 6.0434 11.0405
v -5.6572 6.0434 10.7349
v -5.6979 6.0434 10.3803
v -5.7269 6.0434 9.9507
v -5.7442 6.0434 9.3774
v -5.7500 6.0434 7.8818
v -5.7442 6.0434 6.3862
v -5.7269 6.0434 5.8130
v -5.6979 6.0434 5.3833
v -5.6572 6.0434 5.0287
v -5.6046 6.0434 4.7232
v -5.5402 6.0434 4.4537
v -5.4635 6.0434 4.2126
v -5.3745 6.0434 3.9951
v -5.2727 6.0434 3.7979
v -5.1578 6.0434 3.6188
v -5.0293 6.0434 3.4560
v -4.8865 6.0434 3.3082
v -4.7286 6.0434 3.1746
v -4.5547 6.0434 3.0543
v -4.3633 6.0434 2.9467
v -4.1527 6.0434 2.8515
v -3.9203 6.0434 2.7681
v -3.6627 6.0434 2.6964
v -3.3747 6.0434 2.6360
v -3.0483 6.0434 2.5869
v -2.6694 6.0434 2.5488
v -2.2104 6.0434 2.5217
v -1.5979 6.0434 2.5054
v -0.0000 6.0434 2.5000
v 1.5979 6.0434 2.5054
v 2.2104 6.0434 2.5217
v 2.6694 6.0434 2.5488
v 3.0483 6.0434 2.5869
v 3.3747 6.0434 2.6360
v 3.6627 6.0434 2.6964
v 3.9203 6.0434 2.7681
v 4.1527 6.0434 2.8515
v 4.3633 6.0434 2.9467
v 4.5547 6.0434 3.0543
v 4.7286 6.0434 3.1746
v 4.8865 6.0434 3.3082
v 5.0293 6.0434 3.4560
v 5.1578 6.0434 3.6188
v 5.2727 6.0434 3.7979
v 5.3745 6.0434 3.9951
v 5.4635 6.0434 4.2126
v 5.5402 6.0434 4.4537
v 5.6046 6.0434 4.7232
v 5.6572 6.0434 5.0287
v 5.6979 6.0434 5.3833
v 5.7269 6.0434 5.8130
v 5.7442 6.0434 6.3862
v 5.7500 6.4148 7.9752
v 5.7442 6.4148 9.4796
v 5.7266 6.4148 10.0622
v 5.6974 6.4148 10.4998
v 5.6563 6.4148 10.8615
v 5.6034 6.4148 11.1735
v 5.5384 6.4148 11.4489
v 5.4611 6.4148 11.6954
v 5.3713 6.4148 11.9180
v 5.2687 6.4148 12.1198
v 5.1529 6.4148 12.3032
v 5.0233 6.4148 12.4700
v 4.8795 6.4148 12.6214
v 4.7205 6.4148 12.7584
v 4.5453 6.4148 12.8817
v 4.3527 6.4148 12.9920
v 4.1407 6.4148 13.0897
v 3.9070 6.4148 13.1752
v 3.6481 6.4148 13.2488
v 3.3589 6.4148 13.3107
v 3.0312 6.4148 13.3611
v 2.6514 6.4148 13.4002
v 2.1918 6.4148 13.4281
v 1.5800 6.4148 13.4448
v 0.0000 6.4148 13.4503
v -1.5800 6.4148 13.4448
v -2.1918 6.4148 13.4281
v -2.6514 6.4148 13.4002
v -3.0312 6.4148 13.3611
v -3.3589 6.4148 13.3107
v -3.6481 6.4148 13.2488
v -3.9070 6.4148 13.1752
v -4.1407 6.4148 13.0897
v -4.3527 6.4148 12.9920
v -4.5453 6.4148 12.8817
v -4.7205 6.4148 12.7584
v -4.8795 6.4148 12.6214
v -5.0233 6.4148 12.4700
v -5.1529 6.4148 12.3032
v -5.2687 6.4148 12.1198
v -5.3713 6.4148 11.9180
v -5.4611 6.4148 11.6954
v -5.5384 6.4148 11.4489
v -5.6034 6.4148 11.1735
v -5.6563 6.4148 10.8615
v -5.6974 6.4148 10.4998
v -5.7266 6.4148 10.0622
v -5.7442 6.4148 9.4796
v -5.7500 6.4148 7.9752
v -5.7442 6.4148 6.4707
v -5.7266 6.4148 5.8881
v -5.6974 6.4148 5.4505
v -5.6563 6.4148 5.0888
v -5.6034 6.4148 4.7768
v -5.5384 6.4148 4.5014
v -5.4611 6.4148 4.2549
v -5.3713 6.4148 4.0323
v -5.2687 6.4148 3.8305
v -5.1529 6.4148 3.6471
v -5.0233 6.4148 3.4803
v -4.8795 6.4148 3.3289
v -4.7205 6.4148 3.1919
v -4.5453 6.4148 3.0686
v -4.3527 6.4148 2.9583
v -4.1407 6.4148 2.8606
v -3.9070 6.4148 2.7751
v -3.6481 6.4148 2.7015
v -3.3589 6.4148 2.6396
v -3.0312 6.4148 2.5892
v -2.6514 6.4148 2.5501
v -2.1918 6.4148 2.5222
v -1.5800 6.4148 2.5056
v -0.0000 6.4148 2.5000
v 1.5800 6.4148 2.5056
v 2.1918 6.4148 2.5222
v 2.6514 6.4148 2.5501
v 3.0312 6.4148 2.5892
v 3.3589 6.4148 2.6396
v 3.6481 6.4148 2.7015
v 3.9070 6.4148 2.7751
v 4.1407 6.4148 2.8606
v 4.3527 6.4148 2.9583
v 4.5453 6.4148 3.0686
v 4.7205 6.4148 3.1919
v 4.8795 6.4148 3.3289
v 5.0233 6.4148 3.4803
v 5.1529 6.4148 3.6471
v 5.2687 6.4148 3.8305
v 5.3713 6.4148 4.0323
v 5.4611 6.4148 4.2549
v 5.5384 6.4148 4.5014
v 5.6034 6.4148 4.7768
v 5.6563 6.4148 5.0888
v 5.6974 6.4148 5.4505
v 5.7266 6.4148 5.8881
v 5.7442 6.4148 6.4707
v 5.7500 6.7822 8.0570
v 5.7441 6.7822 9.5661
v 5.7264 6.7822 10.1568
v 5.6969 6.7822 10.6015
v 5.6555 6.7822 10.9695
v 5.6021 6.7822 11.2874
v 5.5365 6.7822 11.5682
v 5.4585 6.7822 11.8197
v 5.3680 6.7822 12.0469
v 5.2645 6.7822 12.2530
v 5.1477 6.7822 12.4405
v 5.0172 6.7822 12.6109
v 4.8722 6.7822 12.7657
v 4.7120 6.7822 12.9058
v 4.5356 6.7822 13.0320
v 4.3417 6.7822 13.1449
v 4.1284 6.7822 13.2448
v 3.8933 6.7822 13.3324
v 3.6331 6.7822 13.4077
v 3.3425 6.7822 13.4711
v 3.0136 6.7822 13.5227
v 2.6328 6.7822 13.5628
v 2.1726 6.7822 13.5913
v 1.5615 6.7822 13.6084
v 0.0000 6.7822 13.6141
v -1.5615 6.7822 13.6084
v -2.1726 6.7822 13.5913
v -2.6328 6.7822 13.5628
v -3.0136 6.7822 13.5227
v -3.3425 6.7822 13.4711
v -3.6331 6.7822 13.4077
v -3.8933 6.7822 13.3324
v -4.1284 6.7822 13.2448
v -4.3417 6.7822 13.1449
v -4.5356 6.7822 13.0320
v -4.7120 6.7822 12.9058
v -4.8722 6.7822 12.7657
v -5.0172 6.7822 12.6109
v -5.1477 6.7822 12.4405
v -5.2645 6.7822 12.2530
v -5.3680 6.7822 12.0469
v -5.4585 6.7822 11.8197
v -5.5365 6.7822 11.5682
v -5.6021 6.7822 11.2874
v -5.6555 6.7822 10.9695
v -5.6969 6.7822 10.6015
v -5.7264 6.7822 10.1568
v -5.7441 6.7822 9.5661
v -5.7500 6.7822 8.0570
v -5.7441 6.7822 6.5479
v -5.7264 6.7822 5.9573
v -5.6969 6.7822 5.5126
v -5.6555 6.7822 5.1445
v -5.6021 6.7822 4.8267
v -5.5365 6.7822 4.5459
v -5.4585 6.7822 4.2944
v -5.3680 6.7822 4.0672
v -5.2645 6.7822 3.8611
v -5.1477 6.7822 3.6736
v -5.0172 6.7822 3.5031
v -4.8722 6.7822 3.3483
v -4.7120 6.7822 3.2082
v -4.5356 6.7822 3.0821
v -4.3417 6.7822 2.9692
v -4.1284 6.7822 2.8692
v -3.8933 6.7822 2.7817
v -3.6331 6.7822 2.7064
v -3.3425 6.7822 2.6430
v -3.0136 6.7822 2.5913
v -2.6328 6.7822 2.5513
v -2.1726 6.7822 2.5228
v -1.5615 6.7822 2.5057
v -0.0000 6.7822 2.5000
v 1.5615 6.7822 2.5057
v 2.1726 6.7822 2.5228
v 2.6328 6.7822 2.5513
v 3.0136 6.7822 2.5913
v 3.3425 6.7822 2.6430
v 3.6331 6.7822 2.7064
v 3.8933 6.7822 2.7817
v 4.1284 6.7822 2.8692
v 4.3417 6.7822 2.9692
v 4.5356 6.7822 3.0821
v 4.7120 6.7822 3.2082
v 4.8722 6.7822 3.3483
v 5.0172 6.7822 3.5031
v 5.1477 6.7822 3.6736
v 5.2645 6.7822 3.8611
v 5.3680 6.7822 4.0672
v 5.4585 6.7822 4.2944
v 5.5365 6.7822 4.5459
v 5.6021 6.7822 4.8267
v 5.6555 6.7822 5.1445
v 5.6969 6.7822 5.5126
v 5.7264 6.7822 5.9573
v 5.7441 6.7822 6.5479
v 5.7500 7.1454 8.1261
v 5.7441 7.1454 9.6355
v 5.7262 7.1454 10.2327
v 5.6964 7.1454 10.6834
v 5.6546 7.1454 11.0570
v 5.6007 7.1454 11.3800
v 5.5345 7.1454 11.6656
v 5.4559 7.1454 11.9217
v 5.3645 7.1454 12.1530
v 5.2602 7.1454 12.3631
v 5.1424 7.1454 12.5541
v 5.0108 7.1454 12.7280
v 4.8647 7.1454 12.8859
v 4.7033 7.1454 13.0289
v 4.5256 7.1454 13.1576
v 4.3303 7.1454 13.2729
v 4.1157 7.1454 13.3750
v 3.8792 7.1454 13.4643
v 3.6175 7.1454 13.5413
v 3.3256 7.1454 13.6061
v 2.9955 7.1454 13.6588
v 2.6137 7.1454 13.6997
v 2.1530 7.1454 13.7289
v 1.5426 7.1454 13.7463
v 0.0000 7.1454 13.7521
v -1.5426 7.1454 13.7463
v -2.1530 7.1454 13.7289
v -2.6137 7.1454 13.6997
v -2.9955 7.1454 13.6588
v -3.3256 7.1454 13.6061
v -3.6175 7.1454 13.5413
v -3.8792 7.1454 13.4643
v -4.1157 7.1454 13.3750
v -4.3303 7.1454 13.2729
v -4.5256 7.1454 13.1576
v -4.7033 7.1454 13.0289
v -4.8647 7.1454 12.8859
v -5.0108 7.1454 12.7280
v -5.1424 7.1454 12.5541
v -5.2602 7.1454 12.3631
v -5.3645 7.1454 12.1530
v -5.4559 7.1454 11.9217
v -5.5345 7.1454 11.6656
v -5.6007 7.1454 11.3800
v -5.6546 7.1454 11.0570
v -5.6964 7.1454 10.6834
v -5.7262 7.1454 10.2327
v -5.7441 7.1454 9.6355
v -5.7500 7.1454 8.1261
v -5.7441 7.1454 6.6167
v -5.7262 7.1454 6.0195
v -5.6964 7.1454 5.5687
v -5.6546 7.1454 5.1951
v -5.6007 7.1454 4.8721
v -5.5345 7.1454 4.5865
v -5.4559 7.1454 4.3305
v -5.3645 7.1454 4.0991
v -5.2602 7.1454 3.8891
v -5.1424 7.1454 3.6980
v -5.0108 7.1454 3.5242
v -4.8647 7.1454 3.3662
v -4.7033 7.1454 3.2233
v -4.5256 7.1454 3.0945
v -4.3303 7.1454 2.9793
v -4.1157 7.1454 2.8772
v -3.8792 7.1454 2.7878
v -3.6175 7.1454 2.7108
v -3.3256 7.1454 2.6461
v -2.9955 7.1454 2.5933
v -2.6137 7.1454 2.5524
v -2.1530 7.1454 2.5233
v -1.5426 7.1454 2.5058
v -0.0000 7.1454 2.5000
v 1.5426 7.1454 2.5058
v 2.1530 7.1454 2.5233
v 2.6137 7.1454 2.5524
v 2.9955 7.1454 2.5933
v 3.3256 7.1454 2.6461
v 3.6175 7.1454 2.7108
v 3.8792 7.1454 2.7878
v 4.1157 7.1454 2.8772
v 4.3303 7.1454 2.9793
v 4.5256 7.1454 3.0945
v 4.7033 7.1454 3.2233
v 4.8647 7.1454 3.3662
v 5.0108 7.1454 3.5242
v 5.1424 7.1454 3.6980
v 5.2602 7.1454 3.8891
v 5.3645 7.1454 4.0991
v 5.4559 7.1454 4.3305
v 5.5345 7.1454 4.5865
v 5.6007 7.1454 4.8721
v 5.6546 7.1454 5.1951
v 5.6964 7.1454 5.5687
v 5.7262 7.1454 6.0195
v 5.7441 7.1454 6.6167
v 5.7500 7.5046 8.1810
v 5.7440 7.5046 9.6861
v 5.7260 7.5046 10.2883
v 5.6959 7.5046 10.7439
v 5.6537 7.5046 11.1222
v 5.5993 7.5046 11.4496
v 5.5325 7.5046 11.7393
v 5.4531 7.5046 11.9993
v 5.3610 7.5046 12.2343
v 5.2557 7.5046 12.4478
v 5.1369 7.5046 12.6421
v 5.0042 7.5046 12.8189
v 4.8569 7.5046 12.9796
v 4.6943 7.5046 13.1251
v 4.5153 7.5046 13.2562
v 4.3186 7.5046 13.3736
v 4.1026 7.5046 13.4776
v 3.8647 7.5046 13.5686
v 3.6016 7.5046 13.6471
v 3.3083 7.5046 13.7131
v 2.9770 7.5046 13.7668
v 2.5941 7.5046 13.8085
v 2.1330 7.5046 13.8382
v 1.5234 7.5046 13.8560
v 0.0000 7.5046 13.8619
v -1.5234 7.5046 13.8560
v -2.1330 7.5046 13.8382
v -2.5941 7.5046 13.8085
v -2.9770 7.5046 13.7668
v -3.3083 7.5046 13.7131
v -3.6016 7.5046 13.6471
v -3.8647 7.5046 13.5686
v -4.1026 7.5046 13.4776
v -4.3186 7.5046 13.3736
v -4.5153 7.5046 13.2562
v -4.6943 7.5046 13.1251
v -4.8569 7.5046 12.9796
v -5.0042 7.5046 12.8189
v -5.1369 7.5046 12.6421
v -5.2557 7.5046 12.4478
v -5.3610 7.5046 12.2343
v -5.4531 7.5046 11.9993
v -5.5325 7.5046 11.7393
v -5.5993 7.5046 11.4496
v -5.6537 7.5046 11.1222
v -5.6959 7.5046 10.7439
v -5.7260 7.5046 10.2883
v -5.7440 7.5046 9.6861
v -5.7500 7.5046 8.1810
v -5.7440 7.5046 6.6758
v -5.7260 7.5046 6.0736
v -5.6959 7.5046 5.6180
v -5.6537 7.5046 5.2397
v -5.5993 7.5046 4.9124
v -5.5325 7.5046 4.6226
v -5.4531 7.5046 4.3627
v -5.3610 7.5046 4.1277
v -5.2557 7.5046 3.9142
v -5.1369 7.5046 3.7199
v -5.0042 7.5046 3.5430
v -4.8569 7.5046 3.3823
v -4.6943 7.5046 3.2368
v -4.5153 7.5046 3.1057
v -4.3186 7.5046 2.9884
v -4.1026 7.5046 2.8844
v -3.8647 7.5046 2.7933
v -3.6016 7.5046 2.7149
v -3.3083 7.5046 2.6489
v -2.9770 7.5046 2.5951
v -2.5941 7.5046 2.5534
v -2.1330 7.5046 2.5237
v -1.5234 7.5046 2.5059
v -0.0000 7.5046 2.5000
v 1.5234 7.5046 2.5059
v 2.1330 7.5046 2.5237
v 2.5941 7.5046 2.5534
v 2.9770 7.5046 2.5951
v 3.3083 7.5046 2.6489
v 3.6016 7.5046 2.7149
v 3.8647 7.5046 2.7933
v 4.1026 7.5046 2.8844
v 4.3186 7.5046 2.9884
v 4.5153 7.5046 3.1057
v 4.6943 7.5046 3.2368
v 4.8569 7.5046 3.3823
v 5.0042 7.5046 3.5430
v 5.1369 7.5046 3.7199
v 5.2557 7.5046 3.9142
v 5.3610 7.5046 4.1277
v 5.4531 7.5046 4.3627
v 5.5325 7.5046 4.6226
v 5.5993 7.5046 4.9124
v 5.6537 7.5046 5.2397
v 5.6959 7.5046 5.6180
v 5.7260 7.5046 6.0736
v 5.7440 7.5046 6.6758
v 5.7500 7.8597 8.2206
v 5.7439 7.8597 9.7168
v 5.7258 7.8597 10.3223
v 5.6954 7.8597 10.7816
v 5.6528 7.8597 11.1635
v 5.5979 7.8597 11.4944
v 5.5304 7.8597 11.7875
v 5.4503 7.8597 12.0507
v 5.3573 7.8597 12.2888
v 5.2511 7.8597 12.5052
v 5.1313 7.8597 12.7022
v 4.9975 7.8597 12.8817
v 4.8490 7.8597 13.0447
v 4.6851 7.8597 13.1925
v 4.5047 7.8597 13.3256
v 4.3067 7.8597 13.4448
v 4.0892 7.8597 13.5505
v 3.8498 7.8597 13.6430
v 3.5853 7.8597 13.7227
v 3.2906 7.8597 13.7898
v 2.9580 7.8597 13.8444
v 2.5742 7.8597 13.8868
v 2.1125 7.8597 13.9170
v 1.5039 7.8597 13.9351
v 0.0000 7.8597 13.9411
v -1.5039 7.8597 13.9351
v -2.1125 7.8597 13.9170
v -2.5742 7.8597 13.8868
v -2.9580 7.8597 13.8444
v -3.2906 7.8597 13.7898
v -3.5853 7.8597 13.7227
v -3.8498 7.8597 13.6430
v -4.0892 7.8597 13.5505
v -4.3067 7.8597 13.4448
v -4.5047 7.8597 13.3256
v -4.6851 7.8597 13.1925
v -4.8490 7.8597 13.0447
v -4.9975 7.8597 12.8817
v -5.1313 7.8597 12.7022
v -5.2511 7.8597 12.5052
v -5.3573 7.8597 12.2888
v -5.4503 7.8597 12.0507
v -5.5304 7.8597 11.7875
v -5.5979 7.8597 11.4944
v -5.6528 7.8597 11.1635
v -5.6954 7.8597 10.7816
v -5.7258 7.8597 10.3223
v -5.7439 7.8597 9.7168
v -5.7500 7.8597 8.2206
v -5.7439 7.8597 6.7243
v -5.7258 7.8597 6.1188
v -5.6954 7.8597 5.6596
v -5.6528 7.8597 5.2777
v -5.5979 7.8597 4.9468
v -5.5304 7.8597 4.6536
v -5.4503 7.8597 4.3905
v -5.3573 7.8597 4.1523
v -5.2511 7.8597 3.9359
v -5.1313 7.8597 3.7389
v -4.9975 7.8597 3.5595
v -4.8490 7.8597 3.3964
v -4.6851 7.8597 3.2487
v -4.5047 7.8597 3.1155
v -4.3067 7.8597 2.9963
v -4.0892 7.8597 2.8907
v -3.8498 7.8597 2.7981
v -3.5853 7.8597 2.7184
v -3.2906 7.8597 2.6514
v -2.9580 7.8597 2.5967
v -2.5742 7.8597 2.5543
v -2.1125 7.8597 2.5241
v -1.5039 7.8597 2.5060
v -0.0000 7.8597 2.5000
v 1.5039 7.8597 2.5060
v 2.1125 7.8597 2.5241
v 2.5742 7.8597 2.5543
v 2.9580 7.8597 2.5967
v 3.2906 7.8597 2.6514
v 3.5853 7.8597 2.7184
v 3.8498 7.8597 2.7981
v 4.0892 7.8597 2.8907
v 4.3067 7.8597 2.9963
v 4.5047 7.8597 3.1155
v 4.6851 7.8597 3.2487
v 4.8490 7.8597 3.3964
v 4.9975 7.8597 3.5595
v 5.1313 7.8597 3.7389
v 5.2511 7.8597 3.9359
v 5.3573 7.8597 4.1523
v 5.4503 7.8597 4.3905
v 5.5304 7.8597 4.6536
v 5.5979 7.8597 4.9468
v 5.6528 7.8597 5.2777
v 5.6954 7.8597 5.6596
v 5.7258 7.8597 6.1188
v 5.7439 7.8597 6.7243
v 5.7500 8.2107 8.2438
v 5.7439 8.2107 9.7264
v 5.7255 8.2107 10.3334
v 5.6949 8.2107 10.7950
v 5.6519 8.2107 11.1794
v 5.5964 8.2107 11.5129
v 5.5283 8.2107 11.8087
v 5.4475 8.2107 12.0744
v 5.3536 8.2107 12.3149
v 5.2464 8.2107 12.5336
v 5.1256 8.2107 12.7329
v 4.9906 8.2107 12.9144
v 4.8409 8.2107 13.0795
v 4.6756 8.2107 13.2290
v 4.4939 8.2107 13.3639
v 4.2944 8.2107 13.4846
v 4.0755 8.2107 13.5917
v 3.8347 8.2107 13.6854
v 3.5687 8.2107 13.7662
v 3.2726 8.2107 13.8342
v 2.9388 8.2107 13.8896
v 2.5539 8.2107 13.9326
v 2.0918 8.2107 13.9632
v 1.4842 8.2107 13.9815
v 0.0000 8.2107 13.9876
v -1.4842 8.2107 13.9815
v -2.0918 8.2107 13.9632
v -2.5539 8.2107 13.9326
v -2.9388 8.2107 13.8896
v -3.2726 8.2107 13.8342
v -3.5687 8.2107 13.7662
v -3.8347 8.2107 13.6854
v -4.0755 8.2107 13.5917
v -4.2944 8.2107 13.4846
v -4.4939 8.2107 13.3639
v -4.6756 8.2107 13.2290
v -4.8409 8.2107 13.0795
v -4.9906 8.2107 12.9144
v -5.1256 8.2107 12.7329
v -5.2464 8.2107 12.5336
v -5.3536 8.2107 12.3149
v -5.4475 8.2107 12.0744
v -5.5283 8.2107 11.8087
v -5.5964 8.2107 11.5129
v -5.6519 8.2107 11.1794
v -5.6949 8.2107 10.7950
v -5.7255 8.2107 10.3334
v -5.7439 8.2107 9.7264
v -5.7500 8.2107 8.2438
v -5.7439 8.2107 6.7612
v -5.7255 8.2107 6.1542
v -5.6949 8.2107 5.6927
v -5.6519 8.2107 5.3082
v -5.5964 8.2107 4.9747
v -5.5283 8.2107 4.6790
v -5.4475 8.2107 4.4133
v -5.3536 8.2107 4.1727
v -5.2464 8.2107 3.9540
v -5.1256 8.2107 3.7547
v -4.9906 8.2107 3.5732
v -4.8409 8.2107 3.4082
v -4.6756 8.2107 3.2586
v -4.4939 8.2107 3.1237
v -4.2944 8.2107 3.0030
v -4.0755 8.2107 2.8960
v -3.8347 8.2107 2.8022
v -3.5687 8.2107 2.7215
v -3.2726 8.2107 2.6535
v -2.9388 8.2107 2.5980
v -2.5539 8.2107 2.5551
v -2.0918 8.2107 2.5245
v -1.4842 8.2107 2.5061
v -0.0000 8.2107 2.5000
v 1.4842 8.2107 2.5061
v 2.0918 8.2107 2.5245
v 2.5539 8.2107 2.5551
v 2.9388 8.2107 2.5980
v 3.2726 8.2107 2.6535
v 3.5687 8.2107 2.7215
v 3.8347 8.2107 2.8022
v 4.0755 8.2107 2.8960
v 4.2944 8.2107 3.0030
v 4.4939 8.2107 3.1237
v 4.6756 8.2107 3.2586
v 4.8409 8.2107 3.4082
v 4.9906 8.2107 3.5732
v 5.1256 8.2107 3.7547
v 5.2464 8.2107 3.9540
v 5.3536 8.2107 4.1727
v 5.4475 8.2107 4.4133
v 5.5283 8.2107 4.6790
v 5.5964 8.2107 4.9747
v 5.6519 8.2107 5.3082
v 5.6949 8.2107 5.6927
v 5.7255 8.2107 6.1542
v 5.7439 8.2107 6.7612
v 5.7500 8.5575 8.2500
v 5.7438 8.5575 9.7143
v 5.7253 8.5575 10.3209
v 5.6943 8.5575 10.7833
v 5.6509 8.5575 11.1692
v 5.5949 8.5575 11.5043
v 5.5261 8.5575 11.8018
v 5.4445 8.5575 12.0692
v 5.3498 8.5575 12.3115
v 5.2416 8.5575 12.5320
v 5.1197 8.5575 12.7329
v 4.9836 8.5575 12.9160
v 4.8326 8.5575 13.0826
v 4.6660 8.5575 13.2336
v 4.4829 8.5575 13.3697
v 4.2820 8.5575 13.4916
v 4.0615 8.5575 13.5998
v 3.8192 8.5575 13.6945
v 3.5518 8.5575 13.7761
v 3.2543 8.5575 13.8449
v 2.9192 8.5575 13.9009
v 2.5333 8.5575 13.9443
v 2.0709 8.5575 13.9753
v 1.4643 8.5575 13.9938
v 0.0000 8.5575 14.0000
v -1.4643 8.5575 13.9938
v -2.0709 8.5575 13.9753
v -2.5333 8.5575 13.9443
v -2.9192 8.5575 13.9009
v -3.2543 8.5575 13.8449
v -3.5518 8.5575 13.7761
v -3.8192 8.5575 13.6945
v -4.0615 8.5575 13.5998
v -4.2820 8.5575 13.4916
v -4.4829 8.5575 13.3697
v -4.6660 8.5575 13.2336
v -4.8326 8.5575 13.0826
v -4.9836 8.5575 12.9160
v -5.1197 8.5575 12.7329
v -5.2416 8.5575 12.5320
v -5.3498 8.5575 12.3115
v -5.4445 8.5575 12.0692
v -5.5261 8.5575 11.8018
v -5.5949 8.5575 11.5043
v -5.6509 8.5575 11.1692
v -5.6943 8.5575 10.7833
v -5.7253 8.5575 10.3209
v -5.7438 8.5575 9.7143
v -5.7500 8.5575 8.2500
v -5.7438 8.5575 6.7857
v -5.7253 8.5575 6.1791
v -5.6943 8.5575 5.7167
v -5.6509 8.5575 5.3308
v -5.5949 8.5575 4.9957
v -5.5261 8.5575 4.6982
v -5.4445 8.5575 4.4308
v -5.3498 8.5575 4.1885
v -5.2416 8.5575 3.9680
v -5.1197 8.5575 3.7671
v -4.9836 8.5575 3.5840
v -4.8326 8.5575 3.4174
v -4.6660 8.5575 3.2664
v -4.4829 8.5575 3.1303
v -4.2820 8.5575 3.0084
v -4.0615 8.5575 2.9002
v -3.8192 8.5575 2.8055
v -3.5518 8.5575 2.7239
v -3.2543 8.5575 2.6551
v -2.9192 8.5575 2.5991
v -2.5333 8.5575 2.5557
v -2.0709 8.5575 2.5247
v -1.4643 8.5575 2.5062
v -0.0000 8.5575 2.5000
v 1.4643 8.5575 2.5062
v 2.0709 8.5575 2.5247
v 2.5333 8.5575 2.5557
v 2.9192 8.5575 2.5991
v 3.2543 8.5575 2.6551
v 3.5518 8.5575 2.7239
v 3.8192 8.5575 2.8055
v 4.0615 8.5575 2.9002
v 4.2820 8.5575 3.0084
v 4.4829 8.5575 3.1303
v 4.6660 8.5575 3.2664
v 4.8326 8.5575 3.4174
v 4.9836 8.5575 3.5840
v 5.1197 8.5575 3.7671
v 5.2416 8.5575 3.9680
v 5.3498 8.5575 4.1885
v 5.4445 8.5575 4.4308
v 5.5261 8.5575 4.6982
v 5.5949 8.5575 4.9957
v 5.6509 8.5575 5.3308
v 5.6943 8.5575 5.7167
v 5.7253 8.5575 6.1791
v 5.7438 8.5575 6.7857
v 5.7500 8.9002 8.2500
v 5.7438 8.9002 9.6943
v 5.7250 8.9002 10.2997
v 5.6938 8.9002 10.7625
v 5.6499 8.9002 11.1494
v 5.5933 8.9002 11.4857
v 5.5239 8.9002 11.7846
v 5.4415 8.9002 12.0535
v 5.3459 8.9002 12.2974
v 5.2368 8.9002 12.5193
v 5.1138 8.9002 12.7217
v 4.9764 8.9002 12.9062
v 4.8241 8.9002 13.0741
v 4.6562 8.9002 13.2264
v 4.4717 8.9002 13.3638
v 4.2693 8.9002 13.4868
v 4.0474 8.9002 13.5959
v 3.8035 8.9002 13.6915
v 3.5346 8.9002 13.7739
v 3.2357 8.9002 13.8433
v 2.8994 8.9002 13.8999
v 2.5125 8.9002 13.9438
v 2.0497 8.9002 13.9750
v 1.4443 8.9002 13.9938
v 0.0000 8.9002 14.0000
v -1.4443 8.9002 13.9938
v -2.0497 8.9002 13.9750
v -2.5125 8.9002 13.9438
v -2.8994 8.9002 13.8999
v -3.2357 8.9002 13.8433
v -3.5346 8.9002 13.7739
v -3.8035 8.9002 13.6915
v -4.0474 8.9002 13.5959
v -4.2693 8.9002 13.4868
v -4.4717 8.9002 13.3638
v -4.6562 8.9002 13.2264
v -4.8241 8.9002 13.0741
v -4.9764 8.9002 12.9062
v -5.1138 8.9002 12.7217
v -5.2368 8.9002 12.5193
v -5.3459 8.9002 12.2974
v -5.4415 8.9002 12.0535
v -5.5239 8.9002 11.7846
v -5.5933 8.9002 11.4857
v -5.6499 8.9002 11.1494
v -5.6938 8.9002 10.7625
v -5.7250 8.9002 10.2997
v -5.7438 8.9002 9.6943
v -5.7500 8.9002 8.2500
v -5.7438 8.9002 6.8057
v -5.7250 8.9002 6.2003
v -5.6938 8.9002 5.7375
v -5.6499 8.9002 5.3506
v -5.5933 8.9002 5.0143
v -5.5239 8.9002 4.7154
v -5.4415 8.9002 4.4465
v -5.3459 8.9002 4.2026
v -5.2368 8.9002 3.9807
v -5.1138 8.9002 3.7783
v -4.9764 8.9002 3.5938
v -4.8241 8.9002 3.4259
v -4.6562 8.9002 3.2736
v -4.4717 8.9002 3.1362
v -4.2693 8.9002 3.0132
v -4.0474 8.9002 2.9041
v -3.8035 8.9002 2.8085
v -3.5346 8.9002 2.7261
v -3.2357 8.9002 2.6567
v -2.8994 8.9002 2.6001
v -2.5125 8.9002 2.5562
v -2.0497 8.9002 2.5250
v -1.4443 8.9002 2.5062
v -0.0000 8.9002 2.5000
v 1.4443 8.9002 2.5062
v 2.0497 8.9002 2.5250
v 2.5125 8.9002 2.5562
v 2.8994 8.9002 2.6001
v 3.2357 8.9002 2.6567
v 3.5346 8.9002 2.7261
v 3.8035 8.9002 2.8085
v 4.0474 8.9002 2.9041
v 4.2693 8.9002 3.0132
v 4.4717 8.9002 3.1362
v 4.6562 8.9002 3.2736
v 4.8241 8.9002 3.4259
v 4.9764 8.9002 3.5938
v 5.1138 8.9002 3.7783
v 5.2368 8.9002 3.9807
v 5.3459 8.9002 4.2026
v 5.4415 8.9002 4.4465
v 5.5239 8.9002 4.7154
v 5.5933 8.9002 5.0143
v 5.6499 8.9002 5.3506
v 5.6938 8.9002 5.7375
v 5.7250 8.9002 6.2003
v 5.7438 8.9002 6.8057
v 5.7500 9.2387 8.2500
v 5.7437 9.2387 9.6743
v 5.7248 9.2387 10.2785
v 5.6932 9.2387 10.7416
v 5.6489 9.2387 11.1294
v 5.5918 9.2387 11.4670
v 5.5217 9.2387 11.7673
v 5.4385 9.2387 12.0377
v 5.3420 9.2387 12.2830
v 5.2318 9.2387 12.5065
v 5.1077 9.2387 12.7103
v 4.9691 9.2387 12.8963
v 4.8156 9.2387 13.0656
v 4.6463 9.2387 13.2191
v 4.4603 9.2387 13.3577
v 4.2565 9.2387 13.4818
v 4.0330 9.2387 13.5920
v 3.7877 9.2387 13.6885
v 3.5173 9.2387 13.7717
v 3.2170 9.2387 13.8418
v 2.8794 9.2387 13.8989
v 2.4916 9.2387 13.9432
v 2.0285 9.2387 13.9748
v 1.4243 9.2387 13.9937
v 0.0000 9.2387 14.0000
v -1.4243 9.2387 13.9937
v -2.0285 9.2387 13.9748
v -2.4916 9.2387 13.9432
v -2.8794 9.2387 13.8989
v -3.2170 9.2387 13.8418
v -3.5173 9.2387 13.7717
v -3.7877 9.2387 13.6885
v -4.0330 9.2387 13.5920
v -4.2565 9.2387 13.4818
v -4.4603 9.2387 13.3577
v -4.6463 9.2387 13.2191
v -4.8156 9.2387 13.0656
v -4.9691 9.2387 12.8963
v -5.1077 9.2387 12.7103
v -5.2318 9.2387 12.5065
v -5.3420 9.2387 12.2830
v -5.4385 9.2387 12.0377
v -5.5217 9.2387 11.7673
v -5.5918 9.2387 11.4670
v -5.6489 9.2387 11.1294
v -5.6932 9.2387 10.7416
v -5.7248 9.2387 10.2785
v -5.7437 9.2387 9.6743
v -5.7500 9.2387 8.2500
v -5.7437 9.2387 6.8257
v -5.7248 9.2387 6.2215
v -5.6932 9.2387 5.7584
v -5.6489 9.2387 5.3706
v -5.5918 9.2387 5.0330
v -5.5217 9.2387 4.7327
v -5.4385 9.2387 4.4623
v -5.3420 9.2387 4.2170
v -5.2318 9.2387 3.9935
v -5.1077 9.2387 3.7897
v -4.9691 9.2387 3.6037
v -4.8156 9.2387 3.4344
v -4.6463 9.2387 3.2809
v -4.4603 9.2387 3.1423
v -4.2565 9.2387 3.0182
v -4.0330 9.2387 2.9080
v -3.7877 9.2387 2.8115
v -3.5173 9.2387 2.7283
v -3.2170 9.2387 2.6582
v -2.8794 9.2387 2.6011
v -2.4916 9.2387 2.5568
v -2.0285 9.2387 2.5252
v -1.4243 9.2387 2.5063
v -0.0000 9.2387 2.5000
v 1.4243 9.2387 2.5063
v 2.0285 9.2387 2.5252
v 2.4916 9.2387 2.5568
v 2.8794 9.2387 2.6011
v 3.2170 9.2387 2.6582
v 3.5173 9.2387 2.7283
v 3.7877 9.2387 2.8115
v 4.0330 9.2387 2.9080
v 4.2565 9.2387 3.0182
v 4.4603 9.2387 3.1423
v 4.6463 9.2387 3.2809
v 4.8156 9.2387 3.4344
v 4.9691 9.2387 3.6037
v 5.1077 9.2387 3.7897
v 5.2318 9.2387 3.9935
v 5.3420 9.2387 4.2170
v 5.4385 9.2387 4.4623
v 5.5217 9.2387 4.7327
v 5.5918 9.2387 5.0330
v 5.6489 9.2387 5.3706
v 5.6932 9.2387 5.7584
v 5.7248 9.2387 6.2215
v 5.7437 9.2387 6.8257
v 5.7500 9.5730 8.2500
v 5.7436 9.5730 9.6543
v 5.7245 9.5730 10.2571
v 5.6926 9.5730 10.7206
v 5.6479 9.5730 11.1092
v 5.5902 9.5730 11.4481
v 5.5194 9.5730 11.7498
v 5.4354 9.5730 12.0217
v 5.3380 9.5730 12.2685
v 5.2268 9.5730 12.4935
v 5.1016 9.5730 12.6989
v 4.9618 9.5730 12.8863
v 4.8069 9.5730 13.0569
v 4.6363 9.5730 13.2118
v 4.4489 9.5730 13.3516
v 4.2435 9.5730 13.4768
v 4.0185 9.5730 13.5880
v 3.7717 9.5730 13.6854
v 3.4998 9.5730 13.7694
v 3.1981 9.5730 13.8402
v 2.8592 9.5730 13.8979
v 2.4706 9.5730 13.9426
v 2.0071 9.5730 13.9745
v 1.4043 9.5730 13.9936
v 0.0000 9.5730 14.0000
v -1.4043 9.5730 13.9936
v -2.0071 9.5730 13.9745
v -2.4706 9.5730 13.9426
v -2.8592 9.5730 13.8979
v -3.1981 9.5730 13.8402
v -3.4998 9.5730 13.7694
v -3.7717 9.5730 13.6854
v -4.0185 9.5730 13.5880
v -4.2435 9.5730 13.4768
v -4.4489 9.5730 13.3516
v -4.6363 9.5730 13.2118
v -4.8069 9.5730 13.0569
v -4.9618 9.5730 12.8863
v -5.1016 9.5730 12.6989
v -5.2268 9.5730 12.4935
v -5.3380 9.5730 12.2685
v -5.4354 9.5730 12.0217
v -5.5194 9.5730 11.7498
v -5.5902 9.5730 11.4481
v -5.6479 9.5730 11.1092
v -5.6926 9.5730 10.7206
v -5.7245 9.5730 10.2571
v -5.7436 9.5730 9.6543
v -5.7500 9.5730 8.2500
v -5.7436 9.5730 6.8457
v -5.7245 9.5730 6.2429
v -5.6926 9.5730 5.7794
v -5.6479 9.5730 5.3908
v -5.5902 9.5730 5.0519
v -5.5194 9.5730 4.7502
v -5.4354 9.5730 4.4783
v -5.3380 9.5730 4.2315
v -5.2268 9.5730 4.0065
v -5.1016 9.5730 3.8011
v -4.9618 9.5730 3.6137
v -4.8069 9.5730 3.4431
v -4.6363 9.5730 3.2882
v -4.4489 9.5730 3.1484
v -4.2435 9.5730 3.0232
v -4.0185 9.5730 2.9120
v -3.7717 9.5730 2.8146
v -3.4998 9.5730 2.7306
v -3.1981 9.5730 2.6598
v -2.8592 9.5730 2.6021
v -2.4706 9.5730 2.5574
v -2.0071 9.5730 2.5255
v -1.4043 9.5730 2.5064
v -0.0000 9.5730 2.5000
v 1.4043 9.5730 2.5064
v 2.0071 9.5730 2.5255
v 2.4706 9.5730 2.5574
v 2.8592 9.5730 2.6021
v 3.1981 9.5730 2.6598
v 3.4998 9.5730 2.7306
v 3.7717 9.5730 2.8146
v 4.0185 9.5730 2.9120
v 4.2435 9.5730 3.0232
v 4.4489 9.5730 3.1484
v 4.6363 9.5730 3.2882
v 4.8069 9.5730 3.4431
v 4.9618 9.5730 3.6137
v 5.1016 9.5730 3.8011
v 5.2268 9.5730 4.0065
v 5.3380 9.5730 4.2315
v 5.4354 9.5730 4.4783
v 5.5194 9.5730 4.7502
v 5.5902 9.5730 5.0519
v 5.6479 9.5730 5.3908
v 5.6926 9.5730 5.7794
v 5.7245 9.5730 6.2429
v 5.7436 9.5730 6.8457
v 5.7500 9.9031 8.2500
v 5.7436 9.9031 9.6343
v 5.7243 9.9031 10.2358
v 5.6920 9.9031 10.6994
v 5.6469 9.9031 11.0890
v 5.5886 9.9031 11.4291
v 5.5171 9.9031 11.7322
v 5.4323 9.9031 12.0056
v 5.3340 9.9031 12.2539
v 5.2217 9.9031 12.4804
v 5.0954 9.9031 12.6873
v 4.9544 9.9031 12.8761
v 4.7982 9.9031 13.0482
v 4.6261 9.9031 13.2044
v 4.4373 9.9031 13.3454
v 4.2304 9.9031 13.4717
v 4.0039 9.9031 13.5840
v 3.7556 9.9031 13.6823
v 3.4822 9.9031 13.7671
v 3.1791 9.9031 13.8386
v 2.8390 9.9031 13.8969
v 2.4494 9.9031 13.9420
v 1.9858 9.9031 13.9743
v 1.3843 9.9031 13.9936
v 0.0000 9.9031 14.0000
v -1.3843 9.9031 13.9936
v -1.9858 9.9031 13.9743
v -2.4494 9.9031 13.9420
v -2.8390 9.9031 13.8969
v -3.1791 9.9031 13.8386
v -3.4822 9.9031 13.7671
v -3.7556 9.9031 13.6823
v -4.0039 9.9031 13.5840
v -4.2304 9.9031 13.4717
v -4.4373 9.9031 13.3454
v -4.6261 9.9031 13.2044
v -4.7982 9.9031 13.0482
v -4.9544 9.9031 12.8761
v -5.0954 9.9031 12.6873
v -5.2217 9.9031 12.4804
v -5.3340 9.9031 12.2539
v -5.4323 9.9031 12.0056
v -5.5171 9.9031 11.7322
v -5.5886 9.9031 11.4291
v -5.6469 9.9031 11.0890
v -5.6920 9.9031 10.6994
v -5.7243 9.9031 10.2358
v -5.7436 9.9031 9.6343
v -5.7500 9.9031 8.2500
v -5.7436 9.9031 6.8657
v -5.7243 9.9031 6.2642
v -5.6920 9.9031 5.8006
v -5.6469 9.9031 5.4110
v -5.5886 9.9031 5.0709
v -5.5171 9.9031 4.7678
v -5.4323 9.9031 4.4944
v -5.3340 9.9031 4.2461
v -5.2217 9.9031 4.0196
v -5.0954 9.9031 3.8127
v -4.9544 9.9031 3.6239
v -4.7982 9.9031 3.4518
v -4.6261 9.9031 3.2956
v -4.4373 9.9031 3.1546
v -4.2304 9.9031 3.0283
v -4.0039 9.9031 2.9160
v -3.7556 9.9031 2.8177
v -3.4822 9.9031 2.7329
v -3.1791 9.9031 2.6614
v -2.8390 9.9031 2.6031
v -2.4494 9.9031 2.5580
v -1.9858 9.9031 2.5257
v -1.3843 9.9031 2.5064
v -0.0000 9.9031 2.5000
v 1.3843 9.9031 2.5064
v 1.9858 9.9031 2.5257
v 2.4494 9.9031 2.5580
v 2.8390 9.9031 2.6031
v 3.1791 9.9031 2.6614
v 3.4822 9.9031 2.7329
v 3.7556 9.9031 2.8177
v 4.0039 9.9031 2.9160
v 4.2304 9.9031 3.0283
v 4.4373 9.9031 3.1546
v 4.6261 9.9031 3.2956
v 4.7982 9.9031 3.4518
v 4.9544 9.9031 3.6239
v 5.0954 9.9031 3.8127
v 5.2217 9.9031 4.0196
v 5.3340 9.9031 4.2461
v 5.4323 9.9031 4.4944
v 5.5171 9.9031 4.7678
v 5.5886 9.9031 5.0709
v 5.6469 9.9031 5.4110
v 5.6920 9.9031 5.8006
v 5.7243 9.9031 6.2642
v 5.7436 9.9031 6.8657
v 5.7500 10.2289 8.2500
v 5.7435 10.2289 9.6145
v 5.7240 10.2289 10.2145
v 5.6915 10.2289 10.6783
v 5.6458 10.2289 11.0687
v 5.5870 10.2289 11.4100
v 5.5148 10.2289 11.7145
v 5.4292 10.2289 11.9894
v 5.3299 10.2289 12.2392
v 5.2166 10.2289 12.4673
v 5.0891 10.2289 12.6756
v 4.9469 10.2289 12.8659
v 4.7894 10.2289 13.0394
v 4.6159 10.2289 13.1969
v 4.4256 10.2289 13.3391
v 4.2173 10.2289 13.4666
v 3.9892 10.2289 13.5799
v 3.7394 10.2289 13.6792
v 3.4645 10.2289 13.7648
v 3.1600 10.2289 13.8370
v 2.8187 10.2289 13.8958
v 2.4283 10.2289 13.9415
v 1.9645 10.2289 13.9740
v 1.3645 10.2289 13.9935
v 0.0000 10.2289 14.0000
v -1.3645 10.2289 13.9935
v -1.9645 10.2289 13.9740
v -2.4283 10.2289 13.9415
v -2.8187 10.2289 13.8958
v -3.1600 10.2289 13.8370
v -3.4645 10.2289 13.7648
v -3.7394 10.2289 13.6792
v -3.9892 10.2289 13.5799
v -4.2173 10.2289 13.4666
v -4.4256 10.2289 13.3391
v -4.6159 10.2289 13.1969
v -4.7894 10.2289 13.0394
v -4.9469 10.2289 12.8659
v -5.0891 10.2289 12.6756
v -5.2166 10.2289 12.4673
v -5.3299 10.2289 12.2392
v -5.4292 10.2289 11.9894
v -5.5148 10.2289 11.7145
v -5.5870 10.2289 11.4100
v -5.6458 10.2289 11.0687
v -5.6915 10.2289 10.6783
v -5.7240 10.2289 10.2145
v -5.7435 10.2289 9.6145
v -5.7500 10.2289 8.2500
v -5.7435 10.2289 6.8855
v -5.7240 10.2289 6.2855
v -5.6915 10.2289 5.8217
v -5.6458 10.2289 5.4313
v -5.5870 10.2289 5.0900
v -5.5148 10.2289 4.7855
v -5.4292 10.2289 4.5106
v -5.3299 10.2289 4.2608
v -5.2166 10.2289 4.0327
v -5.0891 10.2289 3.8244
v -4.9469 10.2289 3.6341
v -4.7894 10.2289 3.4606
v -4.6159 10.2289 3.3031
v -4.4256 10.2289 3.1609
v -4.2173 10.2289 3.0334
v -3.9892 10.2289 2.9201
v -3.7394 10.2289 2.8208
v -3.4645 10.2289 2.7352
v -3.1600 10.2289 2.6630
v -2.8187 10.2289 2.6042
v -2.4283 10.2289 2.5585
v -1.9645 10.2289 2.5260
v -1.3645 10.2289 2.5065
v -0.0000 10.2289 2.5000
v 1.3645 10.2289 2.5065
v 1.9645 10.2289 2.5260
v 2.4283 10.2289 2.5585
v 2.8187 10.2289 2.6042
v 3.1600 10.2289 2.6630
v 3.4645 10.2289 2.7352
v 3.7394 10.2289 2.8208
v 3.9892 10.2289 2.9201
v 4.2173 10.2289 3.0334
v 4.4256 10.2289 3.1609
v 4.6159 10.2289 3.3031
v 4.7894 10.2289 3.4606
v 4.9469 10.2289 3.6341
v 5.0891 10.2289 3.8244
v 5.2166 10.2289 4.0327
v 5.3299 10.2289 4.2608
v 5.4292 10.2289 4.5106
v 5.5148 10.2289 4.7855
v 5.5870 10.2289 5.0900
v 5.6458 10.2289 5.4313
v 5.6915 10.2289 5.8217
v 5.7240 10.2289 6.2855
v 5.7435 10.2289 6.8855
v 5.7500 10.5504 8.2500
v 5.7434 10.5504 9.5948
v 5.7237 10.5504 10.1933
v 5.6909 10.5504 10.6573
v 5.6448 10.5504 11.0485
v 5.5854 10.5504 11.3910
v 5.5125 10.5504 11.6968
v 5.4261 10.5504 11.9731
v 5.3258 10.5504 12.2245
v 5.2115 10.5504 12.4541
v 5.0828 10.5504 12.6639
v 4.9394 10.5504 12.8557
v 4.7805 10.5504 13.0305
v 4.6057 10.5504 13.1894
v 4.4139 10.5504 13.3328
v 4.2041 10.5504 13.4615
v 3.9745 10.5504 13.5758
v 3.7231 10.5504 13.6761
v 3.4468 10.5504 13.7625
v 3.1410 10.5504 13.8354
v 2.7985 10.5504 13.8948
v 2.4073 10.5504 13.9409
v 1.9433 10.5504 13.9737
v 1.3448 10.5504 13.9934
v 0.0000 10.5504 14.0000
v -1.3448 10.5504 13.9934
v -1.9433 10.5504 13.9737
v -2.4073 10.5504 13.9409
v -2.7985 10.5504 13.8948
v -3.1410 10.5504 13.8354
v -3.4468 10.5504 13.7625
v -3.7231 10.5504 13.6761
v -3.9745 10.5504 13.5758
v -4.2041 10.5504 13.4615
v -4.4139 10.5504 13.3328
v -4.6057 10.5504 13.1894
v -4.7805 10.5504 13.0305
v -4.9394 10.5504 12.8557
v -5.0828 10.5504 12.6639
v -5.2115 10.5504 12.4541
v -5.3258 10.5504 12.2245
v -5.4261 10.5504 11.9731
v -5.5125 10.5504 11.6968
v -5.5854 10.5504 11.3910
v -5.6448 10.5504 11.0485
v -5.6909 10.5504 10.6573
v -5.7237 10.5504 10.1933
v -5.7434 10.5504 9.5948
v -5.7500 10.5504 8.2500
v -5.7434 10.5504 6.9052
v -5.7237 10.5504 6.3067
v -5.6909 10.5504 5.8427
v -5.6448 10.5504 5.4515
v -5.5854 10.5504 5.1090
v -5.5125 10.5504 4.8032
v -5.4261 10.5504 4.5269
v -5.3258 10.5504 4.2755
v -5.2115 10.5504 4.0459
v -5.0828 10.5504 3.8361
v -4.9394 10.5504 3.6443
v -4.7805 10.5504 3.4695
v -4.6057 10.5504 3.3106
v -4.4139 10.5504 3.1672
v -4.2041 10.5504 3.0385
v -3.9745 10.5504 2.9242
v -3.7231 10.5504 2.8239
v -3.4468 10.5504 2.7375
v -3.1410 10.5504 2.6646
v -2.7985 10.5504 2.6052
v -2.4073 10.5504 2.5591
v -1.9433 10.5504 2.5263
v -1.3448 10.5504 2.5066
v -0.0000 10.5504 2.5000
v 1.3448 10.5504 2.5066
v 1.9433 10.5504 2.5263
v 2.4073 10.5504 2.5591
v 2.7985 10.5504 2.6052
v 3.1410 10.5504 2.6646
v 3.4468 10.5504 2.7375
v 3.7231 10.5504 2.8239
v 3.9745 10.5504 2.9242
v 4.2041 10.5504 3.0385
v 4.4139 10.5504 3.1672
v 4.6057 10.5504 3.3106
v 4.7805 10.5504 3.4695
v 4.9394 10.5504 3.6443
v 5.0828 10.5504 3.8361
v 5.2115 10.5504 4.0459
v 5.3258 10.5504 4.2755
v 5.4261 10.5504 4.5269
v 5.5125 10.5504 4.8032
v 5.5854 10.5504 5.1090
v 5.6448 10.5504 5.4515
v 5.6909 10.5504 5.8427
v 5.7237 10.5504 6.3067
v 5.7434 10.5504 6.9052
v 5.7500 10.8676 8.2500
v 5.7434 10.8676 9.5753
v 5.7235 10.8676 10.1722
v 5.6903 10.8676 10.6363
v 5.6437 10.8676 11.0283
v 5.5837 10.8676 11.3719
v 5.5102 10.8676 11.6791
v 5.4229 10.8676 11.9569
v 5.3217 10.8676 12.2098
v 5.2064 10.8676 12.4409
v 5.0765 10.8676 12.6522
v 4.9318 10.8676 12.8454
v 4.7717 10.8676 13.0217
v 4.5954 10.8676 13.1818
v 4.4022 10.8676 13.3265
v 4.1909 10.8676 13.4564
v 3.9598 10.8676 13.5717
v 3.7069 10.8676 13.6729
v 3.4291 10.8676 13.7602
v 3.1219 10.8676 13.8337
v 2.7783 10.8676 13.8937
v 2.3863 10.8676 13.9403
v 1.9222 10.8676 13.9735
v 1.3253 10.8676 13.9934
v 0.0000 10.8676 14.0000
v -1.3253 10.8676 13.9934
v -1.9222 10.8676 13.9735
v -2.3863 10.8676 13.9403
v -2.7783 10.8676 13.8937
v -3.1219 10.8676 13.8337
v -3.4291 10.8676 13.7602
v -3.7069 10.8676 13.6729
v -3.9598 10.8676 13.5717
v -4.1909 10.8676 13.4564
v -4.4022 10.8676 13.3265
v -4.5954 10.8676 13.1818
v -4.7717 10.8676 13.0217
v -4.9318 10.8676 12.8454
v -5.0765 10.8676 12.6522
v -5.2064 10.8676 12.4409
v -5.3217 10.8676 12.2098
v -5.4229 10.8676 11.9569
v -5.5102 10.8676 11.6791
v -5.5837 10.8676 11.3719
v -5.6437 10.8676 11.0283
v -5.6903 10.8676 10.6363
v -5.7235 10.8676 10.1722
v -5.7434 10.8676 9.5753
v -5.7500 10.8676 8.2500
v -5.7434 10.8676 6.9247
v -5.7235 10.8676 6.3278
v -5.6903 10.8676 5.8637
v -5.6437 10.8676 5.4717
v -5.5837 10.8676 5.1281
v -5.5102 10.8676 4.8209
v -5.4229 10.8676 4.5431
v -5.3217 10.8676 4.2902
v -5.2064 10.8676 4.0591
v -5.0765 10.8676 3.8478
v -4.9318 10.8676 3.6546
v -4.7717 10.8676 3.4783
v -4.5954 10.8676 3.3182
v -4.4022 10.8676 3.1735
v -4.1909 10.8676 3.0436
v -3.9598 10.8676 2.9283
v -3.7069 10.8676 2.8271
v -3.4291 10.8676 2.7398
v -3.1219 10.8676 2.6663
v -2.7783 10.8676 2.6063
v -2.3863 10.8676 2.5597
v -1.9222 10.8676 2.5265
v -1.3253 10.8676 2.5066
v -0.0000 10.8676 2.5000
v 1.3253 10.8676 2.5066
v 1.9222 10.8676 2.5265
v 2.3863 10.8676 2.5597
v 2.7783 10.8676 2.6063
v 3.1219 10.8676 2.6663
v 3.4291 10.8676 2.7398
v 3.7069 10.8676 2.8271
v 3.9598 10.8676 2.9283
v 4.1909 10.8676 3.0436
v 4.4022 10.8676 3.1735
v 4.5954 10.8676 3.3182
v 4.7717 10.8676 3.4783
v 4.9318 10.8676 3.6546
v 5.0765 10.8676 3.8478
v 5.2064 10.8676 4.0591
v 5.3217 10.8676 4.2902
v 5.4229 10.8676 4.5431
v 5.5102 10.8676 4.8209
v 5.5837 10.8676 5.1281
v 5.6437 10.8676 5.4717
v 5.6903 10.8676 5.8637
v 5.7235 10.8676 6.3278
v 5.7434 10.8676 6.9247
v 5.7500 11.1806 8.2500
v 5.7433 11.1806 9.5560
v 5.7232 11.1806 10.1513
v 5.6897 11.1806 10.6154
v 5.6427 11.1806 11.0082
v 5.5821 11.1806 11.3530
v 5.5078 11.1806 11.6615
v 5.4197 11.1806 11.9407
v 5.3176 11.1806 12.1951
v 5.2012 11.1806 12.4277
v 5.0702 11.1806 12.6405
v 4.9243 11.1806 12.8352
v 4.7628 11.1806 13.0128
v 4.5852 11.1806 13.1743
v 4.3905 11.1806 13.3202
v 4.1777 11.1806 13.4512
v 3.9451 11.1806 13.5676
v 3.6907 11.1806 13.6697
v 3.4115 11.1806 13.7578
v 3.1030 11.1806 13.8321
v 2.7582 11.1806 13.8927
v 2.3654 11.1806 13.9397
v 1.9013 11.1806 13.9732
v 1.3060 11.1806 13.9933
v 0.0000 11.1806 14.0000
v -1.3060 11.1806 13.9933
v -1.9013 11.1806 13.9732
v -2.3654 11.1806 13.9397
v -2.7582 11.1806 13.8927
v -3.1030 11.1806 13.8321
v -3.4115 11.1806 13.7578
v -3.6907 11.1806 13.6697
v -3.9451 11.1806 13.5676
v -4.1777 11.1806 13.4512
v -4.3905 11.1806 13.3202
v -4.5852 11.1806 13.1743
v -4.7628 11.1806 13.0128
v -4.9243 11.1806 12.8352
v -5.0702 11.1806 12.6405
v -5.2012 11.1806 12.4277
v -5.3176 11.1806 12.1951
v -5.4197 11.1806 11.9407
v -5.5078 11.1806 11.6615
v -5.5821 11.1806 11.3530
v -5.6427 11.1806 11.0082
v -5.6897 11.1806 10.6154
v -5.7232 11.1806 10.1513
v -5.7433 11.1806 9.5560
v -5.7500 11.1806 8.2500
v -5.7433 11.1806 6.9440
v -5.7232 11.1806 6.3487
v -5.6897 11.1806 5.8846
v -5.6427 11.1806 5.4918
v -5.5821 11.1806 5.1470
v -5.5078 11.1806 4.8385
v -5.4197 11.1806 4.5593
v -5.3176 11.1806 4.3049
v -5.2012 11.1806 4.0723
v -5.0702 11.1806 3.8595
v -4.9243 11.1806 3.6648
v -4.7628 11.1806 3.4872
v -4.5852 11.1806 3.3257
v -4.3905 11.1806 3.1798
v -4.1777 11.1806 3.0488
v -3.9451 11.1806 2.9324
v -3.6907 11.1806 2.8303
v -3.4115 11.1806 2.7422
v -3.1030 11.1806 2.6679
v -2.7582 11.1806 2.6073
v -2.3654 11.1806 2.5603
v -1.9013 11.1806 2.5268
v -1.3060 11.1806 2.5067
v -0.0000 11.1806 2.5000
v 1.3060 11.1806 2.5067
v 1.9013 11.1806 2.5268
v 2.3654 11.1806 2.5603
v 2.7582 11.1806 2.6073
v 3.1030 11.1806 2.6679
v 3.4115 11.1806 2.7422
v 3.6907 11.1806 2.8303
v 3.9451 11.1806 2.9324
v 4.1777 11.1806 3.0488
v 4.3905 11.1806 3.1798
v 4.5852 11.1806 3.3257
v 4.7628 11.1806 3.4872
v 4.9243 11.1806 3.6648
v 5.0702 11.1806 3.8595
v 5.2012 11.1806 4.0723
v 5.3176 11.1806 4.3049
v 5.4197 11.1806 4.5593
v 5.5078 11.1806 4.8385
v 5.5821 11.1806 5.1470
v 5.6427 11.1806 5.4918
v 5.6897 11.1806 5.8846
v 5.7232 11.1806 6.3487
v 5.7433 11.1806 6.9440
v 5.7500 11.4891 8.2500
v 5.7432 11.4891 9.5371
v 5.7229 11.4891 10.1307
v 5.6891 11.4891 10.5948
v 5.6416 11.4891 10.9883
v 5.5805 11.4891 11.3341
v 5.5055 11.4891 11.6439
v 5.4166 11.4891 11.9246
v 5.3135 11.4891 12.1805
v 5.1961 11.4891 12.4145
v 5.0639 11.4891 12.6288
v 4.9167 11.4891 12.8249
v 4.7540 11.4891 13.0040
v 4.5749 11.4891 13.1667
v 4.3788 11.4891 13.3139
v 4.1645 11.4891 13.4461
v 3.9305 11.4891 13.5635
v 3.6746 11.4891 13.6666
v 3.3939 11.4891 13.7555
v 3.0841 11.4891 13.8305
v 2.7383 11.4891 13.8916
v 2.3448 11.4891 13.9391
v 1.8807 11.4891 13.9729
v 1.2871 11.4891 13.9932
v 0.0000 11.4891 14.0000
v -1.2871 11.4891 13.9932
v -1.8807 11.4891 13.9729
v -2.3448 11.4891 13.9391
v -2.7383 11.4891 13.8916
v -3.0841 11.4891 13.8305
v -3.3939 11.4891 13.7555
v -3.6746 11.4891 13.6666
v -3.9305 11.4891 13.5635
v -4.1645 11.4891 13.4461
v -4.3788 11.4891 13.3139
v -4.5749 11.4891 13.1667
v -4.7540 11.4891 13.0040
v -4.9167 11.4891 12.8249
v -5.0639 11.4891 12.6288
v -5.1961 11.4891 12.4145
v -5.3135 11.4891 12.1805
v -5.4166 11.4891 11.9246
v -5.5055 11.4891 11.6439
v -5.5805 11.4891 11.3341
v -5.6416 11.4891 10.9883
v -5.6891 11.4891 10.5948
v -5.7229 11.4891 10.1307
v -5.7432 11.4891 9.5371
v -5.7500 11.4891 8.2500
v -5.7432 11.4891 6.9629
v -5.7229 11.4891 6.3693
v -5.6891 11.4891 5.9052
v -5.6416 11.4891 5.5117
v -5.5805 11.4891 5.1659
v -5.5055 11.4891 4.8561
v -5.4166 11.4891 4.5754
v -5.3135 11.4891 4.3195
v -5.1961 11.4891 4.0855
v -5.0639 11.4891 3.8712
v -4.9167 11.4891 3.6751
v -4.7540 11.4891 3.4960
v -4.5749 11.4891 3.3333
v -4.3788 11.4891 3.1861
v -4.1645 11.4891 3.0539
v -3.9305 11.4891 2.9365
v -3.6746 11.4891 2.8334
v -3.3939 11.4891 2.7445
v -3.0841 11.4891 2.6695
v -2.7383 11.4891 2.6084
v -2.3448 11.4891 2.5609
v -1.8807 11.4891 2.5271
v -1.2871 11.4891 2.5068
v -0.0000 11.4891 2.5000
v 1.2871 11.4891 2.5068
v 1.8807 11.4891 2.5271
v 2.3448 11.4891 2.5609
v 2.7383 11.4891 2.6084
v 3.0841 11.4891 2.6695
v 3.3939 11.4891 2.7445
v 3.6746 11.4891 2.8334
v 3.9305 11.4891 2.9365
v 4.1645 11.4891 3.0539
v 4.3788 11.4891 3.1861
v 4.5749 11.4891 3.3333
v 4.7540 11.4891 3.4960
v 4.9167 11.4891 3.6751
v 5.0639 11.4891 3.8712
v 5.1961 11.4891 4.0855
v 5.3135 11.4891 4.3195
v 5.4166 11.4891 4.5754
v 5.5055 11.4891 4.8561
v 5.5805 11.4891 5.1659
v 5.6416 11.4891 5.5117
v 5.6891 11.4891 5.9052
v 5.7229 11.4891 6.3693
v 5.7432 11.4891 6.9629
v 5.7500 11.7933 8.2500
v 5.7432 11.7933 9.5184
v 5.7227 11.7933 10.1103
v 5.6885 11.7933 10.5744
v 5.6406 11.7933 10.9686
v 5.5788 11.7933 11.3155
v 5.5032 11.7933 11.6266
v 5.4134 11.7933 11.9086
v 5.3094 11.7933 12.1659
v 5.1909 11.7933 12.4015
v 5.0577 11.7933 12.6172
v 4.9093 11.7933 12.8148
v 4.7452 11.7933 12.9952
v 4.5648 11.7933 13.1593
v 4.3672 11.7933 13.3077
v 4.1515 11.7933 13.4409
v 3.9159 11.7933 13.5594
v 3.6586 11.7933 13.6634
v 3.3766 11.7933 13.7532
v 3.0655 11.7933 13.8288
v 2.7186 11.7933 13.8906
v 2.3244 11.7933 13.9385
v 1.8603 11.7933 13.9727
v 1.2684 11.7933 13.9932
v 0.0000 11.7933 14.0000
v -1.2684 11.7933 13.9932
v -1.8603 11.7933 13.9727
v -2.3244 11.7933 13.9385
v -2.7186 11.7933 13.8906
v -3.0655 11.7933 13.8288
v -3.3766 11.7933 13.7532
v -3.6586 11.7933 13.6634
v -3.9159 11.7933 13.5594
v -4.1515 11.7933 13.4409
v -4.3672 11.7933 13.3077
v -4.5648 11.7933 13.1593
v -4.7452 11.7933 12.9952
v -4.9093 11.7933 12.8148
v -5.0577 11.7933 12.6172
v -5.1909 11.7933 12.4015
v -5.3094 11.7933 12.1659
v -5.4134 11.7933 11.9086
v -5.5032 11.7933 11.6266
v -5.5788 11.7933 11.3155
v -5.6406 11.7933 10.9686
v -5.6885 11.7933 10.5744
v -5.7227 11.7933 10.1103
v -5.7432 11.7933 9.5184
v -5.7500 11.7933 8.2500
v -5.7432 11.7933 6.9816
v -5.7227 11.7933 6.3897
v -5.6885 11.7933 5.9256
v -5.6406 11.7933 5.5314
v -5.5788 11.7933 5.1845
v -5.5032 11.7933 4.8734
v -5.4134 11.7933 4.5914
v -5.3094 11.7933 4.3341
v -5.1909 11.7933 4.0985
v -5.0577 11.7933 3.8828
v -4.9093 11.7933 3.6852
v -4.7452 11.7933 3.5048
v -4.5648 11.7933 3.3407
v -4.3672 11.7933 3.1923
v -4.1515 11.7933 3.0591
v -3.9159 11.7933 2.9406
v -3.6586 11.7933 2.8366
v -3.3766 11.7933 2.7468
v -3.0655 11.7933 2.6712
v -2.7186 11.7933 2.6094
v -2.3244 11.7933 2.5615
v -1.8603 11.7933 2.5273
v -1.2684 11.7933 2.5068
v -0.0000 11.7933 2.5000
v 1.2684 11.7933 2.5068
v 1.8603 11.7933 2.5273
v 2.3244 11.7933 2.5615
v 2.7186 11.7933 2.6094
v 3.0655 11.7933 2.6712
v 3.3766 11.7933 2.7468
v 3.6586 11.7933 2.8366
v 3.9159 11.7933 2.9406
v 4.1515 11.7933 3.0591
v 4.3672 11.7933 3.1923
v 4.5648 11.7933 3.3407
v 4.7452 11.7933 3.5048
v 4.9093 11.7933 3.6852
v 5.0577 11.7933 3.8828
v 5.1909 11.7933 4.0985
v 5.3094 11.7933 4.3341
v 5.4134 11.7933 4.5914
v 5.5032 11.7933 4.8734
v 5.5788 11.7933 5.1845
v 5.6406 11.7933 5.5314
v 5.6885 11.7933 5.9256
v 5.7227 11.7933 6.3897
v 5.7432 11.7933 6.9816
v 5.7480 12.0931 8.2500
v 5.7411 12.0931 9.5001
v 5.7205 12.0931 10.0902
v 5.6860 12.0931 10.5543
v 5.6376 12.0931 10.9491
v 5.5753 12.0931 11.2970
v 5.4989 12.0931 11.6093
v 5.4084 12.0931 11.8928
v 5.3035 12.0931 12.1515
v 5.1841 12.0931 12.3885
v 5.0497 12.0931 12.6057
v 4.9001 12.0931 12.8047
v 4.7348 12.0931 12.9864
v 4.5531 12.0931 13.1518
v 4.3542 12.0931 13.3015
v 4.1371 12.0931 13.4358
v 3.9002 12.0931 13.5554
v 3.6415 12.0931 13.6603
v 3.3582 12.0931 13.7508
v 3.0460 12.0931 13.8272
v 2.6982 12.0931 13.8895
v 2.3035 12.0931 13.9379
v 1.8396 12.0931 13.9724
v 1.2497 12.0931 13.9931
v 0.0000 12.0931 14.0000
v -1.2497 12.0931 13.9931
v -1.8396 12.0931 13.9724
v -2.3035 12.0931 13.9379
v -2.6982 12.0931 13.8895
v -3.0460 12.0931 13.8272
v -3.3582 12.0931 13.7508
v -3.6415 12.0931 13.6603
v -3.9002 12.0931 13.5554
v -4.1371 12.0931 13.4358
v -4.3542 12.0931 13.3015
v -4.5531 12.0931 13.1518
v -4.7348 12.0931 12.9864
v -4.9001 12.0931 12.8047
v -5.0497 12.0931 12.6057
v -5.1841 12.0931 12.3885
v -5.3035 12.0931 12.1515
v -5.4084 12.0931 11.8928
v -5.4989 12.0931 11.6093
v -5.5753 12.0931 11.2970
v -5.6376 12.0931 10.9491
v -5.6860 12.0931 10.5543
v -5.7205 12.0931 10.0902
v -5.7411 12.0931 9.5001
v -5.7480 12.0931 8.2500
v -5.7411 12.0931 6.9999
v -5.7205 12.0931 6.4098
v -5.6860 12.0931 5.9457
v -5.6376 12.0931 5.5509
v -5.5753 12.0931 5.2030
v -5.4989 12.0931 4.8907
v -5.4084 12.0931 4.6072
v -5.3035 12.0931 4.3485
v -5.1841 12.0931 4.1115
v -5.0497 12.0931 3.8943
v -4.9001 12.0931 3.6953
v -4.7348 12.0931 3.5136
v -4.5531 12.0931 3.3482
v -4.3542 12.0931 3.1985
v -4.1371 12.0931 3.0642
v -3.9002 12.0931 2.9446
v -3.6415 12.0931 2.8397
v -3.3582 12.0931 2.7492
v -3.0460 12.0931 2.6728
v -2.6982 12.0931 2.6105
v -2.3035 12.0931 2.5621
v -1.8396 12.0931 2.5276
v -1.2497 12.0931 2.5069
v -0.0000 12.0931 2.5000
v 1.2497 12.0931 2.5069
v 1.8396 12.0931 2.5276
v 2.3035 12.0931 2.5621
v 2.6982 12.0931 2.6105
v 3.0460 12.0931 2.6728
v 3.3582 12.0931 2.7492
v 3.6415 12.0931 2.8397
v 3.9002 12.0931 2.9446
v 4.1371 12.0931 3.0642
v 4.3542 12.0931 3.1985
v 4.5531 12.0931 3.3482
v 4.7348 12.0931 3.5136
v 4.9001 12.0931 3.6953
v 5.0497 12.0931 3.8943
v 5.1841 12.0931 4.1115
v 5.3035 12.0931 4.3485
v 5.4084 12.0931 4.6072
v 5.4989 12.0931 4.8907
v 5.5753 12.0931 5.2030
v 5.6376 12.0931 5.5509
v 5.6860 12.0931 5.9457
v 5.7205 12.0931 6.4098
v 5.7411 12.0931 6.9999
v 5.7166 12.3884 8.2500
v 5.7097 12.3884 9.4823
v 5.6890 12.3884 10.0706
v 5.6543 12.3884 10.5345
v 5.6058 12.3884 10.9299
v 5.5433 12.3884 11.2788
v 5.4666 12.3884 11.5923
v 5.3758 12.3884 11.8771
v 5.2706 12.3884 12.1373
v 5.1507 12.3884 12.3757
v 5.0160 12.3884 12.5943
v 4.8660 12.3884 12.7947
v 4.7003 12.3884 12.9778
v 4.5183 12.3884 13.1444
v 4.3191 12.3884 13.2953
v 4.1017 12.3884 13.4308
v 3.8647 12.3884 13.5513
v 3.6061 12.3884 13.6572
v 3.3230 12.3884 13.7485
v 3.0112 12.3884 13.8256
v 2.6644 12.3884 13.8885
v 2.2712 12.3884 13.9373
v 1.8100 12.3884 13.9722
v 1.2251 12.3884 13.9930
v 0.0000 12.3884 14.0000
v -1.2251 12.3884 13.9930
v -1.8100 12.3884 13.9722
v -2.2712 12.3884 13.9373
v -2.6644 12.3884 13.8885
v -3.0112 12.3884 13.8256
v -3.3230 12.3884 13.7485
v -3.6061 12.3884 13.6572
v -3.8647 12.3884 13.5513
v -4.1017 12.3884 13.4308
v -4.3191 12.3884 13.2953
v -4.5183 12.3884 13.1444
v -4.7003 12.3884 12.9778
v -4.8660 12.3884 12.7947
v -5.0160 12.3884 12.5943
v -5.1507 12.3884 12.3757
v -5.2706 12.3884 12.1373
v -5.3758 12.3884 11.8771
v -5.4666 12.3884 11.5923
v -5.5433 12.3884 11.2788
v -5.6058 12.3884 10.9299
v -5.6543 12.3884 10.5345
v -5.6890 12.3884 10.0706
v -5.7097 12.3884 9.4823
v -5.7166 12.3884 8.2500
v -5.7097 12.3884 7.0177
v -5.6890 12.3884 6.4294
v -5.6543 12.3884 5.9655
v -5.6058 12.3884 5.5701
v -5.5433 12.3884 5.2212
v -5.4666 12.3884 4.9077
v -5.3758 12.3884 4.6229
v -5.2706 12.3884 4.3627
v -5.1507 12.3884 4.1243
v -5.0160 12.3884 3.9057
v -4.8660 12.3884 3.7053
v -4.7003 12.3884 3.5222
v -4.5183 12.3884 3.3556
v -4.3191 12.3884 3.2047
v -4.1017 12.3884 3.0692
v -3.8647 12.3884 2.9487
v -3.6061 12.3884 2.8428
v -3.3230 12.3884 2.7515
v -3.0112 12.3884 2.6744
v -2.6644 12.3884 2.6115
v -2.2712 12.3884 2.5627
v -1.8100 12.3884 2.5278
v -1.2251 12.3884 2.5070
v -0.0000 12.3884 2.5000
v 1.2251 12.3884 2.5070
v 1.8100 12.3884 2.5278
v 2.2712 12.3884 2.5627
v 2.6644 12.3884 2.6115
v 3.0112 12.3884 2.6744
v 3.3230 12.3884 2.7515
v 3.6061 12.3884 2.8428
v 3.8647 12.3884 2.9487
v 4.1017 12.3884 3.0692
v 4.3191 12.3884 3.2047
v 4.5183 12.3884 3.3556
v 4.7003 12.3884 3.5222
v 4.8660 12.3884 3.7053
v 5.0160 12.3884 3.9057
v 5.1507 12.3884 4.1243
v 5.2706 12.3884 4.3627
v 5.3758 12.3884 4.6229
v 5.4666 12.3884 4.9077
v 5.5433 12.3884 5.2212
v 5.6058 12.3884 5.5701
v 5.6543 12.3884 5.9655
v 5.6890 12.3884 6.4294
v 5.7097 12.3884 7.0177
v 5.6509 12.6793 8.2500
v 5.6440 12.6793 9.4648
v 5.6233 12.6793 10.0513
v 5.5888 12.6793 10.5150
v 5.5403 12.6793 10.9111
v 5.4780 12.6793 11.2609
v 5.4015 12.6793 11.5756
v 5.3110 12.6793 11.8617
v 5.2060 12.6793 12.1232
v 5.0866 12.6793 12.3630
v 4.9523 12.6793 12.5831
v 4.8029 12.6793 12.7848
v 4.6379 12.6793 12.9692
v 4.4566 12.6793 13.1371
v 4.2584 12.6793 13.2892
v 4.0421 12.6793 13.4258
v 3.8064 12.6793 13.5473
v 3.5494 12.6793 13.6541
v 3.2683 12.6793 13.7463
v 2.9590 12.6793 13.8240
v 2.6152 12.6793 13.8875
v 2.2260 12.6793 13.9368
v 1.7702 12.6793 13.9719
v 1.1939 12.6793 13.9930
v 0.0000 12.6793 14.0000
v -1.1939 12.6793 13.9930
v -1.7702 12.6793 13.9719
v -2.2260 12.6793 13.9368
v -2.6152 12.6793 13.8875
v -2.9590 12.6793 13.8240
v -3.2683 12.6793 13.7463
v -3.5494 12.6793 13.6541
v -3.8064 12.6793 13.5473
v -4.0421 12.6793 13.4258
v -4.2584 12.6793 13.2892
v -4.4566 12.6793 13.1371
v -4.6379 12.6793 12.9692
v -4.8029 12.6793 12.7848
v -4.9523 12.6793 12.5831
v -5.0866 12.6793 12.3630
v -5.2060 12.6793 12.1232
v -5.3110 12.6793 11.8617
v -5.4015 12.6793 11.5756
v -5.4780 12.6793 11.2609
v -5.5403 12.6793 10.9111
v -5.5888 12.6793 10.5150
v -5.6233 12.6793 10.0513
v -5.6440 12.6793 9.4648
v -5.6509 12.6793 8.2500
v -5.6440 12.6793 7.0352
v -5.6233 12.6793 6.4487
v -5.5888 12.6793 5.9850
v -5.5403 12.6793 5.5889
v -5.4780 12.6793 5.2391
v -5.4015 12.6793 4.9244
v -5.3110 12.6793 4.6383
v -5.2060 12.6793 4.3768
v -5.0866 12.6793 4.1370
v -4.9523 12.6793 3.9169
v -4.8029 12.6793 3.7152
v -4.6379 12.6793 3.5308
v -4.4566 12.6793 3.3629
v -4.2584 12.6793 3.2108
v -4.0421 12.6793 3.0742
v -3.8064 12.6793 2.9527
v -3.5494 12.6793 2.8459
v -3.2683 12.6793 2.7537
v -2.9590 12.6793 2.6760
v -2.6152 12.6793 2.6125
v -2.2260 12.6793 2.5632
v -1.7702 12.6793 2.5281
v -1.1939 12.6793 2.5070
v -0.0000 12.6793 2.5000
v 1.1939 12.6793 2.5070
v 1.7702 12.6793 2.5281
v 2.2260 12.6793 2.5632
v 2.6152 12.6793 2.6125
v 2.9590 12.6793 2.6760
v 3.2683 12.6793 2.7537
v 3.5494 12.6793 2.8459
v 3.8064 12.6793 2.9527
v 4.0421 12.6793 3.0742
v 4.2584 12.6793 3.2108
v 4.4566 12.6793 3.3629
v 4.6379 12.6793 3.5308
v 4.8029 12.6793 3.7152
v 4.9523 12.6793 3.9169
v 5.0866 12.6793 4.1370
v 5.2060 12.6793 4.3768
v 5.3110 12.6793 4.6383
v 5.4015 12.6793 4.9244
v 5.4780 12.6793 5.2391
v 5.5403 12.6793 5.5889
v 5.5888 12.6793 5.9850
v 5.6233 12.6793 6.4487
v 5.6440 12.6793 7.0352
v 5.5556 12.9657 8.2500
v 5.5487 12.9657 9.4478
v 5.5282 12.9657 10.0324
v 5.4939 12.9657 10.4960
v 5.4459 12.9657 10.8925
v 5.3840 12.9657 11.2433
v 5.3082 12.9657 11.5591
v 5.2184 12.9657 11.8465
v 5.1144 12.9657 12.1094
v 4.9960 12.9657 12.3505
v 4.8630 12.9657 12.5720
v 4.7149 12.9657 12.7750
v 4.5515 12.9657 12.9608
v 4.3720 12.9657 13.1299
v 4.1758 12.9657 13.2832
v 3.9619 12.9657 13.4209
v 3.7289 12.9657 13.5434
v 3.4749 12.9657 13.6511
v 3.1973 12.9657 13.7440
v 2.8921 12.9657 13.8224
v 2.5532 12.9657 13.8865
v 2.1701 12.9657 13.9362
v 1.7222 12.9657 13.9717
v 1.1573 12.9657 13.9929
v 0.0000 12.9657 14.0000
v -1.1573 12.9657 13.9929
v -1.7222 12.9657 13.9717
v -2.1701 12.9657 13.9362
v -2.5532 12.9657 13.8865
v -2.8921 12.9657 13.8224
v -3.1973 12.9657 13.7440
v -3.4749 12.9657 13.6511
v -3.7289 12.9657 13.5434
v -3.9619 12.9657 13.4209
v -4.1758 12.9657 13.2832
v -4.3720 12.9657 13.1299
v -4.5515 12.9657 12.9608
v -4.7149 12.9657 12.7750
v -4.8630 12.9657 12.5720
v -4.9960 12.9657 12.3505
v -5.1144 12.9657 12.1094
v -5.2184 12.9657 11.8465
v -5.3082 12.9657 11.5591
v -5.3840 12.9657 11.2433
v -5.4459 12.9657 10.8925
v -5.4939 12.9657 10.4960
v -5.5282 12.9657 10.0324
v -5.5487 12.9657 9.4478
v -5.5556 12.9657 8.2500
v -5.5487 12.9657 7.0522
v -5.5282 12.9657 6.4676
v -5.4939 12.9657 6.0040
v -5.4459 12.9657 5.6075
v -5.3840 12.9657 5.2567
v -5.3082 12.9657 4.9409
v -5.2184 12.9657 4.6535
v -5.1144 12.9657 4.3906
v -4.9960 12.9657 4.1495
v -4.8630 12.9657 3.9280
v -4.7149 12.9657 3.7250
v -4.5515 12.9657 3.5392
v -4.3720 12.9657 3.3701
v -4.1758 12.9657 3.2168
v -3.9619 12.9657 3.0791
v -3.7289 12.9657 2.9566
v -3.4749 12.9657 2.8489
v -3.1973 12.9657 2.7560
v -2.8921 12.9657 2.6776
v -2.5532 12.9657 2.6135
v -2.1701 12.9657 2.5638
v -1.7222 12.9657 2.5283
v -1.1573 12.9657 2.5071
v -0.0000 12.9657 2.5000
v 1.1573 12.9657 2.5071
v 1.7222 12.9657 2.5283
v 2.1701 12.9657 2.5638
v 2.5532 12.9657 2.6135
v 2.8921 12.9657 2.6776
v 3.1973 12.9657 2.7560
v 3.4749 12.9657 2.8489
v 3.7289 12.9657 2.9566
v 3.9619 12.9657 3.0791
v 4.1758 12.9657 3.2168
v 4.3720 12.9657 3.3701
v 4.5515 12.9657 3.5392
v 4.7149 12.9657 3.7250
v 4.8630 12.9657 3.9280
v 4.9960 12.9657 4.1495
v 5.1144 12.9657 4.3906
v 5.2184 12.9657 4.6535
v 5.3082 12.9657 4.9409
v 5.3840 12.9657 5.2567
v 5.4459 12.9657 5.6075
v 5.4939 12.9657 6.0040
v 5.5282 12.9657 6.4676
v 5.5487 12.9657 7.0522
v 5.4351 13.2476 8.2500
v 5.4283 13.2476 9.4313
v 5.4081 13.2476 10.0141
v 5.3743 13.2476 10.4774
v 5.3269 13.2476 10.8744
v 5.2658 13.2476 11.2261
v 5.1910 13.2476 11.5430
v 5.1024 13.2476 11.8316
v 4.9999 13.2476 12.0958
v 4.8831 13.2476 12.3383
v 4.7519 13.2476 12.5611
v 4.6060 13.2476 12.7654
v 4.4449 13.2476 12.9525
v 4.2682 13.2476 13.1229
v 4.0750 13.2476 13.2772
v 3.8644 13.2476 13.4160
v 3.6352 13.2476 13.5395
v 3.3854 13.2476 13.6481
v 3.1127 13.2476 13.7418
v 2.8131 13.2476 13.8209
v 2.4807 13.2476 13.8855
v 2.1054 13.2476 13.9356
v 1.6675 13.2476 13.9714
v 1.1166 13.2476 13.9929
v 0.0000 13.2476 14.0000
v -1.1166 13.2476 13.9929
v -1.6675 13.2476 13.9714
v -2.1054 13.2476 13.9356
v -2.4807 13.2476 13.8855
v -2.8131 13.2476 13.8209
v -3.1127 13.2476 13.7418
v -3.3854 13.2476 13.6481
v -3.6352 13.2476 13.5395
v -3.8644 13.2476 13.4160
v -4.0750 13.2476 13.2772
v -4.2682 13.2476 13.1229
v -4.4449 13.2476 12.9525
v -4.6060 13.2476 12.7654
v -4.7519 13.2476 12.5611
v -4.8831 13.2476 12.3383
v -4.9999 13.2476 12.0958
v -5.1024 13.2476 11.8316
v -5.1910 13.2476 11.5430
v -5.2658 13.2476 11.2261
v -5.3269 13.2476 10.8744
v -5.3743 13.2476 10.4774
v -5.4081 13.2476 10.0141
v -5.4283 13.2476 9.4313
v -5.4351 13.2476 8.2500
v -5.4283 13.2476 7.0687
v -5.4081 13.2476 6.4859
v -5.3743 13.2476 6.0226
v -5.3269 13.2476 5.6256
v -5.2658 13.2476 5.2739
v -5.1910 13.2476 4.9570
v -5.1024 13.2476 4.6684
v -4.9999 13.2476 4.4042
v -4.8831 13.2476 4.1617
v -4.7519 13.2476 3.9389
v -4.6060 13.2476 3.7346
v -4.4449 13.2476 3.5475
v -4.2682 13.2476 3.3771
v -4.0750 13.2476 3.2228
v -3.8644 13.2476 3.0840
v -3.6352 13.2476 2.9605
v -3.3854 13.2476 2.8519
v -3.1127 13.2476 2.7582
v -2.8131 13.2476 2.6791
v -2.4807 13.2476 2.6145
v -2.1054 13.2476 2.5644
v -1.6675 13.2476 2.5286
v -1.1166 13.2476 2.5071
v -0.0000 13.2476 2.5000
v 1.1166 13.2476 2.5071
v 1.6675 13.2476 2.5286
v 2.1054 13.2476 2.5644
v 2.4807 13.2476 2.6145
v 2.8131 13.2476 2.6791
v 3.1127 13.2476 2.7582
v 3.3854 13.2476 2.8519
v 3.6352 13.2476 2.9605
v 3.8644 13.2476 3.0840
v 4.0750 13.2476 3.2228
v 4.2682 13.2476 3.3771
v 4.4449 13.2476 3.5475
v 4.6060 13.2476 3.7346
v 4.7519 13.2476 3.9389
v 4.8831 13.2476 4.1617
v 4.9999 13.2476 4.4042
v 5.1024 13.2476 4.6684
v 5.1910 13.2476 4.9570
v 5.2658 13.2476 5.2739
v 5.3269 13.2476 5.6256
v 5.3743 13.2476 6.0226
v 5.4081 13.2476 6.4859
v 5.4283 13.2476 7.0687
v 5.2936 13.5249 8.2500
v 5.2870 13.5249 9.4153
v 5.2671 13.5249 9.9962
v 5.2339 13.5249 10.4593
v 5.1873 13.5249 10.8568
v 5.1274 13.5249 11.2092
v 5.0539 13.5249 11.5272
v 4.9669 13.5249 11.8170
v 4.8662 13.5249 12.0825
v 4.7516 13.5249 12.3263
v 4.6229 13.5249 12.5504
v 4.4797 13.5249 12.7561
v 4.3218 13.5249 12.9443
v 4.1484 13.5249 13.1159
v 3.9591 13.5249 13.2714
v 3.7528 13.5249 13.4112
v 3.5283 13.5249 13.5357
v 3.2839 13.5249 13.6451
v 3.0171 13.5249 13.7396
v 2.7244 13.5249 13.8194
v 2.3999 13.5249 13.8845
v 2.0339 13.5249 13.9351
v 1.6076 13.5249 13.9712
v 1.0728 13.5249 13.9928
v 0.0000 13.5249 14.0000
v -1.0728 13.5249 13.9928
v -1.6076 13.5249 13.9712
v -2.0339 13.5249 13.9351
v -2.3999 13.5249 13.8845
v -2.7244 13.5249 13.8194
v -3.0171 13.5249 13.7396
v -3.2839 13.5249 13.6451
v -3.5283 13.5249 13.5357
v -3.7528 13.5249 13.4112
v -3.9591 13.5249 13.2714
v -4.1484 13.5249 13.1159
v -4.3218 13.5249 12.9443
v -4.4797 13.5249 12.7561
v -4.6229 13.5249 12.5504
v -4.7516 13.5249 12.3263
v -4.8662 13.5249 12.0825
v -4.9669 13.5249 11.8170
v -5.0539 13.5249 11.5272
v -5.1274 13.5249 11.2092
v -5.1873 13.5249 10.8568
v -5.2339 13.5249 10.4593
v -5.2671 13.5249 9.9962
v -5.2870 13.5249 9.4153
v -5.2936 13.5249 8.2500
v -5.2870 13.5249 7.0847
v -5.2671 13.5249 6.5038
v -5.2339 13.5249 6.0407
v -5.1873 13.5249 5.6432
v -5.1274 13.5249 5.2908
v -5.0539 13.5249 4.9728
v -4.9669 13.5249 4.6830
v -4.8662 13.5249 4.4175
v -4.7516 13.5249 4.1737
v -4.6229 13.5249 3.9496
v -4.4797 13.5249 3.7439
v -4.3218 13.5249 3.5557
v -4.1484 13.5249 3.3841
v -3.9591 13.5249 3.2286
v -3.7528 13.5249 3.0888
v -3.5283 13.5249 2.9643
v -3.2839 13.5249 2.8549
v -3.0171 13.5249 2.7604
v -2.7244 13.5249 2.6806
v -2.3999 13.5249 2.6155
v -2.0339 13.5249 2.5649
v -1.6076 13.5249 2.5288
v -1.0728 13.5249 2.5072
v -0.0000 13.5249 2.5000
v 1.0728 13.5249 2.5072
v 1.6076 13.5249 2.5288
v 2.0339 13.5249 2.5649
v 2.3999 13.5249 2.6155
v 2.7244 13.5249 2.6806
v 3.0171 13.5249 2.7604
v 3.2839 13.5249 2.8549
v 3.5283 13.5249 2.9643
v 3.7528 13.5249 3.0888
v 3.9591 13.5249 3.2286
v 4.1484 13.5249 3.3841
v 4.3218 13.5249 3.5557
v 4.4797 13.5249 3.7439
v 4.6229 13.5249 3.9496
v 4.7516 13.5249 4.1737
v 4.8662 13.5249 4.4175
v 4.9669 13.5249 4.6830
v 5.0539 13.5249 4.9728
v 5.1274 13.5249 5.2908
v 5.1873 13.5249 5.6432
v 5.2339 13.5249 6.0407
v 5.2671 13.5249 6.5038
v 5.2870 13.5249 7.0847
v 5.1351 13.7977 8.2500
v 5.1286 13.7977 9.3998
v 5.1091 13.7977 9.9789
v 5.0766 13.7977 10.4416
v 5.0311 13.7977 10.8395
v 4.9724 13.7977 11.1928
v 4.9006 13.7977 11.5118
v 4.8156 13.7977 11.8028
v 4.7171 13.7977 12.0695
v 4.6051 13.7977 12.3146
v 4.4793 13.7977 12.5399
v 4.3395 13.7977 12.7469
v 4.1852 13.7977 12.9364
v 4.0160 13.7977 13.1091
v 3.8311 13.7977 13.2657
v 3.6299 13.7977 13.4066
v 3.4110 13.7977 13.5320
v 3.1728 13.7977 13.6422
v 2.9130 13.7977 13.7375
v 2.6281 13.7977 13.8179
v 2.3126 13.7977 13.8835
v 1.9573 13.7977 13.9345
v 1.5440 13.7977 13.9709
v 1.0269 13.7977 13.9927
v 0.0000 13.7977 14.0000
v -1.0269 13.7977 13.9927
v -1.5440 13.7977 13.9709
v -1.9573 13.7977 13.9345
v -2.3126 13.7977 13.8835
v -2.6281 13.7977 13.8179
v -2.9130 13.7977 13.7375
v -3.1728 13.7977 13.6422
v -3.4110 13.7977 13.5320
v -3.6299 13.7977 13.4066
v -3.8311 13.7977 13.2657
v -4.0160 13.7977 13.1091
v -4.1852 13.7977 12.9364
v -4.3395 13.7977 12.7469
v -4.4793 13.7977 12.5399
v -4.6051 13.7977 12.3146
v -4.7171 13.7977 12.0695
v -4.8156 13.7977 11.8028
v -4.9006 13.7977 11.5118
v -4.9724 13.7977 11.1928
v -5.0311 13.7977 10.8395
v -5.0766 13.7977 10.4416
v -5.1091 13.7977 9.9789
v -5.1286 13.7977 9.3998
v -5.1351 13.7977 8.2500
v -5.1286 13.7977 7.1002
v -5.1091 13.7977 6.5211
v -5.0766 13.7977 6.0584
v -5.0311 13.7977 5.6605
v -4.9724 13.7977 5.3072
v -4.9006 13.7977 4.9882
v -4.8156 13.7977 4.6972
v -4.7171 13.7977 4.4305
v -4.6051 13.7977 4.1854
v -4.4793 13.7977 3.9601
v -4.3395 13.7977 3.7531
v -4.1852 13.7977 3.5636
v -4.0160 13.7977 3.3909
v -3.8311 13.7977 3.2343
v -3.6299 13.7977 3.0934
v -3.4110 13.7977 2.9680
v -3.1728 13.7977 2.8578
v -2.9130 13.7977 2.7625
v -2.6281 13.7977 2.6821
v -2.3126 13.7977 2.6165
v -1.9573 13.7977 2.5655
v -1.5440 13.7977 2.5291
v -1.0269 13.7977 2.5073
v -0.0000 13.7977 2.5000
v 1.0269 13.7977 2.5073
v 1.5440 13.7977 2.5291
v 1.9573 13.7977 2.5655
v 2.3126 13.7977 2.6165
v 2.6281 13.7977 2.6821
v 2.9130 13.7977 2.7625
v 3.1728 13.7977 2.8578
v 3.4110 13.7977 2.9680
v 3.6299 13.7977 3.0934
v 3.8311 13.7977 3.2343
v 4.0160 13.7977 3.3909
v 4.1852 13.7977 3.5636
v 4.3395 13.7977 3.7531
v 4.4793 13.7977 3.9601
v 4.6051 13.7977 4.1854
v 4.7171 13.7977 4.4305
v 4.8156 13.7977 4.6972
v 4.9006 13.7977 4.9882
v 4.9724 13.7977 5.3072
v 5.0311 13.7977 5.6605
v 5.0766 13.7977 6.0584
v 5.1091 13.7977 6.5211
v 5.1286 13.7977 7.1002
v 4.9630 14.0658 8.2500
v 4.9567 14.0658 9.3849
v 4.9377 14.0658 9.9621
v 4.9060 14.0658 10.4245
v 4.8617 14.0658 10.8228
v 4.8045 14.0658 11.1768
v 4.7346 14.0658 11.4969
v 4.6518 14.0658 11.7889
v 4.5559 14.0658 12.0568
v 4.4469 14.0658 12.3031
v 4.3244 14.0658 12.5297
v 4.1883 14.0658 12.7379
v 4.0382 14.0658 12.9286
v 3.8736 14.0658 13.1025
v 3.6940 14.0658 13.2602
v 3.4984 14.0658 13.4020
v 3.2857 14.0658 13.5284
v 3.0545 14.0658 13.6394
v 2.8024 14.0658 13.7354
v 2.5262 14.0658 13.8164
v 2.2207 14.0658 13.8826
v 1.8769 14.0658 13.9340
v 1.4777 14.0658 13.9707
v 0.9796 14.0658 13.9927
v 0.0000 14.0658 14.0000
v -0.9796 14.0658 13.9927
v -1.4777 14.0658 13.9707
v -1.8769 14.0658 13.9340
v -2.2207 14.0658 13.8826
v -2.5262 14.0658 13.8164
v -2.8024 14.0658 13.7354
v -3.0545 14.0658 13.6394
v -3.2857 14.0658 13.5284
v -3.4984 14.0658 13.4020
v -3.6940 14.0658 13.2602
v -3.8736 14.0658 13.1025
v -4.0382 14.0658 12.9286
v -4.1883 14.0658 12.7379
v -4.3244 14.0658 12.5297
v -4.4469 14.0658 12.3031
v -4.5559 14.0658 12.0568
v -4.6518 14.0658 11.7889
v -4.7346 14.0658 11.4969
v -4.8045 14.0658 11.1768
v -4.8617 14.0658 10.8228
v -4.9060 14.0658 10.4245
v -4.9377 14.0658 9.9621
v -4.9567 14.0658 9.3849
v -4.9630 14.0658 8.2500
v -4.9567 14.0658 7.1151
v -4.9377 14.0658 6.5379
v -4.9060 14.0658 6.0755
v -4.8617 14.0658 5.6772
v -4.8045 14.0658 5.3232
v -4.7346 14.0658 5.0031
v -4.6518 14.0658 4.7111
v -4.5559 14.0658 4.4432
v -4.4469 14.0658 4.1969
v -4.3244 14.0658 3.9703
v -4.1883 14.0658 3.7621
v -4.0382 14.0658 3.5714
v -3.8736 14.0658 3.3975
v -3.6940 14.0658 3.2398
v -3.4984 14.0658 3.0980
v -3.2857 14.0658 2.9716
v -3.0545 14.0658 2.8606
v -2.8024 14.0658 2.7646
v -2.5262 14.0658 2.6836
v -2.2207 14.0658 2.6174
v -1.8769 14.0658 2.5660
v -1.4777 14.0658 2.5293
v -0.9796 14.0658 2.5073
v -0.0000 14.0658 2.5000
v 0.9796 14.0658 2.5073
v 1.4777 14.0658 2.5293
v 1.8769 14.0658 2.5660
v 2.2207 14.0658 2.6174
v 2.5262 14.0658 2.6836
v 2.8024 14.0658 2.7646
v 3.0545 14.0658 2.8606
v 3.2857 14.0658 2.9716
v 3.4984 14.0658 3.0980
v 3.6940 14.0658 3.2398
v 3.8736 14.0658 3.3975
v 4.0382 14.0658 3.5714
v 4.1883 14.0658 3.7621
v 4.3244 14.0658 3.9703
v 4.4469 14.0658 4.1969
v 4.5559 14.0658 4.4432
v 4.6518 14.0658 4.7111
v 4.7346 14.0658 5.0031
v 4.8045 14.0658 5.3232
v 4.8617 14.0658 5.6772
v 4.9060 14.0658 6.0755
v 4.9377 14.0658 6.5379
v 4.9567 14.0658 7.1151
v 4.7807 14.3293 8.2500
v 4.7745 14.3293 9.3705
v 4.7561 14.3293 9.9458
v 4.7254 14.3293 10.4080
v 4.6823 14.3293 10.8066
v 4.6269 14.3293 11.1613
v 4.5590 14.3293 11.4823
v 4.4786 14.3293 11.7754
v 4.3856 14.3293 12.0445
v 4.2798 14.3293 12.2920
v 4.1611 14.3293 12.5198
v 4.0291 14.3293 12.7292
v 3.8836 14.3293 12.9210
v 3.7241 14.3293 13.0960
v 3.5500 14.3293 13.2547
v 3.3606 14.3293 13.3976
v 3.1548 14.3293 13.5248
v 2.9311 14.3293 13.6367
v 2.6874 14.3293 13.7334
v 2.4206 14.3293 13.8150
v 2.1256 14.3293 13.8817
v 1.7942 14.3293 13.9335
v 1.4100 14.3293 13.9705
v 0.9316 14.3293 13.9926
v 0.0000 14.3293 14.0000
v -0.9316 14.3293 13.9926
v -1.4100 14.3293 13.9705
v -1.7942 14.3293 13.9335
v -2.1256 14.3293 13.8817
v -2.4206 14.3293 13.8150
v -2.6874 14.3293 13.7334
v -2.9311 14.3293 13.6367
v -3.1548 14.3293 13.5248
v -3.3606 14.3293 13.3976
v -3.5500 14.3293 13.2547
v -3.7241 14.3293 13.0960
v -3.8836 14.3293 12.9210
v -4.0291 14.3293 12.7292
v -4.1611 14.3293 12.5198
v -4.2798 14.3293 12.2920
v -4.3856 14.3293 12.0445
v -4.4786 14.3293 11.7754
v -4.5590 14.3293 11.4823
v -4.6269 14.3293 11.1613
v -4.6823 14.3293 10.8066
v -4.7254 14.3293 10.4080
v -4.7561 14.3293 9.9458
v -4.7745 14.3293 9.3705
v -4.7807 14.3293 8.2500
v -4.7745 14.3293 7.1295
v -4.7561 14.3293 6.5542
v -4.7254 14.3293 6.0920
v -4.6823 14.3293 5.6934
v -4.6269 14.3293 5.3387
v -4.5590 14.3293 5.0177
v -4.4786 14.3293 4.7246
v -4.3856 14.3293 4.4555
v -4.2798 14.3293 4.2080
v -4.1611 14.3293 3.9802
v -4.0291 14.3293 3.7708
v -3.8836 14.3293 3.5790
v -3.7241 14.3293 3.4040
v -3.5500 14.3293 3.2453
v -3.3606 14.3293 3.1024
v -3.1548 14.3293 2.9752
v -2.9311 14.3293 2.8633
v -2.6874 14.3293 2.7666
v -2.4206 14.3293 2.6850
v -2.1256 14.3293 2.6183
v -1.7942 14.3293 2.5665
v -1.4100 14.3293 2.5295
v -0.9316 14.3293 2.5074
v -0.0000 14.3293 2.5000
v 0.9316 14.3293 2.5074
v 1.4100 14.3293 2.5295
v 1.7942 14.3293 2.5665
v 2.1256 14.3293 2.6183
v 2.4206 14.3293 2.6850
v 2.6874 14.3293 2.7666
v 2.9311 14.3293 2.8633
v 3.1548 14.3293 2.9752
v 3.3606 14.3293 3.1024
v 3.5500 14.3293 3.2453
v 3.7241 14.3293 3.4040
v 3.8836 14.3293 3.5790
v 4.0291 14.3293 3.7708
v 4.1611 14.3293 3.9802
v 4.2798 14.3293 4.2080
v 4.3856 14.3293 4.4555
v 4.4786 14.3293 4.7246
v 4.5590 14.3293 5.0177
v 4.6269 14.3293 5.3387
v 4.6823 14.3293 5.6934
v 4.7254 14.3293 6.0920
v 4.7561 14.3293 6.5542
v 4.7745 14.3293 7.1295
v 4.5912 14.5880 8.2500
v 4.5853 14.5880 9.3567
v 4.5675 14.5880 9.9302
v 4.5377 14.5880 10.3920
v 4.4961 14.5880 10.7909
v 4.4424 14.5880 11.1464
v 4.3768 14.5880 11.4682
v 4.2990 14.5880 11.7624
v 4.2091 14.5880 12.0325
v 4.1068 14.5880 12.2812
v 3.9920 14.5880 12.5102
v 3.8644 14.5880 12.7207
v 3.7238 14.5880 12.9136
v 3.5697 14.5880 13.0897
v 3.4017 14.5880 13.2495
v 3.2188 14.5880 13.3933
v 3.0203 14.5880 13.5214
v 2.8045 14.5880 13.6340
v 2.5697 14.5880 13.7314
v 2.3127 14.5880 13.8136
v 2.0289 14.5880 13.8808
v 1.7103 14.5880 13.9330
v 1.3416 14.5880 13.9702
v 0.8837 14.5880 13.9926
v 0.0000 14.5880 14.0000
v -0.8837 14.5880 13.9926
v -1.3416 14.5880 13.9702
v -1.7103 14.5880 13.9330
v -2.0289 14.5880 13.8808
v -2.3127 14.5880 13.8136
v -2.5697 14.5880 13.7314
v -2.8045 14.5880 13.6340
v -3.0203 14.5880 13.5214
v -3.2188 14.5880 13.3933
v -3.4017 14.5880 13.2495
v -3.5697 14.5880 13.0897
v -3.7238 14.5880 12.9136
v -3.8644 14.5880 12.7207
v -3.9920 14.5880 12.5102
v -4.1068 14.5880 12.2812
v -4.2091 14.5880 12.0325
v -4.2990 14.5880 11.7624
v -4.3768 14.5880 11.4682
v -4.4424 14.5880 11.1464
v -4.4961 14.5880 10.7909
v -4.5377 14.5880 10.3920
v -4.5675 14.5880 9.9302
v -4.5853 14.5880 9.3567
v -4.5912 14.5880 8.2500
v -4.5853 14.5880 7.1433
v -4.5675 14.5880 6.5698
v -4.5377 14.5880 6.1080
v -4.4961 14.5880 5.7091
v -4.4424 14.5880 5.3536
v -4.3768 14.5880 5.0318
v -4.2990 14.5880 4.7376
v -4.2091 14.5880 4.4675
v -4.1068 14.5880 4.2188
v -3.9920 14.5880 3.9898
v -3.8644 14.5880 3.7793
v -3.7238 14.5880 3.5864
v -3.5697 14.5880 3.4103
v -3.4017 14.5880 3.2505
v -3.2188 14.5880 3.1067
v -3.0203 14.5880 2.9786
v -2.8045 14.5880 2.8660
v -2.5697 14.5880 2.7686
v -2.3127 14.5880 2.6864
v -2.0289 14.5880 2.6192
v -1.7103 14.5880 2.5670
v -1.3416 14.5880 2.5298
v -0.8837 14.5880 2.5074
v -0.0000 14.5880 2.5000
v 0.8837 14.5880 2.5074
v 1.3416 14.5880 2.5298
v 1.7103 14.5880 2.5670
v 2.0289 14.5880 2.6192
v 2.3127 14.5880 2.6864
v 2.5697 14.5880 2.7686
v 2.8045 14.5880 2.8660
v 3.0203 14.5880 2.9786
v 3.2188 14.5880 3.1067
v 3.4017 14.5880 3.2505
v 3.5697 14.5880 3.4103
v 3.7238 14.5880 3.5864
v 3.8644 14.5880 3.7793
v 3.9920 14.5880 3.9898
v 4.1068 14.5880 4.2188
v 4.2091 14.5880 4.4675
v 4.2990 14.5880 4.7376
v 4.3768 14.5880 5.0318
v 4.4424 14.5880 5.3536
v 4.4961 14.5880 5.7091
v 4.5377 14.5880 6.1080
v 4.5675 14.5880 6.5698
v 4.5853 14.5880 7.1433
v 4.3974 14.8421 8.2500
v 4.3917 14.8421 9.3435
v 4.3745 14.8421 9.9152
v 4.3458 14.8421 10.3766
v 4.3056 14.8421 10.7759
v 4.2539 14.8421 11.1319
v 4.1906 14.8421 11.4546
v 4.1156 14.8421 11.7498
v 4.0288 14.8421 12.0210
v 3.9302 14.8421 12.2708
v 3.8196 14.8421 12.5009
v 3.6966 14.8421 12.7125
v 3.5612 14.8421 12.9065
v 3.4128 14.8421 13.0837
v 3.2510 14.8421 13.2444
v 3.0750 14.8421 13.3891
v 2.8840 14.8421 13.5180
v 2.6765 14.8421 13.6314
v 2.4508 14.8421 13.7295
v 2.2040 14.8421 13.8123
v 1.9317 14.8421 13.8799
v 1.6264 14.8421 13.9325
v 1.2735 14.8421 13.9700
v 0.8363 14.8421 13.9925
v 0.0000 14.8421 14.0000
v -0.8363 14.8421 13.9925
v -1.2735 14.8421 13.9700
v -1.6264 14.8421 13.9325
v -1.9317 14.8421 13.8799
v -2.2040 14.8421 13.8123
v -2.4508 14.8421 13.7295
v -2.6765 14.8421 13.6314
v -2.8840 14.8421 13.5180
v -3.0750 14.8421 13.3891
v -3.2510 14.8421 13.2444
v -3.4128 14.8421 13.0837
v -3.5612 14.8421 12.9065
v -3.6966 14.8421 12.7125
v -3.8196 14.8421 12.5009
v -3.9302 14.8421 12.2708
v -4.0288 14.8421 12.0210
v -4.1156 14.8421 11.7498
v -4.1906 14.8421 11.4546
v -4.2539 14.8421 11.1319
v -4.3056 14.8421 10.7759
v -4.3458 14.8421 10.3766
v -4.3745 14.8421 9.9152
v -4.3917 14.8421 9.3435
v -4.3974 14.8421 8.2500
v -4.3917 14.8421 7.1565
v -4.3745 14.8421 6.5848
v -4.3458 14.8421 6.1234
v -4.3056 14.8421 5.7241
v -4.2539 14.8421 5.3681
v -4.1906 14.8421 5.0454
v -4.1156 14.8421 4.7502
v -4.0288 14.8421 4.4790
v -3.9302 14.8421 4.2292
v -3.8196 14.8421 3.9991
v -3.6966 14.8421 3.7875
v -3.5612 14.8421 3.5935
v -3.4128 14.8421 3.4163
v -3.2510 14.8421 3.2556
v -3.0750 14.8421 3.1109
v -2.8840 14.8421 2.9820
v -2.6765 14.8421 2.8686
v -2.4508 14.8421 2.7705
v -2.2040 14.8421 2.6877
v -1.9317 14.8421 2.6201
v -1.6264 14.8421 2.5675
v -1.2735 14.8421 2.5300
v -0.8363 14.8421 2.5075
v -0.0000 14.8421 2.5000
v 0.8363 14.8421 2.5075
v 1.2735 14.8421 2.5300
v 1.6264 14.8421 2.5675
v 1.9317 14.8421 2.6201
v 2.2040 14.8421 2.6877
v 2.4508 14.8421 2.7705
v 2.6765 14.8421 2.8686
v 2.8840 14.8421 2.9820
v 3.0750 14.8421 3.1109
v 3.2510 14.8421 3.2556
v 3.4128 14.8421 3.4163
v 3.5612 14.8421 3.5935
v 3.6966 14.8421 3.7875
v 3.8196 14.8421 3.9991
v 3.9302 14.8421 4.2292
v 4.0288 14.8421 4.4790
v 4.1156 14.8421 4.7502
v 4.1906 14.8421 5.0454
v 4.2539 14.8421 5.3681
v 4.3056 14.8421 5.7241
v 4.3458 14.8421 6.1234
v 4.3745 14.8421 6.5848
v 4.3917 14.8421 7.1565
v -0.0000 14.8421 8.2500
v -5.5000 0.0000 2.7500
v 5.5000 0.0000 2.7500
v 5.5000 0.0000 3.6800
v -5.5000 0.0000 3.6800
v -5.5000 8.0000 2.7500
v 5.5000 8.0000 2.7500
v 5.5000 8.0000 3.6800
v -5.5000 8.0000 3.6800
v -5.5000 0.0000 3.6800
v -3.6000 0.0000 3.6800
v -3.6000 0.0000 6.6800
v -5.5000 0.0000 6.6800
v -5.5000 8.0000 3.6800
v -3.6000 8.0000 3.6800
v -3.6000 8.0000 6.6800
v -5.5000 8.0000 6.6800
v 3.6000 0.0000 3.6800
v 5.5000 0.0000 3.6800
v 5.5000 0.0000 6.6800
v 3.6000 0.0000 6.6800
v 3.6000 8.0000 3.6800
v 5.5000 8.0000 3.6800
v 5.5000 8.0000 6.6800
v 3.6000 8.0000 6.6800
v -5.5000 0.0000 6.6800
v -1.4000 0.0000 6.6800
v -1.4000 0.0000 9.1800
v -5.5000 0.0000 9.1800
v -5.5000 8.0000 6.6800
v -1.4000 8.0000 6.6800
v -1.4000 8.0000 9.1800
v -5.5000 8.0000 9.1800
v 1.4000 0.0000 6.6800
v 5.5000 0.0000 6.6800
v 5.5000 0.0000 9.1800
v 1.4000 0.0000 9.1800
v 1.4000 8.0000 6.6800
v 5.5000 8.0000 6.6800
v 5.5000 8.0000 9.1800
v 1.4000 8.0000 9.1800
v -5.5000 0.0000 9.1800
v 5.5000 0.0000 9.1800
v 5.5000 0.0000 10.1100
v -5.5000 0.0000 10.1100
v -5.5000 8.0000 9.1800
v 5.5000 8.0000 9.1800
v 5.5000 8.0000 10.1100
v -5.5000 8.0000 10.1100
f 1 2 98
f 1 98 97
f 2 3 99
f 2 99 98
f 3 4 100
f 3 100 99
f 4 5 101
f 4 101 100
f 5 6 102
f 5 102 101
f 6 7 103
f 6 103 102
f 7 8 104
f 7 104 103
f 8 9 105
f 8 105 104
f 9 10 106
f 9 106 105
f 10 11 107
f 10 107 106
f 11 12 108
f 11 108 107
f 12 13 109
f 12 109 108
f 13 14 110
f 13 110 109
f 14 15 111
f 14 111 110
f 15 16 112
f 15 112 111
f 16 17 113
f 16 113 112
f 17 18 114
f 17 114 113
f 18 19 115
f 18 115 114
f 19 20 116
f 19 116 115
f 20 21 117
f 20 117 116
f 21 22 118
f 21 118 117
f 22 23 119
f 22 119 118
f 23 24 120
f 23 120 119
f 24 25 121
f 24 121 120
f 25 26 122
f 25 122 121
f 26 27 123
f 26 123 122
f 27 28 124
f 27 124 123
f 28 29 125
f 28 125 124
f 29 30 126
f 29 126 125
f 30 31 127
f 30 127 126
f 31 32 128
f 31 128 127
f 32 33 129
f 32 129 128
f 33 34 130
f 33 130 129
f 34 35 131
f 34 131 130
f 35 36 132
f 35 132 131
f 36 37 133
f 36 133 132
f 37 38 134
f 37 134 133
f 38 39 135
f 38 135 134
f 39 40 136
f 39 136 135
f 40 41 137
f 40 137 136
f 41 42 138
f 41 138 137
f 42 43 139
f 42 139 138
f 43 44 140
f 43 140 139
f 44 45 141
f 44 141 140
f 45 46 142
f 45 142 141
f 46 47 143
f 46 143 142
f 47 48 144
f 47 144 143
f 48 49 145
f 48 145 144
f 49 50 146
f 49 146 145
f 50 51 147
f 50 147 146
f 51 52 148
f 51 148 147
f 52 53 149
f 52 149 148
f 53 54 150
f 53 150 149
f 54 55 151
f 54 151 150
f 55 56 152
f 55 152 151
f 56 57 153
f 56 153 152
f 57 58 154
f 57 154 153
f 58 59 155
f 58 155 154
f 59 60 156
f 59 156 155
f 60 61 157
f 60 157 156
f 61 62 158
f 61 158 157
f 62 63 159
f 62 159 158
f 63 64 160
f 63 160 159
f 64 65 161
f 64 161 160
f 65 66 162
f 65 162 161
f 66 67 163
f 66 163 162
f 67 68 164
f 67 164 163
f 68 69 165
f 68 165 164
f 69 70 166
f 69 166 165
f 70 71 167
f 70 167 166
f 71 72 168
f 71 168 167
f 72 73 169
f 72 169 168
f 73 74 170
f 73 170 169
f 74 75 171
f 74 171 170
f 75 76 172
f 75 172 171
f 76 77 173
f 76 173 172
f 77 78 174
f 77 174 173
f 78 79 175
f 78 175 174
f 79 80 176
f 79 176 175
f 80 81 177
f 80 177 176
f 81 82 178
f 81 178 177
f 82 83 179
f 82 179 178
f 83 84 180
f 83 180 179
f 84 85 181
f 84 181 180
f 85 86 182
f 85 182 181
f 86 87 183
f 86 183 182
f 87 88 184
f 87 184 183
f 88 89 185
f 88 185 184
f 89 90 186
f 89 186 185
f 90 91 187
f 90 187 186
f 91 92 188
f 91 188 187
f 92 93 189
f 92 189 188
f 93 94 190
f 93 190 189
f 94 95 191
f 94 191 190
f 95 96 192
f 95 192 191
f 96 1 97
f 96 97 192
f 97 98 194
f 97 194 193
f 98 99 195
f 98 195 194
f 99 100 196
f 99 196 195
f 100 101 197
f 100 197 196
f 101 102 198
f 101 198 197
f 102 103 199
f 102 199 198
f 103 104 200
f 103 200 199
f 104 105 201
f 104 201 200
f 105 106 202
f 105 202 201
f 106 107 203
f 106 203 202
f 107 108 204
f 107 204 203
f 108 109 205
f 108 205 204
f 109 110 206
f 109 206 205
f 110 111 207
f 110 207 206
f 111 112 208
f 111 208 207
f 112 113 209
f 112 209 208
f 113 114 210
f 113 210 209
f 114 115 211
f 114 211 210
f 115 116 212
f 115 212 211
f 116 117 213
f 116 213 212
f 117 118 214
f 117 214 213
f 118 119 215
f 118 215 214
f 119 120 216
f 119 216 215
f 120 121 217
f 120 217 216
f 121 122 218
f 121 218 217
f 122 123 219
f 122 219 218
f 123 124 220
f 123 220 219
f 124 125 221
f 124 221 220
f 125 126 222
f 125 222 221
f 126 127 223
f 126 223 222
f 127 128 224
f 127 224 223
f 128 129 225
f 128 225 224
f 129 130 226
f 129 226 225
f 130 131 227
f 130 227 226
f 131 132 228
f 131 228 227
f 132 133 229
f 132 229 228
f 133 134 230
f 133 230 229
f 134 135 231
f 134 231 230
f 135 136 232
f 135 232 231
f 136 137 233
f 136 233 232
f 137 138 234
f 137 234 233
f 138 139 235
f 138 235 234
f 139 140 236
f 139 236 235
f 140 141 237
f 140 237 236
f 141 142 238
f 141 238 237
f 142 143 239
f 142 239 238
f 143 144 240
f 143 240 239
f 144 145 241
f 144 241 240
f 145 146 242
f 145 242 241
f 146 147 243
f 146 243 242
f 147 148 244
f 147 244 243
f 148 149 245
f 148 245 244
f 149 150 246
f 149 246 245
f 150 151 247
f 150 247 246
f 151 152 248
f 151 248 247
f 152 153 249
f 152 249 248
f 153 154 250
f 153 250 249
f 154 155 251
f 154 251 250
f 155 156 252
f 155 252 251
f 156 157 253
f 156 253 252
f 157 158 254
f 157 254 253
f 158 159 255
f 158 255 254
f 159 160 256
f 159 256 255
f 160 161 257
f 160 257 256
f 161 162 258
f 161 258 257
f 162 163 259
f 162 259 258
f 163 164 260
f 163 260 259
f 164 165 261
f 164 261 260
f 165 166 262
f 165 262 261
f 166 167 263
f 166 263 262
f 167 168 264
f 167 264 263
f 168 169 265
f 168 265 264
f 169 170 266
f 169 266 265
f 170 171 267
f 170 267 266
f 171 172 268
f 171 268 267
f 172 173 269
f 172 269 268
f 173 174 270
f 173 270 269
f 174 175 271
f 174 271 270
f 175 176 272
f 175 272 271
f 176 177 273
f 176 273 272
f 177 178 274
f 177 274 273
f 178 179 275
f 178 275 274
f 179 180 276
f 179 276 275
f 180 181 277
f 180 277 276
f 181 182 278
f 181 278 277
f 182 183 279
f 182 279 278
f 183 184 280
f 183 280 279
f 184 185 281
f 184 281 280
f 185 186 282
f 185 282 281
f 186 187 283
f 186 283 282
f 187 188 284
f 187 284 283
f 188 189 285
f 188 285 284
f 189 190 286
f 189 286 285
f 190 191 287
f 190 287 286
f 191 192 288
f 191 288 287
f 192 97 193
f 192 193 288
f 193 194 290
f 193 290 289
f 194 195 291
f 194 291 290
f 195 196 292
f 195 292 291
f 196 197 293
f 196 293 292
f 197 198 294
f 197 294 293
f 198 199 295
f 198 295 294
f 199 200 296
f 199 296 295
f 200 201 297
f 200 297 296
f 201 202 298
f 201 298 297
f 202 203 299
f 202 299 298
f 203 204 300
f 203 300 299
f 204 205 301
f 204 301 300
f 205 206 302
f 205 302 301
f 206 207 303
f 206 303 302
f 207 208 304
f 207 304 303
f 208 209 305
f 208 305 304
f 209 210 306
f 209 306 305
f 210 211 307
f 210 307 306
f 211 212 308
f 211 308 307
f 212 213 309
f 212 309 308
f 213 214 310
f 213 310 309
f 214 215 311
f 214 311 310
f 215 216 312
f 215 312 311
f 216 217 313
f 216 313 312
f 217 218 314
f 217 314 313
f 218 219 315
f 218 315 314
f 219 220 316
f 219 316 315
f 220 221 317
f 220 317 316
f 221 222 318
f 221 318 317
f 222 223 319
f 222 319 318
f 223 224 320
f 223 320 319
f 224 225 321
f 224 321 320
f 225 226 322
f 225 322 321
f 226 227 323
f 226 323 322
f 227 228 324
f 227 324 323
f 228 229 325
f 228 325 324
f 229 230 326
f 229 326 325
f 230 231 327
f 230 327 326
f 231 232 328
f 231 328 327
f 232 233 329
f 232 329 328
f 233 234 330
f 233 330 329
f 234 235 331
f 234 331 330
f 235 236 332
f 235 332 331
f 236 237 333
f 236 333 332
f 237 238 334
f 237 334 333
f 238 239 335
f 238 335 334
f 239 240 336
f 239 336 335
f 240 241 337
f 240 337 336
f 241 242 338
f 241 338 337
f 242 243 339
f 242 339 338
f 243 244 340
f 243 340 339
f 244 245 341
f 244 341 340
f 245 246 342
f 245 342 341
f 246 247 343
f 246 343 342
f 247 248 344
f 247 344 343
f 248 249 345
f 248 345 344
f 249 250 346
f 249 346 345
f 250 251 347
f 250 347 346
f 251 252 348
f 251 348 347
f 252 253 349
f 252 349 348
f 253 254 350
f 253 350 349
f 254 255 351
f 254 351 350
f 255 256 352
f 255 352 351
f 256 257 353
f 256 353 352
f 257 258 354
f 257 354 353
f 258 259 355
f 258 355 354
f 259 260 356
f 259 356 355
f 260 261 357
f 260 357 356
f 261 262 358
f 261 358 357
f 262 263 359
f 262 359 358
f 263 264 360
f 263 360 359
f 264 265 361
f 264 361 360
f 265 266 362
f 265 362 361
f 266 267 363
f 266 363 362
f 267 268 364
f 267 364 363
f 268 269 365
f 268 365 364
f 269 270 366
f 269 366 365
f 270 271 367
f 270 367 366
f 271 272 368
f 271 368 367
f 272 273 369
f 272 369 368
f 273 274 370
f 273 370 369
f 274 275 371
f 274 371 370
f 275 276 372
f 275 372 371
f 276 277 373
f 276 373 372
f 277 278 374
f 277 374 373
f 278 279 375
f 278 375 374
f 279 280 376
f 279 376 375
f 280 281 377
f 280 377 376
f 281 282 378
f 281 378 377
f 282 283 379
f 282 379 378
f 283 284 380
f 283 380 379
f 284 285 381
f 284 381 380
f 285 286 382
f 285 382 381
f 286 287 383
f 286 383 382
f 287 288 384
f 287 384 383
f 288 193 289
f 288 289 384
f 289 290 386
f 289 386 385
f 290 291 387
f 290 387 386
f 291 292 388
f 291 388 387
f 292 293 389
f 292 389 388
f 293 294 390
f 293 390 389
f 294 295 391
f 294 391 390
f 295 296 392
f 295 392 391
f 296 297 393
f 296 393 392
f 297 298 394
f 297 394 393
f 298 299 395
f 298 395 394
f 299 300 396
f 299 396 395
f 300 301 397
f 300 397 396
f 301 302 398
f 301 398 397
f 302 303 399
f 302 399 398
f 303 304 400
f 303 400 399
f 304 305 401
f 304 401 400
f 305 306 402
f 305 402 401
f 306 307 403
f 306 403 402
f 307 308 404
f 307 404 403
f 308 309 405
f 308 405 404
f 309 310 406
f 309 406 405
f 310 311 407
f 310 407 406
f 311 312 408
f 311 408 407
f 312 313 409
f 312 409 408
f 313 314 410
f 313 410 409
f 314 315 411
f 314 411 410
f 315 316 412
f 315 412 411
f 316 317 413
f 316 413 412
f 317 318 414
f 317 414 413
f 318 319 415
f 318 415 414
f 319 320 416
f 319 416 415
f 320 321 417
f 320 417 416
f 321 322 418
f 321 418 417
f 322 323 419
f 322 419 418
f 323 324 420
f 323 420 419
f 324 325 421
f 324 421 420
f 325 326 422
f 325 422 421
f 326 327 423
f 326 423 422
f 327 328 424
f 327 424 423
f 328 329 425
f 328 425 424
f 329 330 426
f 329 426 425
f 330 331 427
f 330 427 426
f 331 332 428
f 331 428 427
f 332 333 429
f 332 429 428
f 333 334 430
f 333 430 429
f 334 335 431
f 334 431 430
f 335 336 432
f 335 432 431
f 336 337 433
f 336 433 432
f 337 338 434
f 337 434 433
f 338 339 435
f 338 435 434
f 339 340 436
f 339 436 435
f 340 341 437
f 340 437 436
f 341 342 438
f 341 438 437
f 342 343 439
f 342 439 438
f 343 344 440
f 343 440 439
f 344 345 441
f 344 441 440
f 345 346 442
f 345 442 441
f 346 347 443
f 346 443 442
f 347 348 444
f 347 444 443
f 348 349 445
f 348 445 444
f 349 350 446
f 349 446 445
f 350 351 447
f 350 447 446
f 351 352 448
f 351 448 447
f 352 353 449
f 352 449 448
f 353 354 450
f 353 450 449
f 354 355 451
f 354 451 450
f 355 356 452
f 355 452 451
f 356 357 453
f 356 453 452
f 357 358 454
f 357 454 453
f 358 359 455
f 358 455 454
f 359 360 456
f 359 456 455
f 360 361 457
f 360 457 456
f 361 362 458
f 361 458 457
f 362 363 459
f 362 459 458
f 363 364 460
f 363 460 459
f 364 365 461
f 364 461 460
f 365 366 462
f 365 462 461
f 366 367 463
f 366 463 462
f 367 368 464
f 367 464 463
f 368 369 465
f 368 465 464
f 369 370 466
f 369 466 465
f 370 371 467
f 370 467 466
f 371 372 468
f 371 468 467
f 372 373 469
f 372 469 468
f 373 374 470
f 373 470 469
f 374 375 471
f 374 471 470
f 375 376 472
f 375 472 471
f 376 377 473
f 376 473 472
f 377 378 474
f 377 474 473
f 378 379 475
f 378 475 474
f 379 380 476
f 379 476 475
f 380 381 477
f 380 477 476
f 381 382 478
f 381 478 477
f 382 383 479
f 382 479 478
f 383 384 480
f 383 480 479
f 384 289 385
f 384 385 480
f 385 386 482
f 385 482 481
f 386 387 483
f 386 483 482
f 387 388 484
f 387 484 483
f 388 389 485
f 388 485 484
f 389 390 486
f 389 486 485
f 390 391 487
f 390 487 486
f 391 392 488
f 391 488 487
f 392 393 489
f 392 489 488
f 393 394 490
f 393 490 489
f 394 395 491
f 394 491 490
f 395 396 492
f 395 492 491
f 396 397 493
f 396 493 492
f 397 398 494
f 397 494 493
f 398 399 495
f 398 495 494
f 399 400 496
f 399 496 495
f 400 401 497
f 400 497 496
f 401 402 498
f 401 498 497
f 402 403 499
f 402 499 498
f 403 404 500
f 403 500 499
f 404 405 501
f 404 501 500
f 405 406 502
f 405 502 501
f 406 407 503
f 406 503 502
f 407 408 504
f 407 504 503
f 408 409 505
f 408 505 504
f 409 410 506
f 409 506 505
f 410 411 507
f 410 507 506
f 411 412 508
f 411 508 507
f 412 413 509
f 412 509 508
f 413 414 510
f 413 510 509
f 414 415 511
f 414 511 510
f 415 416 512
f 415 512 511
f 416 417 513
f 416 513 512
f 417 418 514
f 417 514 513
f 418 419 515
f 418 515 514
f 419 420 516
f 419 516 515
f 420 421 517
f 420 517 516
f 421 422 518
f 421 518 517
f 422 423 519
f 422 519 518
f 423 424 520
f 423 520 519
f 424 425 521
f 424 521 520
f 425 426 522
f 425 522 521
f 426 427 523
f 426 523 522
f 427 428 524
f 427 524 523
f 428 429 525
f 428 525 524
f 429 430 526
f 429 526 525
f 430 431 527
f 430 527 526
f 431 432 528
f 431 528 527
f 432 433 529
f 432 529 528
f 433 434 530
f 433 530 529
f 434 435 531
f 434 531 530
f 435 436 532
f 435 532 531
f 436 437 533
f 436 533 532
f 437 438 534
f 437 534 533
f 438 439 535
f 438 535 534
f 439 440 536
f 439 536 535
f 440 441 537
f 440 537 536
f 441 442 538
f 441 538 537
f 442 443 539
f 442 539 538
f 443 444 540
f 443 540 539
f 444 445 541
f 444 541 540
f 445 446 542
f 445 542 541
f 446 447 543
f 446 543 542
f 447 448 544
f 447 544 543
f 448 449 545
f 448 545 544
f 449 450 546
f 449 546 545
f 450 451 547
f 450 547 546
f 451 452 548
f 451 548 547
f 452 453 549
f 452 549 548
f 453 454 550
f 453 550 549
f 454 455 551
f 454 551 550
f 455 456 552
f 455 552 551
f 456 457 553
f 456 553 552
f 457 458 554
f 457 554 553
f 458 459 555
f 458 555 554
f 459 460 556
f 459 556 555
f 460 461 557
f 460 557 556
f 461 462 558
f 461 558 557
f 462 463 559
f 462 559 558
f 463 464 560
f 463 560 559
f 464 465 561
f 464 561 560
f 465 466 562
f 465 562 561
f 466 467 563
f 466 563 562
f 467 468 564
f 467 564 563
f 468 469 565
f 468 565 564
f 469 470 566
f 469 566 565
f 470 471 567
f 470 567 566
f 471 472 568
f 471 568 567
f 472 473 569
f 472 569 568
f 473 474 570
f 473 570 569
f 474 475 571
f 474 571 570
f 475 476 572
f 475 572 571
f 476 477 573
f 476 573 572
f 477 478 574
f 477 574 573
f 478 479 575
f 478 575 574
f 479 480 576
f 479 576 575
f 480 385 481
f 480 481 576
f 481 482 578
f 481 578 577
f 482 483 579
f 482 579 578
f 483 484 580
f 483 580 579
f 484 485 581
f 484 581 580
f 485 486 582
f 485 582 581
f 486 487 583
f 486 583 582
f 487 488 584
f 487 584 583
f 488 489 585
f 488 585 584
f 489 490 586
f 489 586 585
f 490 491 587
f 490 587 586
f 491 492 588
f 491 588 587
f 492 493 589
f 492 589 588
f 493 494 590
f 493 590 589
f 494 495 591
f 494 591 590
f 495 496 592
f 495 592 591
f 496 497 593
f 496 593 592
f 497 498 594
f 497 594 593
f 498 499 595
f 498 595 594
f 499 500 596
f 499 596 595
f 500 501 597
f 500 597 596
f 501 502 598
f 501 598 597
f 502 503 599
f 502 599 598
f 503 504 600
f 503 600 599
f 504 505 601
f 504 601 600
f 505 506 602
f 505 602 601
f 506 507 603
f 506 603 602
f 507 508 604
f 507 604 603
f 508 509 605
f 508 605 604
f 509 510 606
f 509 606 605
f 510 511 607
f 510 607 606
f 511 512 608
f 511 608 607
f 512 513 609
f 512 609 608
f 513 514 610
f 513 610 609
f 514 515 611
f 514 611 610
f 515 516 612
f 515 612 611
f 516 517 613
f 516 613 612
f 517 518 614
f 517 614 613
f 518 519 615
f 518 615 614
f 519 520 616
f 519 616 615
f 520 521 617
f 520 617 616
f 521 522 618
f 521 618 617
f 522 523 619
f 522 619 618
f 523 524 620
f 523 620 619
f 524 525 621
f 524 621 620
f 525 526 622
f 525 622 621
f 526 527 623
f 526 623 622
f 527 528 624
f 527 624 623
f 528 529 625
f 528 625 624
f 529 530 626
f 529 626 625
f 530 531 627
f 530 627 626
f 531 532 628
f 531 628 627
f 532 533 629
f 532 629 628
f 533 534 630
f 533 630 629
f 534 535 631
f 534 631 630
f 535 536 632
f 535 632 631
f 536 537 633
f 536 633 632
f 537 538 634
f 537 634 633
f 538 539 635
f 538 635 634
f 539 540 636
f 539 636 635
f 540 541 637
f 540 637 636
f 541 542 638
f 541 638 637
f 542 543 639
f 542 639 638
f 543 544 640
f 543 640 639
f 544 545 641
f 544 641 640
f 545 546 642
f 545 642 641
f 546 547 643
f 546 643 642
f 547 548 644
f 547 644 643
f 548 549 645
f 548 645 644
f 549 550 646
f 549 646 645
f 550 551 647
f 550 647 646
f 551 552 648
f 551 648 647
f 552 553 649
f 552 649 648
f 553 554 650
f 553 650 649
f 554 555 651
f 554 651 650
f 555 556 652
f 555 652 651
f 556 557 653
f 556 653 652
f 557 558 654
f 557 654 653
f 558 559 655
f 558 655 654
f 559 560 656
f 559 656 655
f 560 561 657
f 560 657 656
f 561 562 658
f 561 658 657
f 562 563 659
f 562 659 658
f 563 564 660
f 563 660 659
f 564 565 661
f 564 661 660
f 565 566 662
f 565 662 661
f 566 567 663
f 566 663 662
f 567 568 664
f 567 664 663
f 568 569 665
f 568 665 664
f 569 570 666
f 569 666 665
f 570 571 667
f 570 667 666
f 571 572 668
f 571 668 667
f 572 573 669
f 572 669 668
f 573 574 670
f 573 670 669
f 574 575 671
f 574 671 670
f 575 576 672
f 575 672 671
f 576 481 577
f 576 577 672
f 577 578 674
f 577 674 673
f 578 579 675
f 578 675 674
f 579 580 676
f 579 676 675
f 580 581 677
f 580 677 676
f 581 582 678
f 581 678 677
f 582 583 679
f 582 679 678
f 583 584 680
f 583 680 679
f 584 585 681
f 584 681 680
f 585 586 682
f 585 682 681
f 586 587 683
f 586 683 682
f 587 588 684
f 587 684 683
f 588 589 685
f 588 685 684
f 589 590 686
f 589 686 685
f 590 591 687
f 590 687 686
f 591 592 688
f 591 688 687
f 592 593 689
f 592 689 688
f 593 594 690
f 593 690 689
f 594 595 691
f 594 691 690
f 595 596 692
f 595 692 691
f 596 597 693
f 596 693 692
f 597 598 694
f 597 694 693
f 598 599 695
f 598 695 694
f 599 600 696
f 599 696 695
f 600 601 697
f 600 697 696
f 601 602 698
f 601 698 697
f 602 603 699
f 602 699 698
f 603 604 700
f 603 700 699
f 604 605 701
f 604 701 700
f 605 606 702
f 605 702 701
f 606 607 703
f 606 703 702
f 607 608 704
f 607 704 703
f 608 609 705
f 608 705 704
f 609 610 706
f 609 706 705
f 610 611 707
f 610 707 706
f 611 612 708
f 611 708 707
f 612 613 709
f 612 709 708
f 613 614 710
f 613 710 709
f 614 615 711
f 614 711 710
f 615 616 712
f 615 712 711
f 616 617 713
f 616 713 712
f 617 618 714
f 617 714 713
f 618 619 715
f 618 715 714
f 619 620 716
f 619 716 715
f 620 621 717
f 620 717 716
f 621 622 718
f 621 718 717
f 622 623 719
f 622 719 718
f 623 624 720
f 623 720 719
f 624 625 721
f 624 721 720
f 625 626 722
f 625 722 721
f 626 627 723
f 626 723 722
f 627 628 724
f 627 724 723
f 628 629 725
f 628 725 724
f 629 630 726
f 629 726 725
f 630 631 727
f 630 727 726
f 631 632 728
f 631 728 727
f 632 633 729
f 632 729 728
f 633 634 730
f 633 730 729
f 634 635 731
f 634 731 730
f 635 636 732
f 635 732 731
f 636 637 733
f 636 733 732
f 637 638 734
f 637 734 733
f 638 639 735
f 638 735 734
f 639 640 736
f 639 736 735
f 640 641 737
f 640 737 736
f 641 642 738
f 641 738 737
f 642 643 739
f 642 739 738
f 643 644 740
f 643 740 739
f 644 645 741
f 644 741 740
f 645 646 742
f 645 742 741
f 646 647 743
f 646 743 742
f 647 648 744
f 647 744 743
f 648 649 745
f 648 745 744
f 649 650 746
f 649 746 745
f 650 651 747
f 650 747 746
f 651 652 748
f 651 748 747
f 652 653 749
f 652 749 748
f 653 654 750
f 653 750 749
f 654 655 751
f 654 751 750
f 655 656 752
f 655 752 751
f 656 657 753
f 656 753 752
f 657 658 754
f 657 754 753
f 658 659 755
f 658 755 754
f 659 660 756
f 659 756 755
f 660 661 757
f 660 757 756
f 661 662 758
f 661 758 757
f 662 663 759
f 662 759 758
f 663 664 760
f 663 760 759
f 664 665 761
f 664 761 760
f 665 666 762
f 665 762 761
f 666 667 763
f 666 763 762
f 667 668 764
f 667 764 763
f 668 669 765
f 668 765 764
f 669 670 766
f 669 766 765
f 670 671 767
f 670 767 766
f 671 672 768
f 671 768 767
f 672 577 673
f 672 673 768
f 673 674 770
f 673 770 769
f 674 675 771
f 674 771 770
f 675 676 772
f 675 772 771
f 676 677 773
f 676 773 772
f 677 678 774
f 677 774 773
f 678 679 775
f 678 775 774
f 679 680 776
f 679 776 775
f 680 681 777
f 680 777 776
f 681 682 778
f 681 778 777
f 682 683 779
f 682 779 778
f 683 684 780
f 683 780 779
f 684 685 781
f 684 781 780
f 685 686 782
f 685 782 781
f 686 687 783
f 686 783 782
f 687 688 784
f 687 784 783
f 688 689 785
f 688 785 784
f 689 690 786
f 689 786 785
f 690 691 787
f 690 787 786
f 691 692 788
f 691 788 787
f 692 693 789
f 692 789 788
f 693 694 790
f 693 790 789
f 694 695 791
f 694 791 790
f 695 696 792
f 695 792 791
f 696 697 793
f 696 793 792
f 697 698 794
f 697 794 793
f 698 699 795
f 698 795 794
f 699 700 796
f 699 796 795
f 700 701 797
f 700 797 796
f 701 702 798
f 701 798 797
f 702 703 799
f 702 799 798
f 703 704 800
f 703 800 799
f 704 705 801
f 704 801 800
f 705 706 802
f 705 802 801
f 706 707 803
f 706 803 802
f 707 708 804
f 707 804 803
f 708 709 805
f 708 805 804
f 709 710 806
f 709 806 805
f 710 711 807
f 710 807 806
f 711 712 808
f 711 808 807
f 712 713 809
f 712 809 808
f 713 714 810
f 713 810 809
f 714 715 811
f 714 811 810
f 715 716 812
f 715 812 811
f 716 717 813
f 716 813 812
f 717 718 814
f 717 814 813
f 718 719 815
f 718 815 814
f 719 720 816
f 719 816 815
f 720 721 817
f 720 817 816
f 721 722 818
f 721 818 817
f 722 723 819
f 722 819 818
f 723 724 820
f 723 820 819
f 724 725 821
f 724 821 820
f 725 726 822
f 725 822 821
f 726 727 823
f 726 823 822
f 727 728 824
f 727 824 823
f 728 729 825
f 728 825 824
f 729 730 826
f 729 826 825
f 730 731 827
f 730 827 826
f 731 732 828
f 731 828 827
f 732 733 829
f 732 829 828
f 733 734 830
f 733 830 829
f 734 735 831
f 734 831 830
f 735 736 832
f 735 832 831
f 736 737 833
f 736 833 832
f 737 738 834
f 737 834 833
f 738 739 835
f 738 835 834
f 739 740 836
f 739 836 835
f 740 741 837
f 740 837 836
f 741 742 838
f 741 838 837
f 742 743 839
f 742 839 838
f 743 744 840
f 743 840 839
f 744 745 841
f 744 841 840
f 745 746 842
f 745 842 841
f 746 747 843
f 746 843 842
f 747 748 844
f 747 844 843
f 748 749 845
f 748 845 844
f 749 750 846
f 749 846 845
f 750 751 847
f 750 847 846
f 751 752 848
f 751 848 847
f 752 753 849
f 752 849 848
f 753 754 850
f 753 850 849
f 754 755 851
f 754 851 850
f 755 756 852
f 755 852 851
f 756 757 853
f 756 853 852
f 757 758 854
f 757 854 853
f 758 759 855
f 758 855 854
f 759 760 856
f 759 856 855
f 760 761 857
f 760 857 856
f 761 762 858
f 761 858 857
f 762 763 859
f 762 859 858
f 763 764 860
f 763 860 859
f 764 765 861
f 764 861 860
f 765 766 862
f 765 862 861
f 766 767 863
f 766 863 862
f 767 768 864
f 767 864 863
f 768 673 769
f 768 769 864
f 769 770 866
f 769 866 865
f 770 771 867
f 770 867 866
f 771 772 868
f 771 868 867
f 772 773 869
f 772 869 868
f 773 774 870
f 773 870 869
f 774 775 871
f 774 871 870
f 775 776 872
f 775 872 871
f 776 777 873
f 776 873 872
f 777 778 874
f 777 874 873
f 778 779 875
f 778 875 874
f 779 780 876
f 779 876 875
f 780 781 877
f 780 877 876
f 781 782 878
f 781 878 877
f 782 783 879
f 782 879 878
f 783 784 880
f 783 880 879
f 784 785 881
f 784 881 880
f 785 786 882
f 785 882 881
f 786 787 883
f 786 883 882
f 787 788 884
f 787 884 883
f 788 789 885
f 788 885 884
f 789 790 886
f 789 886 885
f 790 791 887
f 790 887 886
f 791 792 888
f 791 888 887
f 792 793 889
f 792 889 888
f 793 794 890
f 793 890 889
f 794 795 891
f 794 891 890
f 795 796 892
f 795 892 891
f 796 797 893
f 796 893 892
f 797 798 894
f 797 894 893
f 798 799 895
f 798 895 894
f 799 800 896
f 799 896 895
f 800 801 897
f 800 897 896
f 801 802 898
f 801 898 897
f 802 803 899
f 802 899 898
f 803 804 900
f 803 900 899
f 804 805 901
f 804 901 900
f 805 806 902
f 805 902 901
f 806 807 903
f 806 903 902
f 807 808 904
f 807 904 903
f 808 809 905
f 808 905 904
f 809 810 906
f 809 906 905
f 810 811 907
f 810 907 906
f 811 812 908
f 811 908 907
f 812 813 909
f 812 909 908
f 813 814 910
f 813 910 909
f 814 815 911
f 814 911 910
f 815 816 912
f 815 912 911
f 816 817 913
f 816 913 912
f 817 818 914
f 817 914 913
f 818 819 915
f 818 915 914
f 819 820 916
f 819 916 915
f 820 821 917
f 820 917 916
f 821 822 918
f 821 918 917
f 822 823 919
f 822 919 918
f 823 824 920
f 823 920 919
f 824 825 921
f 824 921 920
f 825 826 922
f 825 922 921
f 826 827 923
f 826 923 922
f 827 828 924
f 827 924 923
f 828 829 925
f 828 925 924
f 829 830 926
f 829 926 925
f 830 831 927
f 830 927 926
f 831 832 928
f 831 928 927
f 832 833 929
f 832 929 928
f 833 834 930
f 833 930 929
f 834 835 931
f 834 931 930
f 835 836 932
f 835 932 931
f 836 837 933
f 836 933 932
f 837 838 934
f 837 934 933
f 838 839 935
f 838 935 934
f 839 840 936
f 839 936 935
f 840 841 937
f 840 937 936
f 841 842 938
f 841 938 937
f 842 843 939
f 842 939 938
f 843 844 940
f 843 940 939
f 844 845 941
f 844 941 940
f 845 846 942
f 845 942 941
f 846 847 943
f 846 943 942
f 847 848 944
f 847 944 943
f 848 849 945
f 848 945 944
f 849 850 946
f 849 946 945
f 850 851 947
f 850 947 946
f 851 852 948
f 851 948 947
f 852 853 949
f 852 949 948
f 853 854 950
f 853 950 949
f 854 855 951
f 854 951 950
f 855 856 952
f 855 952 951
f 856 857 953
f 856 953 952
f 857 858 954
f 857 954 953
f 858 859 955
f 858 955 954
f 859 860 956
f 859 956 955
f 860 861 957
f 860 957 956
f 861 862 958
f 861 958 957
f 862 863 959
f 862 959 958
f 863 864 960
f 863 960 959
f 864 769 865
f 864 865 960
f 865 866 962
f 865 962 961
f 866 867 963
f 866 963 962
f 867 868 964
f 867 964 963
f 868 869 965
f 868 965 964
f 869 870 966
f 869 966 965
f 870 871 967
f 870 967 966
f 871 872 968
f 871 968 967
f 872 873 969
f 872 969 968
f 873 874 970
f 873 970 969
f 874 875 971
f 874 971 970
f 875 876 972
f 875 972 971
f 876 877 973
f 876 973 972
f 877 878 974
f 877 974 973
f 878 879 975
f 878 975 974
f 879 880 976
f 879 976 975
f 880 881 977
f 880 977 976
f 881 882 978
f 881 978 977
f 882 883 979
f 882 979 978
f 883 884 980
f 883 980 979
f 884 885 981
f 884 981 980
f 885 886 982
f 885 982 981
f 886 887 983
f 886 983 982
f 887 888 984
f 887 984 983
f 888 889 985
f 888 985 984
f 889 890 986
f 889 986 985
f 890 891 987
f 890 987 986
f 891 892 988
f 891 988 987
f 892 893 989
f 892 989 988
f 893 894 990
f 893 990 989
f 894 895 991
f 894 991 990
f 895 896 992
f 895 992 991
f 896 897 993
f 896 993 992
f 897 898 994
f 897 994 993
f 898 899 995
f 898 995 994
f 899 900 996
f 899 996 995
f 900 901 997
f 900 997 996
f 901 902 998
f 901 998 997
f 902 903 999
f 902 999 998
f 903 904 1000
f 903 1000 999
f 904 905 1001
f 904 1001 1000
f 905 906 1002
f 905 1002 1001
f 906 907 1003
f 906 1003 1002
f 907 908 1004
f 907 1004 1003
f 908 909 1005
f 908 1005 1004
f 909 910 1006
f 909 1006 1005
f 910 911 1007
f 910 1007 1006
f 911 912 1008
f 911 1008 1007
f 912 913 1009
f 912 1009 1008
f 913 914 1010
f 913 1010 1009
f 914 915 1011
f 914 1011 1010
f 915 916 1012
f 915 1012 1011
f 916 917 1013
f 916 1013 1012
f 917 918 1014
f 917 1014 1013
f 918 919 1015
f 918 1015 1014
f 919 920 1016
f 919 1016 1015
f 920 921 1017
f 920 1017 1016
f 921 922 1018
f 921 1018 1017
f 922 923 1019
f 922 1019 1018
f 923 924 1020
f 923 1020 1019
f 924 925 1021
f 924 1021 1020
f 925 926 1022
f 925 1022 1021
f 926 927 1023
f 926 1023 1022
f 927 928 1024
f 927 1024 1023
f 928 929 1025
f 928 1025 1024
f 929 930 1026
f 929 1026 1025
f 930 931 1027
f 930 1027 1026
f 931 932 1028
f 931 1028 1027
f 932 933 1029
f 932 1029 1028
f 933 934 1030
f 933 1030 1029
f 934 935 1031
f 934 1031 1030
f 935 936 1032
f 935 1032 1031
f 936 937 1033
f 936 1033 1032
f 937 938 1034
f 937 1034 1033
f 938 939 1035
f 938 1035 1034
f 939 940 1036
f 939 1036 1035
f 940 941 1037
f 940 1037 1036
f 941 942 1038
f 941 1038 1037
f 942 943 1039
f 942 1039 1038
f 943 944 1040
f 943 1040 1039
f 944 945 1041
f 944 1041 1040
f 945 946 1042
f 945 1042 1041
f 946 947 1043
f 946 1043 1042
f 947 948 1044
f 947 1044 1043
f 948 949 1045
f 948 1045 1044
f 949 950 1046
f 949 1046 1045
f 950 951 1047
f 950 1047 1046
f 951 952 1048
f 951 1048 1047
f 952 953 1049
f 952 1049 1048
f 953 954 1050
f 953 1050 1049
f 954 955 1051
f 954 1051 1050
f 955 956 1052
f 955 1052 1051
f 956 957 1053
f 956 1053 1052
f 957 958 1054
f 957 1054 1053
f 958 959 1055
f 958 1055 1054
f 959 960 1056
f 959 1056 1055
f 960 865 961
f 960 961 1056
f 961 962 1058
f 961 1058 1057
f 962 963 1059
f 962 1059 1058
f 963 964 1060
f 963 1060 1059
f 964 965 1061
f 964 1061 1060
f 965 966 1062
f 965 1062 1061
f 966 967 1063
f 966 1063 1062
f 967 968 1064
f 967 1064 1063
f 968 969 1065
f 968 1065 1064
f 969 970 1066
f 969 1066 1065
f 970 971 1067
f 970 1067 1066
f 971 972 1068
f 971 1068 1067
f 972 973 1069
f 972 1069 1068
f 973 974 1070
f 973 1070 1069
f 974 975 1071
f 974 1071 1070
f 975 976 1072
f 975 1072 1071
f 976 977 1073
f 976 1073 1072
f 977 978 1074
f 977 1074 1073
f 978 979 1075
f 978 1075 1074
f 979 980 1076
f 979 1076 1075
f 980 981 1077
f 980 1077 1076
f 981 982 1078
f 981 1078 1077
f 982 983 1079
f 982 1079 1078
f 983 984 1080
f 983 1080 1079
f 984 985 1081
f 984 1081 1080
f 985 986 1082
f 985 1082 1081
f 986 987 1083
f 986 1083 1082
f 987 988 1084
f 987 1084 1083
f 988 989 1085
f 988 1085 1084
f 989 990 1086
f 989 1086 1085
f 990 991 1087
f 990 1087 1086
f 991 992 1088
f 991 1088 1087
f 992 993 1089
f 992 1089 1088
f 993 994 1090
f 993 1090 1089
f 994 995 1091
f 994 1091 1090
f 995 996 1092
f 995 1092 1091
f 996 997 1093
f 996 1093 1092
f 997 998 1094
f 997 1094 1093
f 998 999 1095
f 998 1095 1094
f 999 1000 1096
f 999 1096 1095
f 1000 1001 1097
f 1000 1097 1096
f 1001 1002 1098
f 1001 1098 1097
f 1002 1003 1099
f 1002 1099 1098
f 1003 1004 1100
f 1003 1100 1099
f 1004 1005 1101
f 1004 1101 1100
f 1005 1006 1102
f 1005 1102 1101
f 1006 1007 1103
f 1006 1103 1102
f 1007 1008 1104
f 1007 1104 1103
f 1008 1009 1105
f 1008 1105 1104
f 1009 1010 1106
f 1009 1106 1105
f 1010 1011 1107
f 1010 1107 1106
f 1011 1012 1108
f 1011 1108 1107
f 1012 1013 1109
f 1012 1109 1108
f 1013 1014 1110
f 1013 1110 1109
f 1014 1015 1111
f 1014 1111 1110
f 1015 1016 1112
f 1015 1112 1111
f 1016 1017 1113
f 1016 1113 1112
f 1017 1018 1114
f 1017 1114 1113
f 1018 1019 1115
f 1018 1115 1114
f 1019 1020 1116
f 1019 1116 1115
f 1020 1021 1117
f 1020 1117 1116
f 1021 1022 1118
f 1021 1118 1117
f 1022 1023 1119
f 1022 1119 1118
f 1023 1024 1120
f 1023 1120 1119
f 1024 1025 1121
f 1024 1121 1120
f 1025 1026 1122
f 1025 1122 1121
f 1026 1027 1123
f 1026 1123 1122
f 1027 1028 1124
f 1027 1124 1123
f 1028 1029 1125
f 1028 1125 1124
f 1029 1030 1126
f 1029 1126 1125
f 1030 1031 1127
f 1030 1127 1126
f 1031 1032 1128
f 1031 1128 1127
f 1032 1033 1129
f 1032 1129 1128
f 1033 1034 1130
f 1033 1130 1129
f 1034 1035 1131
f 1034 1131 1130
f 1035 1036 1132
f 1035 1132 1131
f 1036 1037 1133
f 1036 1133 1132
f 1037 1038 1134
f 1037 1134 1133
f 1038 1039 1135
f 1038 1135 1134
f 1039 1040 1136
f 1039 1136 1135
f 1040 1041 1137
f 1040 1137 1136
f 1041 1042 1138
f 1041 1138 1137
f 1042 1043 1139
f 1042 1139 1138
f 1043 1044 1140
f 1043 1140 1139
f 1044 1045 1141
f 1044 1141 1140
f 1045 1046 1142
f 1045 1142 1141
f 1046 1047 1143
f 1046 1143 1142
f 1047 1048 1144
f 1047 1144 1143
f 1048 1049 1145
f 1048 1145 1144
f 1049 1050 1146
f 1049 1146 1145
f 1050 1051 1147
f 1050 1147 1146
f 1051 1052 1148
f 1051 1148 1147
f 1052 1053 1149
f 1052 1149 1148
f 1053 1054 1150
f 1053 1150 1149
f 1054 1055 1151
f 1054 1151 1150
f 1055 1056 1152
f 1055 1152 1151
f 1056 961 1057
f 1056 1057 1152
f 1057 1058 1154
f 1057 1154 1153
f 1058 1059 1155
f 1058 1155 1154
f 1059 1060 1156
f 1059 1156 1155
f 1060 1061 1157
f 1060 1157 1156
f 1061 1062 1158
f 1061 1158 1157
f 1062 1063 1159
f 1062 1159 1158
f 1063 1064 1160
f 1063 1160 1159
f 1064 1065 1161
f 1064 1161 1160
f 1065 1066 1162
f 1065 1162 1161
f 1066 1067 1163
f 1066 1163 1162
f 1067 1068 1164
f 1067 1164 1163
f 1068 1069 1165
f 1068 1165 1164
f 1069 1070 1166
f 1069 1166 1165
f 1070 1071 1167
f 1070 1167 1166
f 1071 1072 1168
f 1071 1168 1167
f 1072 1073 1169
f 1072 1169 1168
f 1073 1074 1170
f 1073 1170 1169
f 1074 1075 1171
f 1074 1171 1170
f 1075 1076 1172
f 1075 1172 1171
f 1076 1077 1173
f 1076 1173 1172
f 1077 1078 1174
f 1077 1174 1173
f 1078 1079 1175
f 1078 1175 1174
f 1079 1080 1176
f 1079 1176 1175
f 1080 1081 1177
f 1080 1177 1176
f 1081 1082 1178
f 1081 1178 1177
f 1082 1083 1179
f 1082 1179 1178
f 1083 1084 1180
f 1083 1180 1179
f 1084 1085 1181
f 1084 1181 1180
f 1085 1086 1182
f 1085 1182 1181
f 1086 1087 1183
f 1086 1183 1182
f 1087 1088 1184
f 1087 1184 1183
f 1088 1089 1185
f 1088 1185 1184
f 1089 1090 1186
f 1089 1186 1185
f 1090 1091 1187
f 1090 1187 1186
f 1091 1092 1188
f 1091 1188 1187
f 1092 1093 1189
f 1092 1189 1188
f 1093 1094 1190
f 1093 1190 1189
f 1094 1095 1191
f 1094 1191 1190
f 1095 1096 1192
f 1095 1192 1191
f 1096 1097 1193
f 1096 1193 1192
f 1097 1098 1194
f 1097 1194 1193
f 1098 1099 1195
f 1098 1195 1194
f 1099 1100 1196
f 1099 1196 1195
f 1100 1101 1197
f 1100 1197 1196
f 1101 1102 1198
f 1101 1198 1197
f 1102 1103 1199
f 1102 1199 1198
f 1103 1104 1200
f 1103 1200 1199
f 1104 1105 1201
f 1104 1201 1200
f 1105 1106 1202
f 1105 1202 1201
f 1106 1107 1203
f 1106 1203 1202
f 1107 1108 1204
f 1107 1204 1203
f 1108 1109 1205
f 1108 1205 1204
f 1109 1110 1206
f 1109 1206 1205
f 1110 1111 1207
f 1110 1207 1206
f 1111 1112 1208
f 1111 1208 1207
f 1112 1113 1209
f 1112 1209 1208
f 1113 1114 1210
f 1113 1210 1209
f 1114 1115 1211
f 1114 1211 1210
f 1115 1116 1212
f 1115 1212 1211
f 1116 1117 1213
f 1116 1213 1212
f 1117 1118 1214
f 1117 1214 1213
f 1118 1119 1215
f 1118 1215 1214
f 1119 1120 1216
f 1119 1216 1215
f 1120 1121 1217
f 1120 1217 1216
f 1121 1122 1218
f 1121 1218 1217
f 1122 1123 1219
f 1122 1219 1218
f 1123 1124 1220
f 1123 1220 1219
f 1124 1125 1221
f 1124 1221 1220
f 1125 1126 1222
f 1125 1222 1221
f 1126 1127 1223
f 1126 1223 1222
f 1127 1128 1224
f 1127 1224 1223
f 1128 1129 1225
f 1128 1225 1224
f 1129 1130 1226
f 1129 1226 1225
f 1130 1131 1227
f 1130 1227 1226
f 1131 1132 1228
f 1131 1228 1227
f 1132 1133 1229
f 1132 1229 1228
f 1133 1134 1230
f 1133 1230 1229
f 1134 1135 1231
f 1134 1231 1230
f 1135 1136 1232
f 1135 1232 1231
f 1136 1137 1233
f 1136 1233 1232
f 1137 1138 1234
f 1137 1234 1233
f 1138 1139 1235
f 1138 1235 1234
f 1139 1140 1236
f 1139 1236 1235
f 1140 1141 1237
f 1140 1237 1236
f 1141 1142 1238
f 1141 1238 1237
f 1142 1143 1239
f 1142 1239 1238
f 1143 1144 1240
f 1143 1240 1239
f 1144 1145 1241
f 1144 1241 1240
f 1145 1146 1242
f 1145 1242 1241
f 1146 1147 1243
f 1146 1243 1242
f 1147 1148 1244
f 1147 1244 1243
f 1148 1149 1245
f 1148 1245 1244
f 1149 1150 1246
f 1149 1246 1245
f 1150 1151 1247
f 1150 1247 1246
f 1151 1152 1248
f 1151 1248 1247
f 1152 1057 1153
f 1152 1153 1248
f 1153 1154 1250
f 1153 1250 1249
f 1154 1155 1251
f 1154 1251 1250
f 1155 1156 1252
f 1155 1252 1251
f 1156 1157 1253
f 1156 1253 1252
f 1157 1158 1254
f 1157 1254 1253
f 1158 1159 1255
f 1158 1255 1254
f 1159 1160 1256
f 1159 1256 1255
f 1160 1161 1257
f 1160 1257 1256
f 1161 1162 1258
f 1161 1258 1257
f 1162 1163 1259
f 1162 1259 1258
f 1163 1164 1260
f 1163 1260 1259
f 1164 1165 1261
f 1164 1261 1260
f 1165 1166 1262
f 1165 1262 1261
f 1166 1167 1263
f 1166 1263 1262
f 1167 1168 1264
f 1167 1264 1263
f 1168 1169 1265
f 1168 1265 1264
f 1169 1170 1266
f 1169 1266 1265
f 1170 1171 1267
f 1170 1267 1266
f 1171 1172 1268
f 1171 1268 1267
f 1172 1173 1269
f 1172 1269 1268
f 1173 1174 1270
f 1173 1270 1269
f 1174 1175 1271
f 1174 1271 1270
f 1175 1176 1272
f 1175 1272 1271
f 1176 1177 1273
f 1176 1273 1272
f 1177 1178 1274
f 1177 1274 1273
f 1178 1179 1275
f 1178 1275 1274
f 1179 1180 1276
f 1179 1276 1275
f 1180 1181 1277
f 1180 1277 1276
f 1181 1182 1278
f 1181 1278 1277
f 1182 1183 1279
f 1182 1279 1278
f 1183 1184 1280
f 1183 1280 1279
f 1184 1185 1281
f 1184 1281 1280
f 1185 1186 1282
f 1185 1282 1281
f 1186 1187 1283
f 1186 1283 1282
f 1187 1188 1284
f 1187 1284 1283
f 1188 1189 1285
f 1188 1285 1284
f 1189 1190 1286
f 1189 1286 1285
f 1190 1191 1287
f 1190 1287 1286
f 1191 1192 1288
f 1191 1288 1287
f 1192 1193 1289
f 1192 1289 1288
f 1193 1194 1290
f 1193 1290 1289
f 1194 1195 1291
f 1194 1291 1290
f 1195 1196 1292
f 1195 1292 1291
f 1196 1197 1293
f 1196 1293 1292
f 1197 1198 1294
f 1197 1294 1293
f 1198 1199 1295
f 1198 1295 1294
f 1199 1200 1296
f 1199 1296 1295
f 1200 1201 1297
f 1200 1297 1296
f 1201 1202 1298
f 1201 1298 1297
f 1202 1203 1299
f 1202 1299 1298
f 1203 1204 1300
f 1203 1300 1299
f 1204 1205 1301
f 1204 1301 1300
f 1205 1206 1302
f 1205 1302 1301
f 1206 1207 1303
f 1206 1303 1302
f 1207 1208 1304
f 1207 1304 1303
f 1208 1209 1305
f 1208 1305 1304
f 1209 1210 1306
f 1209 1306 1305
f 1210 1211 1307
f 1210 1307 1306
f 1211 1212 1308
f 1211 1308 1307
f 1212 1213 1309
f 1212 1309 1308
f 1213 1214 1310
f 1213 1310 1309
f 1214 1215 1311
f 1214 1311 1310
f 1215 1216 1312
f 1215 1312 1311
f 1216 1217 1313
f 1216 1313 1312
f 1217 1218 1314
f 1217 1314 1313
f 1218 1219 1315
f 1218 1315 1314
f 1219 1220 1316
f 1219 1316 1315
f 1220 1221 1317
f 1220 1317 1316
f 1221 1222 1318
f 1221 1318 1317
f 1222 1223 1319
f 1222 1319 1318
f 1223 1224 1320
f 1223 1320 1319
f 1224 1225 1321
f 1224 1321 1320
f 1225 1226 1322
f 1225 1322 1321
f 1226 1227 1323
f 1226 1323 1322
f 1227 1228 1324
f 1227 1324 1323
f 1228 1229 1325
f 1228 1325 1324
f 1229 1230 1326
f 1229 1326 1325
f 1230 1231 1327
f 1230 1327 1326
f 1231 1232 1328
f 1231 1328 1327
f 1232 1233 1329
f 1232 1329 1328
f 1233 1234 1330
f 1233 1330 1329
f 1234 1235 1331
f 1234 1331 1330
f 1235 1236 1332
f 1235 1332 1331
f 1236 1237 1333
f 1236 1333 1332
f 1237 1238 1334
f 1237 1334 1333
f 1238 1239 1335
f 1238 1335 1334
f 1239 1240 1336
f 1239 1336 1335
f 1240 1241 1337
f 1240 1337 1336
f 1241 1242 1338
f 1241 1338 1337
f 1242 1243 1339
f 1242 1339 1338
f 1243 1244 1340
f 1243 1340 1339
f 1244 1245 1341
f 1244 1341 1340
f 1245 1246 1342
f 1245 1342 1341
f 1246 1247 1343
f 1246 1343 1342
f 1247 1248 1344
f 1247 1344 1343
f 1248 1153 1249
f 1248 1249 1344
f 1249 1250 1346
f 1249 1346 1345
f 1250 1251 1347
f 1250 1347 1346
f 1251 1252 1348
f 1251 1348 1347
f 1252 1253 1349
f 1252 1349 1348
f 1253 1254 1350
f 1253 1350 1349
f 1254 1255 1351
f 1254 1351 1350
f 1255 1256 1352
f 1255 1352 1351
f 1256 1257 1353
f 1256 1353 1352
f 1257 1258 1354
f 1257 1354 1353
f 1258 1259 1355
f 1258 1355 1354
f 1259 1260 1356
f 1259 1356 1355
f 1260 1261 1357
f 1260 1357 1356
f 1261 1262 1358
f 1261 1358 1357
f 1262 1263 1359
f 1262 1359 1358
f 1263 1264 1360
f 1263 1360 1359
f 1264 1265 1361
f 1264 1361 1360
f 1265 1266 1362
f 1265 1362 1361
f 1266 1267 1363
f 1266 1363 1362
f 1267 1268 1364
f 1267 1364 1363
f 1268 1269 1365
f 1268 1365 1364
f 1269 1270 1366
f 1269 1366 1365
f 1270 1271 1367
f 1270 1367 1366
f 1271 1272 1368
f 1271 1368 1367
f 1272 1273 1369
f 1272 1369 1368
f 1273 1274 1370
f 1273 1370 1369
f 1274 1275 1371
f 1274 1371 1370
f 1275 1276 1372
f 1275 1372 1371
f 1276 1277 1373
f 1276 1373 1372
f 1277 1278 1374
f 1277 1374 1373
f 1278 1279 1375
f 1278 1375 1374
f 1279 1280 1376
f 1279 1376 1375
f 1280 1281 1377
f 1280 1377 1376
f 1281 1282 1378
f 1281 1378 1377
f 1282 1283 1379
f 1282 1379 1378
f 1283 1284 1380
f 1283 1380 1379
f 1284 1285 1381
f 1284 1381 1380
f 1285 1286 1382
f 1285 1382 1381
f 1286 1287 1383
f 1286 1383 1382
f 1287 1288 1384
f 1287 1384 1383
f 1288 1289 1385
f 1288 1385 1384
f 1289 1290 1386
f 1289 1386 1385
f 1290 1291 1387
f 1290 1387 1386
f 1291 1292 1388
f 1291 1388 1387
f 1292 1293 1389
f 1292 1389 1388
f 1293 1294 1390
f 1293 1390 1389
f 1294 1295 1391
f 1294 1391 1390
f 1295 1296 1392
f 1295 1392 1391
f 1296 1297 1393
f 1296 1393 1392
f 1297 1298 1394
f 1297 1394 1393
f 1298 1299 1395
f 1298 1395 1394
f 1299 1300 1396
f 1299 1396 1395
f 1300 1301 1397
f 1300 1397 1396
f 1301 1302 1398
f 1301 1398 1397
f 1302 1303 1399
f 1302 1399 1398
f 1303 1304 1400
f 1303 1400 1399
f 1304 1305 1401
f 1304 1401 1400
f 1305 1306 1402
f 1305 1402 1401
f 1306 1307 1403
f 1306 1403 1402
f 1307 1308 1404
f 1307 1404 1403
f 1308 1309 1405
f 1308 1405 1404
f 1309 1310 1406
f 1309 1406 1405
f 1310 1311 1407
f 1310 1407 1406
f 1311 1312 1408
f 1311 1408 1407
f 1312 1313 1409
f 1312 1409 1408
f 1313 1314 1410
f 1313 1410 1409
f 1314 1315 1411
f 1314 1411 1410
f 1315 1316 1412
f 1315 1412 1411
f 1316 1317 1413
f 1316 1413 1412
f 1317 1318 1414
f 1317 1414 1413
f 1318 1319 1415
f 1318 1415 1414
f 1319 1320 1416
f 1319 1416 1415
f 1320 1321 1417
f 1320 1417 1416
f 1321 1322 1418
f 1321 1418 1417
f 1322 1323 1419
f 1322 1419 1418
f 1323 1324 1420
f 1323 1420 1419
f 1324 1325 1421
f 1324 1421 1420
f 1325 1326 1422
f 1325 1422 1421
f 1326 1327 1423
f 1326 1423 1422
f 1327 1328 1424
f 1327 1424 1423
f 1328 1329 1425
f 1328 1425 1424
f 1329 1330 1426
f 1329 1426 1425
f 1330 1331 1427
f 1330 1427 1426
f 1331 1332 1428
f 1331 1428 1427
f 1332 1333 1429
f 1332 1429 1428
f 1333 1334 1430
f 1333 1430 1429
f 1334 1335 1431
f 1334 1431 1430
f 1335 1336 1432
f 1335 1432 1431
f 1336 1337 1433
f 1336 1433 1432
f 1337 1338 1434
f 1337 1434 1433
f 1338 1339 1435
f 1338 1435 1434
f 1339 1340 1436
f 1339 1436 1435
f 1340 1341 1437
f 1340 1437 1436
f 1341 1342 1438
f 1341 1438 1437
f 1342 1343 1439
f 1342 1439 1438
f 1343 1344 1440
f 1343 1440 1439
f 1344 1249 1345
f 1344 1345 1440
f 1345 1346 1442
f 1345 1442 1441
f 1346 1347 1443
f 1346 1443 1442
f 1347 1348 1444
f 1347 1444 1443
f 1348 1349 1445
f 1348 1445 1444
f 1349 1350 1446
f 1349 1446 1445
f 1350 1351 1447
f 1350 1447 1446
f 1351 1352 1448
f 1351 1448 1447
f 1352 1353 1449
f 1352 1449 1448
f 1353 1354 1450
f 1353 1450 1449
f 1354 1355 1451
f 1354 1451 1450
f 1355 1356 1452
f 1355 1452 1451
f 1356 1357 1453
f 1356 1453 1452
f 1357 1358 1454
f 1357 1454 1453
f 1358 1359 1455
f 1358 1455 1454
f 1359 1360 1456
f 1359 1456 1455
f 1360 1361 1457
f 1360 1457 1456
f 1361 1362 1458
f 1361 1458 1457
f 1362 1363 1459
f 1362 1459 1458
f 1363 1364 1460
f 1363 1460 1459
f 1364 1365 1461
f 1364 1461 1460
f 1365 1366 1462
f 1365 1462 1461
f 1366 1367 1463
f 1366 1463 1462
f 1367 1368 1464
f 1367 1464 1463
f 1368 1369 1465
f 1368 1465 1464
f 1369 1370 1466
f 1369 1466 1465
f 1370 1371 1467
f 1370 1467 1466
f 1371 1372 1468
f 1371 1468 1467
f 1372 1373 1469
f 1372 1469 1468
f 1373 1374 1470
f 1373 1470 1469
f 1374 1375 1471
f 1374 1471 1470
f 1375 1376 1472
f 1375 1472 1471
f 1376 1377 1473
f 1376 1473 1472
f 1377 1378 1474
f 1377 1474 1473
f 1378 1379 1475
f 1378 1475 1474
f 1379 1380 1476
f 1379 1476 1475
f 1380 1381 1477
f 1380 1477 1476
f 1381 1382 1478
f 1381 1478 1477
f 1382 1383 1479
f 1382 1479 1478
f 1383 1384 1480
f 1383 1480 1479
f 1384 1385 1481
f 1384 1481 1480
f 1385 1386 1482
f 1385 1482 1481
f 1386 1387 1483
f 1386 1483 1482
f 1387 1388 1484
f 1387 1484 1483
f 1388 1389 1485
f 1388 1485 1484
f 1389 1390 1486
f 1389 1486 1485
f 1390 1391 1487
f 1390 1487 1486
f 1391 1392 1488
f 1391 1488 1487
f 1392 1393 1489
f 1392 1489 1488
f 1393 1394 1490
f 1393 1490 1489
f 1394 1395 1491
f 1394 1491 1490
f 1395 1396 1492
f 1395 1492 1491
f 1396 1397 1493
f 1396 1493 1492
f 1397 1398 1494
f 1397 1494 1493
f 1398 1399 1495
f 1398 1495 1494
f 1399 1400 1496
f 1399 1496 1495
f 1400 1401 1497
f 1400 1497 1496
f 1401 1402 1498
f 1401 1498 1497
f 1402 1403 1499
f 1402 1499 1498
f 1403 1404 1500
f 1403 1500 1499
f 1404 1405 1501
f 1404 1501 1500
f 1405 1406 1502
f 1405 1502 1501
f 1406 1407 1503
f 1406 1503 1502
f 1407 1408 1504
f 1407 1504 1503
f 1408 1409 1505
f 1408 1505 1504
f 1409 1410 1506
f 1409 1506 1505
f 1410 1411 1507
f 1410 1507 1506
f 1411 1412 1508
f 1411 1508 1507
f 1412 1413 1509
f 1412 1509 1508
f 1413 1414 1510
f 1413 1510 1509
f 1414 1415 1511
f 1414 1511 1510
f 1415 1416 1512
f 1415 1512 1511
f 1416 1417 1513
f 1416 1513 1512
f 1417 1418 1514
f 1417 1514 1513
f 1418 1419 1515
f 1418 1515 1514
f 1419 1420 1516
f 1419 1516 1515
f 1420 1421 1517
f 1420 1517 1516
f 1421 1422 1518
f 1421 1518 1517
f 1422 1423 1519
f 1422 1519 1518
f 1423 1424 1520
f 1423 1520 1519
f 1424 1425 1521
f 1424 1521 1520
f 1425 1426 1522
f 1425 1522 1521
f 1426 1427 1523
f 1426 1523 1522
f 1427 1428 1524
f 1427 1524 1523
f 1428 1429 1525
f 1428 1525 1524
f 1429 1430 1526
f 1429 1526 1525
f 1430 1431 1527
f 1430 1527 1526
f 1431 1432 1528
f 1431 1528 1527
f 1432 1433 1529
f 1432 1529 1528
f 1433 1434 1530
f 1433 1530 1529
f 1434 1435 1531
f 1434 1531 1530
f 1435 1436 1532
f 1435 1532 1531
f 1436 1437 1533
f 1436 1533 1532
f 1437 1438 1534
f 1437 1534 1533
f 1438 1439 1535
f 1438 1535 1534
f 1439 1440 1536
f 1439 1536 1535
f 1440 1345 1441
f 1440 1441 1536
f 1441 1442 1538
f 1441 1538 1537
f 1442 1443 1539
f 1442 1539 1538
f 1443 1444 1540
f 1443 1540 1539
f 1444 1445 1541
f 1444 1541 1540
f 1445 1446 1542
f 1445 1542 1541
f 1446 1447 1543
f 1446 1543 1542
f 1447 1448 1544
f 1447 1544 1543
f 1448 1449 1545
f 1448 1545 1544
f 1449 1450 1546
f 1449 1546 1545
f 1450 1451 1547
f 1450 1547 1546
f 1451 1452 1548
f 1451 1548 1547
f 1452 1453 1549
f 1452 1549 1548
f 1453 1454 1550
f 1453 1550 1549
f 1454 1455 1551
f 1454 1551 1550
f 1455 1456 1552
f 1455 1552 1551
f 1456 1457 1553
f 1456 1553 1552
f 1457 1458 1554
f 1457 1554 1553
f 1458 1459 1555
f 1458 1555 1554
f 1459 1460 1556
f 1459 1556 1555
f 1460 1461 1557
f 1460 1557 1556
f 1461 1462 1558
f 1461 1558 1557
f 1462 1463 1559
f 1462 1559 1558
f 1463 1464 1560
f 1463 1560 1559
f 1464 1465 1561
f 1464 1561 1560
f 1465 1466 1562
f 1465 1562 1561
f 1466 1467 1563
f 1466 1563 1562
f 1467 1468 1564
f 1467 1564 1563
f 1468 1469 1565
f 1468 1565 1564
f 1469 1470 1566
f 1469 1566 1565
f 1470 1471 1567
f 1470 1567 1566
f 1471 1472 1568
f 1471 1568 1567
f 1472 1473 1569
f 1472 1569 1568
f 1473 1474 1570
f 1473 1570 1569
f 1474 1475 1571
f 1474 1571 1570
f 1475 1476 1572
f 1475 1572 1571
f 1476 1477 1573
f 1476 1573 1572
f 1477 1478 1574
f 1477 1574 1573
f 1478 1479 1575
f 1478 1575 1574
f 1479 1480 1576
f 1479 1576 1575
f 1480 1481 1577
f 1480 1577 1576
f 1481 1482 1578
f 1481 1578 1577
f 1482 1483 1579
f 1482 1579 1578
f 1483 1484 1580
f 1483 1580 1579
f 1484 1485 1581
f 1484 1581 1580
f 1485 1486 1582
f 1485 1582 1581
f 1486 1487 1583
f 1486 1583 1582
f 1487 1488 1584
f 1487 1584 1583
f 1488 1489 1585
f 1488 1585 1584
f 1489 1490 1586
f 1489 1586 1585
f 1490 1491 1587
f 1490 1587 1586
f 1491 1492 1588
f 1491 1588 1587
f 1492 1493 1589
f 1492 1589 1588
f 1493 1494 1590
f 1493 1590 1589
f 1494 1495 1591
f 1494 1591 1590
f 1495 1496 1592
f 1495 1592 1591
f 1496 1497 1593
f 1496 1593 1592
f 1497 1498 1594
f 1497 1594 1593
f 1498 1499 1595
f 1498 1595 1594
f 1499 1500 1596
f 1499 1596 1595
f 1500 1501 1597
f 1500 1597 1596
f 1501 1502 1598
f 1501 1598 1597
f 1502 1503 1599
f 1502 1599 1598
f 1503 1504 1600
f 1503 1600 1599
f 1504 1505 1601
f 1504 1601 1600
f 1505 1506 1602
f 1505 1602 1601
f 1506 1507 1603
f 1506 1603 1602
f 1507 1508 1604
f 1507 1604 1603
f 1508 1509 1605
f 1508 1605 1604
f 1509 1510 1606
f 1509 1606 1605
f 1510 1511 1607
f 1510 1607 1606
f 1511 1512 1608
f 1511 1608 1607
f 1512 1513 1609
f 1512 1609 1608
f 1513 1514 1610
f 1513 1610 1609
f 1514 1515 1611
f 1514 1611 1610
f 1515 1516 1612
f 1515 1612 1611
f 1516 1517 1613
f 1516 1613 1612
f 1517 1518 1614
f 1517 1614 1613
f 1518 1519 1615
f 1518 1615 1614
f 1519 1520 1616
f 1519 1616 1615
f 1520 1521 1617
f 1520 1617 1616
f 1521 1522 1618
f 1521 1618 1617
f 1522 1523 1619
f 1522 1619 1618
f 1523 1524 1620
f 1523 1620 1619
f 1524 1525 1621
f 1524 1621 1620
f 1525 1526 1622
f 1525 1622 1621
f 1526 1527 1623
f 1526 1623 1622
f 1527 1528 1624
f 1527 1624 1623
f 1528 1529 1625
f 1528 1625 1624
f 1529 1530 1626
f 1529 1626 1625
f 1530 1531 1627
f 1530 1627 1626
f 1531 1532 1628
f 1531 1628 1627
f 1532 1533 1629
f 1532 1629 1628
f 1533 1534 1630
f 1533 1630 1629
f 1534 1535 1631
f 1534 1631 1630
f 1535 1536 1632
f 1535 1632 1631
f 1536 1441 1537
f 1536 1537 1632
f 1537 1538 1634
f 1537 1634 1633
f 1538 1539 1635
f 1538 1635 1634
f 1539 1540 1636
f 1539 1636 1635
f 1540 1541 1637
f 1540 1637 1636
f 1541 1542 1638
f 1541 1638 1637
f 1542 1543 1639
f 1542 1639 1638
f 1543 1544 1640
f 1543 1640 1639
f 1544 1545 1641
f 1544 1641 1640
f 1545 1546 1642
f 1545 1642 1641
f 1546 1547 1643
f 1546 1643 1642
f 1547 1548 1644
f 1547 1644 1643
f 1548 1549 1645
f 1548 1645 1644
f 1549 1550 1646
f 1549 1646 1645
f 1550 1551 1647
f 1550 1647 1646
f 1551 1552 1648
f 1551 1648 1647
f 1552 1553 1649
f 1552 1649 1648
f 1553 1554 1650
f 1553 1650 1649
f 1554 1555 1651
f 1554 1651 1650
f 1555 1556 1652
f 1555 1652 1651
f 1556 1557 1653
f 1556 1653 1652
f 1557 1558 1654
f 1557 1654 1653
f 1558 1559 1655
f 1558 1655 1654
f 1559 1560 1656
f 1559 1656 1655
f 1560 1561 1657
f 1560 1657 1656
f 1561 1562 1658
f 1561 1658 1657
f 1562 1563 1659
f 1562 1659 1658
f 1563 1564 1660
f 1563 1660 1659
f 1564 1565 1661
f 1564 1661 1660
f 1565 1566 1662
f 1565 1662 1661
f 1566 1567 1663
f 1566 1663 1662
f 1567 1568 1664
f 1567 1664 1663
f 1568 1569 1665
f 1568 1665 1664
f 1569 1570 1666
f 1569 1666 1665
f 1570 1571 1667
f 1570 1667 1666
f 1571 1572 1668
f 1571 1668 1667
f 1572 1573 1669
f 1572 1669 1668
f 1573 1574 1670
f 1573 1670 1669
f 1574 1575 1671
f 1574 1671 1670
f 1575 1576 1672
f 1575 1672 1671
f 1576 1577 1673
f 1576 1673 1672
f 1577 1578 1674
f 1577 1674 1673
f 1578 1579 1675
f 1578 1675 1674
f 1579 1580 1676
f 1579 1676 1675
f 1580 1581 1677
f 1580 1677 1676
f 1581 1582 1678
f 1581 1678 1677
f 1582 1583 1679
f 1582 1679 1678
f 1583 1584 1680
f 1583 1680 1679
f 1584 1585 1681
f 1584 1681 1680
f 1585 1586 1682
f 1585 1682 1681
f 1586 1587 1683
f 1586 1683 1682
f 1587 1588 1684
f 1587 1684 1683
f 1588 1589 1685
f 1588 1685 1684
f 1589 1590 1686
f 1589 1686 1685
f 1590 1591 1687
f 1590 1687 1686
f 1591 1592 1688
f 1591 1688 1687
f 1592 1593 1689
f 1592 1689 1688
f 1593 1594 1690
f 1593 1690 1689
f 1594 1595 1691
f 1594 1691 1690
f 1595 1596 1692
f 1595 1692 1691
f 1596 1597 1693
f 1596 1693 1692
f 1597 1598 1694
f 1597 1694 1693
f 1598 1599 1695
f 1598 1695 1694
f 1599 1600 1696
f 1599 1696 1695
f 1600 1601 1697
f 1600 1697 1696
f 1601 1602 1698
f 1601 1698 1697
f 1602 1603 1699
f 1602 1699 1698
f 1603 1604 1700
f 1603 1700 1699
f 1604 1605 1701
f 1604 1701 1700
f 1605 1606 1702
f 1605 1702 1701
f 1606 1607 1703
f 1606 1703 1702
f 1607 1608 1704
f 1607 1704 1703
f 1608 1609 1705
f 1608 1705 1704
f 1609 1610 1706
f 1609 1706 1705
f 1610 1611 1707
f 1610 1707 1706
f 1611 1612 1708
f 1611 1708 1707
f 1612 1613 1709
f 1612 1709 1708
f 1613 1614 1710
f 1613 1710 1709
f 1614 1615 1711
f 1614 1711 1710
f 1615 1616 1712
f 1615 1712 1711
f 1616 1617 1713
f 1616 1713 1712
f 1617 1618 1714
f 1617 1714 1713
f 1618 1619 1715
f 1618 1715 1714
f 1619 1620 1716
f 1619 1716 1715
f 1620 1621 1717
f 1620 1717 1716
f 1621 1622 1718
f 1621 1718 1717
f 1622 1623 1719
f 1622 1719 1718
f 1623 1624 1720
f 1623 1720 1719
f 1624 1625 1721
f 1624 1721 1720
f 1625 1626 1722
f 1625 1722 1721
f 1626 1627 1723
f 1626 1723 1722
f 1627 1628 1724
f 1627 1724 1723
f 1628 1629 1725
f 1628 1725 1724
f 1629 1630 1726
f 1629 1726 1725
f 1630 1631 1727
f 1630 1727 1726
f 1631 1632 1728
f 1631 1728 1727
f 1632 1537 1633
f 1632 1633 1728
f 1633 1634 1730
f 1633 1730 1729
f 1634 1635 1731
f 1634 1731 1730
f 1635 1636 1732
f 1635 1732 1731
f 1636 1637 1733
f 1636 1733 1732
f 1637 1638 1734
f 1637 1734 1733
f 1638 1639 1735
f 1638 1735 1734
f 1639 1640 1736
f 1639 1736 1735
f 1640 1641 1737
f 1640 1737 1736
f 1641 1642 1738
f 1641 1738 1737
f 1642 1643 1739
f 1642 1739 1738
f 1643 1644 1740
f 1643 1740 1739
f 1644 1645 1741
f 1644 1741 1740
f 1645 1646 1742
f 1645 1742 1741
f 1646 1647 1743
f 1646 1743 1742
f 1647 1648 1744
f 1647 1744 1743
f 1648 1649 1745
f 1648 1745 1744
f 1649 1650 1746
f 1649 1746 1745
f 1650 1651 1747
f 1650 1747 1746
f 1651 1652 1748
f 1651 1748 1747
f 1652 1653 1749
f 1652 1749 1748
f 1653 1654 1750
f 1653 1750 1749
f 1654 1655 1751
f 1654 1751 1750
f 1655 1656 1752
f 1655 1752 1751
f 1656 1657 1753
f 1656 1753 1752
f 1657 1658 1754
f 1657 1754 1753
f 1658 1659 1755
f 1658 1755 1754
f 1659 1660 1756
f 1659 1756 1755
f 1660 1661 1757
f 1660 1757 1756
f 1661 1662 1758
f 1661 1758 1757
f 1662 1663 1759
f 1662 1759 1758
f 1663 1664 1760
f 1663 1760 1759
f 1664 1665 1761
f 1664 1761 1760
f 1665 1666 1762
f 1665 1762 1761
f 1666 1667 1763
f 1666 1763 1762
f 1667 1668 1764
f 1667 1764 1763
f 1668 1669 1765
f 1668 1765 1764
f 1669 1670 1766
f 1669 1766 1765
f 1670 1671 1767
f 1670 1767 1766
f 1671 1672 1768
f 1671 1768 1767
f 1672 1673 1769
f 1672 1769 1768
f 1673 1674 1770
f 1673 1770 1769
f 1674 1675 1771
f 1674 1771 1770
f 1675 1676 1772
f 1675 1772 1771
f 1676 1677 1773
f 1676 1773 1772
f 1677 1678 1774
f 1677 1774 1773
f 1678 1679 1775
f 1678 1775 1774
f 1679 1680 1776
f 1679 1776 1775
f 1680 1681 1777
f 1680 1777 1776
f 1681 1682 1778
f 1681 1778 1777
f 1682 1683 1779
f 1682 1779 1778
f 1683 1684 1780
f 1683 1780 1779
f 1684 1685 1781
f 1684 1781 1780
f 1685 1686 1782
f 1685 1782 1781
f 1686 1687 1783
f 1686 1783 1782
f 1687 1688 1784
f 1687 1784 1783
f 1688 1689 1785
f 1688 1785 1784
f 1689 1690 1786
f 1689 1786 1785
f 1690 1691 1787
f 1690 1787 1786
f 1691 1692 1788
f 1691 1788 1787
f 1692 1693 1789
f 1692 1789 1788
f 1693 1694 1790
f 1693 1790 1789
f 1694 1695 1791
f 1694 1791 1790
f 1695 1696 1792
f 1695 1792 1791
f 1696 1697 1793
f 1696 1793 1792
f 1697 1698 1794
f 1697 1794 1793
f 1698 1699 1795
f 1698 1795 1794
f 1699 1700 1796
f 1699 1796 1795
f 1700 1701 1797
f 1700 1797 1796
f 1701 1702 1798
f 1701 1798 1797
f 1702 1703 1799
f 1702 1799 1798
f 1703 1704 1800
f 1703 1800 1799
f 1704 1705 1801
f 1704 1801 1800
f 1705 1706 1802
f 1705 1802 1801
f 1706 1707 1803
f 1706 1803 1802
f 1707 1708 1804
f 1707 1804 1803
f 1708 1709 1805
f 1708 1805 1804
f 1709 1710 1806
f 1709 1806 1805
f 1710 1711 1807
f 1710 1807 1806
f 1711 1712 1808
f 1711 1808 1807
f 1712 1713 1809
f 1712 1809 1808
f 1713 1714 1810
f 1713 1810 1809
f 1714 1715 1811
f 1714 1811 1810
f 1715 1716 1812
f 1715 1812 1811
f 1716 1717 1813
f 1716 1813 1812
f 1717 1718 1814
f 1717 1814 1813
f 1718 1719 1815
f 1718 1815 1814
f 1719 1720 1816
f 1719 1816 1815
f 1720 1721 1817
f 1720 1817 1816
f 1721 1722 1818
f 1721 1818 1817
f 1722 1723 1819
f 1722 1819 1818
f 1723 1724 1820
f 1723 1820 1819
f 1724 1725 1821
f 1724 1821 1820
f 1725 1726 1822
f 1725 1822 1821
f 1726 1727 1823
f 1726 1823 1822
f 1727 1728 1824
f 1727 1824 1823
f 1728 1633 1729
f 1728 1729 1824
f 1729 1730 1826
f 1729 1826 1825
f 1730 1731 1827
f 1730 1827 1826
f 1731 1732 1828
f 1731 1828 1827
f 1732 1733 1829
f 1732 1829 1828
f 1733 1734 1830
f 1733 1830 1829
f 1734 1735 1831
f 1734 1831 1830
f 1735 1736 1832
f 1735 1832 1831
f 1736 1737 1833
f 1736 1833 1832
f 1737 1738 1834
f 1737 1834 1833
f 1738 1739 1835
f 1738 1835 1834
f 1739 1740 1836
f 1739 1836 1835
f 1740 1741 1837
f 1740 1837 1836
f 1741 1742 1838
f 1741 1838 1837
f 1742 1743 1839
f 1742 1839 1838
f 1743 1744 1840
f 1743 1840 1839
f 1744 1745 1841
f 1744 1841 1840
f 1745 1746 1842
f 1745 1842 1841
f 1746 1747 1843
f 1746 1843 1842
f 1747 1748 1844
f 1747 1844 1843
f 1748 1749 1845
f 1748 1845 1844
f 1749 1750 1846
f 1749 1846 1845
f 1750 1751 1847
f 1750 1847 1846
f 1751 1752 1848
f 1751 1848 1847
f 1752 1753 1849
f 1752 1849 1848
f 1753 1754 1850
f 1753 1850 1849
f 1754 1755 1851
f 1754 1851 1850
f 1755 1756 1852
f 1755 1852 1851
f 1756 1757 1853
f 1756 1853 1852
f 1757 1758 1854
f 1757 1854 1853
f 1758 1759 1855
f 1758 1855 1854
f 1759 1760 1856
f 1759 1856 1855
f 1760 1761 1857
f 1760 1857 1856
f 1761 1762 1858
f 1761 1858 1857
f 1762 1763 1859
f 1762 1859 1858
f 1763 1764 1860
f 1763 1860 1859
f 1764 1765 1861
f 1764 1861 1860
f 1765 1766 1862
f 1765 1862 1861
f 1766 1767 1863
f 1766 1863 1862
f 1767 1768 1864
f 1767 1864 1863
f 1768 1769 1865
f 1768 1865 1864
f 1769 1770 1866
f 1769 1866 1865
f 1770 1771 1867
f 1770 1867 1866
f 1771 1772 1868
f 1771 1868 1867
f 1772 1773 1869
f 1772 1869 1868
f 1773 1774 1870
f 1773 1870 1869
f 1774 1775 1871
f 1774 1871 1870
f 1775 1776 1872
f 1775 1872 1871
f 1776 1777 1873
f 1776 1873 1872
f 1777 1778 1874
f 1777 1874 1873
f 1778 1779 1875
f 1778 1875 1874
f 1779 1780 1876
f 1779 1876 1875
f 1780 1781 1877
f 1780 1877 1876
f 1781 1782 1878
f 1781 1878 1877
f 1782 1783 1879
f 1782 1879 1878
f 1783 1784 1880
f 1783 1880 1879
f 1784 1785 1881
f 1784 1881 1880
f 1785 1786 1882
f 1785 1882 1881
f 1786 1787 1883
f 1786 1883 1882
f 1787 1788 1884
f 1787 1884 1883
f 1788 1789 1885
f 1788 1885 1884
f 1789 1790 1886
f 1789 1886 1885
f 1790 1791 1887
f 1790 1887 1886
f 1791 1792 1888
f 1791 1888 1887
f 1792 1793 1889
f 1792 1889 1888
f 1793 1794 1890
f 1793 1890 1889
f 1794 1795 1891
f 1794 1891 1890
f 1795 1796 1892
f 1795 1892 1891
f 1796 1797 1893
f 1796 1893 1892
f 1797 1798 1894
f 1797 1894 1893
f 1798 1799 1895
f 1798 1895 1894
f 1799 1800 1896
f 1799 1896 1895
f 1800 1801 1897
f 1800 1897 1896
f 1801 1802 1898
f 1801 1898 1897
f 1802 1803 1899
f 1802 1899 1898
f 1803 1804 1900
f 1803 1900 1899
f 1804 1805 1901
f 1804 1901 1900
f 1805 1806 1902
f 1805 1902 1901
f 1806 1807 1903
f 1806 1903 1902
f 1807 1808 1904
f 1807 1904 1903
f 1808 1809 1905
f 1808 1905 1904
f 1809 1810 1906
f 1809 1906 1905
f 1810 1811 1907
f 1810 1907 1906
f 1811 1812 1908
f 1811 1908 1907
f 1812 1813 1909
f 1812 1909 1908
f 1813 1814 1910
f 1813 1910 1909
f 1814 1815 1911
f 1814 1911 1910
f 1815 1816 1912
f 1815 1912 1911
f 1816 1817 1913
f 1816 1913 1912
f 1817 1818 1914
f 1817 1914 1913
f 1818 1819 1915
f 1818 1915 1914
f 1819 1820 1916
f 1819 1916 1915
f 1820 1821 1917
f 1820 1917 1916
f 1821 1822 1918
f 1821 1918 1917
f 1822 1823 1919
f 1822 1919 1918
f 1823 1824 1920
f 1823 1920 1919
f 1824 1729 1825
f 1824 1825 1920
f 1825 1826 1922
f 1825 1922 1921
f 1826 1827 1923
f 1826 1923 1922
f 1827 1828 1924
f 1827 1924 1923
f 1828 1829 1925
f 1828 1925 1924
f 1829 1830 1926
f 1829 1926 1925
f 1830 1831 1927
f 1830 1927 1926
f 1831 1832 1928
f 1831 1928 1927
f 1832 1833 1929
f 1832 1929 1928
f 1833 1834 1930
f 1833 1930 1929
f 1834 1835 1931
f 1834 1931 1930
f 1835 1836 1932
f 1835 1932 1931
f 1836 1837 1933
f 1836 1933 1932
f 1837 1838 1934
f 1837 1934 1933
f 1838 1839 1935
f 1838 1935 1934
f 1839 1840 1936
f 1839 1936 1935
f 1840 1841 1937
f 1840 1937 1936
f 1841 1842 1938
f 1841 1938 1937
f 1842 1843 1939
f 1842 1939 1938
f 1843 1844 1940
f 1843 1940 1939
f 1844 1845 1941
f 1844 1941 1940
f 1845 1846 1942
f 1845 1942 1941
f 1846 1847 1943
f 1846 1943 1942
f 1847 1848 1944
f 1847 1944 1943
f 1848 1849 1945
f 1848 1945 1944
f 1849 1850 1946
f 1849 1946 1945
f 1850 1851 1947
f 1850 1947 1946
f 1851 1852 1948
f 1851 1948 1947
f 1852 1853 1949
f 1852 1949 1948
f 1853 1854 1950
f 1853 1950 1949
f 1854 1855 1951
f 1854 1951 1950
f 1855 1856 1952
f 1855 1952 1951
f 1856 1857 1953
f 1856 1953 1952
f 1857 1858 1954
f 1857 1954 1953
f 1858 1859 1955
f 1858 1955 1954
f 1859 1860 1956
f 1859 1956 1955
f 1860 1861 1957
f 1860 1957 1956
f 1861 1862 1958
f 1861 1958 1957
f 1862 1863 1959
f 1862 1959 1958
f 1863 1864 1960
f 1863 1960 1959
f 1864 1865 1961
f 1864 1961 1960
f 1865 1866 1962
f 1865 1962 1961
f 1866 1867 1963
f 1866 1963 1962
f 1867 1868 1964
f 1867 1964 1963
f 1868 1869 1965
f 1868 1965 1964
f 1869 1870 1966
f 1869 1966 1965
f 1870 1871 1967
f 1870 1967 1966
f 1871 1872 1968
f 1871 1968 1967
f 1872 1873 1969
f 1872 1969 1968
f 1873 1874 1970
f 1873 1970 1969
f 1874 1875 1971
f 1874 1971 1970
f 1875 1876 1972
f 1875 1972 1971
f 1876 1877 1973
f 1876 1973 1972
f 1877 1878 1974
f 1877 1974 1973
f 1878 1879 1975
f 1878 1975 1974
f 1879 1880 1976
f 1879 1976 1975
f 1880 1881 1977
f 1880 1977 1976
f 1881 1882 1978
f 1881 1978 1977
f 1882 1883 1979
f 1882 1979 1978
f 1883 1884 1980
f 1883 1980 1979
f 1884 1885 1981
f 1884 1981 1980
f 1885 1886 1982
f 1885 1982 1981
f 1886 1887 1983
f 1886 1983 1982
f 1887 1888 1984
f 1887 1984 1983
f 1888 1889 1985
f 1888 1985 1984
f 1889 1890 1986
f 1889 1986 1985
f 1890 1891 1987
f 1890 1987 1986
f 1891 1892 1988
f 1891 1988 1987
f 1892 1893 1989
f 1892 1989 1988
f 1893 1894 1990
f 1893 1990 1989
f 1894 1895 1991
f 1894 1991 1990
f 1895 1896 1992
f 1895 1992 1991
f 1896 1897 1993
f 1896 1993 1992
f 1897 1898 1994
f 1897 1994 1993
f 1898 1899 1995
f 1898 1995 1994
f 1899 1900 1996
f 1899 1996 1995
f 1900 1901 1997
f 1900 1997 1996
f 1901 1902 1998
f 1901 1998 1997
f 1902 1903 1999
f 1902 1999 1998
f 1903 1904 2000
f 1903 2000 1999
f 1904 1905 2001
f 1904 2001 2000
f 1905 1906 2002
f 1905 2002 2001
f 1906 1907 2003
f 1906 2003 2002
f 1907 1908 2004
f 1907 2004 2003
f 1908 1909 2005
f 1908 2005 2004
f 1909 1910 2006
f 1909 2006 2005
f 1910 1911 2007
f 1910 2007 2006
f 1911 1912 2008
f 1911 2008 2007
f 1912 1913 2009
f 1912 2009 2008
f 1913 1914 2010
f 1913 2010 2009
f 1914 1915 2011
f 1914 2011 2010
f 1915 1916 2012
f 1915 2012 2011
f 1916 1917 2013
f 1916 2013 2012
f 1917 1918 2014
f 1917 2014 2013
f 1918 1919 2015
f 1918 2015 2014
f 1919 1920 2016
f 1919 2016 2015
f 1920 1825 1921
f 1920 1921 2016
f 1921 1922 2018
f 1921 2018 2017
f 1922 1923 2019
f 1922 2019 2018
f 1923 1924 2020
f 1923 2020 2019
f 1924 1925 2021
f 1924 2021 2020
f 1925 1926 2022
f 1925 2022 2021
f 1926 1927 2023
f 1926 2023 2022
f 1927 1928 2024
f 1927 2024 2023
f 1928 1929 2025
f 1928 2025 2024
f 1929 1930 2026
f 1929 2026 2025
f 1930 1931 2027
f 1930 2027 2026
f 1931 1932 2028
f 1931 2028 2027
f 1932 1933 2029
f 1932 2029 2028
f 1933 1934 2030
f 1933 2030 2029
f 1934 1935 2031
f 1934 2031 2030
f 1935 1936 2032
f 1935 2032 2031
f 1936 1937 2033
f 1936 2033 2032
f 1937 1938 2034
f 1937 2034 2033
f 1938 1939 2035
f 1938 2035 2034
f 1939 1940 2036
f 1939 2036 2035
f 1940 1941 2037
f 1940 2037 2036
f 1941 1942 2038
f 1941 2038 2037
f 1942 1943 2039
f 1942 2039 2038
f 1943 1944 2040
f 1943 2040 2039
f 1944 1945 2041
f 1944 2041 2040
f 1945 1946 2042
f 1945 2042 2041
f 1946 1947 2043
f 1946 2043 2042
f 1947 1948 2044
f 1947 2044 2043
f 1948 1949 2045
f 1948 2045 2044
f 1949 1950 2046
f 1949 2046 2045
f 1950 1951 2047
f 1950 2047 2046
f 1951 1952 2048
f 1951 2048 2047
f 1952 1953 2049
f 1952 2049 2048
f 1953 1954 2050
f 1953 2050 2049
f 1954 1955 2051
f 1954 2051 2050
f 1955 1956 2052
f 1955 2052 2051
f 1956 1957 2053
f 1956 2053 2052
f 1957 1958 2054
f 1957 2054 2053
f 1958 1959 2055
f 1958 2055 2054
f 1959 1960 2056
f 1959 2056 2055
f 1960 1961 2057
f 1960 2057 2056
f 1961 1962 2058
f 1961 2058 2057
f 1962 1963 2059
f 1962 2059 2058
f 1963 1964 2060
f 1963 2060 2059
f 1964 1965 2061
f 1964 2061 2060
f 1965 1966 2062
f 1965 2062 2061
f 1966 1967 2063
f 1966 2063 2062
f 1967 1968 2064
f 1967 2064 2063
f 1968 1969 2065
f 1968 2065 2064
f 1969 1970 2066
f 1969 2066 2065
f 1970 1971 2067
f 1970 2067 2066
f 1971 1972 2068
f 1971 2068 2067
f 1972 1973 2069
f 1972 2069 2068
f 1973 1974 2070
f 1973 2070 2069
f 1974 1975 2071
f 1974 2071 2070
f 1975 1976 2072
f 1975 2072 2071
f 1976 1977 2073
f 1976 2073 2072
f 1977 1978 2074
f 1977 2074 2073
f 1978 1979 2075
f 1978 2075 2074
f 1979 1980 2076
f 1979 2076 2075
f 1980 1981 2077
f 1980 2077 2076
f 1981 1982 2078
f 1981 2078 2077
f 1982 1983 2079
f 1982 2079 2078
f 1983 1984 2080
f 1983 2080 2079
f 1984 1985 2081
f 1984 2081 2080
f 1985 1986 2082
f 1985 2082 2081
f 1986 1987 2083
f 1986 2083 2082
f 1987 1988 2084
f 1987 2084 2083
f 1988 1989 2085
f 1988 2085 2084
f 1989 1990 2086
f 1989 2086 2085
f 1990 1991 2087
f 1990 2087 2086
f 1991 1992 2088
f 1991 2088 2087
f 1992 1993 2089
f 1992 2089 2088
f 1993 1994 2090
f 1993 2090 2089
f 1994 1995 2091
f 1994 2091 2090
f 1995 1996 2092
f 1995 2092 2091
f 1996 1997 2093
f 1996 2093 2092
f 1997 1998 2094
f 1997 2094 2093
f 1998 1999 2095
f 1998 2095 2094
f 1999 2000 2096
f 1999 2096 2095
f 2000 2001 2097
f 2000 2097 2096
f 2001 2002 2098
f 2001 2098 2097
f 2002 2003 2099
f 2002 2099 2098
f 2003 2004 2100
f 2003 2100 2099
f 2004 2005 2101
f 2004 2101 2100
f 2005 2006 2102
f 2005 2102 2101
f 2006 2007 2103
f 2006 2103 2102
f 2007 2008 2104
f 2007 2104 2103
f 2008 2009 2105
f 2008 2105 2104
f 2009 2010 2106
f 2009 2106 2105
f 2010 2011 2107
f 2010 2107 2106
f 2011 2012 2108
f 2011 2108 2107
f 2012 2013 2109
f 2012 2109 2108
f 2013 2014 2110
f 2013 2110 2109
f 2014 2015 2111
f 2014 2111 2110
f 2015 2016 2112
f 2015 2112 2111
f 2016 1921 2017
f 2016 2017 2112
f 2017 2018 2114
f 2017 2114 2113
f 2018 2019 2115
f 2018 2115 2114
f 2019 2020 2116
f 2019 2116 2115
f 2020 2021 2117
f 2020 2117 2116
f 2021 2022 2118
f 2021 2118 2117
f 2022 2023 2119
f 2022 2119 2118
f 2023 2024 2120
f 2023 2120 2119
f 2024 2025 2121
f 2024 2121 2120
f 2025 2026 2122
f 2025 2122 2121
f 2026 2027 2123
f 2026 2123 2122
f 2027 2028 2124
f 2027 2124 2123
f 2028 2029 2125
f 2028 2125 2124
f 2029 2030 2126
f 2029 2126 2125
f 2030 2031 2127
f 2030 2127 2126
f 2031 2032 2128
f 2031 2128 2127
f 2032 2033 2129
f 2032 2129 2128
f 2033 2034 2130
f 2033 2130 2129
f 2034 2035 2131
f 2034 2131 2130
f 2035 2036 2132
f 2035 2132 2131
f 2036 2037 2133
f 2036 2133 2132
f 2037 2038 2134
f 2037 2134 2133
f 2038 2039 2135
f 2038 2135 2134
f 2039 2040 2136
f 2039 2136 2135
f 2040 2041 2137
f 2040 2137 2136
f 2041 2042 2138
f 2041 2138 2137
f 2042 2043 2139
f 2042 2139 2138
f 2043 2044 2140
f 2043 2140 2139
f 2044 2045 2141
f 2044 2141 2140
f 2045 2046 2142
f 2045 2142 2141
f 2046 2047 2143
f 2046 2143 2142
f 2047 2048 2144
f 2047 2144 2143
f 2048 2049 2145
f 2048 2145 2144
f 2049 2050 2146
f 2049 2146 2145
f 2050 2051 2147
f 2050 2147 2146
f 2051 2052 2148
f 2051 2148 2147
f 2052 2053 2149
f 2052 2149 2148
f 2053 2054 2150
f 2053 2150 2149
f 2054 2055 2151
f 2054 2151 2150
f 2055 2056 2152
f 2055 2152 2151
f 2056 2057 2153
f 2056 2153 2152
f 2057 2058 2154
f 2057 2154 2153
f 2058 2059 2155
f 2058 2155 2154
f 2059 2060 2156
f 2059 2156 2155
f 2060 2061 2157
f 2060 2157 2156
f 2061 2062 2158
f 2061 2158 2157
f 2062 2063 2159
f 2062 2159 2158
f 2063 2064 2160
f 2063 2160 2159
f 2064 2065 2161
f 2064 2161 2160
f 2065 2066 2162
f 2065 2162 2161
f 2066 2067 2163
f 2066 2163 2162
f 2067 2068 2164
f 2067 2164 2163
f 2068 2069 2165
f 2068 2165 2164
f 2069 2070 2166
f 2069 2166 2165
f 2070 2071 2167
f 2070 2167 2166
f 2071 2072 2168
f 2071 2168 2167
f 2072 2073 2169
f 2072 2169 2168
f 2073 2074 2170
f 2073 2170 2169
f 2074 2075 2171
f 2074 2171 2170
f 2075 2076 2172
f 2075 2172 2171
f 2076 2077 2173
f 2076 2173 2172
f 2077 2078 2174
f 2077 2174 2173
f 2078 2079 2175
f 2078 2175 2174
f 2079 2080 2176
f 2079 2176 2175
f 2080 2081 2177
f 2080 2177 2176
f 2081 2082 2178
f 2081 2178 2177
f 2082 2083 2179
f 2082 2179 2178
f 2083 2084 2180
f 2083 2180 2179
f 2084 2085 2181
f 2084 2181 2180
f 2085 2086 2182
f 2085 2182 2181
f 2086 2087 2183
f 2086 2183 2182
f 2087 2088 2184
f 2087 2184 2183
f 2088 2089 2185
f 2088 2185 2184
f 2089 2090 2186
f 2089 2186 2185
f 2090 2091 2187
f 2090 2187 2186
f 2091 2092 2188
f 2091 2188 2187
f 2092 2093 2189
f 2092 2189 2188
f 2093 2094 2190
f 2093 2190 2189
f 2094 2095 2191
f 2094 2191 2190
f 2095 2096 2192
f 2095 2192 2191
f 2096 2097 2193
f 2096 2193 2192
f 2097 2098 2194
f 2097 2194 2193
f 2098 2099 2195
f 2098 2195 2194
f 2099 2100 2196
f 2099 2196 2195
f 2100 2101 2197
f 2100 2197 2196
f 2101 2102 2198
f 2101 2198 2197
f 2102 2103 2199
f 2102 2199 2198
f 2103 2104 2200
f 2103 2200 2199
f 2104 2105 2201
f 2104 2201 2200
f 2105 2106 2202
f 2105 2202 2201
f 2106 2107 2203
f 2106 2203 2202
f 2107 2108 2204
f 2107 2204 2203
f 2108 2109 2205
f 2108 2205 2204
f 2109 2110 2206
f 2109 2206 2205
f 2110 2111 2207
f 2110 2207 2206
f 2111 2112 2208
f 2111 2208 2207
f 2112 2017 2113
f 2112 2113 2208
f 2113 2114 2210
f 2113 2210 2209
f 2114 2115 2211
f 2114 2211 2210
f 2115 2116 2212
f 2115 2212 2211
f 2116 2117 2213
f 2116 2213 2212
f 2117 2118 2214
f 2117 2214 2213
f 2118 2119 2215
f 2118 2215 2214
f 2119 2120 2216
f 2119 2216 2215
f 2120 2121 2217
f 2120 2217 2216
f 2121 2122 2218
f 2121 2218 2217
f 2122 2123 2219
f 2122 2219 2218
f 2123 2124 2220
f 2123 2220 2219
f 2124 2125 2221
f 2124 2221 2220
f 2125 2126 2222
f 2125 2222 2221
f 2126 2127 2223
f 2126 2223 2222
f 2127 2128 2224
f 2127 2224 2223
f 2128 2129 2225
f 2128 2225 2224
f 2129 2130 2226
f 2129 2226 2225
f 2130 2131 2227
f 2130 2227 2226
f 2131 2132 2228
f 2131 2228 2227
f 2132 2133 2229
f 2132 2229 2228
f 2133 2134 2230
f 2133 2230 2229
f 2134 2135 2231
f 2134 2231 2230
f 2135 2136 2232
f 2135 2232 2231
f 2136 2137 2233
f 2136 2233 2232
f 2137 2138 2234
f 2137 2234 2233
f 2138 2139 2235
f 2138 2235 2234
f 2139 2140 2236
f 2139 2236 2235
f 2140 2141 2237
f 2140 2237 2236
f 2141 2142 2238
f 2141 2238 2237
f 2142 2143 2239
f 2142 2239 2238
f 2143 2144 2240
f 2143 2240 2239
f 2144 2145 2241
f 2144 2241 2240
f 2145 2146 2242
f 2145 2242 2241
f 2146 2147 2243
f 2146 2243 2242
f 2147 2148 2244
f 2147 2244 2243
f 2148 2149 2245
f 2148 2245 2244
f 2149 2150 2246
f 2149 2246 2245
f 2150 2151 2247
f 2150 2247 2246
f 2151 2152 2248
f 2151 2248 2247
f 2152 2153 2249
f 2152 2249 2248
f 2153 2154 2250
f 2153 2250 2249
f 2154 2155 2251
f 2154 2251 2250
f 2155 2156 2252
f 2155 2252 2251
f 2156 2157 2253
f 2156 2253 2252
f 2157 2158 2254
f 2157 2254 2253
f 2158 2159 2255
f 2158 2255 2254
f 2159 2160 2256
f 2159 2256 2255
f 2160 2161 2257
f 2160 2257 2256
f 2161 2162 2258
f 2161 2258 2257
f 2162 2163 2259
f 2162 2259 2258
f 2163 2164 2260
f 2163 2260 2259
f 2164 2165 2261
f 2164 2261 2260
f 2165 2166 2262
f 2165 2262 2261
f 2166 2167 2263
f 2166 2263 2262
f 2167 2168 2264
f 2167 2264 2263
f 2168 2169 2265
f 2168 2265 2264
f 2169 2170 2266
f 2169 2266 2265
f 2170 2171 2267
f 2170 2267 2266
f 2171 2172 2268
f 2171 2268 2267
f 2172 2173 2269
f 2172 2269 2268
f 2173 2174 2270
f 2173 2270 2269
f 2174 2175 2271
f 2174 2271 2270
f 2175 2176 2272
f 2175 2272 2271
f 2176 2177 2273
f 2176 2273 2272
f 2177 2178 2274
f 2177 2274 2273
f 2178 2179 2275
f 2178 2275 2274
f 2179 2180 2276
f 2179 2276 2275
f 2180 2181 2277
f 2180 2277 2276
f 2181 2182 2278
f 2181 2278 2277
f 2182 2183 2279
f 2182 2279 2278
f 2183 2184 2280
f 2183 2280 2279
f 2184 2185 2281
f 2184 2281 2280
f 2185 2186 2282
f 2185 2282 2281
f 2186 2187 2283
f 2186 2283 2282
f 2187 2188 2284
f 2187 2284 2283
f 2188 2189 2285
f 2188 2285 2284
f 2189 2190 2286
f 2189 2286 2285
f 2190 2191 2287
f 2190 2287 2286
f 2191 2192 2288
f 2191 2288 2287
f 2192 2193 2289
f 2192 2289 2288
f 2193 2194 2290
f 2193 2290 2289
f 2194 2195 2291
f 2194 2291 2290
f 2195 2196 2292
f 2195 2292 2291
f 2196 2197 2293
f 2196 2293 2292
f 2197 2198 2294
f 2197 2294 2293
f 2198 2199 2295
f 2198 2295 2294
f 2199 2200 2296
f 2199 2296 2295
f 2200 2201 2297
f 2200 2297 2296
f 2201 2202 2298
f 2201 2298 2297
f 2202 2203 2299
f 2202 2299 2298
f 2203 2204 2300
f 2203 2300 2299
f 2204 2205 2301
f 2204 2301 2300
f 2205 2206 2302
f 2205 2302 2301
f 2206 2207 2303
f 2206 2303 2302
f 2207 2208 2304
f 2207 2304 2303
f 2208 2113 2209
f 2208 2209 2304
f 2209 2210 2306
f 2209 2306 2305
f 2210 2211 2307
f 2210 2307 2306
f 2211 2212 2308
f 2211 2308 2307
f 2212 2213 2309
f 2212 2309 2308
f 2213 2214 2310
f 2213 2310 2309
f 2214 2215 2311
f 2214 2311 2310
f 2215 2216 2312
f 2215 2312 2311
f 2216 2217 2313
f 2216 2313 2312
f 2217 2218 2314
f 2217 2314 2313
f 2218 2219 2315
f 2218 2315 2314
f 2219 2220 2316
f 2219 2316 2315
f 2220 2221 2317
f 2220 2317 2316
f 2221 2222 2318
f 2221 2318 2317
f 2222 2223 2319
f 2222 2319 2318
f 2223 2224 2320
f 2223 2320 2319
f 2224 2225 2321
f 2224 2321 2320
f 2225 2226 2322
f 2225 2322 2321
f 2226 2227 2323
f 2226 2323 2322
f 2227 2228 2324
f 2227 2324 2323
f 2228 2229 2325
f 2228 2325 2324
f 2229 2230 2326
f 2229 2326 2325
f 2230 2231 2327
f 2230 2327 2326
f 2231 2232 2328
f 2231 2328 2327
f 2232 2233 2329
f 2232 2329 2328
f 2233 2234 2330
f 2233 2330 2329
f 2234 2235 2331
f 2234 2331 2330
f 2235 2236 2332
f 2235 2332 2331
f 2236 2237 2333
f 2236 2333 2332
f 2237 2238 2334
f 2237 2334 2333
f 2238 2239 2335
f 2238 2335 2334
f 2239 2240 2336
f 2239 2336 2335
f 2240 2241 2337
f 2240 2337 2336
f 2241 2242 2338
f 2241 2338 2337
f 2242 2243 2339
f 2242 2339 2338
f 2243 2244 2340
f 2243 2340 2339
f 2244 2245 2341
f 2244 2341 2340
f 2245 2246 2342
f 2245 2342 2341
f 2246 2247 2343
f 2246 2343 2342
f 2247 2248 2344
f 2247 2344 2343
f 2248 2249 2345
f 2248 2345 2344
f 2249 2250 2346
f 2249 2346 2345
f 2250 2251 2347
f 2250 2347 2346
f 2251 2252 2348
f 2251 2348 2347
f 2252 2253 2349
f 2252 2349 2348
f 2253 2254 2350
f 2253 2350 2349
f 2254 2255 2351
f 2254 2351 2350
f 2255 2256 2352
f 2255 2352 2351
f 2256 2257 2353
f 2256 2353 2352
f 2257 2258 2354
f 2257 2354 2353
f 2258 2259 2355
f 2258 2355 2354
f 2259 2260 2356
f 2259 2356 2355
f 2260 2261 2357
f 2260 2357 2356
f 2261 2262 2358
f 2261 2358 2357
f 2262 2263 2359
f 2262 2359 2358
f 2263 2264 2360
f 2263 2360 2359
f 2264 2265 2361
f 2264 2361 2360
f 2265 2266 2362
f 2265 2362 2361
f 2266 2267 2363
f 2266 2363 2362
f 2267 2268 2364
f 2267 2364 2363
f 2268 2269 2365
f 2268 2365 2364
f 2269 2270 2366
f 2269 2366 2365
f 2270 2271 2367
f 2270 2367 2366
f 2271 2272 2368
f 2271 2368 2367
f 2272 2273 2369
f 2272 2369 2368
f 2273 2274 2370
f 2273 2370 2369
f 2274 2275 2371
f 2274 2371 2370
f 2275 2276 2372
f 2275 2372 2371
f 2276 2277 2373
f 2276 2373 2372
f 2277 2278 2374
f 2277 2374 2373
f 2278 2279 2375
f 2278 2375 2374
f 2279 2280 2376
f 2279 2376 2375
f 2280 2281 2377
f 2280 2377 2376
f 2281 2282 2378
f 2281 2378 2377
f 2282 2283 2379
f 2282 2379 2378
f 2283 2284 2380
f 2283 2380 2379
f 2284 2285 2381
f 2284 2381 2380
f 2285 2286 2382
f 2285 2382 2381
f 2286 2287 2383
f 2286 2383 2382
f 2287 2288 2384
f 2287 2384 2383
f 2288 2289 2385
f 2288 2385 2384
f 2289 2290 2386
f 2289 2386 2385
f 2290 2291 2387
f 2290 2387 2386
f 2291 2292 2388
f 2291 2388 2387
f 2292 2293 2389
f 2292 2389 2388
f 2293 2294 2390
f 2293 2390 2389
f 2294 2295 2391
f 2294 2391 2390
f 2295 2296 2392
f 2295 2392 2391
f 2296 2297 2393
f 2296 2393 2392
f 2297 2298 2394
f 2297 2394 2393
f 2298 2299 2395
f 2298 2395 2394
f 2299 2300 2396
f 2299 2396 2395
f 2300 2301 2397
f 2300 2397 2396
f 2301 2302 2398
f 2301 2398 2397
f 2302 2303 2399
f 2302 2399 2398
f 2303 2304 2400
f 2303 2400 2399
f 2304 2209 2305
f 2304 2305 2400
f 2305 2306 2402
f 2305 2402 2401
f 2306 2307 2403
f 2306 2403 2402
f 2307 2308 2404
f 2307 2404 2403
f 2308 2309 2405
f 2308 2405 2404
f 2309 2310 2406
f 2309 2406 2405
f 2310 2311 2407
f 2310 2407 2406
f 2311 2312 2408
f 2311 2408 2407
f 2312 2313 2409
f 2312 2409 2408
f 2313 2314 2410
f 2313 2410 2409
f 2314 2315 2411
f 2314 2411 2410
f 2315 2316 2412
f 2315 2412 2411
f 2316 2317 2413
f 2316 2413 2412
f 2317 2318 2414
f 2317 2414 2413
f 2318 2319 2415
f 2318 2415 2414
f 2319 2320 2416
f 2319 2416 2415
f 2320 2321 2417
f 2320 2417 2416
f 2321 2322 2418
f 2321 2418 2417
f 2322 2323 2419
f 2322 2419 2418
f 2323 2324 2420
f 2323 2420 2419
f 2324 2325 2421
f 2324 2421 2420
f 2325 2326 2422
f 2325 2422 2421
f 2326 2327 2423
f 2326 2423 2422
f 2327 2328 2424
f 2327 2424 2423
f 2328 2329 2425
f 2328 2425 2424
f 2329 2330 2426
f 2329 2426 2425
f 2330 2331 2427
f 2330 2427 2426
f 2331 2332 2428
f 2331 2428 2427
f 2332 2333 2429
f 2332 2429 2428
f 2333 2334 2430
f 2333 2430 2429
f 2334 2335 2431
f 2334 2431 2430
f 2335 2336 2432
f 2335 2432 2431
f 2336 2337 2433
f 2336 2433 2432
f 2337 2338 2434
f 2337 2434 2433
f 2338 2339 2435
f 2338 2435 2434
f 2339 2340 2436
f 2339 2436 2435
f 2340 2341 2437
f 2340 2437 2436
f 2341 2342 2438
f 2341 2438 2437
f 2342 2343 2439
f 2342 2439 2438
f 2343 2344 2440
f 2343 2440 2439
f 2344 2345 2441
f 2344 2441 2440
f 2345 2346 2442
f 2345 2442 2441
f 2346 2347 2443
f 2346 2443 2442
f 2347 2348 2444
f 2347 2444 2443
f 2348 2349 2445
f 2348 2445 2444
f 2349 2350 2446
f 2349 2446 2445
f 2350 2351 2447
f 2350 2447 2446
f 2351 2352 2448
f 2351 2448 2447
f 2352 2353 2449
f 2352 2449 2448
f 2353 2354 2450
f 2353 2450 2449
f 2354 2355 2451
f 2354 2451 2450
f 2355 2356 2452
f 2355 2452 2451
f 2356 2357 2453
f 2356 2453 2452
f 2357 2358 2454
f 2357 2454 2453
f 2358 2359 2455
f 2358 2455 2454
f 2359 2360 2456
f 2359 2456 2455
f 2360 2361 2457
f 2360 2457 2456
f 2361 2362 2458
f 2361 2458 2457
f 2362 2363 2459
f 2362 2459 2458
f 2363 2364 2460
f 2363 2460 2459
f 2364 2365 2461
f 2364 2461 2460
f 2365 2366 2462
f 2365 2462 2461
f 2366 2367 2463
f 2366 2463 2462
f 2367 2368 2464
f 2367 2464 2463
f 2368 2369 2465
f 2368 2465 2464
f 2369 2370 2466
f 2369 2466 2465
f 2370 2371 2467
f 2370 2467 2466
f 2371 2372 2468
f 2371 2468 2467
f 2372 2373 2469
f 2372 2469 2468
f 2373 2374 2470
f 2373 2470 2469
f 2374 2375 2471
f 2374 2471 2470
f 2375 2376 2472
f 2375 2472 2471
f 2376 2377 2473
f 2376 2473 2472
f 2377 2378 2474
f 2377 2474 2473
f 2378 2379 2475
f 2378 2475 2474
f 2379 2380 2476
f 2379 2476 2475
f 2380 2381 2477
f 2380 2477 2476
f 2381 2382 2478
f 2381 2478 2477
f 2382 2383 2479
f 2382 2479 2478
f 2383 2384 2480
f 2383 2480 2479
f 2384 2385 2481
f 2384 2481 2480
f 2385 2386 2482
f 2385 2482 2481
f 2386 2387 2483
f 2386 2483 2482
f 2387 2388 2484
f 2387 2484 2483
f 2388 2389 2485
f 2388 2485 2484
f 2389 2390 2486
f 2389 2486 2485
f 2390 2391 2487
f 2390 2487 2486
f 2391 2392 2488
f 2391 2488 2487
f 2392 2393 2489
f 2392 2489 2488
f 2393 2394 2490
f 2393 2490 2489
f 2394 2395 2491
f 2394 2491 2490
f 2395 2396 2492
f 2395 2492 2491
f 2396 2397 2493
f 2396 2493 2492
f 2397 2398 2494
f 2397 2494 2493
f 2398 2399 2495
f 2398 2495 2494
f 2399 2400 2496
f 2399 2496 2495
f 2400 2305 2401
f 2400 2401 2496
f 2401 2402 2498
f 2401 2498 2497
f 2402 2403 2499
f 2402 2499 2498
f 2403 2404 2500
f 2403 2500 2499
f 2404 2405 2501
f 2404 2501 2500
f 2405 2406 2502
f 2405 2502 2501
f 2406 2407 2503
f 2406 2503 2502
f 2407 2408 2504
f 2407 2504 2503
f 2408 2409 2505
f 2408 2505 2504
f 2409 2410 2506
f 2409 2506 2505
f 2410 2411 2507
f 2410 2507 2506
f 2411 2412 2508
f 2411 2508 2507
f 2412 2413 2509
f 2412 2509 2508
f 2413 2414 2510
f 2413 2510 2509
f 2414 2415 2511
f 2414 2511 2510
f 2415 2416 2512
f 2415 2512 2511
f 2416 2417 2513
f 2416 2513 2512
f 2417 2418 2514
f 2417 2514 2513
f 2418 2419 2515
f 2418 2515 2514
f 2419 2420 2516
f 2419 2516 2515
f 2420 2421 2517
f 2420 2517 2516
f 2421 2422 2518
f 2421 2518 2517
f 2422 2423 2519
f 2422 2519 2518
f 2423 2424 2520
f 2423 2520 2519
f 2424 2425 2521
f 2424 2521 2520
f 2425 2426 2522
f 2425 2522 2521
f 2426 2427 2523
f 2426 2523 2522
f 2427 2428 2524
f 2427 2524 2523
f 2428 2429 2525
f 2428 2525 2524
f 2429 2430 2526
f 2429 2526 2525
f 2430 2431 2527
f 2430 2527 2526
f 2431 2432 2528
f 2431 2528 2527
f 2432 2433 2529
f 2432 2529 2528
f 2433 2434 2530
f 2433 2530 2529
f 2434 2435 2531
f 2434 2531 2530
f 2435 2436 2532
f 2435 2532 2531
f 2436 2437 2533
f 2436 2533 2532
f 2437 2438 2534
f 2437 2534 2533
f 2438 2439 2535
f 2438 2535 2534
f 2439 2440 2536
f 2439 2536 2535
f 2440 2441 2537
f 2440 2537 2536
f 2441 2442 2538
f 2441 2538 2537
f 2442 2443 2539
f 2442 2539 2538
f 2443 2444 2540
f 2443 2540 2539
f 2444 2445 2541
f 2444 2541 2540
f 2445 2446 2542
f 2445 2542 2541
f 2446 2447 2543
f 2446 2543 2542
f 2447 2448 2544
f 2447 2544 2543
f 2448 2449 2545
f 2448 2545 2544
f 2449 2450 2546
f 2449 2546 2545
f 2450 2451 2547
f 2450 2547 2546
f 2451 2452 2548
f 2451 2548 2547
f 2452 2453 2549
f 2452 2549 2548
f 2453 2454 2550
f 2453 2550 2549
f 2454 2455 2551
f 2454 2551 2550
f 2455 2456 2552
f 2455 2552 2551
f 2456 2457 2553
f 2456 2553 2552
f 2457 2458 2554
f 2457 2554 2553
f 2458 2459 2555
f 2458 2555 2554
f 2459 2460 2556
f 2459 2556 2555
f 2460 2461 2557
f 2460 2557 2556
f 2461 2462 2558
f 2461 2558 2557
f 2462 2463 2559
f 2462 2559 2558
f 2463 2464 2560
f 2463 2560 2559
f 2464 2465 2561
f 2464 2561 2560
f 2465 2466 2562
f 2465 2562 2561
f 2466 2467 2563
f 2466 2563 2562
f 2467 2468 2564
f 2467 2564 2563
f 2468 2469 2565
f 2468 2565 2564
f 2469 2470 2566
f 2469 2566 2565
f 2470 2471 2567
f 2470 2567 2566
f 2471 2472 2568
f 2471 2568 2567
f 2472 2473 2569
f 2472 2569 2568
f 2473 2474 2570
f 2473 2570 2569
f 2474 2475 2571
f 2474 2571 2570
f 2475 2476 2572
f 2475 2572 2571
f 2476 2477 2573
f 2476 2573 2572
f 2477 2478 2574
f 2477 2574 2573
f 2478 2479 2575
f 2478 2575 2574
f 2479 2480 2576
f 2479 2576 2575
f 2480 2481 2577
f 2480 2577 2576
f 2481 2482 2578
f 2481 2578 2577
f 2482 2483 2579
f 2482 2579 2578
f 2483 2484 2580
f 2483 2580 2579
f 2484 2485 2581
f 2484 2581 2580
f 2485 2486 2582
f 2485 2582 2581
f 2486 2487 2583
f 2486 2583 2582
f 2487 2488 2584
f 2487 2584 2583
f 2488 2489 2585
f 2488 2585 2584
f 2489 2490 2586
f 2489 2586 2585
f 2490 2491 2587
f 2490 2587 2586
f 2491 2492 2588
f 2491 2588 2587
f 2492 2493 2589
f 2492 2589 2588
f 2493 2494 2590
f 2493 2590 2589
f 2494 2495 2591
f 2494 2591 2590
f 2495 2496 2592
f 2495 2592 2591
f 2496 2401 2497
f 2496 2497 2592
f 2497 2498 2594
f 2497 2594 2593
f 2498 2499 2595
f 2498 2595 2594
f 2499 2500 2596
f 2499 2596 2595
f 2500 2501 2597
f 2500 2597 2596
f 2501 2502 2598
f 2501 2598 2597
f 2502 2503 2599
f 2502 2599 2598
f 2503 2504 2600
f 2503 2600 2599
f 2504 2505 2601
f 2504 2601 2600
f 2505 2506 2602
f 2505 2602 2601
f 2506 2507 2603
f 2506 2603 2602
f 2507 2508 2604
f 2507 2604 2603
f 2508 2509 2605
f 2508 2605 2604
f 2509 2510 2606
f 2509 2606 2605
f 2510 2511 2607
f 2510 2607 2606
f 2511 2512 2608
f 2511 2608 2607
f 2512 2513 2609
f 2512 2609 2608
f 2513 2514 2610
f 2513 2610 2609
f 2514 2515 2611
f 2514 2611 2610
f 2515 2516 2612
f 2515 2612 2611
f 2516 2517 2613
f 2516 2613 2612
f 2517 2518 2614
f 2517 2614 2613
f 2518 2519 2615
f 2518 2615 2614
f 2519 2520 2616
f 2519 2616 2615
f 2520 2521 2617
f 2520 2617 2616
f 2521 2522 2618
f 2521 2618 2617
f 2522 2523 2619
f 2522 2619 2618
f 2523 2524 2620
f 2523 2620 2619
f 2524 2525 2621
f 2524 2621 2620
f 2525 2526 2622
f 2525 2622 2621
f 2526 2527 2623
f 2526 2623 2622
f 2527 2528 2624
f 2527 2624 2623
f 2528 2529 2625
f 2528 2625 2624
f 2529 2530 2626
f 2529 2626 2625
f 2530 2531 2627
f 2530 2627 2626
f 2531 2532 2628
f 2531 2628 2627
f 2532 2533 2629
f 2532 2629 2628
f 2533 2534 2630
f 2533 2630 2629
f 2534 2535 2631
f 2534 2631 2630
f 2535 2536 2632
f 2535 2632 2631
f 2536 2537 2633
f 2536 2633 2632
f 2537 2538 2634
f 2537 2634 2633
f 2538 2539 2635
f 2538 2635 2634
f 2539 2540 2636
f 2539 2636 2635
f 2540 2541 2637
f 2540 2637 2636
f 2541 2542 2638
f 2541 2638 2637
f 2542 2543 2639
f 2542 2639 2638
f 2543 2544 2640
f 2543 2640 2639
f 2544 2545 2641
f 2544 2641 2640
f 2545 2546 2642
f 2545 2642 2641
f 2546 2547 2643
f 2546 2643 2642
f 2547 2548 2644
f 2547 2644 2643
f 2548 2549 2645
f 2548 2645 2644
f 2549 2550 2646
f 2549 2646 2645
f 2550 2551 2647
f 2550 2647 2646
f 2551 2552 2648
f 2551 2648 2647
f 2552 2553 2649
f 2552 2649 2648
f 2553 2554 2650
f 2553 2650 2649
f 2554 2555 2651
f 2554 2651 2650
f 2555 2556 2652
f 2555 2652 2651
f 2556 2557 2653
f 2556 2653 2652
f 2557 2558 2654
f 2557 2654 2653
f 2558 2559 2655
f 2558 2655 2654
f 2559 2560 2656
f 2559 2656 2655
f 2560 2561 2657
f 2560 2657 2656
f 2561 2562 2658
f 2561 2658 2657
f 2562 2563 2659
f 2562 2659 2658
f 2563 2564 2660
f 2563 2660 2659
f 2564 2565 2661
f 2564 2661 2660
f 2565 2566 2662
f 2565 2662 2661
f 2566 2567 2663
f 2566 2663 2662
f 2567 2568 2664
f 2567 2664 2663
f 2568 2569 2665
f 2568 2665 2664
f 2569 2570 2666
f 2569 2666 2665
f 2570 2571 2667
f 2570 2667 2666
f 2571 2572 2668
f 2571 2668 2667
f 2572 2573 2669
f 2572 2669 2668
f 2573 2574 2670
f 2573 2670 2669
f 2574 2575 2671
f 2574 2671 2670
f 2575 2576 2672
f 2575 2672 2671
f 2576 2577 2673
f 2576 2673 2672
f 2577 2578 2674
f 2577 2674 2673
f 2578 2579 2675
f 2578 2675 2674
f 2579 2580 2676
f 2579 2676 2675
f 2580 2581 2677
f 2580 2677 2676
f 2581 2582 2678
f 2581 2678 2677
f 2582 2583 2679
f 2582 2679 2678
f 2583 2584 2680
f 2583 2680 2679
f 2584 2585 2681
f 2584 2681 2680
f 2585 2586 2682
f 2585 2682 2681
f 2586 2587 2683
f 2586 2683 2682
f 2587 2588 2684
f 2587 2684 2683
f 2588 2589 2685
f 2588 2685 2684
f 2589 2590 2686
f 2589 2686 2685
f 2590 2591 2687
f 2590 2687 2686
f 2591 2592 2688
f 2591 2688 2687
f 2592 2497 2593
f 2592 2593 2688
f 2593 2594 2690
f 2593 2690 2689
f 2594 2595 2691
f 2594 2691 2690
f 2595 2596 2692
f 2595 2692 2691
f 2596 2597 2693
f 2596 2693 2692
f 2597 2598 2694
f 2597 2694 2693
f 2598 2599 2695
f 2598 2695 2694
f 2599 2600 2696
f 2599 2696 2695
f 2600 2601 2697
f 2600 2697 2696
f 2601 2602 2698
f 2601 2698 2697
f 2602 2603 2699
f 2602 2699 2698
f 2603 2604 2700
f 2603 2700 2699
f 2604 2605 2701
f 2604 2701 2700
f 2605 2606 2702
f 2605 2702 2701
f 2606 2607 2703
f 2606 2703 2702
f 2607 2608 2704
f 2607 2704 2703
f 2608 2609 2705
f 2608 2705 2704
f 2609 2610 2706
f 2609 2706 2705
f 2610 2611 2707
f 2610 2707 2706
f 2611 2612 2708
f 2611 2708 2707
f 2612 2613 2709
f 2612 2709 2708
f 2613 2614 2710
f 2613 2710 2709
f 2614 2615 2711
f 2614 2711 2710
f 2615 2616 2712
f 2615 2712 2711
f 2616 2617 2713
f 2616 2713 2712
f 2617 2618 2714
f 2617 2714 2713
f 2618 2619 2715
f 2618 2715 2714
f 2619 2620 2716
f 2619 2716 2715
f 2620 2621 2717
f 2620 2717 2716
f 2621 2622 2718
f 2621 2718 2717
f 2622 2623 2719
f 2622 2719 2718
f 2623 2624 2720
f 2623 2720 2719
f 2624 2625 2721
f 2624 2721 2720
f 2625 2626 2722
f 2625 2722 2721
f 2626 2627 2723
f 2626 2723 2722
f 2627 2628 2724
f 2627 2724 2723
f 2628 2629 2725
f 2628 2725 2724
f 2629 2630 2726
f 2629 2726 2725
f 2630 2631 2727
f 2630 2727 2726
f 2631 2632 2728
f 2631 2728 2727
f 2632 2633 2729
f 2632 2729 2728
f 2633 2634 2730
f 2633 2730 2729
f 2634 2635 2731
f 2634 2731 2730
f 2635 2636 2732
f 2635 2732 2731
f 2636 2637 2733
f 2636 2733 2732
f 2637 2638 2734
f 2637 2734 2733
f 2638 2639 2735
f 2638 2735 2734
f 2639 2640 2736
f 2639 2736 2735
f 2640 2641 2737
f 2640 2737 2736
f 2641 2642 2738
f 2641 2738 2737
f 2642 2643 2739
f 2642 2739 2738
f 2643 2644 2740
f 2643 2740 2739
f 2644 2645 2741
f 2644 2741 2740
f 2645 2646 2742
f 2645 2742 2741
f 2646 2647 2743
f 2646 2743 2742
f 2647 2648 2744
f 2647 2744 2743
f 2648 2649 2745
f 2648 2745 2744
f 2649 2650 2746
f 2649 2746 2745
f 2650 2651 2747
f 2650 2747 2746
f 2651 2652 2748
f 2651 2748 2747
f 2652 2653 2749
f 2652 2749 2748
f 2653 2654 2750
f 2653 2750 2749
f 2654 2655 2751
f 2654 2751 2750
f 2655 2656 2752
f 2655 2752 2751
f 2656 2657 2753
f 2656 2753 2752
f 2657 2658 2754
f 2657 2754 2753
f 2658 2659 2755
f 2658 2755 2754
f 2659 2660 2756
f 2659 2756 2755
f 2660 2661 2757
f 2660 2757 2756
f 2661 2662 2758
f 2661 2758 2757
f 2662 2663 2759
f 2662 2759 2758
f 2663 2664 2760
f 2663 2760 2759
f 2664 2665 2761
f 2664 2761 2760
f 2665 2666 2762
f 2665 2762 2761
f 2666 2667 2763
f 2666 2763 2762
f 2667 2668 2764
f 2667 2764 2763
f 2668 2669 2765
f 2668 2765 2764
f 2669 2670 2766
f 2669 2766 2765
f 2670 2671 2767
f 2670 2767 2766
f 2671 2672 2768
f 2671 2768 2767
f 2672 2673 2769
f 2672 2769 2768
f 2673 2674 2770
f 2673 2770 2769
f 2674 2675 2771
f 2674 2771 2770
f 2675 2676 2772
f 2675 2772 2771
f 2676 2677 2773
f 2676 2773 2772
f 2677 2678 2774
f 2677 2774 2773
f 2678 2679 2775
f 2678 2775 2774
f 2679 2680 2776
f 2679 2776 2775
f 2680 2681 2777
f 2680 2777 2776
f 2681 2682 2778
f 2681 2778 2777
f 2682 2683 2779
f 2682 2779 2778
f 2683 2684 2780
f 2683 2780 2779
f 2684 2685 2781
f 2684 2781 2780
f 2685 2686 2782
f 2685 2782 2781
f 2686 2687 2783
f 2686 2783 2782
f 2687 2688 2784
f 2687 2784 2783
f 2688 2593 2689
f 2688 2689 2784
f 2689 2690 2786
f 2689 2786 2785
f 2690 2691 2787
f 2690 2787 2786
f 2691 2692 2788
f 2691 2788 2787
f 2692 2693 2789
f 2692 2789 2788
f 2693 2694 2790
f 2693 2790 2789
f 2694 2695 2791
f 2694 2791 2790
f 2695 2696 2792
f 2695 2792 2791
f 2696 2697 2793
f 2696 2793 2792
f 2697 2698 2794
f 2697 2794 2793
f 2698 2699 2795
f 2698 2795 2794
f 2699 2700 2796
f 2699 2796 2795
f 2700 2701 2797
f 2700 2797 2796
f 2701 2702 2798
f 2701 2798 2797
f 2702 2703 2799
f 2702 2799 2798
f 2703 2704 2800
f 2703 2800 2799
f 2704 2705 2801
f 2704 2801 2800
f 2705 2706 2802
f 2705 2802 2801
f 2706 2707 2803
f 2706 2803 2802
f 2707 2708 2804
f 2707 2804 2803
f 2708 2709 2805
f 2708 2805 2804
f 2709 2710 2806
f 2709 2806 2805
f 2710 2711 2807
f 2710 2807 2806
f 2711 2712 2808
f 2711 2808 2807
f 2712 2713 2809
f 2712 2809 2808
f 2713 2714 2810
f 2713 2810 2809
f 2714 2715 2811
f 2714 2811 2810
f 2715 2716 2812
f 2715 2812 2811
f 2716 2717 2813
f 2716 2813 2812
f 2717 2718 2814
f 2717 2814 2813
f 2718 2719 2815
f 2718 2815 2814
f 2719 2720 2816
f 2719 2816 2815
f 2720 2721 2817
f 2720 2817 2816
f 2721 2722 2818
f 2721 2818 2817
f 2722 2723 2819
f 2722 2819 2818
f 2723 2724 2820
f 2723 2820 2819
f 2724 2725 2821
f 2724 2821 2820
f 2725 2726 2822
f 2725 2822 2821
f 2726 2727 2823
f 2726 2823 2822
f 2727 2728 2824
f 2727 2824 2823
f 2728 2729 2825
f 2728 2825 2824
f 2729 2730 2826
f 2729 2826 2825
f 2730 2731 2827
f 2730 2827 2826
f 2731 2732 2828
f 2731 2828 2827
f 2732 2733 2829
f 2732 2829 2828
f 2733 2734 2830
f 2733 2830 2829
f 2734 2735 2831
f 2734 2831 2830
f 2735 2736 2832
f 2735 2832 2831
f 2736 2737 2833
f 2736 2833 2832
f 2737 2738 2834
f 2737 2834 2833
f 2738 2739 2835
f 2738 2835 2834
f 2739 2740 2836
f 2739 2836 2835
f 2740 2741 2837
f 2740 2837 2836
f 2741 2742 2838
f 2741 2838 2837
f 2742 2743 2839
f 2742 2839 2838
f 2743 2744 2840
f 2743 2840 2839
f 2744 2745 2841
f 2744 2841 2840
f 2745 2746 2842
f 2745 2842 2841
f 2746 2747 2843
f 2746 2843 2842
f 2747 2748 2844
f 2747 2844 2843
f 2748 2749 2845
f 2748 2845 2844
f 2749 2750 2846
f 2749 2846 2845
f 2750 2751 2847
f 2750 2847 2846
f 2751 2752 2848
f 2751 2848 2847
f 2752 2753 2849
f 2752 2849 2848
f 2753 2754 2850
f 2753 2850 2849
f 2754 2755 2851
f 2754 2851 2850
f 2755 2756 2852
f 2755 2852 2851
f 2756 2757 2853
f 2756 2853 2852
f 2757 2758 2854
f 2757 2854 2853
f 2758 2759 2855
f 2758 2855 2854
f 2759 2760 2856
f 2759 2856 2855
f 2760 2761 2857
f 2760 2857 2856
f 2761 2762 2858
f 2761 2858 2857
f 2762 2763 2859
f 2762 2859 2858
f 2763 2764 2860
f 2763 2860 2859
f 2764 2765 2861
f 2764 2861 2860
f 2765 2766 2862
f 2765 2862 2861
f 2766 2767 2863
f 2766 2863 2862
f 2767 2768 2864
f 2767 2864 2863
f 2768 2769 2865
f 2768 2865 2864
f 2769 2770 2866
f 2769 2866 2865
f 2770 2771 2867
f 2770 2867 2866
f 2771 2772 2868
f 2771 2868 2867
f 2772 2773 2869
f 2772 2869 2868
f 2773 2774 2870
f 2773 2870 2869
f 2774 2775 2871
f 2774 2871 2870
f 2775 2776 2872
f 2775 2872 2871
f 2776 2777 2873
f 2776 2873 2872
f 2777 2778 2874
f 2777 2874 2873
f 2778 2779 2875
f 2778 2875 2874
f 2779 2780 2876
f 2779 2876 2875
f 2780 2781 2877
f 2780 2877 2876
f 2781 2782 2878
f 2781 2878 2877
f 2782 2783 2879
f 2782 2879 2878
f 2783 2784 2880
f 2783 2880 2879
f 2784 2689 2785
f 2784 2785 2880
f 2785 2786 2882
f 2785 2882 2881
f 2786 2787 2883
f 2786 2883 2882
f 2787 2788 2884
f 2787 2884 2883
f 2788 2789 2885
f 2788 2885 2884
f 2789 2790 2886
f 2789 2886 2885
f 2790 2791 2887
f 2790 2887 2886
f 2791 2792 2888
f 2791 2888 2887
f 2792 2793 2889
f 2792 2889 2888
f 2793 2794 2890
f 2793 2890 2889
f 2794 2795 2891
f 2794 2891 2890
f 2795 2796 2892
f 2795 2892 2891
f 2796 2797 2893
f 2796 2893 2892
f 2797 2798 2894
f 2797 2894 2893
f 2798 2799 2895
f 2798 2895 2894
f 2799 2800 2896
f 2799 2896 2895
f 2800 2801 2897
f 2800 2897 2896
f 2801 2802 2898
f 2801 2898 2897
f 2802 2803 2899
f 2802 2899 2898
f 2803 2804 2900
f 2803 2900 2899
f 2804 2805 2901
f 2804 2901 2900
f 2805 2806 2902
f 2805 2902 2901
f 2806 2807 2903
f 2806 2903 2902
f 2807 2808 2904
f 2807 2904 2903
f 2808 2809 2905
f 2808 2905 2904
f 2809 2810 2906
f 2809 2906 2905
f 2810 2811 2907
f 2810 2907 2906
f 2811 2812 2908
f 2811 2908 2907
f 2812 2813 2909
f 2812 2909 2908
f 2813 2814 2910
f 2813 2910 2909
f 2814 2815 2911
f 2814 2911 2910
f 2815 2816 2912
f 2815 2912 2911
f 2816 2817 2913
f 2816 2913 2912
f 2817 2818 2914
f 2817 2914 2913
f 2818 2819 2915
f 2818 2915 2914
f 2819 2820 2916
f 2819 2916 2915
f 2820 2821 2917
f 2820 2917 2916
f 2821 2822 2918
f 2821 2918 2917
f 2822 2823 2919
f 2822 2919 2918
f 2823 2824 2920
f 2823 2920 2919
f 2824 2825 2921
f 2824 2921 2920
f 2825 2826 2922
f 2825 2922 2921
f 2826 2827 2923
f 2826 2923 2922
f 2827 2828 2924
f 2827 2924 2923
f 2828 2829 2925
f 2828 2925 2924
f 2829 2830 2926
f 2829 2926 2925
f 2830 2831 2927
f 2830 2927 2926
f 2831 2832 2928
f 2831 2928 2927
f 2832 2833 2929
f 2832 2929 2928
f 2833 2834 2930
f 2833 2930 2929
f 2834 2835 2931
f 2834 2931 2930
f 2835 2836 2932
f 2835 2932 2931
f 2836 2837 2933
f 2836 2933 2932
f 2837 2838 2934
f 2837 2934 2933
f 2838 2839 2935
f 2838 2935 2934
f 2839 2840 2936
f 2839 2936 2935
f 2840 2841 2937
f 2840 2937 2936
f 2841 2842 2938
f 2841 2938 2937
f 2842 2843 2939
f 2842 2939 2938
f 2843 2844 2940
f 2843 2940 2939
f 2844 2845 2941
f 2844 2941 2940
f 2845 2846 2942
f 2845 2942 2941
f 2846 2847 2943
f 2846 2943 2942
f 2847 2848 2944
f 2847 2944 2943
f 2848 2849 2945
f 2848 2945 2944
f 2849 2850 2946
f 2849 2946 2945
f 2850 2851 2947
f 2850 2947 2946
f 2851 2852 2948
f 2851 2948 2947
f 2852 2853 2949
f 2852 2949 2948
f 2853 2854 2950
f 2853 2950 2949
f 2854 2855 2951
f 2854 2951 2950
f 2855 2856 2952
f 2855 2952 2951
f 2856 2857 2953
f 2856 2953 2952
f 2857 2858 2954
f 2857 2954 2953
f 2858 2859 2955
f 2858 2955 2954
f 2859 2860 2956
f 2859 2956 2955
f 2860 2861 2957
f 2860 2957 2956
f 2861 2862 2958
f 2861 2958 2957
f 2862 2863 2959
f 2862 2959 2958
f 2863 2864 2960
f 2863 2960 2959
f 2864 2865 2961
f 2864 2961 2960
f 2865 2866 2962
f 2865 2962 2961
f 2866 2867 2963
f 2866 2963 2962
f 2867 2868 2964
f 2867 2964 2963
f 2868 2869 2965
f 2868 2965 2964
f 2869 2870 2966
f 2869 2966 2965
f 2870 2871 2967
f 2870 2967 2966
f 2871 2872 2968
f 2871 2968 2967
f 2872 2873 2969
f 2872 2969 2968
f 2873 2874 2970
f 2873 2970 2969
f 2874 2875 2971
f 2874 2971 2970
f 2875 2876 2972
f 2875 2972 2971
f 2876 2877 2973
f 2876 2973 2972
f 2877 2878 2974
f 2877 2974 2973
f 2878 2879 2975
f 2878 2975 2974
f 2879 2880 2976
f 2879 2976 2975
f 2880 2785 2881
f 2880 2881 2976
f 2881 2882 2978
f 2881 2978 2977
f 2882 2883 2979
f 2882 2979 2978
f 2883 2884 2980
f 2883 2980 2979
f 2884 2885 2981
f 2884 2981 2980
f 2885 2886 2982
f 2885 2982 2981
f 2886 2887 2983
f 2886 2983 2982
f 2887 2888 2984
f 2887 2984 2983
f 2888 2889 2985
f 2888 2985 2984
f 2889 2890 2986
f 2889 2986 2985
f 2890 2891 2987
f 2890 2987 2986
f 2891 2892 2988
f 2891 2988 2987
f 2892 2893 2989
f 2892 2989 2988
f 2893 2894 2990
f 2893 2990 2989
f 2894 2895 2991
f 2894 2991 2990
f 2895 2896 2992
f 2895 2992 2991
f 2896 2897 2993
f 2896 2993 2992
f 2897 2898 2994
f 2897 2994 2993
f 2898 2899 2995
f 2898 2995 2994
f 2899 2900 2996
f 2899 2996 2995
f 2900 2901 2997
f 2900 2997 2996
f 2901 2902 2998
f 2901 2998 2997
f 2902 2903 2999
f 2902 2999 2998
f 2903 2904 3000
f 2903 3000 2999
f 2904 2905 3001
f 2904 3001 3000
f 2905 2906 3002
f 2905 3002 3001
f 2906 2907 3003
f 2906 3003 3002
f 2907 2908 3004
f 2907 3004 3003
f 2908 2909 3005
f 2908 3005 3004
f 2909 2910 3006
f 2909 3006 3005
f 2910 2911 3007
f 2910 3007 3006
f 2911 2912 3008
f 2911 3008 3007
f 2912 2913 3009
f 2912 3009 3008
f 2913 2914 3010
f 2913 3010 3009
f 2914 2915 3011
f 2914 3011 3010
f 2915 2916 3012
f 2915 3012 3011
f 2916 2917 3013
f 2916 3013 3012
f 2917 2918 3014
f 2917 3014 3013
f 2918 2919 3015
f 2918 3015 3014
f 2919 2920 3016
f 2919 3016 3015
f 2920 2921 3017
f 2920 3017 3016
f 2921 2922 3018
f 2921 3018 3017
f 2922 2923 3019
f 2922 3019 3018
f 2923 2924 3020
f 2923 3020 3019
f 2924 2925 3021
f 2924 3021 3020
f 2925 2926 3022
f 2925 3022 3021
f 2926 2927 3023
f 2926 3023 3022
f 2927 2928 3024
f 2927 3024 3023
f 2928 2929 3025
f 2928 3025 3024
f 2929 2930 3026
f 2929 3026 3025
f 2930 2931 3027
f 2930 3027 3026
f 2931 2932 3028
f 2931 3028 3027
f 2932 2933 3029
f 2932 3029 3028
f 2933 2934 3030
f 2933 3030 3029
f 2934 2935 3031
f 2934 3031 3030
f 2935 2936 3032
f 2935 3032 3031
f 2936 2937 3033
f 2936 3033 3032
f 2937 2938 3034
f 2937 3034 3033
f 2938 2939 3035
f 2938 3035 3034
f 2939 2940 3036
f 2939 3036 3035
f 2940 2941 3037
f 2940 3037 3036
f 2941 2942 3038
f 2941 3038 3037
f 2942 2943 3039
f 2942 3039 3038
f 2943 2944 3040
f 2943 3040 3039
f 2944 2945 3041
f 2944 3041 3040
f 2945 2946 3042
f 2945 3042 3041
f 2946 2947 3043
f 2946 3043 3042
f 2947 2948 3044
f 2947 3044 3043
f 2948 2949 3045
f 2948 3045 3044
f 2949 2950 3046
f 2949 3046 3045
f 2950 2951 3047
f 2950 3047 3046
f 2951 2952 3048
f 2951 3048 3047
f 2952 2953 3049
f 2952 3049 3048
f 2953 2954 3050
f 2953 3050 3049
f 2954 2955 3051
f 2954 3051 3050
f 2955 2956 3052
f 2955 3052 3051
f 2956 2957 3053
f 2956 3053 3052
f 2957 2958 3054
f 2957 3054 3053
f 2958 2959 3055
f 2958 3055 3054
f 2959 2960 3056
f 2959 3056 3055
f 2960 2961 3057
f 2960 3057 3056
f 2961 2962 3058
f 2961 3058 3057
f 2962 2963 3059
f 2962 3059 3058
f 2963 2964 3060
f 2963 3060 3059
f 2964 2965 3061
f 2964 3061 3060
f 2965 2966 3062
f 2965 3062 3061
f 2966 2967 3063
f 2966 3063 3062
f 2967 2968 3064
f 2967 3064 3063
f 2968 2969 3065
f 2968 3065 3064
f 2969 2970 3066
f 2969 3066 3065
f 2970 2971 3067
f 2970 3067 3066
f 2971 2972 3068
f 2971 3068 3067
f 2972 2973 3069
f 2972 3069 3068
f 2973 2974 3070
f 2973 3070 3069
f 2974 2975 3071
f 2974 3071 3070
f 2975 2976 3072
f 2975 3072 3071
f 2976 2881 2977
f 2976 2977 3072
f 2977 2978 3074
f 2977 3074 3073
f 2978 2979 3075
f 2978 3075 3074
f 2979 2980 3076
f 2979 3076 3075
f 2980 2981 3077
f 2980 3077 3076
f 2981 2982 3078
f 2981 3078 3077
f 2982 2983 3079
f 2982 3079 3078
f 2983 2984 3080
f 2983 3080 3079
f 2984 2985 3081
f 2984 3081 3080
f 2985 2986 3082
f 2985 3082 3081
f 2986 2987 3083
f 2986 3083 3082
f 2987 2988 3084
f 2987 3084 3083
f 2988 2989 3085
f 2988 3085 3084
f 2989 2990 3086
f 2989 3086 3085
f 2990 2991 3087
f 2990 3087 3086
f 2991 2992 3088
f 2991 3088 3087
f 2992 2993 3089
f 2992 3089 3088
f 2993 2994 3090
f 2993 3090 3089
f 2994 2995 3091
f 2994 3091 3090
f 2995 2996 3092
f 2995 3092 3091
f 2996 2997 3093
f 2996 3093 3092
f 2997 2998 3094
f 2997 3094 3093
f 2998 2999 3095
f 2998 3095 3094
f 2999 3000 3096
f 2999 3096 3095
f 3000 3001 3097
f 3000 3097 3096
f 3001 3002 3098
f 3001 3098 3097
f 3002 3003 3099
f 3002 3099 3098
f 3003 3004 3100
f 3003 3100 3099
f 3004 3005 3101
f 3004 3101 3100
f 3005 3006 3102
f 3005 3102 3101
f 3006 3007 3103
f 3006 3103 3102
f 3007 3008 3104
f 3007 3104 3103
f 3008 3009 3105
f 3008 3105 3104
f 3009 3010 3106
f 3009 3106 3105
f 3010 3011 3107
f 3010 3107 3106
f 3011 3012 3108
f 3011 3108 3107
f 3012 3013 3109
f 3012 3109 3108
f 3013 3014 3110
f 3013 3110 3109
f 3014 3015 3111
f 3014 3111 3110
f 3015 3016 3112
f 3015 3112 3111
f 3016 3017 3113
f 3016 3113 3112
f 3017 3018 3114
f 3017 3114 3113
f 3018 3019 3115
f 3018 3115 3114
f 3019 3020 3116
f 3019 3116 3115
f 3020 3021 3117
f 3020 3117 3116
f 3021 3022 3118
f 3021 3118 3117
f 3022 3023 3119
f 3022 3119 3118
f 3023 3024 3120
f 3023 3120 3119
f 3024 3025 3121
f 3024 3121 3120
f 3025 3026 3122
f 3025 3122 3121
f 3026 3027 3123
f 3026 3123 3122
f 3027 3028 3124
f 3027 3124 3123
f 3028 3029 3125
f 3028 3125 3124
f 3029 3030 3126
f 3029 3126 3125
f 3030 3031 3127
f 3030 3127 3126
f 3031 3032 3128
f 3031 3128 3127
f 3032 3033 3129
f 3032 3129 3128
f 3033 3034 3130
f 3033 3130 3129
f 3034 3035 3131
f 3034 3131 3130
f 3035 3036 3132
f 3035 3132 3131
f 3036 3037 3133
f 3036 3133 3132
f 3037 3038 3134
f 3037 3134 3133
f 3038 3039 3135
f 3038 3135 3134
f 3039 3040 3136
f 3039 3136 3135
f 3040 3041 3137
f 3040 3137 3136
f 3041 3042 3138
f 3041 3138 3137
f 3042 3043 3139
f 3042 3139 3138
f 3043 3044 3140
f 3043 3140 3139
f 3044 3045 3141
f 3044 3141 3140
f 3045 3046 3142
f 3045 3142 3141
f 3046 3047 3143
f 3046 3143 3142
f 3047 3048 3144
f 3047 3144 3143
f 3048 3049 3145
f 3048 3145 3144
f 3049 3050 3146
f 3049 3146 3145
f 3050 3051 3147
f 3050 3147 3146
f 3051 3052 3148
f 3051 3148 3147
f 3052 3053 3149
f 3052 3149 3148
f 3053 3054 3150
f 3053 3150 3149
f 3054 3055 3151
f 3054 3151 3150
f 3055 3056 3152
f 3055 3152 3151
f 3056 3057 3153
f 3056 3153 3152
f 3057 3058 3154
f 3057 3154 3153
f 3058 3059 3155
f 3058 3155 3154
f 3059 3060 3156
f 3059 3156 3155
f 3060 3061 3157
f 3060 3157 3156
f 3061 3062 3158
f 3061 3158 3157
f 3062 3063 3159
f 3062 3159 3158
f 3063 3064 3160
f 3063 3160 3159
f 3064 3065 3161
f 3064 3161 3160
f 3065 3066 3162
f 3065 3162 3161
f 3066 3067 3163
f 3066 3163 3162
f 3067 3068 3164
f 3067 3164 3163
f 3068 3069 3165
f 3068 3165 3164
f 3069 3070 3166
f 3069 3166 3165
f 3070 3071 3167
f 3070 3167 3166
f 3071 3072 3168
f 3071 3168 3167
f 3072 2977 3073
f 3072 3073 3168
f 3073 3074 3170
f 3073 3170 3169
f 3074 3075 3171
f 3074 3171 3170
f 3075 3076 3172
f 3075 3172 3171
f 3076 3077 3173
f 3076 3173 3172
f 3077 3078 3174
f 3077 3174 3173
f 3078 3079 3175
f 3078 3175 3174
f 3079 3080 3176
f 3079 3176 3175
f 3080 3081 3177
f 3080 3177 3176
f 3081 3082 3178
f 3081 3178 3177
f 3082 3083 3179
f 3082 3179 3178
f 3083 3084 3180
f 3083 3180 3179
f 3084 3085 3181
f 3084 3181 3180
f 3085 3086 3182
f 3085 3182 3181
f 3086 3087 3183
f 3086 3183 3182
f 3087 3088 3184
f 3087 3184 3183
f 3088 3089 3185
f 3088 3185 3184
f 3089 3090 3186
f 3089 3186 3185
f 3090 3091 3187
f 3090 3187 3186
f 3091 3092 3188
f 3091 3188 3187
f 3092 3093 3189
f 3092 3189 3188
f 3093 3094 3190
f 3093 3190 3189
f 3094 3095 3191
f 3094 3191 3190
f 3095 3096 3192
f 3095 3192 3191
f 3096 3097 3193
f 3096 3193 3192
f 3097 3098 3194
f 3097 3194 3193
f 3098 3099 3195
f 3098 3195 3194
f 3099 3100 3196
f 3099 3196 3195
f 3100 3101 3197
f 3100 3197 3196
f 3101 3102 3198
f 3101 3198 3197
f 3102 3103 3199
f 3102 3199 3198
f 3103 3104 3200
f 3103 3200 3199
f 3104 3105 3201
f 3104 3201 3200
f 3105 3106 3202
f 3105 3202 3201
f 3106 3107 3203
f 3106 3203 3202
f 3107 3108 3204
f 3107 3204 3203
f 3108 3109 3205
f 3108 3205 3204
f 3109 3110 3206
f 3109 3206 3205
f 3110 3111 3207
f 3110 3207 3206
f 3111 3112 3208
f 3111 3208 3207
f 3112 3113 3209
f 3112 3209 3208
f 3113 3114 3210
f 3113 3210 3209
f 3114 3115 3211
f 3114 3211 3210
f 3115 3116 3212
f 3115 3212 3211
f 3116 3117 3213
f 3116 3213 3212
f 3117 3118 3214
f 3117 3214 3213
f 3118 3119 3215
f 3118 3215 3214
f 3119 3120 3216
f 3119 3216 3215
f 3120 3121 3217
f 3120 3217 3216
f 3121 3122 3218
f 3121 3218 3217
f 3122 3123 3219
f 3122 3219 3218
f 3123 3124 3220
f 3123 3220 3219
f 3124 3125 3221
f 3124 3221 3220
f 3125 3126 3222
f 3125 3222 3221
f 3126 3127 3223
f 3126 3223 3222
f 3127 3128 3224
f 3127 3224 3223
f 3128 3129 3225
f 3128 3225 3224
f 3129 3130 3226
f 3129 3226 3225
f 3130 3131 3227
f 3130 3227 3226
f 3131 3132 3228
f 3131 3228 3227
f 3132 3133 3229
f 3132 3229 3228
f 3133 3134 3230
f 3133 3230 3229
f 3134 3135 3231
f 3134 3231 3230
f 3135 3136 3232
f 3135 3232 3231
f 3136 3137 3233
f 3136 3233 3232
f 3137 3138 3234
f 3137 3234 3233
f 3138 3139 3235
f 3138 3235 3234
f 3139 3140 3236
f 3139 3236 3235
f 3140 3141 3237
f 3140 3237 3236
f 3141 3142 3238
f 3141 3238 3237
f 3142 3143 3239
f 3142 3239 3238
f 3143 3144 3240
f 3143 3240 3239
f 3144 3145 3241
f 3144 3241 3240
f 3145 3146 3242
f 3145 3242 3241
f 3146 3147 3243
f 3146 3243 3242
f 3147 3148 3244
f 3147 3244 3243
f 3148 3149 3245
f 3148 3245 3244
f 3149 3150 3246
f 3149 3246 3245
f 3150 3151 3247
f 3150 3247 3246
f 3151 3152 3248
f 3151 3248 3247
f 3152 3153 3249
f 3152 3249 3248
f 3153 3154 3250
f 3153 3250 3249
f 3154 3155 3251
f 3154 3251 3250
f 3155 3156 3252
f 3155 3252 3251
f 3156 3157 3253
f 3156 3253 3252
f 3157 3158 3254
f 3157 3254 3253
f 3158 3159 3255
f 3158 3255 3254
f 3159 3160 3256
f 3159 3256 3255
f 3160 3161 3257
f 3160 3257 3256
f 3161 3162 3258
f 3161 3258 3257
f 3162 3163 3259
f 3162 3259 3258
f 3163 3164 3260
f 3163 3260 3259
f 3164 3165 3261
f 3164 3261 3260
f 3165 3166 3262
f 3165 3262 3261
f 3166 3167 3263
f 3166 3263 3262
f 3167 3168 3264
f 3167 3264 3263
f 3168 3073 3169
f 3168 3169 3264
f 3169 3170 3266
f 3169 3266 3265
f 3170 3171 3267
f 3170 3267 3266
f 3171 3172 3268
f 3171 3268 3267
f 3172 3173 3269
f 3172 3269 3268
f 3173 3174 3270
f 3173 3270 3269
f 3174 3175 3271
f 3174 3271 3270
f 3175 3176 3272
f 3175 3272 3271
f 3176 3177 3273
f 3176 3273 3272
f 3177 3178 3274
f 3177 3274 3273
f 3178 3179 3275
f 3178 3275 3274
f 3179 3180 3276
f 3179 3276 3275
f 3180 3181 3277
f 3180 3277 3276
f 3181 3182 3278
f 3181 3278 3277
f 3182 3183 3279
f 3182 3279 3278
f 3183 3184 3280
f 3183 3280 3279
f 3184 3185 3281
f 3184 3281 3280
f 3185 3186 3282
f 3185 3282 3281
f 3186 3187 3283
f 3186 3283 3282
f 3187 3188 3284
f 3187 3284 3283
f 3188 3189 3285
f 3188 3285 3284
f 3189 3190 3286
f 3189 3286 3285
f 3190 3191 3287
f 3190 3287 3286
f 3191 3192 3288
f 3191 3288 3287
f 3192 3193 3289
f 3192 3289 3288
f 3193 3194 3290
f 3193 3290 3289
f 3194 3195 3291
f 3194 3291 3290
f 3195 3196 3292
f 3195 3292 3291
f 3196 3197 3293
f 3196 3293 3292
f 3197 3198 3294
f 3197 3294 3293
f 3198 3199 3295
f 3198 3295 3294
f 3199 3200 3296
f 3199 3296 3295
f 3200 3201 3297
f 3200 3297 3296
f 3201 3202 3298
f 3201 3298 3297
f 3202 3203 3299
f 3202 3299 3298
f 3203 3204 3300
f 3203 3300 3299
f 3204 3205 3301
f 3204 3301 3300
f 3205 3206 3302
f 3205 3302 3301
f 3206 3207 3303
f 3206 3303 3302
f 3207 3208 3304
f 3207 3304 3303
f 3208 3209 3305
f 3208 3305 3304
f 3209 3210 3306
f 3209 3306 3305
f 3210 3211 3307
f 3210 3307 3306
f 3211 3212 3308
f 3211 3308 3307
f 3212 3213 3309
f 3212 3309 3308
f 3213 3214 3310
f 3213 3310 3309
f 3214 3215 3311
f 3214 3311 3310
f 3215 3216 3312
f 3215 3312 3311
f 3216 3217 3313
f 3216 3313 3312
f 3217 3218 3314
f 3217 3314 3313
f 3218 3219 3315
f 3218 3315 3314
f 3219 3220 3316
f 3219 3316 3315
f 3220 3221 3317
f 3220 3317 3316
f 3221 3222 3318
f 3221 3318 3317
f 3222 3223 3319
f 3222 3319 3318
f 3223 3224 3320
f 3223 3320 3319
f 3224 3225 3321
f 3224 3321 3320
f 3225 3226 3322
f 3225 3322 3321
f 3226 3227 3323
f 3226 3323 3322
f 3227 3228 3324
f 3227 3324 3323
f 3228 3229 3325
f 3228 3325 3324
f 3229 3230 3326
f 3229 3326 3325
f 3230 3231 3327
f 3230 3327 3326
f 3231 3232 3328
f 3231 3328 3327
f 3232 3233 3329
f 3232 3329 3328
f 3233 3234 3330
f 3233 3330 3329
f 3234 3235 3331
f 3234 3331 3330
f 3235 3236 3332
f 3235 3332 3331
f 3236 3237 3333
f 3236 3333 3332
f 3237 3238 3334
f 3237 3334 3333
f 3238 3239 3335
f 3238 3335 3334
f 3239 3240 3336
f 3239 3336 3335
f 3240 3241 3337
f 3240 3337 3336
f 3241 3242 3338
f 3241 3338 3337
f 3242 3243 3339
f 3242 3339 3338
f 3243 3244 3340
f 3243 3340 3339
f 3244 3245 3341
f 3244 3341 3340
f 3245 3246 3342
f 3245 3342 3341
f 3246 3247 3343
f 3246 3343 3342
f 3247 3248 3344
f 3247 3344 3343
f 3248 3249 3345
f 3248 3345 3344
f 3249 3250 3346
f 3249 3346 3345
f 3250 3251 3347
f 3250 3347 3346
f 3251 3252 3348
f 3251 3348 3347
f 3252 3253 3349
f 3252 3349 3348
f 3253 3254 3350
f 3253 3350 3349
f 3254 3255 3351
f 3254 3351 3350
f 3255 3256 3352
f 3255 3352 3351
f 3256 3257 3353
f 3256 3353 3352
f 3257 3258 3354
f 3257 3354 3353
f 3258 3259 3355
f 3258 3355 3354
f 3259 3260 3356
f 3259 3356 3355
f 3260 3261 3357
f 3260 3357 3356
f 3261 3262 3358
f 3261 3358 3357
f 3262 3263 3359
f 3262 3359 3358
f 3263 3264 3360
f 3263 3360 3359
f 3264 3169 3265
f 3264 3265 3360
f 3265 3266 3362
f 3265 3362 3361
f 3266 3267 3363
f 3266 3363 3362
f 3267 3268 3364
f 3267 3364 3363
f 3268 3269 3365
f 3268 3365 3364
f 3269 3270 3366
f 3269 3366 3365
f 3270 3271 3367
f 3270 3367 3366
f 3271 3272 3368
f 3271 3368 3367
f 3272 3273 3369
f 3272 3369 3368
f 3273 3274 3370
f 3273 3370 3369
f 3274 3275 3371
f 3274 3371 3370
f 3275 3276 3372
f 3275 3372 3371
f 3276 3277 3373
f 3276 3373 3372
f 3277 3278 3374
f 3277 3374 3373
f 3278 3279 3375
f 3278 3375 3374
f 3279 3280 3376
f 3279 3376 3375
f 3280 3281 3377
f 3280 3377 3376
f 3281 3282 3378
f 3281 3378 3377
f 3282 3283 3379
f 3282 3379 3378
f 3283 3284 3380
f 3283 3380 3379
f 3284 3285 3381
f 3284 3381 3380
f 3285 3286 3382
f 3285 3382 3381
f 3286 3287 3383
f 3286 3383 3382
f 3287 3288 3384
f 3287 3384 3383
f 3288 3289 3385
f 3288 3385 3384
f 3289 3290 3386
f 3289 3386 3385
f 3290 3291 3387
f 3290 3387 3386
f 3291 3292 3388
f 3291 3388 3387
f 3292 3293 3389
f 3292 3389 3388
f 3293 3294 3390
f 3293 3390 3389
f 3294 3295 3391
f 3294 3391 3390
f 3295 3296 3392
f 3295 3392 3391
f 3296 3297 3393
f 3296 3393 3392
f 3297 3298 3394
f 3297 3394 3393
f 3298 3299 3395
f 3298 3395 3394
f 3299 3300 3396
f 3299 3396 3395
f 3300 3301 3397
f 3300 3397 3396
f 3301 3302 3398
f 3301 3398 3397
f 3302 3303 3399
f 3302 3399 3398
f 3303 3304 3400
f 3303 3400 3399
f 3304 3305 3401
f 3304 3401 3400
f 3305 3306 3402
f 3305 3402 3401
f 3306 3307 3403
f 3306 3403 3402
f 3307 3308 3404
f 3307 3404 3403
f 3308 3309 3405
f 3308 3405 3404
f 3309 3310 3406
f 3309 3406 3405
f 3310 3311 3407
f 3310 3407 3406
f 3311 3312 3408
f 3311 3408 3407
f 3312 3313 3409
f 3312 3409 3408
f 3313 3314 3410
f 3313 3410 3409
f 3314 3315 3411
f 3314 3411 3410
f 3315 3316 3412
f 3315 3412 3411
f 3316 3317 3413
f 3316 3413 3412
f 3317 3318 3414
f 3317 3414 3413
f 3318 3319 3415
f 3318 3415 3414
f 3319 3320 3416
f 3319 3416 3415
f 3320 3321 3417
f 3320 3417 3416
f 3321 3322 3418
f 3321 3418 3417
f 3322 3323 3419
f 3322 3419 3418
f 3323 3324 3420
f 3323 3420 3419
f 3324 3325 3421
f 3324 3421 3420
f 3325 3326 3422
f 3325 3422 3421
f 3326 3327 3423
f 3326 3423 3422
f 3327 3328 3424
f 3327 3424 3423
f 3328 3329 3425
f 3328 3425 3424
f 3329 3330 3426
f 3329 3426 3425
f 3330 3331 3427
f 3330 3427 3426
f 3331 3332 3428
f 3331 3428 3427
f 3332 3333 3429
f 3332 3429 3428
f 3333 3334 3430
f 3333 3430 3429
f 3334 3335 3431
f 3334 3431 3430
f 3335 3336 3432
f 3335 3432 3431
f 3336 3337 3433
f 3336 3433 3432
f 3337 3338 3434
f 3337 3434 3433
f 3338 3339 3435
f 3338 3435 3434
f 3339 3340 3436
f 3339 3436 3435
f 3340 3341 3437
f 3340 3437 3436
f 3341 3342 3438
f 3341 3438 3437
f 3342 3343 3439
f 3342 3439 3438
f 3343 3344 3440
f 3343 3440 3439
f 3344 3345 3441
f 3344 3441 3440
f 3345 3346 3442
f 3345 3442 3441
f 3346 3347 3443
f 3346 3443 3442
f 3347 3348 3444
f 3347 3444 3443
f 3348 3349 3445
f 3348 3445 3444
f 3349 3350 3446
f 3349 3446 3445
f 3350 3351 3447
f 3350 3447 3446
f 3351 3352 3448
f 3351 3448 3447
f 3352 3353 3449
f 3352 3449 3448
f 3353 3354 3450
f 3353 3450 3449
f 3354 3355 3451
f 3354 3451 3450
f 3355 3356 3452
f 3355 3452 3451
f 3356 3357 3453
f 3356 3453 3452
f 3357 3358 3454
f 3357 3454 3453
f 3358 3359 3455
f 3358 3455 3454
f 3359 3360 3456
f 3359 3456 3455
f 3360 3265 3361
f 3360 3361 3456
f 3361 3362 3458
f 3361 3458 3457
f 3362 3363 3459
f 3362 3459 3458
f 3363 3364 3460
f 3363 3460 3459
f 3364 3365 3461
f 3364 3461 3460
f 3365 3366 3462
f 3365 3462 3461
f 3366 3367 3463
f 3366 3463 3462
f 3367 3368 3464
f 3367 3464 3463
f 3368 3369 3465
f 3368 3465 3464
f 3369 3370 3466
f 3369 3466 3465
f 3370 3371 3467
f 3370 3467 3466
f 3371 3372 3468
f 3371 3468 3467
f 3372 3373 3469
f 3372 3469 3468
f 3373 3374 3470
f 3373 3470 3469
f 3374 3375 3471
f 3374 3471 3470
f 3375 3376 3472
f 3375 3472 3471
f 3376 3377 3473
f 3376 3473 3472
f 3377 3378 3474
f 3377 3474 3473
f 3378 3379 3475
f 3378 3475 3474
f 3379 3380 3476
f 3379 3476 3475
f 3380 3381 3477
f 3380 3477 3476
f 3381 3382 3478
f 3381 3478 3477
f 3382 3383 3479
f 3382 3479 3478
f 3383 3384 3480
f 3383 3480 3479
f 3384 3385 3481
f 3384 3481 3480
f 3385 3386 3482
f 3385 3482 3481
f 3386 3387 3483
f 3386 3483 3482
f 3387 3388 3484
f 3387 3484 3483
f 3388 3389 3485
f 3388 3485 3484
f 3389 3390 3486
f 3389 3486 3485
f 3390 3391 3487
f 3390 3487 3486
f 3391 3392 3488
f 3391 3488 3487
f 3392 3393 3489
f 3392 3489 3488
f 3393 3394 3490
f 3393 3490 3489
f 3394 3395 3491
f 3394 3491 3490
f 3395 3396 3492
f 3395 3492 3491
f 3396 3397 3493
f 3396 3493 3492
f 3397 3398 3494
f 3397 3494 3493
f 3398 3399 3495
f 3398 3495 3494
f 3399 3400 3496
f 3399 3496 3495
f 3400 3401 3497
f 3400 3497 3496
f 3401 3402 3498
f 3401 3498 3497
f 3402 3403 3499
f 3402 3499 3498
f 3403 3404 3500
f 3403 3500 3499
f 3404 3405 3501
f 3404 3501 3500
f 3405 3406 3502
f 3405 3502 3501
f 3406 3407 3503
f 3406 3503 3502
f 3407 3408 3504
f 3407 3504 3503
f 3408 3409 3505
f 3408 3505 3504
f 3409 3410 3506
f 3409 3506 3505
f 3410 3411 3507
f 3410 3507 3506
f 3411 3412 3508
f 3411 3508 3507
f 3412 3413 3509
f 3412 3509 3508
f 3413 3414 3510
f 3413 3510 3509
f 3414 3415 3511
f 3414 3511 3510
f 3415 3416 3512
f 3415 3512 3511
f 3416 3417 3513
f 3416 3513 3512
f 3417 3418 3514
f 3417 3514 3513
f 3418 3419 3515
f 3418 3515 3514
f 3419 3420 3516
f 3419 3516 3515
f 3420 3421 3517
f 3420 3517 3516
f 3421 3422 3518
f 3421 3518 3517
f 3422 3423 3519
f 3422 3519 3518
f 3423 3424 3520
f 3423 3520 3519
f 3424 3425 3521
f 3424 3521 3520
f 3425 3426 3522
f 3425 3522 3521
f 3426 3427 3523
f 3426 3523 3522
f 3427 3428 3524
f 3427 3524 3523
f 3428 3429 3525
f 3428 3525 3524
f 3429 3430 3526
f 3429 3526 3525
f 3430 3431 3527
f 3430 3527 3526
f 3431 3432 3528
f 3431 3528 3527
f 3432 3433 3529
f 3432 3529 3528
f 3433 3434 3530
f 3433 3530 3529
f 3434 3435 3531
f 3434 3531 3530
f 3435 3436 3532
f 3435 3532 3531
f 3436 3437 3533
f 3436 3533 3532
f 3437 3438 3534
f 3437 3534 3533
f 3438 3439 3535
f 3438 3535 3534
f 3439 3440 3536
f 3439 3536 3535
f 3440 3441 3537
f 3440 3537 3536
f 3441 3442 3538
f 3441 3538 3537
f 3442 3443 3539
f 3442 3539 3538
f 3443 3444 3540
f 3443 3540 3539
f 3444 3445 3541
f 3444 3541 3540
f 3445 3446 3542
f 3445 3542 3541
f 3446 3447 3543
f 3446 3543 3542
f 3447 3448 3544
f 3447 3544 3543
f 3448 3449 3545
f 3448 3545 3544
f 3449 3450 3546
f 3449 3546 3545
f 3450 3451 3547
f 3450 3547 3546
f 3451 3452 3548
f 3451 3548 3547
f 3452 3453 3549
f 3452 3549 3548
f 3453 3454 3550
f 3453 3550 3549
f 3454 3455 3551
f 3454 3551 3550
f 3455 3456 3552
f 3455 3552 3551
f 3456 3361 3457
f 3456 3457 3552
f 3457 3458 3554
f 3457 3554 3553
f 3458 3459 3555
f 3458 3555 3554
f 3459 3460 3556
f 3459 3556 3555
f 3460 3461 3557
f 3460 3557 3556
f 3461 3462 3558
f 3461 3558 3557
f 3462 3463 3559
f 3462 3559 3558
f 3463 3464 3560
f 3463 3560 3559
f 3464 3465 3561
f 3464 3561 3560
f 3465 3466 3562
f 3465 3562 3561
f 3466 3467 3563
f 3466 3563 3562
f 3467 3468 3564
f 3467 3564 3563
f 3468 3469 3565
f 3468 3565 3564
f 3469 3470 3566
f 3469 3566 3565
f 3470 3471 3567
f 3470 3567 3566
f 3471 3472 3568
f 3471 3568 3567
f 3472 3473 3569
f 3472 3569 3568
f 3473 3474 3570
f 3473 3570 3569
f 3474 3475 3571
f 3474 3571 3570
f 3475 3476 3572
f 3475 3572 3571
f 3476 3477 3573
f 3476 3573 3572
f 3477 3478 3574
f 3477 3574 3573
f 3478 3479 3575
f 3478 3575 3574
f 3479 3480 3576
f 3479 3576 3575
f 3480 3481 3577
f 3480 3577 3576
f 3481 3482 3578
f 3481 3578 3577
f 3482 3483 3579
f 3482 3579 3578
f 3483 3484 3580
f 3483 3580 3579
f 3484 3485 3581
f 3484 3581 3580
f 3485 3486 3582
f 3485 3582 3581
f 3486 3487 3583
f 3486 3583 3582
f 3487 3488 3584
f 3487 3584 3583
f 3488 3489 3585
f 3488 3585 3584
f 3489 3490 3586
f 3489 3586 3585
f 3490 3491 3587
f 3490 3587 3586
f 3491 3492 3588
f 3491 3588 3587
f 3492 3493 3589
f 3492 3589 3588
f 3493 3494 3590
f 3493 3590 3589
f 3494 3495 3591
f 3494 3591 3590
f 3495 3496 3592
f 3495 3592 3591
f 3496 3497 3593
f 3496 3593 3592
f 3497 3498 3594
f 3497 3594 3593
f 3498 3499 3595
f 3498 3595 3594
f 3499 3500 3596
f 3499 3596 3595
f 3500 3501 3597
f 3500 3597 3596
f 3501 3502 3598
f 3501 3598 3597
f 3502 3503 3599
f 3502 3599 3598
f 3503 3504 3600
f 3503 3600 3599
f 3504 3505 3601
f 3504 3601 3600
f 3505 3506 3602
f 3505 3602 3601
f 3506 3507 3603
f 3506 3603 3602
f 3507 3508 3604
f 3507 3604 3603
f 3508 3509 3605
f 3508 3605 3604
f 3509 3510 3606
f 3509 3606 3605
f 3510 3511 3607
f 3510 3607 3606
f 3511 3512 3608
f 3511 3608 3607
f 3512 3513 3609
f 3512 3609 3608
f 3513 3514 3610
f 3513 3610 3609
f 3514 3515 3611
f 3514 3611 3610
f 3515 3516 3612
f 3515 3612 3611
f 3516 3517 3613
f 3516 3613 3612
f 3517 3518 3614
f 3517 3614 3613
f 3518 3519 3615
f 3518 3615 3614
f 3519 3520 3616
f 3519 3616 3615
f 3520 3521 3617
f 3520 3617 3616
f 3521 3522 3618
f 3521 3618 3617
f 3522 3523 3619
f 3522 3619 3618
f 3523 3524 3620
f 3523 3620 3619
f 3524 3525 3621
f 3524 3621 3620
f 3525 3526 3622
f 3525 3622 3621
f 3526 3527 3623
f 3526 3623 3622
f 3527 3528 3624
f 3527 3624 3623
f 3528 3529 3625
f 3528 3625 3624
f 3529 3530 3626
f 3529 3626 3625
f 3530 3531 3627
f 3530 3627 3626
f 3531 3532 3628
f 3531 3628 3627
f 3532 3533 3629
f 3532 3629 3628
f 3533 3534 3630
f 3533 3630 3629
f 3534 3535 3631
f 3534 3631 3630
f 3535 3536 3632
f 3535 3632 3631
f 3536 3537 3633
f 3536 3633 3632
f 3537 3538 3634
f 3537 3634 3633
f 3538 3539 3635
f 3538 3635 3634
f 3539 3540 3636
f 3539 3636 3635
f 3540 3541 3637
f 3540 3637 3636
f 3541 3542 3638
f 3541 3638 3637
f 3542 3543 3639
f 3542 3639 3638
f 3543 3544 3640
f 3543 3640 3639
f 3544 3545 3641
f 3544 3641 3640
f 3545 3546 3642
f 3545 3642 3641
f 3546 3547 3643
f 3546 3643 3642
f 3547 3548 3644
f 3547 3644 3643
f 3548 3549 3645
f 3548 3645 3644
f 3549 3550 3646
f 3549 3646 3645
f 3550 3551 3647
f 3550 3647 3646
f 3551 3552 3648
f 3551 3648 3647
f 3552 3457 3553
f 3552 3553 3648
f 3553 3554 3650
f 3553 3650 3649
f 3554 3555 3651
f 3554 3651 3650
f 3555 3556 3652
f 3555 3652 3651
f 3556 3557 3653
f 3556 3653 3652
f 3557 3558 3654
f 3557 3654 3653
f 3558 3559 3655
f 3558 3655 3654
f 3559 3560 3656
f 3559 3656 3655
f 3560 3561 3657
f 3560 3657 3656
f 3561 3562 3658
f 3561 3658 3657
f 3562 3563 3659
f 3562 3659 3658
f 3563 3564 3660
f 3563 3660 3659
f 3564 3565 3661
f 3564 3661 3660
f 3565 3566 3662
f 3565 3662 3661
f 3566 3567 3663
f 3566 3663 3662
f 3567 3568 3664
f 3567 3664 3663
f 3568 3569 3665
f 3568 3665 3664
f 3569 3570 3666
f 3569 3666 3665
f 3570 3571 3667
f 3570 3667 3666
f 3571 3572 3668
f 3571 3668 3667
f 3572 3573 3669
f 3572 3669 3668
f 3573 3574 3670
f 3573 3670 3669
f 3574 3575 3671
f 3574 3671 3670
f 3575 3576 3672
f 3575 3672 3671
f 3576 3577 3673
f 3576 3673 3672
f 3577 3578 3674
f 3577 3674 3673
f 3578 3579 3675
f 3578 3675 3674
f 3579 3580 3676
f 3579 3676 3675
f 3580 3581 3677
f 3580 3677 3676
f 3581 3582 3678
f 3581 3678 3677
f 3582 3583 3679
f 3582 3679 3678
f 3583 3584 3680
f 3583 3680 3679
f 3584 3585 3681
f 3584 3681 3680
f 3585 3586 3682
f 3585 3682 3681
f 3586 3587 3683
f 3586 3683 3682
f 3587 3588 3684
f 3587 3684 3683
f 3588 3589 3685
f 3588 3685 3684
f 3589 3590 3686
f 3589 3686 3685
f 3590 3591 3687
f 3590 3687 3686
f 3591 3592 3688
f 3591 3688 3687
f 3592 3593 3689
f 3592 3689 3688
f 3593 3594 3690
f 3593 3690 3689
f 3594 3595 3691
f 3594 3691 3690
f 3595 3596 3692
f 3595 3692 3691
f 3596 3597 3693
f 3596 3693 3692
f 3597 3598 3694
f 3597 3694 3693
f 3598 3599 3695
f 3598 3695 3694
f 3599 3600 3696
f 3599 3696 3695
f 3600 3601 3697
f 3600 3697 3696
f 3601 3602 3698
f 3601 3698 3697
f 3602 3603 3699
f 3602 3699 3698
f 3603 3604 3700
f 3603 3700 3699
f 3604 3605 3701
f 3604 3701 3700
f 3605 3606 3702
f 3605 3702 3701
f 3606 3607 3703
f 3606 3703 3702
f 3607 3608 3704
f 3607 3704 3703
f 3608 3609 3705
f 3608 3705 3704
f 3609 3610 3706
f 3609 3706 3705
f 3610 3611 3707
f 3610 3707 3706
f 3611 3612 3708
f 3611 3708 3707
f 3612 3613 3709
f 3612 3709 3708
f 3613 3614 3710
f 3613 3710 3709
f 3614 3615 3711
f 3614 3711 3710
f 3615 3616 3712
f 3615 3712 3711
f 3616 3617 3713
f 3616 3713 3712
f 3617 3618 3714
f 3617 3714 3713
f 3618 3619 3715
f 3618 3715 3714
f 3619 3620 3716
f 3619 3716 3715
f 3620 3621 3717
f 3620 3717 3716
f 3621 3622 3718
f 3621 3718 3717
f 3622 3623 3719
f 3622 3719 3718
f 3623 3624 3720
f 3623 3720 3719
f 3624 3625 3721
f 3624 3721 3720
f 3625 3626 3722
f 3625 3722 3721
f 3626 3627 3723
f 3626 3723 3722
f 3627 3628 3724
f 3627 3724 3723
f 3628 3629 3725
f 3628 3725 3724
f 3629 3630 3726
f 3629 3726 3725
f 3630 3631 3727
f 3630 3727 3726
f 3631 3632 3728
f 3631 3728 3727
f 3632 3633 3729
f 3632 3729 3728
f 3633 3634 3730
f 3633 3730 3729
f 3634 3635 3731
f 3634 3731 3730
f 3635 3636 3732
f 3635 3732 3731
f 3636 3637 3733
f 3636 3733 3732
f 3637 3638 3734
f 3637 3734 3733
f 3638 3639 3735
f 3638 3735 3734
f 3639 3640 3736
f 3639 3736 3735
f 3640 3641 3737
f 3640 3737 3736
f 3641 3642 3738
f 3641 3738 3737
f 3642 3643 3739
f 3642 3739 3738
f 3643 3644 3740
f 3643 3740 3739
f 3644 3645 3741
f 3644 3741 3740
f 3645 3646 3742
f 3645 3742 3741
f 3646 3647 3743
f 3646 3743 3742
f 3647 3648 3744
f 3647 3744 3743
f 3648 3553 3649
f 3648 3649 3744
f 3649 3650 3746
f 3649 3746 3745
f 3650 3651 3747
f 3650 3747 3746
f 3651 3652 3748
f 3651 3748 3747
f 3652 3653 3749
f 3652 3749 3748
f 3653 3654 3750
f 3653 3750 3749
f 3654 3655 3751
f 3654 3751 3750
f 3655 3656 3752
f 3655 3752 3751
f 3656 3657 3753
f 3656 3753 3752
f 3657 3658 3754
f 3657 3754 3753
f 3658 3659 3755
f 3658 3755 3754
f 3659 3660 3756
f 3659 3756 3755
f 3660 3661 3757
f 3660 3757 3756
f 3661 3662 3758
f 3661 3758 3757
f 3662 3663 3759
f 3662 3759 3758
f 3663 3664 3760
f 3663 3760 3759
f 3664 3665 3761
f 3664 3761 3760
f 3665 3666 3762
f 3665 3762 3761
f 3666 3667 3763
f 3666 3763 3762
f 3667 3668 3764
f 3667 3764 3763
f 3668 3669 3765
f 3668 3765 3764
f 3669 3670 3766
f 3669 3766 3765
f 3670 3671 3767
f 3670 3767 3766
f 3671 3672 3768
f 3671 3768 3767
f 3672 3673 3769
f 3672 3769 3768
f 3673 3674 3770
f 3673 3770 3769
f 3674 3675 3771
f 3674 3771 3770
f 3675 3676 3772
f 3675 3772 3771
f 3676 3677 3773
f 3676 3773 3772
f 3677 3678 3774
f 3677 3774 3773
f 3678 3679 3775
f 3678 3775 3774
f 3679 3680 3776
f 3679 3776 3775
f 3680 3681 3777
f 3680 3777 3776
f 3681 3682 3778
f 3681 3778 3777
f 3682 3683 3779
f 3682 3779 3778
f 3683 3684 3780
f 3683 3780 3779
f 3684 3685 3781
f 3684 3781 3780
f 3685 3686 3782
f 3685 3782 3781
f 3686 3687 3783
f 3686 3783 3782
f 3687 3688 3784
f 3687 3784 3783
f 3688 3689 3785
f 3688 3785 3784
f 3689 3690 3786
f 3689 3786 3785
f 3690 3691 3787
f 3690 3787 3786
f 3691 3692 3788
f 3691 3788 3787
f 3692 3693 3789
f 3692 3789 3788
f 3693 3694 3790
f 3693 3790 3789
f 3694 3695 3791
f 3694 3791 3790
f 3695 3696 3792
f 3695 3792 3791
f 3696 3697 3793
f 3696 3793 3792
f 3697 3698 3794
f 3697 3794 3793
f 3698 3699 3795
f 3698 3795 3794
f 3699 3700 3796
f 3699 3796 3795
f 3700 3701 3797
f 3700 3797 3796
f 3701 3702 3798
f 3701 3798 3797
f 3702 3703 3799
f 3702 3799 3798
f 3703 3704 3800
f 3703 3800 3799
f 3704 3705 3801
f 3704 3801 3800
f 3705 3706 3802
f 3705 3802 3801
f 3706 3707 3803
f 3706 3803 3802
f 3707 3708 3804
f 3707 3804 3803
f 3708 3709 3805
f 3708 3805 3804
f 3709 3710 3806
f 3709 3806 3805
f 3710 3711 3807
f 3710 3807 3806
f 3711 3712 3808
f 3711 3808 3807
f 3712 3713 3809
f 3712 3809 3808
f 3713 3714 3810
f 3713 3810 3809
f 3714 3715 3811
f 3714 3811 3810
f 3715 3716 3812
f 3715 3812 3811
f 3716 3717 3813
f 3716 3813 3812
f 3717 3718 3814
f 3717 3814 3813
f 3718 3719 3815
f 3718 3815 3814
f 3719 3720 3816
f 3719 3816 3815
f 3720 3721 3817
f 3720 3817 3816
f 3721 3722 3818
f 3721 3818 3817
f 3722 3723 3819
f 3722 3819 3818
f 3723 3724 3820
f 3723 3820 3819
f 3724 3725 3821
f 3724 3821 3820
f 3725 3726 3822
f 3725 3822 3821
f 3726 3727 3823
f 3726 3823 3822
f 3727 3728 3824
f 3727 3824 3823
f 3728 3729 3825
f 3728 3825 3824
f 3729 3730 3826
f 3729 3826 3825
f 3730 3731 3827
f 3730 3827 3826
f 3731 3732 3828
f 3731 3828 3827
f 3732 3733 3829
f 3732 3829 3828
f 3733 3734 3830
f 3733 3830 3829
f 3734 3735 3831
f 3734 3831 3830
f 3735 3736 3832
f 3735 3832 3831
f 3736 3737 3833
f 3736 3833 3832
f 3737 3738 3834
f 3737 3834 3833
f 3738 3739 3835
f 3738 3835 3834
f 3739 3740 3836
f 3739 3836 3835
f 3740 3741 3837
f 3740 3837 3836
f 3741 3742 3838
f 3741 3838 3837
f 3742 3743 3839
f 3742 3839 3838
f 3743 3744 3840
f 3743 3840 3839
f 3744 3649 3745
f 3744 3745 3840
f 3745 3746 3842
f 3745 3842 3841
f 3746 3747 3843
f 3746 3843 3842
f 3747 3748 3844
f 3747 3844 3843
f 3748 3749 3845
f 3748 3845 3844
f 3749 3750 3846
f 3749 3846 3845
f 3750 3751 3847
f 3750 3847 3846
f 3751 3752 3848
f 3751 3848 3847
f 3752 3753 3849
f 3752 3849 3848
f 3753 3754 3850
f 3753 3850 3849
f 3754 3755 3851
f 3754 3851 3850
f 3755 3756 3852
f 3755 3852 3851
f 3756 3757 3853
f 3756 3853 3852
f 3757 3758 3854
f 3757 3854 3853
f 3758 3759 3855
f 3758 3855 3854
f 3759 3760 3856
f 3759 3856 3855
f 3760 3761 3857
f 3760 3857 3856
f 3761 3762 3858
f 3761 3858 3857
f 3762 3763 3859
f 3762 3859 3858
f 3763 3764 3860
f 3763 3860 3859
f 3764 3765 3861
f 3764 3861 3860
f 3765 3766 3862
f 3765 3862 3861
f 3766 3767 3863
f 3766 3863 3862
f 3767 3768 3864
f 3767 3864 3863
f 3768 3769 3865
f 3768 3865 3864
f 3769 3770 3866
f 3769 3866 3865
f 3770 3771 3867
f 3770 3867 3866
f 3771 3772 3868
f 3771 3868 3867
f 3772 3773 3869
f 3772 3869 3868
f 3773 3774 3870
f 3773 3870 3869
f 3774 3775 3871
f 3774 3871 3870
f 3775 3776 3872
f 3775 3872 3871
f 3776 3777 3873
f 3776 3873 3872
f 3777 3778 3874
f 3777 3874 3873
f 3778 3779 3875
f 3778 3875 3874
f 3779 3780 3876
f 3779 3876 3875
f 3780 3781 3877
f 3780 3877 3876
f 3781 3782 3878
f 3781 3878 3877
f 3782 3783 3879
f 3782 3879 3878
f 3783 3784 3880
f 3783 3880 3879
f 3784 3785 3881
f 3784 3881 3880
f 3785 3786 3882
f 3785 3882 3881
f 3786 3787 3883
f 3786 3883 3882
f 3787 3788 3884
f 3787 3884 3883
f 3788 3789 3885
f 3788 3885 3884
f 3789 3790 3886
f 3789 3886 3885
f 3790 3791 3887
f 3790 3887 3886
f 3791 3792 3888
f 3791 3888 3887
f 3792 3793 3889
f 3792 3889 3888
f 3793 3794 3890
f 3793 3890 3889
f 3794 3795 3891
f 3794 3891 3890
f 3795 3796 3892
f 3795 3892 3891
f 3796 3797 3893
f 3796 3893 3892
f 3797 3798 3894
f 3797 3894 3893
f 3798 3799 3895
f 3798 3895 3894
f 3799 3800 3896
f 3799 3896 3895
f 3800 3801 3897
f 3800 3897 3896
f 3801 3802 3898
f 3801 3898 3897
f 3802 3803 3899
f 3802 3899 3898
f 3803 3804 3900
f 3803 3900 3899
f 3804 3805 3901
f 3804 3901 3900
f 3805 3806 3902
f 3805 3902 3901
f 3806 3807 3903
f 3806 3903 3902
f 3807 3808 3904
f 3807 3904 3903
f 3808 3809 3905
f 3808 3905 3904
f 3809 3810 3906
f 3809 3906 3905
f 3810 3811 3907
f 3810 3907 3906
f 3811 3812 3908
f 3811 3908 3907
f 3812 3813 3909
f 3812 3909 3908
f 3813 3814 3910
f 3813 3910 3909
f 3814 3815 3911
f 3814 3911 3910
f 3815 3816 3912
f 3815 3912 3911
f 3816 3817 3913
f 3816 3913 3912
f 3817 3818 3914
f 3817 3914 3913
f 3818 3819 3915
f 3818 3915 3914
f 3819 3820 3916
f 3819 3916 3915
f 3820 3821 3917
f 3820 3917 3916
f 3821 3822 3918
f 3821 3918 3917
f 3822 3823 3919
f 3822 3919 3918
f 3823 3824 3920
f 3823 3920 3919
f 3824 3825 3921
f 3824 3921 3920
f 3825 3826 3922
f 3825 3922 3921
f 3826 3827 3923
f 3826 3923 3922
f 3827 3828 3924
f 3827 3924 3923
f 3828 3829 3925
f 3828 3925 3924
f 3829 3830 3926
f 3829 3926 3925
f 3830 3831 3927
f 3830 3927 3926
f 3831 3832 3928
f 3831 3928 3927
f 3832 3833 3929
f 3832 3929 3928
f 3833 3834 3930
f 3833 3930 3929
f 3834 3835 3931
f 3834 3931 3930
f 3835 3836 3932
f 3835 3932 3931
f 3836 3837 3933
f 3836 3933 3932
f 3837 3838 3934
f 3837 3934 3933
f 3838 3839 3935
f 3838 3935 3934
f 3839 3840 3936
f 3839 3936 3935
f 3840 3745 3841
f 3840 3841 3936
f 3841 3842 3938
f 3841 3938 3937
f 3842 3843 3939
f 3842 3939 3938
f 3843 3844 3940
f 3843 3940 3939
f 3844 3845 3941
f 3844 3941 3940
f 3845 3846 3942
f 3845 3942 3941
f 3846 3847 3943
f 3846 3943 3942
f 3847 3848 3944
f 3847 3944 3943
f 3848 3849 3945
f 3848 3945 3944
f 3849 3850 3946
f 3849 3946 3945
f 3850 3851 3947
f 3850 3947 3946
f 3851 3852 3948
f 3851 3948 3947
f 3852 3853 3949
f 3852 3949 3948
f 3853 3854 3950
f 3853 3950 3949
f 3854 3855 3951
f 3854 3951 3950
f 3855 3856 3952
f 3855 3952 3951
f 3856 3857 3953
f 3856 3953 3952
f 3857 3858 3954
f 3857 3954 3953
f 3858 3859 3955
f 3858 3955 3954
f 3859 3860 3956
f 3859 3956 3955
f 3860 3861 3957
f 3860 3957 3956
f 3861 3862 3958
f 3861 3958 3957
f 3862 3863 3959
f 3862 3959 3958
f 3863 3864 3960
f 3863 3960 3959
f 3864 3865 3961
f 3864 3961 3960
f 3865 3866 3962
f 3865 3962 3961
f 3866 3867 3963
f 3866 3963 3962
f 3867 3868 3964
f 3867 3964 3963
f 3868 3869 3965
f 3868 3965 3964
f 3869 3870 3966
f 3869 3966 3965
f 3870 3871 3967
f 3870 3967 3966
f 3871 3872 3968
f 3871 3968 3967
f 3872 3873 3969
f 3872 3969 3968
f 3873 3874 3970
f 3873 3970 3969
f 3874 3875 3971
f 3874 3971 3970
f 3875 3876 3972
f 3875 3972 3971
f 3876 3877 3973
f 3876 3973 3972
f 3877 3878 3974
f 3877 3974 3973
f 3878 3879 3975
f 3878 3975 3974
f 3879 3880 3976
f 3879 3976 3975
f 3880 3881 3977
f 3880 3977 3976
f 3881 3882 3978
f 3881 3978 3977
f 3882 3883 3979
f 3882 3979 3978
f 3883 3884 3980
f 3883 3980 3979
f 3884 3885 3981
f 3884 3981 3980
f 3885 3886 3982
f 3885 3982 3981
f 3886 3887 3983
f 3886 3983 3982
f 3887 3888 3984
f 3887 3984 3983
f 3888 3889 3985
f 3888 3985 3984
f 3889 3890 3986
f 3889 3986 3985
f 3890 3891 3987
f 3890 3987 3986
f 3891 3892 3988
f 3891 3988 3987
f 3892 3893 3989
f 3892 3989 3988
f 3893 3894 3990
f 3893 3990 3989
f 3894 3895 3991
f 3894 3991 3990
f 3895 3896 3992
f 3895 3992 3991
f 3896 3897 3993
f 3896 3993 3992
f 3897 3898 3994
f 3897 3994 3993
f 3898 3899 3995
f 3898 3995 3994
f 3899 3900 3996
f 3899 3996 3995
f 3900 3901 3997
f 3900 3997 3996
f 3901 3902 3998
f 3901 3998 3997
f 3902 3903 3999
f 3902 3999 3998
f 3903 3904 4000
f 3903 4000 3999
f 3904 3905 4001
f 3904 4001 4000
f 3905 3906 4002
f 3905 4002 4001
f 3906 3907 4003
f 3906 4003 4002
f 3907 3908 4004
f 3907 4004 4003
f 3908 3909 4005
f 3908 4005 4004
f 3909 3910 4006
f 3909 4006 4005
f 3910 3911 4007
f 3910 4007 4006
f 3911 3912 4008
f 3911 4008 4007
f 3912 3913 4009
f 3912 4009 4008
f 3913 3914 4010
f 3913 4010 4009
f 3914 3915 4011
f 3914 4011 4010
f 3915 3916 4012
f 3915 4012 4011
f 3916 3917 4013
f 3916 4013 4012
f 3917 3918 4014
f 3917 4014 4013
f 3918 3919 4015
f 3918 4015 4014
f 3919 3920 4016
f 3919 4016 4015
f 3920 3921 4017
f 3920 4017 4016
f 3921 3922 4018
f 3921 4018 4017
f 3922 3923 4019
f 3922 4019 4018
f 3923 3924 4020
f 3923 4020 4019
f 3924 3925 4021
f 3924 4021 4020
f 3925 3926 4022
f 3925 4022 4021
f 3926 3927 4023
f 3926 4023 4022
f 3927 3928 4024
f 3927 4024 4023
f 3928 3929 4025
f 3928 4025 4024
f 3929 3930 4026
f 3929 4026 4025
f 3930 3931 4027
f 3930 4027 4026
f 3931 3932 4028
f 3931 4028 4027
f 3932 3933 4029
f 3932 4029 4028
f 3933 3934 4030
f 3933 4030 4029
f 3934 3935 4031
f 3934 4031 4030
f 3935 3936 4032
f 3935 4032 4031
f 3936 3841 3937
f 3936 3937 4032
f 3937 3938 4034
f 3937 4034 4033
f 3938 3939 4035
f 3938 4035 4034
f 3939 3940 4036
f 3939 4036 4035
f 3940 3941 4037
f 3940 4037 4036
f 3941 3942 4038
f 3941 4038 4037
f 3942 3943 4039
f 3942 4039 4038
f 3943 3944 4040
f 3943 4040 4039
f 3944 3945 4041
f 3944 4041 4040
f 3945 3946 4042
f 3945 4042 4041
f 3946 3947 4043
f 3946 4043 4042
f 3947 3948 4044
f 3947 4044 4043
f 3948 3949 4045
f 3948 4045 4044
f 3949 3950 4046
f 3949 4046 4045
f 3950 3951 4047
f 3950 4047 4046
f 3951 3952 4048
f 3951 4048 4047
f 3952 3953 4049
f 3952 4049 4048
f 3953 3954 4050
f 3953 4050 4049
f 3954 3955 4051
f 3954 4051 4050
f 3955 3956 4052
f 3955 4052 4051
f 3956 3957 4053
f 3956 4053 4052
f 3957 3958 4054
f 3957 4054 4053
f 3958 3959 4055
f 3958 4055 4054
f 3959 3960 4056
f 3959 4056 4055
f 3960 3961 4057
f 3960 4057 4056
f 3961 3962 4058
f 3961 4058 4057
f 3962 3963 4059
f 3962 4059 4058
f 3963 3964 4060
f 3963 4060 4059
f 3964 3965 4061
f 3964 4061 4060
f 3965 3966 4062
f 3965 4062 4061
f 3966 3967 4063
f 3966 4063 4062
f 3967 3968 4064
f 3967 4064 4063
f 3968 3969 4065
f 3968 4065 4064
f 3969 3970 4066
f 3969 4066 4065
f 3970 3971 4067
f 3970 4067 4066
f 3971 3972 4068
f 3971 4068 4067
f 3972 3973 4069
f 3972 4069 4068
f 3973 3974 4070
f 3973 4070 4069
f 3974 3975 4071
f 3974 4071 4070
f 3975 3976 4072
f 3975 4072 4071
f 3976 3977 4073
f 3976 4073 4072
f 3977 3978 4074
f 3977 4074 4073
f 3978 3979 4075
f 3978 4075 4074
f 3979 3980 4076
f 3979 4076 4075
f 3980 3981 4077
f 3980 4077 4076
f 3981 3982 4078
f 3981 4078 4077
f 3982 3983 4079
f 3982 4079 4078
f 3983 3984 4080
f 3983 4080 4079
f 3984 3985 4081
f 3984 4081 4080
f 3985 3986 4082
f 3985 4082 4081
f 3986 3987 4083
f 3986 4083 4082
f 3987 3988 4084
f 3987 4084 4083
f 3988 3989 4085
f 3988 4085 4084
f 3989 3990 4086
f 3989 4086 4085
f 3990 3991 4087
f 3990 4087 4086
f 3991 3992 4088
f 3991 4088 4087
f 3992 3993 4089
f 3992 4089 4088
f 3993 3994 4090
f 3993 4090 4089
f 3994 3995 4091
f 3994 4091 4090
f 3995 3996 4092
f 3995 4092 4091
f 3996 3997 4093
f 3996 4093 4092
f 3997 3998 4094
f 3997 4094 4093
f 3998 3999 4095
f 3998 4095 4094
f 3999 4000 4096
f 3999 4096 4095
f 4000 4001 4097
f 4000 4097 4096
f 4001 4002 4098
f 4001 4098 4097
f 4002 4003 4099
f 4002 4099 4098
f 4003 4004 4100
f 4003 4100 4099
f 4004 4005 4101
f 4004 4101 4100
f 4005 4006 4102
f 4005 4102 4101
f 4006 4007 4103
f 4006 4103 4102
f 4007 4008 4104
f 4007 4104 4103
f 4008 4009 4105
f 4008 4105 4104
f 4009 4010 4106
f 4009 4106 4105
f 4010 4011 4107
f 4010 4107 4106
f 4011 4012 4108
f 4011 4108 4107
f 4012 4013 4109
f 4012 4109 4108
f 4013 4014 4110
f 4013 4110 4109
f 4014 4015 4111
f 4014 4111 4110
f 4015 4016 4112
f 4015 4112 4111
f 4016 4017 4113
f 4016 4113 4112
f 4017 4018 4114
f 4017 4114 4113
f 4018 4019 4115
f 4018 4115 4114
f 4019 4020 4116
f 4019 4116 4115
f 4020 4021 4117
f 4020 4117 4116
f 4021 4022 4118
f 4021 4118 4117
f 4022 4023 4119
f 4022 4119 4118
f 4023 4024 4120
f 4023 4120 4119
f 4024 4025 4121
f 4024 4121 4120
f 4025 4026 4122
f 4025 4122 4121
f 4026 4027 4123
f 4026 4123 4122
f 4027 4028 4124
f 4027 4124 4123
f 4028 4029 4125
f 4028 4125 4124
f 4029 4030 4126
f 4029 4126 4125
f 4030 4031 4127
f 4030 4127 4126
f 4031 4032 4128
f 4031 4128 4127
f 4032 3937 4033
f 4032 4033 4128
f 4033 4034 4130
f 4033 4130 4129
f 4034 4035 4131
f 4034 4131 4130
f 4035 4036 4132
f 4035 4132 4131
f 4036 4037 4133
f 4036 4133 4132
f 4037 4038 4134
f 4037 4134 4133
f 4038 4039 4135
f 4038 4135 4134
f 4039 4040 4136
f 4039 4136 4135
f 4040 4041 4137
f 4040 4137 4136
f 4041 4042 4138
f 4041 4138 4137
f 4042 4043 4139
f 4042 4139 4138
f 4043 4044 4140
f 4043 4140 4139
f 4044 4045 4141
f 4044 4141 4140
f 4045 4046 4142
f 4045 4142 4141
f 4046 4047 4143
f 4046 4143 4142
f 4047 4048 4144
f 4047 4144 4143
f 4048 4049 4145
f 4048 4145 4144
f 4049 4050 4146
f 4049 4146 4145
f 4050 4051 4147
f 4050 4147 4146
f 4051 4052 4148
f 4051 4148 4147
f 4052 4053 4149
f 4052 4149 4148
f 4053 4054 4150
f 4053 4150 4149
f 4054 4055 4151
f 4054 4151 4150
f 4055 4056 4152
f 4055 4152 4151
f 4056 4057 4153
f 4056 4153 4152
f 4057 4058 4154
f 4057 4154 4153
f 4058 4059 4155
f 4058 4155 4154
f 4059 4060 4156
f 4059 4156 4155
f 4060 4061 4157
f 4060 4157 4156
f 4061 4062 4158
f 4061 4158 4157
f 4062 4063 4159
f 4062 4159 4158
f 4063 4064 4160
f 4063 4160 4159
f 4064 4065 4161
f 4064 4161 4160
f 4065 4066 4162
f 4065 4162 4161
f 4066 4067 4163
f 4066 4163 4162
f 4067 4068 4164
f 4067 4164 4163
f 4068 4069 4165
f 4068 4165 4164
f 4069 4070 4166
f 4069 4166 4165
f 4070 4071 4167
f 4070 4167 4166
f 4071 4072 4168
f 4071 4168 4167
f 4072 4073 4169
f 4072 4169 4168
f 4073 4074 4170
f 4073 4170 4169
f 4074 4075 4171
f 4074 4171 4170
f 4075 4076 4172
f 4075 4172 4171
f 4076 4077 4173
f 4076 4173 4172
f 4077 4078 4174
f 4077 4174 4173
f 4078 4079 4175
f 4078 4175 4174
f 4079 4080 4176
f 4079 4176 4175
f 4080 4081 4177
f 4080 4177 4176
f 4081 4082 4178
f 4081 4178 4177
f 4082 4083 4179
f 4082 4179 4178
f 4083 4084 4180
f 4083 4180 4179
f 4084 4085 4181
f 4084 4181 4180
f 4085 4086 4182
f 4085 4182 4181
f 4086 4087 4183
f 4086 4183 4182
f 4087 4088 4184
f 4087 4184 4183
f 4088 4089 4185
f 4088 4185 4184
f 4089 4090 4186
f 4089 4186 4185
f 4090 4091 4187
f 4090 4187 4186
f 4091 4092 4188
f 4091 4188 4187
f 4092 4093 4189
f 4092 4189 4188
f 4093 4094 4190
f 4093 4190 4189
f 4094 4095 4191
f 4094 4191 4190
f 4095 4096 4192
f 4095 4192 4191
f 4096 4097 4193
f 4096 4193 4192
f 4097 4098 4194
f 4097 4194 4193
f 4098 4099 4195
f 4098 4195 4194
f 4099 4100 4196
f 4099 4196 4195
f 4100 4101 4197
f 4100 4197 4196
f 4101 4102 4198
f 4101 4198 4197
f 4102 4103 4199
f 4102 4199 4198
f 4103 4104 4200
f 4103 4200 4199
f 4104 4105 4201
f 4104 4201 4200
f 4105 4106 4202
f 4105 4202 4201
f 4106 4107 4203
f 4106 4203 4202
f 4107 4108 4204
f 4107 4204 4203
f 4108 4109 4205
f 4108 4205 4204
f 4109 4110 4206
f 4109 4206 4205
f 4110 4111 4207
f 4110 4207 4206
f 4111 4112 4208
f 4111 4208 4207
f 4112 4113 4209
f 4112 4209 4208
f 4113 4114 4210
f 4113 4210 4209
f 4114 4115 4211
f 4114 4211 4210
f 4115 4116 4212
f 4115 4212 4211
f 4116 4117 4213
f 4116 4213 4212
f 4117 4118 4214
f 4117 4214 4213
f 4118 4119 4215
f 4118 4215 4214
f 4119 4120 4216
f 4119 4216 4215
f 4120 4121 4217
f 4120 4217 4216
f 4121 4122 4218
f 4121 4218 4217
f 4122 4123 4219
f 4122 4219 4218
f 4123 4124 4220
f 4123 4220 4219
f 4124 4125 4221
f 4124 4221 4220
f 4125 4126 4222
f 4125 4222 4221
f 4126 4127 4223
f 4126 4223 4222
f 4127 4128 4224
f 4127 4224 4223
f 4128 4033 4129
f 4128 4129 4224
f 4129 4130 4226
f 4129 4226 4225
f 4130 4131 4227
f 4130 4227 4226
f 4131 4132 4228
f 4131 4228 4227
f 4132 4133 4229
f 4132 4229 4228
f 4133 4134 4230
f 4133 4230 4229
f 4134 4135 4231
f 4134 4231 4230
f 4135 4136 4232
f 4135 4232 4231
f 4136 4137 4233
f 4136 4233 4232
f 4137 4138 4234
f 4137 4234 4233
f 4138 4139 4235
f 4138 4235 4234
f 4139 4140 4236
f 4139 4236 4235
f 4140 4141 4237
f 4140 4237 4236
f 4141 4142 4238
f 4141 4238 4237
f 4142 4143 4239
f 4142 4239 4238
f 4143 4144 4240
f 4143 4240 4239
f 4144 4145 4241
f 4144 4241 4240
f 4145 4146 4242
f 4145 4242 4241
f 4146 4147 4243
f 4146 4243 4242
f 4147 4148 4244
f 4147 4244 4243
f 4148 4149 4245
f 4148 4245 4244
f 4149 4150 4246
f 4149 4246 4245
f 4150 4151 4247
f 4150 4247 4246
f 4151 4152 4248
f 4151 4248 4247
f 4152 4153 4249
f 4152 4249 4248
f 4153 4154 4250
f 4153 4250 4249
f 4154 4155 4251
f 4154 4251 4250
f 4155 4156 4252
f 4155 4252 4251
f 4156 4157 4253
f 4156 4253 4252
f 4157 4158 4254
f 4157 4254 4253
f 4158 4159 4255
f 4158 4255 4254
f 4159 4160 4256
f 4159 4256 4255
f 4160 4161 4257
f 4160 4257 4256
f 4161 4162 4258
f 4161 4258 4257
f 4162 4163 4259
f 4162 4259 4258
f 4163 4164 4260
f 4163 4260 4259
f 4164 4165 4261
f 4164 4261 4260
f 4165 4166 4262
f 4165 4262 4261
f 4166 4167 4263
f 4166 4263 4262
f 4167 4168 4264
f 4167 4264 4263
f 4168 4169 4265
f 4168 4265 4264
f 4169 4170 4266
f 4169 4266 4265
f 4170 4171 4267
f 4170 4267 4266
f 4171 4172 4268
f 4171 4268 4267
f 4172 4173 4269
f 4172 4269 4268
f 4173 4174 4270
f 4173 4270 4269
f 4174 4175 4271
f 4174 4271 4270
f 4175 4176 4272
f 4175 4272 4271
f 4176 4177 4273
f 4176 4273 4272
f 4177 4178 4274
f 4177 4274 4273
f 4178 4179 4275
f 4178 4275 4274
f 4179 4180 4276
f 4179 4276 4275
f 4180 4181 4277
f 4180 4277 4276
f 4181 4182 4278
f 4181 4278 4277
f 4182 4183 4279
f 4182 4279 4278
f 4183 4184 4280
f 4183 4280 4279
f 4184 4185 4281
f 4184 4281 4280
f 4185 4186 4282
f 4185 4282 4281
f 4186 4187 4283
f 4186 4283 4282
f 4187 4188 4284
f 4187 4284 4283
f 4188 4189 4285
f 4188 4285 4284
f 4189 4190 4286
f 4189 4286 4285
f 4190 4191 4287
f 4190 4287 4286
f 4191 4192 4288
f 4191 4288 4287
f 4192 4193 4289
f 4192 4289 4288
f 4193 4194 4290
f 4193 4290 4289
f 4194 4195 4291
f 4194 4291 4290
f 4195 4196 4292
f 4195 4292 4291
f 4196 4197 4293
f 4196 4293 4292
f 4197 4198 4294
f 4197 4294 4293
f 4198 4199 4295
f 4198 4295 4294
f 4199 4200 4296
f 4199 4296 4295
f 4200 4201 4297
f 4200 4297 4296
f 4201 4202 4298
f 4201 4298 4297
f 4202 4203 4299
f 4202 4299 4298
f 4203 4204 4300
f 4203 4300 4299
f 4204 4205 4301
f 4204 4301 4300
f 4205 4206 4302
f 4205 4302 4301
f 4206 4207 4303
f 4206 4303 4302
f 4207 4208 4304
f 4207 4304 4303
f 4208 4209 4305
f 4208 4305 4304
f 4209 4210 4306
f 4209 4306 4305
f 4210 4211 4307
f 4210 4307 4306
f 4211 4212 4308
f 4211 4308 4307
f 4212 4213 4309
f 4212 4309 4308
f 4213 4214 4310
f 4213 4310 4309
f 4214 4215 4311
f 4214 4311 4310
f 4215 4216 4312
f 4215 4312 4311
f 4216 4217 4313
f 4216 4313 4312
f 4217 4218 4314
f 4217 4314 4313
f 4218 4219 4315
f 4218 4315 4314
f 4219 4220 4316
f 4219 4316 4315
f 4220 4221 4317
f 4220 4317 4316
f 4221 4222 4318
f 4221 4318 4317
f 4222 4223 4319
f 4222 4319 4318
f 4223 4224 4320
f 4223 4320 4319
f 4224 4129 4225
f 4224 4225 4320
f 4225 4226 4322
f 4225 4322 4321
f 4226 4227 4323
f 4226 4323 4322
f 4227 4228 4324
f 4227 4324 4323
f 4228 4229 4325
f 4228 4325 4324
f 4229 4230 4326
f 4229 4326 4325
f 4230 4231 4327
f 4230 4327 4326
f 4231 4232 4328
f 4231 4328 4327
f 4232 4233 4329
f 4232 4329 4328
f 4233 4234 4330
f 4233 4330 4329
f 4234 4235 4331
f 4234 4331 4330
f 4235 4236 4332
f 4235 4332 4331
f 4236 4237 4333
f 4236 4333 4332
f 4237 4238 4334
f 4237 4334 4333
f 4238 4239 4335
f 4238 4335 4334
f 4239 4240 4336
f 4239 4336 4335
f 4240 4241 4337
f 4240 4337 4336
f 4241 4242 4338
f 4241 4338 4337
f 4242 4243 4339
f 4242 4339 4338
f 4243 4244 4340
f 4243 4340 4339
f 4244 4245 4341
f 4244 4341 4340
f 4245 4246 4342
f 4245 4342 4341
f 4246 4247 4343
f 4246 4343 4342
f 4247 4248 4344
f 4247 4344 4343
f 4248 4249 4345
f 4248 4345 4344
f 4249 4250 4346
f 4249 4346 4345
f 4250 4251 4347
f 4250 4347 4346
f 4251 4252 4348
f 4251 4348 4347
f 4252 4253 4349
f 4252 4349 4348
f 4253 4254 4350
f 4253 4350 4349
f 4254 4255 4351
f 4254 4351 4350
f 4255 4256 4352
f 4255 4352 4351
f 4256 4257 4353
f 4256 4353 4352
f 4257 4258 4354
f 4257 4354 4353
f 4258 4259 4355
f 4258 4355 4354
f 4259 4260 4356
f 4259 4356 4355
f 4260 4261 4357
f 4260 4357 4356
f 4261 4262 4358
f 4261 4358 4357
f 4262 4263 4359
f 4262 4359 4358
f 4263 4264 4360
f 4263 4360 4359
f 4264 4265 4361
f 4264 4361 4360
f 4265 4266 4362
f 4265 4362 4361
f 4266 4267 4363
f 4266 4363 4362
f 4267 4268 4364
f 4267 4364 4363
f 4268 4269 4365
f 4268 4365 4364
f 4269 4270 4366
f 4269 4366 4365
f 4270 4271 4367
f 4270 4367 4366
f 4271 4272 4368
f 4271 4368 4367
f 4272 4273 4369
f 4272 4369 4368
f 4273 4274 4370
f 4273 4370 4369
f 4274 4275 4371
f 4274 4371 4370
f 4275 4276 4372
f 4275 4372 4371
f 4276 4277 4373
f 4276 4373 4372
f 4277 4278 4374
f 4277 4374 4373
f 4278 4279 4375
f 4278 4375 4374
f 4279 4280 4376
f 4279 4376 4375
f 4280 4281 4377
f 4280 4377 4376
f 4281 4282 4378
f 4281 4378 4377
f 4282 4283 4379
f 4282 4379 4378
f 4283 4284 4380
f 4283 4380 4379
f 4284 4285 4381
f 4284 4381 4380
f 4285 4286 4382
f 4285 4382 4381
f 4286 4287 4383
f 4286 4383 4382
f 4287 4288 4384
f 4287 4384 4383
f 4288 4289 4385
f 4288 4385 4384
f 4289 4290 4386
f 4289 4386 4385
f 4290 4291 4387
f 4290 4387 4386
f 4291 4292 4388
f 4291 4388 4387
f 4292 4293 4389
f 4292 4389 4388
f 4293 4294 4390
f 4293 4390 4389
f 4294 4295 4391
f 4294 4391 4390
f 4295 4296 4392
f 4295 4392 4391
f 4296 4297 4393
f 4296 4393 4392
f 4297 4298 4394
f 4297 4394 4393
f 4298 4299 4395
f 4298 4395 4394
f 4299 4300 4396
f 4299 4396 4395
f 4300 4301 4397
f 4300 4397 4396
f 4301 4302 4398
f 4301 4398 4397
f 4302 4303 4399
f 4302 4399 4398
f 4303 4304 4400
f 4303 4400 4399
f 4304 4305 4401
f 4304 4401 4400
f 4305 4306 4402
f 4305 4402 4401
f 4306 4307 4403
f 4306 4403 4402
f 4307 4308 4404
f 4307 4404 4403
f 4308 4309 4405
f 4308 4405 4404
f 4309 4310 4406
f 4309 4406 4405
f 4310 4311 4407
f 4310 4407 4406
f 4311 4312 4408
f 4311 4408 4407
f 4312 4313 4409
f 4312 4409 4408
f 4313 4314 4410
f 4313 4410 4409
f 4314 4315 4411
f 4314 4411 4410
f 4315 4316 4412
f 4315 4412 4411
f 4316 4317 4413
f 4316 4413 4412
f 4317 4318 4414
f 4317 4414 4413
f 4318 4319 4415
f 4318 4415 4414
f 4319 4320 4416
f 4319 4416 4415
f 4320 4225 4321
f 4320 4321 4416
f 4321 4322 4418
f 4321 4418 4417
f 4322 4323 4419
f 4322 4419 4418
f 4323 4324 4420
f 4323 4420 4419
f 4324 4325 4421
f 4324 4421 4420
f 4325 4326 4422
f 4325 4422 4421
f 4326 4327 4423
f 4326 4423 4422
f 4327 4328 4424
f 4327 4424 4423
f 4328 4329 4425
f 4328 4425 4424
f 4329 4330 4426
f 4329 4426 4425
f 4330 4331 4427
f 4330 4427 4426
f 4331 4332 4428
f 4331 4428 4427
f 4332 4333 4429
f 4332 4429 4428
f 4333 4334 4430
f 4333 4430 4429
f 4334 4335 4431
f 4334 4431 4430
f 4335 4336 4432
f 4335 4432 4431
f 4336 4337 4433
f 4336 4433 4432
f 4337 4338 4434
f 4337 4434 4433
f 4338 4339 4435
f 4338 4435 4434
f 4339 4340 4436
f 4339 4436 4435
f 4340 4341 4437
f 4340 4437 4436
f 4341 4342 4438
f 4341 4438 4437
f 4342 4343 4439
f 4342 4439 4438
f 4343 4344 4440
f 4343 4440 4439
f 4344 4345 4441
f 4344 4441 4440
f 4345 4346 4442
f 4345 4442 4441
f 4346 4347 4443
f 4346 4443 4442
f 4347 4348 4444
f 4347 4444 4443
f 4348 4349 4445
f 4348 4445 4444
f 4349 4350 4446
f 4349 4446 4445
f 4350 4351 4447
f 4350 4447 4446
f 4351 4352 4448
f 4351 4448 4447
f 4352 4353 4449
f 4352 4449 4448
f 4353 4354 4450
f 4353 4450 4449
f 4354 4355 4451
f 4354 4451 4450
f 4355 4356 4452
f 4355 4452 4451
f 4356 4357 4453
f 4356 4453 4452
f 4357 4358 4454
f 4357 4454 4453
f 4358 4359 4455
f 4358 4455 4454
f 4359 4360 4456
f 4359 4456 4455
f 4360 4361 4457
f 4360 4457 4456
f 4361 4362 4458
f 4361 4458 4457
f 4362 4363 4459
f 4362 4459 4458
f 4363 4364 4460
f 4363 4460 4459
f 4364 4365 4461
f 4364 4461 4460
f 4365 4366 4462
f 4365 4462 4461
f 4366 4367 4463
f 4366 4463 4462
f 4367 4368 4464
f 4367 4464 4463
f 4368 4369 4465
f 4368 4465 4464
f 4369 4370 4466
f 4369 4466 4465
f 4370 4371 4467
f 4370 4467 4466
f 4371 4372 4468
f 4371 4468 4467
f 4372 4373 4469
f 4372 4469 4468
f 4373 4374 4470
f 4373 4470 4469
f 4374 4375 4471
f 4374 4471 4470
f 4375 4376 4472
f 4375 4472 4471
f 4376 4377 4473
f 4376 4473 4472
f 4377 4378 4474
f 4377 4474 4473
f 4378 4379 4475
f 4378 4475 4474
f 4379 4380 4476
f 4379 4476 4475
f 4380 4381 4477
f 4380 4477 4476
f 4381 4382 4478
f 4381 4478 4477
f 4382 4383 4479
f 4382 4479 4478
f 4383 4384 4480
f 4383 4480 4479
f 4384 4385 4481
f 4384 4481 4480
f 4385 4386 4482
f 4385 4482 4481
f 4386 4387 4483
f 4386 4483 4482
f 4387 4388 4484
f 4387 4484 4483
f 4388 4389 4485
f 4388 4485 4484
f 4389 4390 4486
f 4389 4486 4485
f 4390 4391 4487
f 4390 4487 4486
f 4391 4392 4488
f 4391 4488 4487
f 4392 4393 4489
f 4392 4489 4488
f 4393 4394 4490
f 4393 4490 4489
f 4394 4395 4491
f 4394 4491 4490
f 4395 4396 4492
f 4395 4492 4491
f 4396 4397 4493
f 4396 4493 4492
f 4397 4398 4494
f 4397 4494 4493
f 4398 4399 4495
f 4398 4495 4494
f 4399 4400 4496
f 4399 4496 4495
f 4400 4401 4497
f 4400 4497 4496
f 4401 4402 4498
f 4401 4498 4497
f 4402 4403 4499
f 4402 4499 4498
f 4403 4404 4500
f 4403 4500 4499
f 4404 4405 4501
f 4404 4501 4500
f 4405 4406 4502
f 4405 4502 4501
f 4406 4407 4503
f 4406 4503 4502
f 4407 4408 4504
f 4407 4504 4503
f 4408 4409 4505
f 4408 4505 4504
f 4409 4410 4506
f 4409 4506 4505
f 4410 4411 4507
f 4410 4507 4506
f 4411 4412 4508
f 4411 4508 4507
f 4412 4413 4509
f 4412 4509 4508
f 4413 4414 4510
f 4413 4510 4509
f 4414 4415 4511
f 4414 4511 4510
f 4415 4416 4512
f 4415 4512 4511
f 4416 4321 4417
f 4416 4417 4512
f 4417 4418 4514
f 4417 4514 4513
f 4418 4419 4515
f 4418 4515 4514
f 4419 4420 4516
f 4419 4516 4515
f 4420 4421 4517
f 4420 4517 4516
f 4421 4422 4518
f 4421 4518 4517
f 4422 4423 4519
f 4422 4519 4518
f 4423 4424 4520
f 4423 4520 4519
f 4424 4425 4521
f 4424 4521 4520
f 4425 4426 4522
f 4425 4522 4521
f 4426 4427 4523
f 4426 4523 4522
f 4427 4428 4524
f 4427 4524 4523
f 4428 4429 4525
f 4428 4525 4524
f 4429 4430 4526
f 4429 4526 4525
f 4430 4431 4527
f 4430 4527 4526
f 4431 4432 4528
f 4431 4528 4527
f 4432 4433 4529
f 4432 4529 4528
f 4433 4434 4530
f 4433 4530 4529
f 4434 4435 4531
f 4434 4531 4530
f 4435 4436 4532
f 4435 4532 4531
f 4436 4437 4533
f 4436 4533 4532
f 4437 4438 4534
f 4437 4534 4533
f 4438 4439 4535
f 4438 4535 4534
f 4439 4440 4536
f 4439 4536 4535
f 4440 4441 4537
f 4440 4537 4536
f 4441 4442 4538
f 4441 4538 4537
f 4442 4443 4539
f 4442 4539 4538
f 4443 4444 4540
f 4443 4540 4539
f 4444 4445 4541
f 4444 4541 4540
f 4445 4446 4542
f 4445 4542 4541
f 4446 4447 4543
f 4446 4543 4542
f 4447 4448 4544
f 4447 4544 4543
f 4448 4449 4545
f 4448 4545 4544
f 4449 4450 4546
f 4449 4546 4545
f 4450 4451 4547
f 4450 4547 4546
f 4451 4452 4548
f 4451 4548 4547
f 4452 4453 4549
f 4452 4549 4548
f 4453 4454 4550
f 4453 4550 4549
f 4454 4455 4551
f 4454 4551 4550
f 4455 4456 4552
f 4455 4552 4551
f 4456 4457 4553
f 4456 4553 4552
f 4457 4458 4554
f 4457 4554 4553
f 4458 4459 4555
f 4458 4555 4554
f 4459 4460 4556
f 4459 4556 4555
f 4460 4461 4557
f 4460 4557 4556
f 4461 4462 4558
f 4461 4558 4557
f 4462 4463 4559
f 4462 4559 4558
f 4463 4464 4560
f 4463 4560 4559
f 4464 4465 4561
f 4464 4561 4560
f 4465 4466 4562
f 4465 4562 4561
f 4466 4467 4563
f 4466 4563 4562
f 4467 4468 4564
f 4467 4564 4563
f 4468 4469 4565
f 4468 4565 4564
f 4469 4470 4566
f 4469 4566 4565
f 4470 4471 4567
f 4470 4567 4566
f 4471 4472 4568
f 4471 4568 4567
f 4472 4473 4569
f 4472 4569 4568
f 4473 4474 4570
f 4473 4570 4569
f 4474 4475 4571
f 4474 4571 4570
f 4475 4476 4572
f 4475 4572 4571
f 4476 4477 4573
f 4476 4573 4572
f 4477 4478 4574
f 4477 4574 4573
f 4478 4479 4575
f 4478 4575 4574
f 4479 4480 4576
f 4479 4576 4575
f 4480 4481 4577
f 4480 4577 4576
f 4481 4482 4578
f 4481 4578 4577
f 4482 4483 4579
f 4482 4579 4578
f 4483 4484 4580
f 4483 4580 4579
f 4484 4485 4581
f 4484 4581 4580
f 4485 4486 4582
f 4485 4582 4581
f 4486 4487 4583
f 4486 4583 4582
f 4487 4488 4584
f 4487 4584 4583
f 4488 4489 4585
f 4488 4585 4584
f 4489 4490 4586
f 4489 4586 4585
f 4490 4491 4587
f 4490 4587 4586
f 4491 4492 4588
f 4491 4588 4587
f 4492 4493 4589
f 4492 4589 4588
f 4493 4494 4590
f 4493 4590 4589
f 4494 4495 4591
f 4494 4591 4590
f 4495 4496 4592
f 4495 4592 4591
f 4496 4497 4593
f 4496 4593 4592
f 4497 4498 4594
f 4497 4594 4593
f 4498 4499 4595
f 4498 4595 4594
f 4499 4500 4596
f 4499 4596 4595
f 4500 4501 4597
f 4500 4597 4596
f 4501 4502 4598
f 4501 4598 4597
f 4502 4503 4599
f 4502 4599 4598
f 4503 4504 4600
f 4503 4600 4599
f 4504 4505 4601
f 4504 4601 4600
f 4505 4506 4602
f 4505 4602 4601
f 4506 4507 4603
f 4506 4603 4602
f 4507 4508 4604
f 4507 4604 4603
f 4508 4509 4605
f 4508 4605 4604
f 4509 4510 4606
f 4509 4606 4605
f 4510 4511 4607
f 4510 4607 4606
f 4511 4512 4608
f 4511 4608 4607
f 4512 4417 4513
f 4512 4513 4608
f 4513 4514 4610
f 4513 4610 4609
f 4514 4515 4611
f 4514 4611 4610
f 4515 4516 4612
f 4515 4612 4611
f 4516 4517 4613
f 4516 4613 4612
f 4517 4518 4614
f 4517 4614 4613
f 4518 4519 4615
f 4518 4615 4614
f 4519 4520 4616
f 4519 4616 4615
f 4520 4521 4617
f 4520 4617 4616
f 4521 4522 4618
f 4521 4618 4617
f 4522 4523 4619
f 4522 4619 4618
f 4523 4524 4620
f 4523 4620 4619
f 4524 4525 4621
f 4524 4621 4620
f 4525 4526 4622
f 4525 4622 4621
f 4526 4527 4623
f 4526 4623 4622
f 4527 4528 4624
f 4527 4624 4623
f 4528 4529 4625
f 4528 4625 4624
f 4529 4530 4626
f 4529 4626 4625
f 4530 4531 4627
f 4530 4627 4626
f 4531 4532 4628
f 4531 4628 4627
f 4532 4533 4629
f 4532 4629 4628
f 4533 4534 4630
f 4533 4630 4629
f 4534 4535 4631
f 4534 4631 4630
f 4535 4536 4632
f 4535 4632 4631
f 4536 4537 4633
f 4536 4633 4632
f 4537 4538 4634
f 4537 4634 4633
f 4538 4539 4635
f 4538 4635 4634
f 4539 4540 4636
f 4539 4636 4635
f 4540 4541 4637
f 4540 4637 4636
f 4541 4542 4638
f 4541 4638 4637
f 4542 4543 4639
f 4542 4639 4638
f 4543 4544 4640
f 4543 4640 4639
f 4544 4545 4641
f 4544 4641 4640
f 4545 4546 4642
f 4545 4642 4641
f 4546 4547 4643
f 4546 4643 4642
f 4547 4548 4644
f 4547 4644 4643
f 4548 4549 4645
f 4548 4645 4644
f 4549 4550 4646
f 4549 4646 4645
f 4550 4551 4647
f 4550 4647 4646
f 4551 4552 4648
f 4551 4648 4647
f 4552 4553 4649
f 4552 4649 4648
f 4553 4554 4650
f 4553 4650 4649
f 4554 4555 4651
f 4554 4651 4650
f 4555 4556 4652
f 4555 4652 4651
f 4556 4557 4653
f 4556 4653 4652
f 4557 4558 4654
f 4557 4654 4653
f 4558 4559 4655
f 4558 4655 4654
f 4559 4560 4656
f 4559 4656 4655
f 4560 4561 4657
f 4560 4657 4656
f 4561 4562 4658
f 4561 4658 4657
f 4562 4563 4659
f 4562 4659 4658
f 4563 4564 4660
f 4563 4660 4659
f 4564 4565 4661
f 4564 4661 4660
f 4565 4566 4662
f 4565 4662 4661
f 4566 4567 4663
f 4566 4663 4662
f 4567 4568 4664
f 4567 4664 4663
f 4568 4569 4665
f 4568 4665 4664
f 4569 4570 4666
f 4569 4666 4665
f 4570 4571 4667
f 4570 4667 4666
f 4571 4572 4668
f 4571 4668 4667
f 4572 4573 4669
f 4572 4669 4668
f 4573 4574 4670
f 4573 4670 4669
f 4574 4575 4671
f 4574 4671 4670
f 4575 4576 4672
f 4575 4672 4671
f 4576 4577 4673
f 4576 4673 4672
f 4577 4578 4674
f 4577 4674 4673
f 4578 4579 4675
f 4578 4675 4674
f 4579 4580 4676
f 4579 4676 4675
f 4580 4581 4677
f 4580 4677 4676
f 4581 4582 4678
f 4581 4678 4677
f 4582 4583 4679
f 4582 4679 4678
f 4583 4584 4680
f 4583 4680 4679
f 4584 4585 4681
f 4584 4681 4680
f 4585 4586 4682
f 4585 4682 4681
f 4586 4587 4683
f 4586 4683 4682
f 4587 4588 4684
f 4587 4684 4683
f 4588 4589 4685
f 4588 4685 4684
f 4589 4590 4686
f 4589 4686 4685
f 4590 4591 4687
f 4590 4687 4686
f 4591 4592 4688
f 4591 4688 4687
f 4592 4593 4689
f 4592 4689 4688
f 4593 4594 4690
f 4593 4690 4689
f 4594 4595 4691
f 4594 4691 4690
f 4595 4596 4692
f 4595 4692 4691
f 4596 4597 4693
f 4596 4693 4692
f 4597 4598 4694
f 4597 4694 4693
f 4598 4599 4695
f 4598 4695 4694
f 4599 4600 4696
f 4599 4696 4695
f 4600 4601 4697
f 4600 4697 4696
f 4601 4602 4698
f 4601 4698 4697
f 4602 4603 4699
f 4602 4699 4698
f 4603 4604 4700
f 4603 4700 4699
f 4604 4605 4701
f 4604 4701 4700
f 4605 4606 4702
f 4605 4702 4701
f 4606 4607 4703
f 4606 4703 4702
f 4607 4608 4704
f 4607 4704 4703
f 4608 4513 4609
f 4608 4609 4704
f 4609 4610 4706
f 4609 4706 4705
f 4610 4611 4707
f 4610 4707 4706
f 4611 4612 4708
f 4611 4708 4707
f 4612 4613 4709
f 4612 4709 4708
f 4613 4614 4710
f 4613 4710 4709
f 4614 4615 4711
f 4614 4711 4710
f 4615 4616 4712
f 4615 4712 4711
f 4616 4617 4713
f 4616 4713 4712
f 4617 4618 4714
f 4617 4714 4713
f 4618 4619 4715
f 4618 4715 4714
f 4619 4620 4716
f 4619 4716 4715
f 4620 4621 4717
f 4620 4717 4716
f 4621 4622 4718
f 4621 4718 4717
f 4622 4623 4719
f 4622 4719 4718
f 4623 4624 4720
f 4623 4720 4719
f 4624 4625 4721
f 4624 4721 4720
f 4625 4626 4722
f 4625 4722 4721
f 4626 4627 4723
f 4626 4723 4722
f 4627 4628 4724
f 4627 4724 4723
f 4628 4629 4725
f 4628 4725 4724
f 4629 4630 4726
f 4629 4726 4725
f 4630 4631 4727
f 4630 4727 4726
f 4631 4632 4728
f 4631 4728 4727
f 4632 4633 4729
f 4632 4729 4728
f 4633 4634 4730
f 4633 4730 4729
f 4634 4635 4731
f 4634 4731 4730
f 4635 4636 4732
f 4635 4732 4731
f 4636 4637 4733
f 4636 4733 4732
f 4637 4638 4734
f 4637 4734 4733
f 4638 4639 4735
f 4638 4735 4734
f 4639 4640 4736
f 4639 4736 4735
f 4640 4641 4737
f 4640 4737 4736
f 4641 4642 4738
f 4641 4738 4737
f 4642 4643 4739
f 4642 4739 4738
f 4643 4644 4740
f 4643 4740 4739
f 4644 4645 4741
f 4644 4741 4740
f 4645 4646 4742
f 4645 4742 4741
f 4646 4647 4743
f 4646 4743 4742
f 4647 4648 4744
f 4647 4744 4743
f 4648 4649 4745
f 4648 4745 4744
f 4649 4650 4746
f 4649 4746 4745
f 4650 4651 4747
f 4650 4747 4746
f 4651 4652 4748
f 4651 4748 4747
f 4652 4653 4749
f 4652 4749 4748
f 4653 4654 4750
f 4653 4750 4749
f 4654 4655 4751
f 4654 4751 4750
f 4655 4656 4752
f 4655 4752 4751
f 4656 4657 4753
f 4656 4753 4752
f 4657 4658 4754
f 4657 4754 4753
f 4658 4659 4755
f 4658 4755 4754
f 4659 4660 4756
f 4659 4756 4755
f 4660 4661 4757
f 4660 4757 4756
f 4661 4662 4758
f 4661 4758 4757
f 4662 4663 4759
f 4662 4759 4758
f 4663 4664 4760
f 4663 4760 4759
f 4664 4665 4761
f 4664 4761 4760
f 4665 4666 4762
f 4665 4762 4761
f 4666 4667 4763
f 4666 4763 4762
f 4667 4668 4764
f 4667 4764 4763
f 4668 4669 4765
f 4668 4765 4764
f 4669 4670 4766
f 4669 4766 4765
f 4670 4671 4767
f 4670 4767 4766
f 4671 4672 4768
f 4671 4768 4767
f 4672 4673 4769
f 4672 4769 4768
f 4673 4674 4770
f 4673 4770 4769
f 4674 4675 4771
f 4674 4771 4770
f 4675 4676 4772
f 4675 4772 4771
f 4676 4677 4773
f 4676 4773 4772
f 4677 4678 4774
f 4677 4774 4773
f 4678 4679 4775
f 4678 4775 4774
f 4679 4680 4776
f 4679 4776 4775
f 4680 4681 4777
f 4680 4777 4776
f 4681 4682 4778
f 4681 4778 4777
f 4682 4683 4779
f 4682 4779 4778
f 4683 4684 4780
f 4683 4780 4779
f 4684 4685 4781
f 4684 4781 4780
f 4685 4686 4782
f 4685 4782 4781
f 4686 4687 4783
f 4686 4783 4782
f 4687 4688 4784
f 4687 4784 4783
f 4688 4689 4785
f 4688 4785 4784
f 4689 4690 4786
f 4689 4786 4785
f 4690 4691 4787
f 4690 4787 4786
f 4691 4692 4788
f 4691 4788 4787
f 4692 4693 4789
f 4692 4789 4788
f 4693 4694 4790
f 4693 4790 4789
f 4694 4695 4791
f 4694 4791 4790
f 4695 4696 4792
f 4695 4792 4791
f 4696 4697 4793
f 4696 4793 4792
f 4697 4698 4794
f 4697 4794 4793
f 4698 4699 4795
f 4698 4795 4794
f 4699 4700 4796
f 4699 4796 4795
f 4700 4701 4797
f 4700 4797 4796
f 4701 4702 4798
f 4701 4798 4797
f 4702 4703 4799
f 4702 4799 4798
f 4703 4704 4800
f 4703 4800 4799
f 4704 4609 4705
f 4704 4705 4800
f 4705 4706 4802
f 4705 4802 4801
f 4706 4707 4803
f 4706 4803 4802
f 4707 4708 4804
f 4707 4804 4803
f 4708 4709 4805
f 4708 4805 4804
f 4709 4710 4806
f 4709 4806 4805
f 4710 4711 4807
f 4710 4807 4806
f 4711 4712 4808
f 4711 4808 4807
f 4712 4713 4809
f 4712 4809 4808
f 4713 4714 4810
f 4713 4810 4809
f 4714 4715 4811
f 4714 4811 4810
f 4715 4716 4812
f 4715 4812 4811
f 4716 4717 4813
f 4716 4813 4812
f 4717 4718 4814
f 4717 4814 4813
f 4718 4719 4815
f 4718 4815 4814
f 4719 4720 4816
f 4719 4816 4815
f 4720 4721 4817
f 4720 4817 4816
f 4721 4722 4818
f 4721 4818 4817
f 4722 4723 4819
f 4722 4819 4818
f 4723 4724 4820
f 4723 4820 4819
f 4724 4725 4821
f 4724 4821 4820
f 4725 4726 4822
f 4725 4822 4821
f 4726 4727 4823
f 4726 4823 4822
f 4727 4728 4824
f 4727 4824 4823
f 4728 4729 4825
f 4728 4825 4824
f 4729 4730 4826
f 4729 4826 4825
f 4730 4731 4827
f 4730 4827 4826
f 4731 4732 4828
f 4731 4828 4827
f 4732 4733 4829
f 4732 4829 4828
f 4733 4734 4830
f 4733 4830 4829
f 4734 4735 4831
f 4734 4831 4830
f 4735 4736 4832
f 4735 4832 4831
f 4736 4737 4833
f 4736 4833 4832
f 4737 4738 4834
f 4737 4834 4833
f 4738 4739 4835
f 4738 4835 4834
f 4739 4740 4836
f 4739 4836 4835
f 4740 4741 4837
f 4740 4837 4836
f 4741 4742 4838
f 4741 4838 4837
f 4742 4743 4839
f 4742 4839 4838
f 4743 4744 4840
f 4743 4840 4839
f 4744 4745 4841
f 4744 4841 4840
f 4745 4746 4842
f 4745 4842 4841
f 4746 4747 4843
f 4746 4843 4842
f 4747 4748 4844
f 4747 4844 4843
f 4748 4749 4845
f 4748 4845 4844
f 4749 4750 4846
f 4749 4846 4845
f 4750 4751 4847
f 4750 4847 4846
f 4751 4752 4848
f 4751 4848 4847
f 4752 4753 4849
f 4752 4849 4848
f 4753 4754 4850
f 4753 4850 4849
f 4754 4755 4851
f 4754 4851 4850
f 4755 4756 4852
f 4755 4852 4851
f 4756 4757 4853
f 4756 4853 4852
f 4757 4758 4854
f 4757 4854 4853
f 4758 4759 4855
f 4758 4855 4854
f 4759 4760 4856
f 4759 4856 4855
f 4760 4761 4857
f 4760 4857 4856
f 4761 4762 4858
f 4761 4858 4857
f 4762 4763 4859
f 4762 4859 4858
f 4763 4764 4860
f 4763 4860 4859
f 4764 4765 4861
f 4764 4861 4860
f 4765 4766 4862
f 4765 4862 4861
f 4766 4767 4863
f 4766 4863 4862
f 4767 4768 4864
f 4767 4864 4863
f 4768 4769 4865
f 4768 4865 4864
f 4769 4770 4866
f 4769 4866 4865
f 4770 4771 4867
f 4770 4867 4866
f 4771 4772 4868
f 4771 4868 4867
f 4772 4773 4869
f 4772 4869 4868
f 4773 4774 4870
f 4773 4870 4869
f 4774 4775 4871
f 4774 4871 4870
f 4775 4776 4872
f 4775 4872 4871
f 4776 4777 4873
f 4776 4873 4872
f 4777 4778 4874
f 4777 4874 4873
f 4778 4779 4875
f 4778 4875 4874
f 4779 4780 4876
f 4779 4876 4875
f 4780 4781 4877
f 4780 4877 4876
f 4781 4782 4878
f 4781 4878 4877
f 4782 4783 4879
f 4782 4879 4878
f 4783 4784 4880
f 4783 4880 4879
f 4784 4785 4881
f 4784 4881 4880
f 4785 4786 4882
f 4785 4882 4881
f 4786 4787 4883
f 4786 4883 4882
f 4787 4788 4884
f 4787 4884 4883
f 4788 4789 4885
f 4788 4885 4884
f 4789 4790 4886
f 4789 4886 4885
f 4790 4791 4887
f 4790 4887 4886
f 4791 4792 4888
f 4791 4888 4887
f 4792 4793 4889
f 4792 4889 4888
f 4793 4794 4890
f 4793 4890 4889
f 4794 4795 4891
f 4794 4891 4890
f 4795 4796 4892
f 4795 4892 4891
f 4796 4797 4893
f 4796 4893 4892
f 4797 4798 4894
f 4797 4894 4893
f 4798 4799 4895
f 4798 4895 4894
f 4799 4800 4896
f 4799 4896 4895
f 4800 4705 4801
f 4800 4801 4896
f 4801 4802 4898
f 4801 4898 4897
f 4802 4803 4899
f 4802 4899 4898
f 4803 4804 4900
f 4803 4900 4899
f 4804 4805 4901
f 4804 4901 4900
f 4805 4806 4902
f 4805 4902 4901
f 4806 4807 4903
f 4806 4903 4902
f 4807 4808 4904
f 4807 4904 4903
f 4808 4809 4905
f 4808 4905 4904
f 4809 4810 4906
f 4809 4906 4905
f 4810 4811 4907
f 4810 4907 4906
f 4811 4812 4908
f 4811 4908 4907
f 4812 4813 4909
f 4812 4909 4908
f 4813 4814 4910
f 4813 4910 4909
f 4814 4815 4911
f 4814 4911 4910
f 4815 4816 4912
f 4815 4912 4911
f 4816 4817 4913
f 4816 4913 4912
f 4817 4818 4914
f 4817 4914 4913
f 4818 4819 4915
f 4818 4915 4914
f 4819 4820 4916
f 4819 4916 4915
f 4820 4821 4917
f 4820 4917 4916
f 4821 4822 4918
f 4821 4918 4917
f 4822 4823 4919
f 4822 4919 4918
f 4823 4824 4920
f 4823 4920 4919
f 4824 4825 4921
f 4824 4921 4920
f 4825 4826 4922
f 4825 4922 4921
f 4826 4827 4923
f 4826 4923 4922
f 4827 4828 4924
f 4827 4924 4923
f 4828 4829 4925
f 4828 4925 4924
f 4829 4830 4926
f 4829 4926 4925
f 4830 4831 4927
f 4830 4927 4926
f 4831 4832 4928
f 4831 4928 4927
f 4832 4833 4929
f 4832 4929 4928
f 4833 4834 4930
f 4833 4930 4929
f 4834 4835 4931
f 4834 4931 4930
f 4835 4836 4932
f 4835 4932 4931
f 4836 4837 4933
f 4836 4933 4932
f 4837 4838 4934
f 4837 4934 4933
f 4838 4839 4935
f 4838 4935 4934
f 4839 4840 4936
f 4839 4936 4935
f 4840 4841 4937
f 4840 4937 4936
f 4841 4842 4938
f 4841 4938 4937
f 4842 4843 4939
f 4842 4939 4938
f 4843 4844 4940
f 4843 4940 4939
f 4844 4845 4941
f 4844 4941 4940
f 4845 4846 4942
f 4845 4942 4941
f 4846 4847 4943
f 4846 4943 4942
f 4847 4848 4944
f 4847 4944 4943
f 4848 4849 4945
f 4848 4945 4944
f 4849 4850 4946
f 4849 4946 4945
f 4850 4851 4947
f 4850 4947 4946
f 4851 4852 4948
f 4851 4948 4947
f 4852 4853 4949
f 4852 4949 4948
f 4853 4854 4950
f 4853 4950 4949
f 4854 4855 4951
f 4854 4951 4950
f 4855 4856 4952
f 4855 4952 4951
f 4856 4857 4953
f 4856 4953 4952
f 4857 4858 4954
f 4857 4954 4953
f 4858 4859 4955
f 4858 4955 4954
f 4859 4860 4956
f 4859 4956 4955
f 4860 4861 4957
f 4860 4957 4956
f 4861 4862 4958
f 4861 4958 4957
f 4862 4863 4959
f 4862 4959 4958
f 4863 4864 4960
f 4863 4960 4959
f 4864 4865 4961
f 4864 4961 4960
f 4865 4866 4962
f 4865 4962 4961
f 4866 4867 4963
f 4866 4963 4962
f 4867 4868 4964
f 4867 4964 4963
f 4868 4869 4965
f 4868 4965 4964
f 4869 4870 4966
f 4869 4966 4965
f 4870 4871 4967
f 4870 4967 4966
f 4871 4872 4968
f 4871 4968 4967
f 4872 4873 4969
f 4872 4969 4968
f 4873 4874 4970
f 4873 4970 4969
f 4874 4875 4971
f 4874 4971 4970
f 4875 4876 4972
f 4875 4972 4971
f 4876 4877 4973
f 4876 4973 4972
f 4877 4878 4974
f 4877 4974 4973
f 4878 4879 4975
f 4878 4975 4974
f 4879 4880 4976
f 4879 4976 4975
f 4880 4881 4977
f 4880 4977 4976
f 4881 4882 4978
f 4881 4978 4977
f 4882 4883 4979
f 4882 4979 4978
f 4883 4884 4980
f 4883 4980 4979
f 4884 4885 4981
f 4884 4981 4980
f 4885 4886 4982
f 4885 4982 4981
f 4886 4887 4983
f 4886 4983 4982
f 4887 4888 4984
f 4887 4984 4983
f 4888 4889 4985
f 4888 4985 4984
f 4889 4890 4986
f 4889 4986 4985
f 4890 4891 4987
f 4890 4987 4986
f 4891 4892 4988
f 4891 4988 4987
f 4892 4893 4989
f 4892 4989 4988
f 4893 4894 4990
f 4893 4990 4989
f 4894 4895 4991
f 4894 4991 4990
f 4895 4896 4992
f 4895 4992 4991
f 4896 4801 4897
f 4896 4897 4992
f 4897 4898 4994
f 4897 4994 4993
f 4898 4899 4995
f 4898 4995 4994
f 4899 4900 4996
f 4899 4996 4995
f 4900 4901 4997
f 4900 4997 4996
f 4901 4902 4998
f 4901 4998 4997
f 4902 4903 4999
f 4902 4999 4998
f 4903 4904 5000
f 4903 5000 4999
f 4904 4905 5001
f 4904 5001 5000
f 4905 4906 5002
f 4905 5002 5001
f 4906 4907 5003
f 4906 5003 5002
f 4907 4908 5004
f 4907 5004 5003
f 4908 4909 5005
f 4908 5005 5004
f 4909 4910 5006
f 4909 5006 5005
f 4910 4911 5007
f 4910 5007 5006
f 4911 4912 5008
f 4911 5008 5007
f 4912 4913 5009
f 4912 5009 5008
f 4913 4914 5010
f 4913 5010 5009
f 4914 4915 5011
f 4914 5011 5010
f 4915 4916 5012
f 4915 5012 5011
f 4916 4917 5013
f 4916 5013 5012
f 4917 4918 5014
f 4917 5014 5013
f 4918 4919 5015
f 4918 5015 5014
f 4919 4920 5016
f 4919 5016 5015
f 4920 4921 5017
f 4920 5017 5016
f 4921 4922 5018
f 4921 5018 5017
f 4922 4923 5019
f 4922 5019 5018
f 4923 4924 5020
f 4923 5020 5019
f 4924 4925 5021
f 4924 5021 5020
f 4925 4926 5022
f 4925 5022 5021
f 4926 4927 5023
f 4926 5023 5022
f 4927 4928 5024
f 4927 5024 5023
f 4928 4929 5025
f 4928 5025 5024
f 4929 4930 5026
f 4929 5026 5025
f 4930 4931 5027
f 4930 5027 5026
f 4931 4932 5028
f 4931 5028 5027
f 4932 4933 5029
f 4932 5029 5028
f 4933 4934 5030
f 4933 5030 5029
f 4934 4935 5031
f 4934 5031 5030
f 4935 4936 5032
f 4935 5032 5031
f 4936 4937 5033
f 4936 5033 5032
f 4937 4938 5034
f 4937 5034 5033
f 4938 4939 5035
f 4938 5035 5034
f 4939 4940 5036
f 4939 5036 5035
f 4940 4941 5037
f 4940 5037 5036
f 4941 4942 5038
f 4941 5038 5037
f 4942 4943 5039
f 4942 5039 5038
f 4943 4944 5040
f 4943 5040 5039
f 4944 4945 5041
f 4944 5041 5040
f 4945 4946 5042
f 4945 5042 5041
f 4946 4947 5043
f 4946 5043 5042
f 4947 4948 5044
f 4947 5044 5043
f 4948 4949 5045
f 4948 5045 5044
f 4949 4950 5046
f 4949 5046 5045
f 4950 4951 5047
f 4950 5047 5046
f 4951 4952 5048
f 4951 5048 5047
f 4952 4953 5049
f 4952 5049 5048
f 4953 4954 5050
f 4953 5050 5049
f 4954 4955 5051
f 4954 5051 5050
f 4955 4956 5052
f 4955 5052 5051
f 4956 4957 5053
f 4956 5053 5052
f 4957 4958 5054
f 4957 5054 5053
f 4958 4959 5055
f 4958 5055 5054
f 4959 4960 5056
f 4959 5056 5055
f 4960 4961 5057
f 4960 5057 5056
f 4961 4962 5058
f 4961 5058 5057
f 4962 4963 5059
f 4962 5059 5058
f 4963 4964 5060
f 4963 5060 5059
f 4964 4965 5061
f 4964 5061 5060
f 4965 4966 5062
f 4965 5062 5061
f 4966 4967 5063
f 4966 5063 5062
f 4967 4968 5064
f 4967 5064 5063
f 4968 4969 5065
f 4968 5065 5064
f 4969 4970 5066
f 4969 5066 5065
f 4970 4971 5067
f 4970 5067 5066
f 4971 4972 5068
f 4971 5068 5067
f 4972 4973 5069
f 4972 5069 5068
f 4973 4974 5070
f 4973 5070 5069
f 4974 4975 5071
f 4974 5071 5070
f 4975 4976 5072
f 4975 5072 5071
f 4976 4977 5073
f 4976 5073 5072
f 4977 4978 5074
f 4977 5074 5073
f 4978 4979 5075
f 4978 5075 5074
f 4979 4980 5076
f 4979 5076 5075
f 4980 4981 5077
f 4980 5077 5076
f 4981 4982 5078
f 4981 5078 5077
f 4982 4983 5079
f 4982 5079 5078
f 4983 4984 5080
f 4983 5080 5079
f 4984 4985 5081
f 4984 5081 5080
f 4985 4986 5082
f 4985 5082 5081
f 4986 4987 5083
f 4986 5083 5082
f 4987 4988 5084
f 4987 5084 5083
f 4988 4989 5085
f 4988 5085 5084
f 4989 4990 5086
f 4989 5086 5085
f 4990 4991 5087
f 4990 5087 5086
f 4991 4992 5088
f 4991 5088 5087
f 4992 4897 4993
f 4992 4993 5088
f 4993 4994 5090
f 4993 5090 5089
f 4994 4995 5091
f 4994 5091 5090
f 4995 4996 5092
f 4995 5092 5091
f 4996 4997 5093
f 4996 5093 5092
f 4997 4998 5094
f 4997 5094 5093
f 4998 4999 5095
f 4998 5095 5094
f 4999 5000 5096
f 4999 5096 5095
f 5000 5001 5097
f 5000 5097 5096
f 5001 5002 5098
f 5001 5098 5097
f 5002 5003 5099
f 5002 5099 5098
f 5003 5004 5100
f 5003 5100 5099
f 5004 5005 5101
f 5004 5101 5100
f 5005 5006 5102
f 5005 5102 5101
f 5006 5007 5103
f 5006 5103 5102
f 5007 5008 5104
f 5007 5104 5103
f 5008 5009 5105
f 5008 5105 5104
f 5009 5010 5106
f 5009 5106 5105
f 5010 5011 5107
f 5010 5107 5106
f 5011 5012 5108
f 5011 5108 5107
f 5012 5013 5109
f 5012 5109 5108
f 5013 5014 5110
f 5013 5110 5109
f 5014 5015 5111
f 5014 5111 5110
f 5015 5016 5112
f 5015 5112 5111
f 5016 5017 5113
f 5016 5113 5112
f 5017 5018 5114
f 5017 5114 5113
f 5018 5019 5115
f 5018 5115 5114
f 5019 5020 5116
f 5019 5116 5115
f 5020 5021 5117
f 5020 5117 5116
f 5021 5022 5118
f 5021 5118 5117
f 5022 5023 5119
f 5022 5119 5118
f 5023 5024 5120
f 5023 5120 5119
f 5024 5025 5121
f 5024 5121 5120
f 5025 5026 5122
f 5025 5122 5121
f 5026 5027 5123
f 5026 5123 5122
f 5027 5028 5124
f 5027 5124 5123
f 5028 5029 5125
f 5028 5125 5124
f 5029 5030 5126
f 5029 5126 5125
f 5030 5031 5127
f 5030 5127 5126
f 5031 5032 5128
f 5031 5128 5127
f 5032 5033 5129
f 5032 5129 5128
f 5033 5034 5130
f 5033 5130 5129
f 5034 5035 5131
f 5034 5131 5130
f 5035 5036 5132
f 5035 5132 5131
f 5036 5037 5133
f 5036 5133 5132
f 5037 5038 5134
f 5037 5134 5133
f 5038 5039 5135
f 5038 5135 5134
f 5039 5040 5136
f 5039 5136 5135
f 5040 5041 5137
f 5040 5137 5136
f 5041 5042 5138
f 5041 5138 5137
f 5042 5043 5139
f 5042 5139 5138
f 5043 5044 5140
f 5043 5140 5139
f 5044 5045 5141
f 5044 5141 5140
f 5045 5046 5142
f 5045 5142 5141
f 5046 5047 5143
f 5046 5143 5142
f 5047 5048 5144
f 5047 5144 5143
f 5048 5049 5145
f 5048 5145 5144
f 5049 5050 5146
f 5049 5146 5145
f 5050 5051 5147
f 5050 5147 5146
f 5051 5052 5148
f 5051 5148 5147
f 5052 5053 5149
f 5052 5149 5148
f 5053 5054 5150
f 5053 5150 5149
f 5054 5055 5151
f 5054 5151 5150
f 5055 5056 5152
f 5055 5152 5151
f 5056 5057 5153
f 5056 5153 5152
f 5057 5058 5154
f 5057 5154 5153
f 5058 5059 5155
f 5058 5155 5154
f 5059 5060 5156
f 5059 5156 5155
f 5060 5061 5157
f 5060 5157 5156
f 5061 5062 5158
f 5061 5158 5157
f 5062 5063 5159
f 5062 5159 5158
f 5063 5064 5160
f 5063 5160 5159
f 5064 5065 5161
f 5064 5161 5160
f 5065 5066 5162
f 5065 5162 5161
f 5066 5067 5163
f 5066 5163 5162
f 5067 5068 5164
f 5067 5164 5163
f 5068 5069 5165
f 5068 5165 5164
f 5069 5070 5166
f 5069 5166 5165
f 5070 5071 5167
f 5070 5167 5166
f 5071 5072 5168
f 5071 5168 5167
f 5072 5073 5169
f 5072 5169 5168
f 5073 5074 5170
f 5073 5170 5169
f 5074 5075 5171
f 5074 5171 5170
f 5075 5076 5172
f 5075 5172 5171
f 5076 5077 5173
f 5076 5173 5172
f 5077 5078 5174
f 5077 5174 5173
f 5078 5079 5175
f 5078 5175 5174
f 5079 5080 5176
f 5079 5176 5175
f 5080 5081 5177
f 5080 5177 5176
f 5081 5082 5178
f 5081 5178 5177
f 5082 5083 5179
f 5082 5179 5178
f 5083 5084 5180
f 5083 5180 5179
f 5084 5085 5181
f 5084 5181 5180
f 5085 5086 5182
f 5085 5182 5181
f 5086 5087 5183
f 5086 5183 5182
f 5087 5088 5184
f 5087 5184 5183
f 5088 4993 5089
f 5088 5089 5184
f 5089 5090 5186
f 5089 5186 5185
f 5090 5091 5187
f 5090 5187 5186
f 5091 5092 5188
f 5091 5188 5187
f 5092 5093 5189
f 5092 5189 5188
f 5093 5094 5190
f 5093 5190 5189
f 5094 5095 5191
f 5094 5191 5190
f 5095 5096 5192
f 5095 5192 5191
f 5096 5097 5193
f 5096 5193 5192
f 5097 5098 5194
f 5097 5194 5193
f 5098 5099 5195
f 5098 5195 5194
f 5099 5100 5196
f 5099 5196 5195
f 5100 5101 5197
f 5100 5197 5196
f 5101 5102 5198
f 5101 5198 5197
f 5102 5103 5199
f 5102 5199 5198
f 5103 5104 5200
f 5103 5200 5199
f 5104 5105 5201
f 5104 5201 5200
f 5105 5106 5202
f 5105 5202 5201
f 5106 5107 5203
f 5106 5203 5202
f 5107 5108 5204
f 5107 5204 5203
f 5108 5109 5205
f 5108 5205 5204
f 5109 5110 5206
f 5109 5206 5205
f 5110 5111 5207
f 5110 5207 5206
f 5111 5112 5208
f 5111 5208 5207
f 5112 5113 5209
f 5112 5209 5208
f 5113 5114 5210
f 5113 5210 5209
f 5114 5115 5211
f 5114 5211 5210
f 5115 5116 5212
f 5115 5212 5211
f 5116 5117 5213
f 5116 5213 5212
f 5117 5118 5214
f 5117 5214 5213
f 5118 5119 5215
f 5118 5215 5214
f 5119 5120 5216
f 5119 5216 5215
f 5120 5121 5217
f 5120 5217 5216
f 5121 5122 5218
f 5121 5218 5217
f 5122 5123 5219
f 5122 5219 5218
f 5123 5124 5220
f 5123 5220 5219
f 5124 5125 5221
f 5124 5221 5220
f 5125 5126 5222
f 5125 5222 5221
f 5126 5127 5223
f 5126 5223 5222
f 5127 5128 5224
f 5127 5224 5223
f 5128 5129 5225
f 5128 5225 5224
f 5129 5130 5226
f 5129 5226 5225
f 5130 5131 5227
f 5130 5227 5226
f 5131 5132 5228
f 5131 5228 5227
f 5132 5133 5229
f 5132 5229 5228
f 5133 5134 5230
f 5133 5230 5229
f 5134 5135 5231
f 5134 5231 5230
f 5135 5136 5232
f 5135 5232 5231
f 5136 5137 5233
f 5136 5233 5232
f 5137 5138 5234
f 5137 5234 5233
f 5138 5139 5235
f 5138 5235 5234
f 5139 5140 5236
f 5139 5236 5235
f 5140 5141 5237
f 5140 5237 5236
f 5141 5142 5238
f 5141 5238 5237
f 5142 5143 5239
f 5142 5239 5238
f 5143 5144 5240
f 5143 5240 5239
f 5144 5145 5241
f 5144 5241 5240
f 5145 5146 5242
f 5145 5242 5241
f 5146 5147 5243
f 5146 5243 5242
f 5147 5148 5244
f 5147 5244 5243
f 5148 5149 5245
f 5148 5245 5244
f 5149 5150 5246
f 5149 5246 5245
f 5150 5151 5247
f 5150 5247 5246
f 5151 5152 5248
f 5151 5248 5247
f 5152 5153 5249
f 5152 5249 5248
f 5153 5154 5250
f 5153 5250 5249
f 5154 5155 5251
f 5154 5251 5250
f 5155 5156 5252
f 5155 5252 5251
f 5156 5157 5253
f 5156 5253 5252
f 5157 5158 5254
f 5157 5254 5253
f 5158 5159 5255
f 5158 5255 5254
f 5159 5160 5256
f 5159 5256 5255
f 5160 5161 5257
f 5160 5257 5256
f 5161 5162 5258
f 5161 5258 5257
f 5162 5163 5259
f 5162 5259 5258
f 5163 5164 5260
f 5163 5260 5259
f 5164 5165 5261
f 5164 5261 5260
f 5165 5166 5262
f 5165 5262 5261
f 5166 5167 5263
f 5166 5263 5262
f 5167 5168 5264
f 5167 5264 5263
f 5168 5169 5265
f 5168 5265 5264
f 5169 5170 5266
f 5169 5266 5265
f 5170 5171 5267
f 5170 5267 5266
f 5171 5172 5268
f 5171 5268 5267
f 5172 5173 5269
f 5172 5269 5268
f 5173 5174 5270
f 5173 5270 5269
f 5174 5175 5271
f 5174 5271 5270
f 5175 5176 5272
f 5175 5272 5271
f 5176 5177 5273
f 5176 5273 5272
f 5177 5178 5274
f 5177 5274 5273
f 5178 5179 5275
f 5178 5275 5274
f 5179 5180 5276
f 5179 5276 5275
f 5180 5181 5277
f 5180 5277 5276
f 5181 5182 5278
f 5181 5278 5277
f 5182 5183 5279
f 5182 5279 5278
f 5183 5184 5280
f 5183 5280 5279
f 5184 5089 5185
f 5184 5185 5280
f 5185 5186 5282
f 5185 5282 5281
f 5186 5187 5283
f 5186 5283 5282
f 5187 5188 5284
f 5187 5284 5283
f 5188 5189 5285
f 5188 5285 5284
f 5189 5190 5286
f 5189 5286 5285
f 5190 5191 5287
f 5190 5287 5286
f 5191 5192 5288
f 5191 5288 5287
f 5192 5193 5289
f 5192 5289 5288
f 5193 5194 5290
f 5193 5290 5289
f 5194 5195 5291
f 5194 5291 5290
f 5195 5196 5292
f 5195 5292 5291
f 5196 5197 5293
f 5196 5293 5292
f 5197 5198 5294
f 5197 5294 5293
f 5198 5199 5295
f 5198 5295 5294
f 5199 5200 5296
f 5199 5296 5295
f 5200 5201 5297
f 5200 5297 5296
f 5201 5202 5298
f 5201 5298 5297
f 5202 5203 5299
f 5202 5299 5298
f 5203 5204 5300
f 5203 5300 5299
f 5204 5205 5301
f 5204 5301 5300
f 5205 5206 5302
f 5205 5302 5301
f 5206 5207 5303
f 5206 5303 5302
f 5207 5208 5304
f 5207 5304 5303
f 5208 5209 5305
f 5208 5305 5304
f 5209 5210 5306
f 5209 5306 5305
f 5210 5211 5307
f 5210 5307 5306
f 5211 5212 5308
f 5211 5308 5307
f 5212 5213 5309
f 5212 5309 5308
f 5213 5214 5310
f 5213 5310 5309
f 5214 5215 5311
f 5214 5311 5310
f 5215 5216 5312
f 5215 5312 5311
f 5216 5217 5313
f 5216 5313 5312
f 5217 5218 5314
f 5217 5314 5313
f 5218 5219 5315
f 5218 5315 5314
f 5219 5220 5316
f 5219 5316 5315
f 5220 5221 5317
f 5220 5317 5316
f 5221 5222 5318
f 5221 5318 5317
f 5222 5223 5319
f 5222 5319 5318
f 5223 5224 5320
f 5223 5320 5319
f 5224 5225 5321
f 5224 5321 5320
f 5225 5226 5322
f 5225 5322 5321
f 5226 5227 5323
f 5226 5323 5322
f 5227 5228 5324
f 5227 5324 5323
f 5228 5229 5325
f 5228 5325 5324
f 5229 5230 5326
f 5229 5326 5325
f 5230 5231 5327
f 5230 5327 5326
f 5231 5232 5328
f 5231 5328 5327
f 5232 5233 5329
f 5232 5329 5328
f 5233 5234 5330
f 5233 5330 5329
f 5234 5235 5331
f 5234 5331 5330
f 5235 5236 5332
f 5235 5332 5331
f 5236 5237 5333
f 5236 5333 5332
f 5237 5238 5334
f 5237 5334 5333
f 5238 5239 5335
f 5238 5335 5334
f 5239 5240 5336
f 5239 5336 5335
f 5240 5241 5337
f 5240 5337 5336
f 5241 5242 5338
f 5241 5338 5337
f 5242 5243 5339
f 5242 5339 5338
f 5243 5244 5340
f 5243 5340 5339
f 5244 5245 5341
f 5244 5341 5340
f 5245 5246 5342
f 5245 5342 5341
f 5246 5247 5343
f 5246 5343 5342
f 5247 5248 5344
f 5247 5344 5343
f 5248 5249 5345
f 5248 5345 5344
f 5249 5250 5346
f 5249 5346 5345
f 5250 5251 5347
f 5250 5347 5346
f 5251 5252 5348
f 5251 5348 5347
f 5252 5253 5349
f 5252 5349 5348
f 5253 5254 5350
f 5253 5350 5349
f 5254 5255 5351
f 5254 5351 5350
f 5255 5256 5352
f 5255 5352 5351
f 5256 5257 5353
f 5256 5353 5352
f 5257 5258 5354
f 5257 5354 5353
f 5258 5259 5355
f 5258 5355 5354
f 5259 5260 5356
f 5259 5356 5355
f 5260 5261 5357
f 5260 5357 5356
f 5261 5262 5358
f 5261 5358 5357
f 5262 5263 5359
f 5262 5359 5358
f 5263 5264 5360
f 5263 5360 5359
f 5264 5265 5361
f 5264 5361 5360
f 5265 5266 5362
f 5265 5362 5361
f 5266 5267 5363
f 5266 5363 5362
f 5267 5268 5364
f 5267 5364 5363
f 5268 5269 5365
f 5268 5365 5364
f 5269 5270 5366
f 5269 5366 5365
f 5270 5271 5367
f 5270 5367 5366
f 5271 5272 5368
f 5271 5368 5367
f 5272 5273 5369
f 5272 5369 5368
f 5273 5274 5370
f 5273 5370 5369
f 5274 5275 5371
f 5274 5371 5370
f 5275 5276 5372
f 5275 5372 5371
f 5276 5277 5373
f 5276 5373 5372
f 5277 5278 5374
f 5277 5374 5373
f 5278 5279 5375
f 5278 5375 5374
f 5279 5280 5376
f 5279 5376 5375
f 5280 5185 5281
f 5280 5281 5376
f 5281 5282 5378
f 5281 5378 5377
f 5282 5283 5379
f 5282 5379 5378
f 5283 5284 5380
f 5283 5380 5379
f 5284 5285 5381
f 5284 5381 5380
f 5285 5286 5382
f 5285 5382 5381
f 5286 5287 5383
f 5286 5383 5382
f 5287 5288 5384
f 5287 5384 5383
f 5288 5289 5385
f 5288 5385 5384
f 5289 5290 5386
f 5289 5386 5385
f 5290 5291 5387
f 5290 5387 5386
f 5291 5292 5388
f 5291 5388 5387
f 5292 5293 5389
f 5292 5389 5388
f 5293 5294 5390
f 5293 5390 5389
f 5294 5295 5391
f 5294 5391 5390
f 5295 5296 5392
f 5295 5392 5391
f 5296 5297 5393
f 5296 5393 5392
f 5297 5298 5394
f 5297 5394 5393
f 5298 5299 5395
f 5298 5395 5394
f 5299 5300 5396
f 5299 5396 5395
f 5300 5301 5397
f 5300 5397 5396
f 5301 5302 5398
f 5301 5398 5397
f 5302 5303 5399
f 5302 5399 5398
f 5303 5304 5400
f 5303 5400 5399
f 5304 5305 5401
f 5304 5401 5400
f 5305 5306 5402
f 5305 5402 5401
f 5306 5307 5403
f 5306 5403 5402
f 5307 5308 5404
f 5307 5404 5403
f 5308 5309 5405
f 5308 5405 5404
f 5309 5310 5406
f 5309 5406 5405
f 5310 5311 5407
f 5310 5407 5406
f 5311 5312 5408
f 5311 5408 5407
f 5312 5313 5409
f 5312 5409 5408
f 5313 5314 5410
f 5313 5410 5409
f 5314 5315 5411
f 5314 5411 5410
f 5315 5316 5412
f 5315 5412 5411
f 5316 5317 5413
f 5316 5413 5412
f 5317 5318 5414
f 5317 5414 5413
f 5318 5319 5415
f 5318 5415 5414
f 5319 5320 5416
f 5319 5416 5415
f 5320 5321 5417
f 5320 5417 5416
f 5321 5322 5418
f 5321 5418 5417
f 5322 5323 5419
f 5322 5419 5418
f 5323 5324 5420
f 5323 5420 5419
f 5324 5325 5421
f 5324 5421 5420
f 5325 5326 5422
f 5325 5422 5421
f 5326 5327 5423
f 5326 5423 5422
f 5327 5328 5424
f 5327 5424 5423
f 5328 5329 5425
f 5328 5425 5424
f 5329 5330 5426
f 5329 5426 5425
f 5330 5331 5427
f 5330 5427 5426
f 5331 5332 5428
f 5331 5428 5427
f 5332 5333 5429
f 5332 5429 5428
f 5333 5334 5430
f 5333 5430 5429
f 5334 5335 5431
f 5334 5431 5430
f 5335 5336 5432
f 5335 5432 5431
f 5336 5337 5433
f 5336 5433 5432
f 5337 5338 5434
f 5337 5434 5433
f 5338 5339 5435
f 5338 5435 5434
f 5339 5340 5436
f 5339 5436 5435
f 5340 5341 5437
f 5340 5437 5436
f 5341 5342 5438
f 5341 5438 5437
f 5342 5343 5439
f 5342 5439 5438
f 5343 5344 5440
f 5343 5440 5439
f 5344 5345 5441
f 5344 5441 5440
f 5345 5346 5442
f 5345 5442 5441
f 5346 5347 5443
f 5346 5443 5442
f 5347 5348 5444
f 5347 5444 5443
f 5348 5349 5445
f 5348 5445 5444
f 5349 5350 5446
f 5349 5446 5445
f 5350 5351 5447
f 5350 5447 5446
f 5351 5352 5448
f 5351 5448 5447
f 5352 5353 5449
f 5352 5449 5448
f 5353 5354 5450
f 5353 5450 5449
f 5354 5355 5451
f 5354 5451 5450
f 5355 5356 5452
f 5355 5452 5451
f 5356 5357 5453
f 5356 5453 5452
f 5357 5358 5454
f 5357 5454 5453
f 5358 5359 5455
f 5358 5455 5454
f 5359 5360 5456
f 5359 5456 5455
f 5360 5361 5457
f 5360 5457 5456
f 5361 5362 5458
f 5361 5458 5457
f 5362 5363 5459
f 5362 5459 5458
f 5363 5364 5460
f 5363 5460 5459
f 5364 5365 5461
f 5364 5461 5460
f 5365 5366 5462
f 5365 5462 5461
f 5366 5367 5463
f 5366 5463 5462
f 5367 5368 5464
f 5367 5464 5463
f 5368 5369 5465
f 5368 5465 5464
f 5369 5370 5466
f 5369 5466 5465
f 5370 5371 5467
f 5370 5467 5466
f 5371 5372 5468
f 5371 5468 5467
f 5372 5373 5469
f 5372 5469 5468
f 5373 5374 5470
f 5373 5470 5469
f 5374 5375 5471
f 5374 5471 5470
f 5375 5376 5472
f 5375 5472 5471
f 5376 5281 5377
f 5376 5377 5472
f 5377 5378 5474
f 5377 5474 5473
f 5378 5379 5475
f 5378 5475 5474
f 5379 5380 5476
f 5379 5476 5475
f 5380 5381 5477
f 5380 5477 5476
f 5381 5382 5478
f 5381 5478 5477
f 5382 5383 5479
f 5382 5479 5478
f 5383 5384 5480
f 5383 5480 5479
f 5384 5385 5481
f 5384 5481 5480
f 5385 5386 5482
f 5385 5482 5481
f 5386 5387 5483
f 5386 5483 5482
f 5387 5388 5484
f 5387 5484 5483
f 5388 5389 5485
f 5388 5485 5484
f 5389 5390 5486
f 5389 5486 5485
f 5390 5391 5487
f 5390 5487 5486
f 5391 5392 5488
f 5391 5488 5487
f 5392 5393 5489
f 5392 5489 5488
f 5393 5394 5490
f 5393 5490 5489
f 5394 5395 5491
f 5394 5491 5490
f 5395 5396 5492
f 5395 5492 5491
f 5396 5397 5493
f 5396 5493 5492
f 5397 5398 5494
f 5397 5494 5493
f 5398 5399 5495
f 5398 5495 5494
f 5399 5400 5496
f 5399 5496 5495
f 5400 5401 5497
f 5400 5497 5496
f 5401 5402 5498
f 5401 5498 5497
f 5402 5403 5499
f 5402 5499 5498
f 5403 5404 5500
f 5403 5500 5499
f 5404 5405 5501
f 5404 5501 5500
f 5405 5406 5502
f 5405 5502 5501
f 5406 5407 5503
f 5406 5503 5502
f 5407 5408 5504
f 5407 5504 5503
f 5408 5409 5505
f 5408 5505 5504
f 5409 5410 5506
f 5409 5506 5505
f 5410 5411 5507
f 5410 5507 5506
f 5411 5412 5508
f 5411 5508 5507
f 5412 5413 5509
f 5412 5509 5508
f 5413 5414 5510
f 5413 5510 5509
f 5414 5415 5511
f 5414 5511 5510
f 5415 5416 5512
f 5415 5512 5511
f 5416 5417 5513
f 5416 5513 5512
f 5417 5418 5514
f 5417 5514 5513
f 5418 5419 5515
f 5418 5515 5514
f 5419 5420 5516
f 5419 5516 5515
f 5420 5421 5517
f 5420 5517 5516
f 5421 5422 5518
f 5421 5518 5517
f 5422 5423 5519
f 5422 5519 5518
f 5423 5424 5520
f 5423 5520 5519
f 5424 5425 5521
f 5424 5521 5520
f 5425 5426 5522
f 5425 5522 5521
f 5426 5427 5523
f 5426 5523 5522
f 5427 5428 5524
f 5427 5524 5523
f 5428 5429 5525
f 5428 5525 5524
f 5429 5430 5526
f 5429 5526 5525
f 5430 5431 5527
f 5430 5527 5526
f 5431 5432 5528
f 5431 5528 5527
f 5432 5433 5529
f 5432 5529 5528
f 5433 5434 5530
f 5433 5530 5529
f 5434 5435 5531
f 5434 5531 5530
f 5435 5436 5532
f 5435 5532 5531
f 5436 5437 5533
f 5436 5533 5532
f 5437 5438 5534
f 5437 5534 5533
f 5438 5439 5535
f 5438 5535 5534
f 5439 5440 5536
f 5439 5536 5535
f 5440 5441 5537
f 5440 5537 5536
f 5441 5442 5538
f 5441 5538 5537
f 5442 5443 5539
f 5442 5539 5538
f 5443 5444 5540
f 5443 5540 5539
f 5444 5445 5541
f 5444 5541 5540
f 5445 5446 5542
f 5445 5542 5541
f 5446 5447 5543
f 5446 5543 5542
f 5447 5448 5544
f 5447 5544 5543
f 5448 5449 5545
f 5448 5545 5544
f 5449 5450 5546
f 5449 5546 5545
f 5450 5451 5547
f 5450 5547 5546
f 5451 5452 5548
f 5451 5548 5547
f 5452 5453 5549
f 5452 5549 5548
f 5453 5454 5550
f 5453 5550 5549
f 5454 5455 5551
f 5454 5551 5550
f 5455 5456 5552
f 5455 5552 5551
f 5456 5457 5553
f 5456 5553 5552
f 5457 5458 5554
f 5457 5554 5553
f 5458 5459 5555
f 5458 5555 5554
f 5459 5460 5556
f 5459 5556 5555
f 5460 5461 5557
f 5460 5557 5556
f 5461 5462 5558
f 5461 5558 5557
f 5462 5463 5559
f 5462 5559 5558
f 5463 5464 5560
f 5463 5560 5559
f 5464 5465 5561
f 5464 5561 5560
f 5465 5466 5562
f 5465 5562 5561
f 5466 5467 5563
f 5466 5563 5562
f 5467 5468 5564
f 5467 5564 5563
f 5468 5469 5565
f 5468 5565 5564
f 5469 5470 5566
f 5469 5566 5565
f 5470 5471 5567
f 5470 5567 5566
f 5471 5472 5568
f 5471 5568 5567
f 5472 5377 5473
f 5472 5473 5568
f 5473 5474 5570
f 5473 5570 5569
f 5474 5475 5571
f 5474 5571 5570
f 5475 5476 5572
f 5475 5572 5571
f 5476 5477 5573
f 5476 5573 5572
f 5477 5478 5574
f 5477 5574 5573
f 5478 5479 5575
f 5478 5575 5574
f 5479 5480 5576
f 5479 5576 5575
f 5480 5481 5577
f 5480 5577 5576
f 5481 5482 5578
f 5481 5578 5577
f 5482 5483 5579
f 5482 5579 5578
f 5483 5484 5580
f 5483 5580 5579
f 5484 5485 5581
f 5484 5581 5580
f 5485 5486 5582
f 5485 5582 5581
f 5486 5487 5583
f 5486 5583 5582
f 5487 5488 5584
f 5487 5584 5583
f 5488 5489 5585
f 5488 5585 5584
f 5489 5490 5586
f 5489 5586 5585
f 5490 5491 5587
f 5490 5587 5586
f 5491 5492 5588
f 5491 5588 5587
f 5492 5493 5589
f 5492 5589 5588
f 5493 5494 5590
f 5493 5590 5589
f 5494 5495 5591
f 5494 5591 5590
f 5495 5496 5592
f 5495 5592 5591
f 5496 5497 5593
f 5496 5593 5592
f 5497 5498 5594
f 5497 5594 5593
f 5498 5499 5595
f 5498 5595 5594
f 5499 5500 5596
f 5499 5596 5595
f 5500 5501 5597
f 5500 5597 5596
f 5501 5502 5598
f 5501 5598 5597
f 5502 5503 5599
f 5502 5599 5598
f 5503 5504 5600
f 5503 5600 5599
f 5504 5505 5601
f 5504 5601 5600
f 5505 5506 5602
f 5505 5602 5601
f 5506 5507 5603
f 5506 5603 5602
f 5507 5508 5604
f 5507 5604 5603
f 5508 5509 5605
f 5508 5605 5604
f 5509 5510 5606
f 5509 5606 5605
f 5510 5511 5607
f 5510 5607 5606
f 5511 5512 5608
f 5511 5608 5607
f 5512 5513 5609
f 5512 5609 5608
f 5513 5514 5610
f 5513 5610 5609
f 5514 5515 5611
f 5514 5611 5610
f 5515 5516 5612
f 5515 5612 5611
f 5516 5517 5613
f 5516 5613 5612
f 5517 5518 5614
f 5517 5614 5613
f 5518 5519 5615
f 5518 5615 5614
f 5519 5520 5616
f 5519 5616 5615
f 5520 5521 5617
f 5520 5617 5616
f 5521 5522 5618
f 5521 5618 5617
f 5522 5523 5619
f 5522 5619 5618
f 5523 5524 5620
f 5523 5620 5619
f 5524 5525 5621
f 5524 5621 5620
f 5525 5526 5622
f 5525 5622 5621
f 5526 5527 5623
f 5526 5623 5622
f 5527 5528 5624
f 5527 5624 5623
f 5528 5529 5625
f 5528 5625 5624
f 5529 5530 5626
f 5529 5626 5625
f 5530 5531 5627
f 5530 5627 5626
f 5531 5532 5628
f 5531 5628 5627
f 5532 5533 5629
f 5532 5629 5628
f 5533 5534 5630
f 5533 5630 5629
f 5534 5535 5631
f 5534 5631 5630
f 5535 5536 5632
f 5535 5632 5631
f 5536 5537 5633
f 5536 5633 5632
f 5537 5538 5634
f 5537 5634 5633
f 5538 5539 5635
f 5538 5635 5634
f 5539 5540 5636
f 5539 5636 5635
f 5540 5541 5637
f 5540 5637 5636
f 5541 5542 5638
f 5541 5638 5637
f 5542 5543 5639
f 5542 5639 5638
f 5543 5544 5640
f 5543 5640 5639
f 5544 5545 5641
f 5544 5641 5640
f 5545 5546 5642
f 5545 5642 5641
f 5546 5547 5643
f 5546 5643 5642
f 5547 5548 5644
f 5547 5644 5643
f 5548 5549 5645
f 5548 5645 5644
f 5549 5550 5646
f 5549 5646 5645
f 5550 5551 5647
f 5550 5647 5646
f 5551 5552 5648
f 5551 5648 5647
f 5552 5553 5649
f 5552 5649 5648
f 5553 5554 5650
f 5553 5650 5649
f 5554 5555 5651
f 5554 5651 5650
f 5555 5556 5652
f 5555 5652 5651
f 5556 5557 5653
f 5556 5653 5652
f 5557 5558 5654
f 5557 5654 5653
f 5558 5559 5655
f 5558 5655 5654
f 5559 5560 5656
f 5559 5656 5655
f 5560 5561 5657
f 5560 5657 5656
f 5561 5562 5658
f 5561 5658 5657
f 5562 5563 5659
f 5562 5659 5658
f 5563 5564 5660
f 5563 5660 5659
f 5564 5565 5661
f 5564 5661 5660
f 5565 5566 5662
f 5565 5662 5661
f 5566 5567 5663
f 5566 5663 5662
f 5567 5568 5664
f 5567 5664 5663
f 5568 5473 5569
f 5568 5569 5664
f 5569 5570 5666
f 5569 5666 5665
f 5570 5571 5667
f 5570 5667 5666
f 5571 5572 5668
f 5571 5668 5667
f 5572 5573 5669
f 5572 5669 5668
f 5573 5574 5670
f 5573 5670 5669
f 5574 5575 5671
f 5574 5671 5670
f 5575 5576 5672
f 5575 5672 5671
f 5576 5577 5673
f 5576 5673 5672
f 5577 5578 5674
f 5577 5674 5673
f 5578 5579 5675
f 5578 5675 5674
f 5579 5580 5676
f 5579 5676 5675
f 5580 5581 5677
f 5580 5677 5676
f 5581 5582 5678
f 5581 5678 5677
f 5582 5583 5679
f 5582 5679 5678
f 5583 5584 5680
f 5583 5680 5679
f 5584 5585 5681
f 5584 5681 5680
f 5585 5586 5682
f 5585 5682 5681
f 5586 5587 5683
f 5586 5683 5682
f 5587 5588 5684
f 5587 5684 5683
f 5588 5589 5685
f 5588 5685 5684
f 5589 5590 5686
f 5589 5686 5685
f 5590 5591 5687
f 5590 5687 5686
f 5591 5592 5688
f 5591 5688 5687
f 5592 5593 5689
f 5592 5689 5688
f 5593 5594 5690
f 5593 5690 5689
f 5594 5595 5691
f 5594 5691 5690
f 5595 5596 5692
f 5595 5692 5691
f 5596 5597 5693
f 5596 5693 5692
f 5597 5598 5694
f 5597 5694 5693
f 5598 5599 5695
f 5598 5695 5694
f 5599 5600 5696
f 5599 5696 5695
f 5600 5601 5697
f 5600 5697 5696
f 5601 5602 5698
f 5601 5698 5697
f 5602 5603 5699
f 5602 5699 5698
f 5603 5604 5700
f 5603 5700 5699
f 5604 5605 5701
f 5604 5701 5700
f 5605 5606 5702
f 5605 5702 5701
f 5606 5607 5703
f 5606 5703 5702
f 5607 5608 5704
f 5607 5704 5703
f 5608 5609 5705
f 5608 5705 5704
f 5609 5610 5706
f 5609 5706 5705
f 5610 5611 5707
f 5610 5707 5706
f 5611 5612 5708
f 5611 5708 5707
f 5612 5613 5709
f 5612 5709 5708
f 5613 5614 5710
f 5613 5710 5709
f 5614 5615 5711
f 5614 5711 5710
f 5615 5616 5712
f 5615 5712 5711
f 5616 5617 5713
f 5616 5713 5712
f 5617 5618 5714
f 5617 5714 5713
f 5618 5619 5715
f 5618 5715 5714
f 5619 5620 5716
f 5619 5716 5715
f 5620 5621 5717
f 5620 5717 5716
f 5621 5622 5718
f 5621 5718 5717
f 5622 5623 5719
f 5622 5719 5718
f 5623 5624 5720
f 5623 5720 5719
f 5624 5625 5721
f 5624 5721 5720
f 5625 5626 5722
f 5625 5722 5721
f 5626 5627 5723
f 5626 5723 5722
f 5627 5628 5724
f 5627 5724 5723
f 5628 5629 5725
f 5628 5725 5724
f 5629 5630 5726
f 5629 5726 5725
f 5630 5631 5727
f 5630 5727 5726
f 5631 5632 5728
f 5631 5728 5727
f 5632 5633 5729
f 5632 5729 5728
f 5633 5634 5730
f 5633 5730 5729
f 5634 5635 5731
f 5634 5731 5730
f 5635 5636 5732
f 5635 5732 5731
f 5636 5637 5733
f 5636 5733 5732
f 5637 5638 5734
f 5637 5734 5733
f 5638 5639 5735
f 5638 5735 5734
f 5639 5640 5736
f 5639 5736 5735
f 5640 5641 5737
f 5640 5737 5736
f 5641 5642 5738
f 5641 5738 5737
f 5642 5643 5739
f 5642 5739 5738
f 5643 5644 5740
f 5643 5740 5739
f 5644 5645 5741
f 5644 5741 5740
f 5645 5646 5742
f 5645 5742 5741
f 5646 5647 5743
f 5646 5743 5742
f 5647 5648 5744
f 5647 5744 5743
f 5648 5649 5745
f 5648 5745 5744
f 5649 5650 5746
f 5649 5746 5745
f 5650 5651 5747
f 5650 5747 5746
f 5651 5652 5748
f 5651 5748 5747
f 5652 5653 5749
f 5652 5749 5748
f 5653 5654 5750
f 5653 5750 5749
f 5654 5655 5751
f 5654 5751 5750
f 5655 5656 5752
f 5655 5752 5751
f 5656 5657 5753
f 5656 5753 5752
f 5657 5658 5754
f 5657 5754 5753
f 5658 5659 5755
f 5658 5755 5754
f 5659 5660 5756
f 5659 5756 5755
f 5660 5661 5757
f 5660 5757 5756
f 5661 5662 5758
f 5661 5758 5757
f 5662 5663 5759
f 5662 5759 5758
f 5663 5664 5760
f 5663 5760 5759
f 5664 5569 5665
f 5664 5665 5760
f 5665 5666 5762
f 5665 5762 5761
f 5666 5667 5763
f 5666 5763 5762
f 5667 5668 5764
f 5667 5764 5763
f 5668 5669 5765
f 5668 5765 5764
f 5669 5670 5766
f 5669 5766 5765
f 5670 5671 5767
f 5670 5767 5766
f 5671 5672 5768
f 5671 5768 5767
f 5672 5673 5769
f 5672 5769 5768
f 5673 5674 5770
f 5673 5770 5769
f 5674 5675 5771
f 5674 5771 5770
f 5675 5676 5772
f 5675 5772 5771
f 5676 5677 5773
f 5676 5773 5772
f 5677 5678 5774
f 5677 5774 5773
f 5678 5679 5775
f 5678 5775 5774
f 5679 5680 5776
f 5679 5776 5775
f 5680 5681 5777
f 5680 5777 5776
f 5681 5682 5778
f 5681 5778 5777
f 5682 5683 5779
f 5682 5779 5778
f 5683 5684 5780
f 5683 5780 5779
f 5684 5685 5781
f 5684 5781 5780
f 5685 5686 5782
f 5685 5782 5781
f 5686 5687 5783
f 5686 5783 5782
f 5687 5688 5784
f 5687 5784 5783
f 5688 5689 5785
f 5688 5785 5784
f 5689 5690 5786
f 5689 5786 5785
f 5690 5691 5787
f 5690 5787 5786
f 5691 5692 5788
f 5691 5788 5787
f 5692 5693 5789
f 5692 5789 5788
f 5693 5694 5790
f 5693 5790 5789
f 5694 5695 5791
f 5694 5791 5790
f 5695 5696 5792
f 5695 5792 5791
f 5696 5697 5793
f 5696 5793 5792
f 5697 5698 5794
f 5697 5794 5793
f 5698 5699 5795
f 5698 5795 5794
f 5699 5700 5796
f 5699 5796 5795
f 5700 5701 5797
f 5700 5797 5796
f 5701 5702 5798
f 5701 5798 5797
f 5702 5703 5799
f 5702 5799 5798
f 5703 5704 5800
f 5703 5800 5799
f 5704 5705 5801
f 5704 5801 5800
f 5705 5706 5802
f 5705 5802 5801
f 5706 5707 5803
f 5706 5803 5802
f 5707 5708 5804
f 5707 5804 5803
f 5708 5709 5805
f 5708 5805 5804
f 5709 5710 5806
f 5709 5806 5805
f 5710 5711 5807
f 5710 5807 5806
f 5711 5712 5808
f 5711 5808 5807
f 5712 5713 5809
f 5712 5809 5808
f 5713 5714 5810
f 5713 5810 5809
f 5714 5715 5811
f 5714 5811 5810
f 5715 5716 5812
f 5715 5812 5811
f 5716 5717 5813
f 5716 5813 5812
f 5717 5718 5814
f 5717 5814 5813
f 5718 5719 5815
f 5718 5815 5814
f 5719 5720 5816
f 5719 5816 5815
f 5720 5721 5817
f 5720 5817 5816
f 5721 5722 5818
f 5721 5818 5817
f 5722 5723 5819
f 5722 5819 5818
f 5723 5724 5820
f 5723 5820 5819
f 5724 5725 5821
f 5724 5821 5820
f 5725 5726 5822
f 5725 5822 5821
f 5726 5727 5823
f 5726 5823 5822
f 5727 5728 5824
f 5727 5824 5823
f 5728 5729 5825
f 5728 5825 5824
f 5729 5730 5826
f 5729 5826 5825
f 5730 5731 5827
f 5730 5827 5826
f 5731 5732 5828
f 5731 5828 5827
f 5732 5733 5829
f 5732 5829 5828
f 5733 5734 5830
f 5733 5830 5829
f 5734 5735 5831
f 5734 5831 5830
f 5735 5736 5832
f 5735 5832 5831
f 5736 5737 5833
f 5736 5833 5832
f 5737 5738 5834
f 5737 5834 5833
f 5738 5739 5835
f 5738 5835 5834
f 5739 5740 5836
f 5739 5836 5835
f 5740 5741 5837
f 5740 5837 5836
f 5741 5742 5838
f 5741 5838 5837
f 5742 5743 5839
f 5742 5839 5838
f 5743 5744 5840
f 5743 5840 5839
f 5744 5745 5841
f 5744 5841 5840
f 5745 5746 5842
f 5745 5842 5841
f 5746 5747 5843
f 5746 5843 5842
f 5747 5748 5844
f 5747 5844 5843
f 5748 5749 5845
f 5748 5845 5844
f 5749 5750 5846
f 5749 5846 5845
f 5750 5751 5847
f 5750 5847 5846
f 5751 5752 5848
f 5751 5848 5847
f 5752 5753 5849
f 5752 5849 5848
f 5753 5754 5850
f 5753 5850 5849
f 5754 5755 5851
f 5754 5851 5850
f 5755 5756 5852
f 5755 5852 5851
f 5756 5757 5853
f 5756 5853 5852
f 5757 5758 5854
f 5757 5854 5853
f 5758 5759 5855
f 5758 5855 5854
f 5759 5760 5856
f 5759 5856 5855
f 5760 5665 5761
f 5760 5761 5856
f 5761 5762 5858
f 5761 5858 5857
f 5762 5763 5859
f 5762 5859 5858
f 5763 5764 5860
f 5763 5860 5859
f 5764 5765 5861
f 5764 5861 5860
f 5765 5766 5862
f 5765 5862 5861
f 5766 5767 5863
f 5766 5863 5862
f 5767 5768 5864
f 5767 5864 5863
f 5768 5769 5865
f 5768 5865 5864
f 5769 5770 5866
f 5769 5866 5865
f 5770 5771 5867
f 5770 5867 5866
f 5771 5772 5868
f 5771 5868 5867
f 5772 5773 5869
f 5772 5869 5868
f 5773 5774 5870
f 5773 5870 5869
f 5774 5775 5871
f 5774 5871 5870
f 5775 5776 5872
f 5775 5872 5871
f 5776 5777 5873
f 5776 5873 5872
f 5777 5778 5874
f 5777 5874 5873
f 5778 5779 5875
f 5778 5875 5874
f 5779 5780 5876
f 5779 5876 5875
f 5780 5781 5877
f 5780 5877 5876
f 5781 5782 5878
f 5781 5878 5877
f 5782 5783 5879
f 5782 5879 5878
f 5783 5784 5880
f 5783 5880 5879
f 5784 5785 5881
f 5784 5881 5880
f 5785 5786 5882
f 5785 5882 5881
f 5786 5787 5883
f 5786 5883 5882
f 5787 5788 5884
f 5787 5884 5883
f 5788 5789 5885
f 5788 5885 5884
f 5789 5790 5886
f 5789 5886 5885
f 5790 5791 5887
f 5790 5887 5886
f 5791 5792 5888
f 5791 5888 5887
f 5792 5793 5889
f 5792 5889 5888
f 5793 5794 5890
f 5793 5890 5889
f 5794 5795 5891
f 5794 5891 5890
f 5795 5796 5892
f 5795 5892 5891
f 5796 5797 5893
f 5796 5893 5892
f 5797 5798 5894
f 5797 5894 5893
f 5798 5799 5895
f 5798 5895 5894
f 5799 5800 5896
f 5799 5896 5895
f 5800 5801 5897
f 5800 5897 5896
f 5801 5802 5898
f 5801 5898 5897
f 5802 5803 5899
f 5802 5899 5898
f 5803 5804 5900
f 5803 5900 5899
f 5804 5805 5901
f 5804 5901 5900
f 5805 5806 5902
f 5805 5902 5901
f 5806 5807 5903
f 5806 5903 5902
f 5807 5808 5904
f 5807 5904 5903
f 5808 5809 5905
f 5808 5905 5904
f 5809 5810 5906
f 5809 5906 5905
f 5810 5811 5907
f 5810 5907 5906
f 5811 5812 5908
f 5811 5908 5907
f 5812 5813 5909
f 5812 5909 5908
f 5813 5814 5910
f 5813 5910 5909
f 5814 5815 5911
f 5814 5911 5910
f 5815 5816 5912
f 5815 5912 5911
f 5816 5817 5913
f 5816 5913 5912
f 5817 5818 5914
f 5817 5914 5913
f 5818 5819 5915
f 5818 5915 5914
f 5819 5820 5916
f 5819 5916 5915
f 5820 5821 5917
f 5820 5917 5916
f 5821 5822 5918
f 5821 5918 5917
f 5822 5823 5919
f 5822 5919 5918
f 5823 5824 5920
f 5823 5920 5919
f 5824 5825 5921
f 5824 5921 5920
f 5825 5826 5922
f 5825 5922 5921
f 5826 5827 5923
f 5826 5923 5922
f 5827 5828 5924
f 5827 5924 5923
f 5828 5829 5925
f 5828 5925 5924
f 5829 5830 5926
f 5829 5926 5925
f 5830 5831 5927
f 5830 5927 5926
f 5831 5832 5928
f 5831 5928 5927
f 5832 5833 5929
f 5832 5929 5928
f 5833 5834 5930
f 5833 5930 5929
f 5834 5835 5931
f 5834 5931 5930
f 5835 5836 5932
f 5835 5932 5931
f 5836 5837 5933
f 5836 5933 5932
f 5837 5838 5934
f 5837 5934 5933
f 5838 5839 5935
f 5838 5935 5934
f 5839 5840 5936
f 5839 5936 5935
f 5840 5841 5937
f 5840 5937 5936
f 5841 5842 5938
f 5841 5938 5937
f 5842 5843 5939
f 5842 5939 5938
f 5843 5844 5940
f 5843 5940 5939
f 5844 5845 5941
f 5844 5941 5940
f 5845 5846 5942
f 5845 5942 5941
f 5846 5847 5943
f 5846 5943 5942
f 5847 5848 5944
f 5847 5944 5943
f 5848 5849 5945
f 5848 5945 5944
f 5849 5850 5946
f 5849 5946 5945
f 5850 5851 5947
f 5850 5947 5946
f 5851 5852 5948
f 5851 5948 5947
f 5852 5853 5949
f 5852 5949 5948
f 5853 5854 5950
f 5853 5950 5949
f 5854 5855 5951
f 5854 5951 5950
f 5855 5856 5952
f 5855 5952 5951
f 5856 5761 5857
f 5856 5857 5952
f 5857 5858 5954
f 5857 5954 5953
f 5858 5859 5955
f 5858 5955 5954
f 5859 5860 5956
f 5859 5956 5955
f 5860 5861 5957
f 5860 5957 5956
f 5861 5862 5958
f 5861 5958 5957
f 5862 5863 5959
f 5862 5959 5958
f 5863 5864 5960
f 5863 5960 5959
f 5864 5865 5961
f 5864 5961 5960
f 5865 5866 5962
f 5865 5962 5961
f 5866 5867 5963
f 5866 5963 5962
f 5867 5868 5964
f 5867 5964 5963
f 5868 5869 5965
f 5868 5965 5964
f 5869 5870 5966
f 5869 5966 5965
f 5870 5871 5967
f 5870 5967 5966
f 5871 5872 5968
f 5871 5968 5967
f 5872 5873 5969
f 5872 5969 5968
f 5873 5874 5970
f 5873 5970 5969
f 5874 5875 5971
f 5874 5971 5970
f 5875 5876 5972
f 5875 5972 5971
f 5876 5877 5973
f 5876 5973 5972
f 5877 5878 5974
f 5877 5974 5973
f 5878 5879 5975
f 5878 5975 5974
f 5879 5880 5976
f 5879 5976 5975
f 5880 5881 5977
f 5880 5977 5976
f 5881 5882 5978
f 5881 5978 5977
f 5882 5883 5979
f 5882 5979 5978
f 5883 5884 5980
f 5883 5980 5979
f 5884 5885 5981
f 5884 5981 5980
f 5885 5886 5982
f 5885 5982 5981
f 5886 5887 5983
f 5886 5983 5982
f 5887 5888 5984
f 5887 5984 5983
f 5888 5889 5985
f 5888 5985 5984
f 5889 5890 5986
f 5889 5986 5985
f 5890 5891 5987
f 5890 5987 5986
f 5891 5892 5988
f 5891 5988 5987
f 5892 5893 5989
f 5892 5989 5988
f 5893 5894 5990
f 5893 5990 5989
f 5894 5895 5991
f 5894 5991 5990
f 5895 5896 5992
f 5895 5992 5991
f 5896 5897 5993
f 5896 5993 5992
f 5897 5898 5994
f 5897 5994 5993
f 5898 5899 5995
f 5898 5995 5994
f 5899 5900 5996
f 5899 5996 5995
f 5900 5901 5997
f 5900 5997 5996
f 5901 5902 5998
f 5901 5998 5997
f 5902 5903 5999
f 5902 5999 5998
f 5903 5904 6000
f 5903 6000 5999
f 5904 5905 6001
f 5904 6001 6000
f 5905 5906 6002
f 5905 6002 6001
f 5906 5907 6003
f 5906 6003 6002
f 5907 5908 6004
f 5907 6004 6003
f 5908 5909 6005
f 5908 6005 6004
f 5909 5910 6006
f 5909 6006 6005
f 5910 5911 6007
f 5910 6007 6006
f 5911 5912 6008
f 5911 6008 6007
f 5912 5913 6009
f 5912 6009 6008
f 5913 5914 6010
f 5913 6010 6009
f 5914 5915 6011
f 5914 6011 6010
f 5915 5916 6012
f 5915 6012 6011
f 5916 5917 6013
f 5916 6013 6012
f 5917 5918 6014
f 5917 6014 6013
f 5918 5919 6015
f 5918 6015 6014
f 5919 5920 6016
f 5919 6016 6015
f 5920 5921 6017
f 5920 6017 6016
f 5921 5922 6018
f 5921 6018 6017
f 5922 5923 6019
f 5922 6019 6018
f 5923 5924 6020
f 5923 6020 6019
f 5924 5925 6021
f 5924 6021 6020
f 5925 5926 6022
f 5925 6022 6021
f 5926 5927 6023
f 5926 6023 6022
f 5927 5928 6024
f 5927 6024 6023
f 5928 5929 6025
f 5928 6025 6024
f 5929 5930 6026
f 5929 6026 6025
f 5930 5931 6027
f 5930 6027 6026
f 5931 5932 6028
f 5931 6028 6027
f 5932 5933 6029
f 5932 6029 6028
f 5933 5934 6030
f 5933 6030 6029
f 5934 5935 6031
f 5934 6031 6030
f 5935 5936 6032
f 5935 6032 6031
f 5936 5937 6033
f 5936 6033 6032
f 5937 5938 6034
f 5937 6034 6033
f 5938 5939 6035
f 5938 6035 6034
f 5939 5940 6036
f 5939 6036 6035
f 5940 5941 6037
f 5940 6037 6036
f 5941 5942 6038
f 5941 6038 6037
f 5942 5943 6039
f 5942 6039 6038
f 5943 5944 6040
f 5943 6040 6039
f 5944 5945 6041
f 5944 6041 6040
f 5945 5946 6042
f 5945 6042 6041
f 5946 5947 6043
f 5946 6043 6042
f 5947 5948 6044
f 5947 6044 6043
f 5948 5949 6045
f 5948 6045 6044
f 5949 5950 6046
f 5949 6046 6045
f 5950 5951 6047
f 5950 6047 6046
f 5951 5952 6048
f 5951 6048 6047
f 5952 5857 5953
f 5952 5953 6048
f 5953 5954 6050
f 5953 6050 6049
f 5954 5955 6051
f 5954 6051 6050
f 5955 5956 6052
f 5955 6052 6051
f 5956 5957 6053
f 5956 6053 6052
f 5957 5958 6054
f 5957 6054 6053
f 5958 5959 6055
f 5958 6055 6054
f 5959 5960 6056
f 5959 6056 6055
f 5960 5961 6057
f 5960 6057 6056
f 5961 5962 6058
f 5961 6058 6057
f 5962 5963 6059
f 5962 6059 6058
f 5963 5964 6060
f 5963 6060 6059
f 5964 5965 6061
f 5964 6061 6060
f 5965 5966 6062
f 5965 6062 6061
f 5966 5967 6063
f 5966 6063 6062
f 5967 5968 6064
f 5967 6064 6063
f 5968 5969 6065
f 5968 6065 6064
f 5969 5970 6066
f 5969 6066 6065
f 5970 5971 6067
f 5970 6067 6066
f 5971 5972 6068
f 5971 6068 6067
f 5972 5973 6069
f 5972 6069 6068
f 5973 5974 6070
f 5973 6070 6069
f 5974 5975 6071
f 5974 6071 6070
f 5975 5976 6072
f 5975 6072 6071
f 5976 5977 6073
f 5976 6073 6072
f 5977 5978 6074
f 5977 6074 6073
f 5978 5979 6075
f 5978 6075 6074
f 5979 5980 6076
f 5979 6076 6075
f 5980 5981 6077
f 5980 6077 6076
f 5981 5982 6078
f 5981 6078 6077
f 5982 5983 6079
f 5982 6079 6078
f 5983 5984 6080
f 5983 6080 6079
f 5984 5985 6081
f 5984 6081 6080
f 5985 5986 6082
f 5985 6082 6081
f 5986 5987 6083
f 5986 6083 6082
f 5987 5988 6084
f 5987 6084 6083
f 5988 5989 6085
f 5988 6085 6084
f 5989 5990 6086
f 5989 6086 6085
f 5990 5991 6087
f 5990 6087 6086
f 5991 5992 6088
f 5991 6088 6087
f 5992 5993 6089
f 5992 6089 6088
f 5993 5994 6090
f 5993 6090 6089
f 5994 5995 6091
f 5994 6091 6090
f 5995 5996 6092
f 5995 6092 6091
f 5996 5997 6093
f 5996 6093 6092
f 5997 5998 6094
f 5997 6094 6093
f 5998 5999 6095
f 5998 6095 6094
f 5999 6000 6096
f 5999 6096 6095
f 6000 6001 6097
f 6000 6097 6096
f 6001 6002 6098
f 6001 6098 6097
f 6002 6003 6099
f 6002 6099 6098
f 6003 6004 6100
f 6003 6100 6099
f 6004 6005 6101
f 6004 6101 6100
f 6005 6006 6102
f 6005 6102 6101
f 6006 6007 6103
f 6006 6103 6102
f 6007 6008 6104
f 6007 6104 6103
f 6008 6009 6105
f 6008 6105 6104
f 6009 6010 6106
f 6009 6106 6105
f 6010 6011 6107
f 6010 6107 6106
f 6011 6012 6108
f 6011 6108 6107
f 6012 6013 6109
f 6012 6109 6108
f 6013 6014 6110
f 6013 6110 6109
f 6014 6015 6111
f 6014 6111 6110
f 6015 6016 6112
f 6015 6112 6111
f 6016 6017 6113
f 6016 6113 6112
f 6017 6018 6114
f 6017 6114 6113
f 6018 6019 6115
f 6018 6115 6114
f 6019 6020 6116
f 6019 6116 6115
f 6020 6021 6117
f 6020 6117 6116
f 6021 6022 6118
f 6021 6118 6117
f 6022 6023 6119
f 6022 6119 6118
f 6023 6024 6120
f 6023 6120 6119
f 6024 6025 6121
f 6024 6121 6120
f 6025 6026 6122
f 6025 6122 6121
f 6026 6027 6123
f 6026 6123 6122
f 6027 6028 6124
f 6027 6124 6123
f 6028 6029 6125
f 6028 6125 6124
f 6029 6030 6126
f 6029 6126 6125
f 6030 6031 6127
f 6030 6127 6126
f 6031 6032 6128
f 6031 6128 6127
f 6032 6033 6129
f 6032 6129 6128
f 6033 6034 6130
f 6033 6130 6129
f 6034 6035 6131
f 6034 6131 6130
f 6035 6036 6132
f 6035 6132 6131
f 6036 6037 6133
f 6036 6133 6132
f 6037 6038 6134
f 6037 6134 6133
f 6038 6039 6135
f 6038 6135 6134
f 6039 6040 6136
f 6039 6136 6135
f 6040 6041 6137
f 6040 6137 6136
f 6041 6042 6138
f 6041 6138 6137
f 6042 6043 6139
f 6042 6139 6138
f 6043 6044 6140
f 6043 6140 6139
f 6044 6045 6141
f 6044 6141 6140
f 6045 6046 6142
f 6045 6142 6141
f 6046 6047 6143
f 6046 6143 6142
f 6047 6048 6144
f 6047 6144 6143
f 6048 5953 6049
f 6048 6049 6144
f 6049 6050 6146
f 6049 6146 6145
f 6050 6051 6147
f 6050 6147 6146
f 6051 6052 6148
f 6051 6148 6147
f 6052 6053 6149
f 6052 6149 6148
f 6053 6054 6150
f 6053 6150 6149
f 6054 6055 6151
f 6054 6151 6150
f 6055 6056 6152
f 6055 6152 6151
f 6056 6057 6153
f 6056 6153 6152
f 6057 6058 6154
f 6057 6154 6153
f 6058 6059 6155
f 6058 6155 6154
f 6059 6060 6156
f 6059 6156 6155
f 6060 6061 6157
f 6060 6157 6156
f 6061 6062 6158
f 6061 6158 6157
f 6062 6063 6159
f 6062 6159 6158
f 6063 6064 6160
f 6063 6160 6159
f 6064 6065 6161
f 6064 6161 6160
f 6065 6066 6162
f 6065 6162 6161
f 6066 6067 6163
f 6066 6163 6162
f 6067 6068 6164
f 6067 6164 6163
f 6068 6069 6165
f 6068 6165 6164
f 6069 6070 6166
f 6069 6166 6165
f 6070 6071 6167
f 6070 6167 6166
f 6071 6072 6168
f 6071 6168 6167
f 6072 6073 6169
f 6072 6169 6168
f 6073 6074 6170
f 6073 6170 6169
f 6074 6075 6171
f 6074 6171 6170
f 6075 6076 6172
f 6075 6172 6171
f 6076 6077 6173
f 6076 6173 6172
f 6077 6078 6174
f 6077 6174 6173
f 6078 6079 6175
f 6078 6175 6174
f 6079 6080 6176
f 6079 6176 6175
f 6080 6081 6177
f 6080 6177 6176
f 6081 6082 6178
f 6081 6178 6177
f 6082 6083 6179
f 6082 6179 6178
f 6083 6084 6180
f 6083 6180 6179
f 6084 6085 6181
f 6084 6181 6180
f 6085 6086 6182
f 6085 6182 6181
f 6086 6087 6183
f 6086 6183 6182
f 6087 6088 6184
f 6087 6184 6183
f 6088 6089 6185
f 6088 6185 6184
f 6089 6090 6186
f 6089 6186 6185
f 6090 6091 6187
f 6090 6187 6186
f 6091 6092 6188
f 6091 6188 6187
f 6092 6093 6189
f 6092 6189 6188
f 6093 6094 6190
f 6093 6190 6189
f 6094 6095 6191
f 6094 6191 6190
f 6095 6096 6192
f 6095 6192 6191
f 6096 6097 6193
f 6096 6193 6192
f 6097 6098 6194
f 6097 6194 6193
f 6098 6099 6195
f 6098 6195 6194
f 6099 6100 6196
f 6099 6196 6195
f 6100 6101 6197
f 6100 6197 6196
f 6101 6102 6198
f 6101 6198 6197
f 6102 6103 6199
f 6102 6199 6198
f 6103 6104 6200
f 6103 6200 6199
f 6104 6105 6201
f 6104 6201 6200
f 6105 6106 6202
f 6105 6202 6201
f 6106 6107 6203
f 6106 6203 6202
f 6107 6108 6204
f 6107 6204 6203
f 6108 6109 6205
f 6108 6205 6204
f 6109 6110 6206
f 6109 6206 6205
f 6110 6111 6207
f 6110 6207 6206
f 6111 6112 6208
f 6111 6208 6207
f 6112 6113 6209
f 6112 6209 6208
f 6113 6114 6210
f 6113 6210 6209
f 6114 6115 6211
f 6114 6211 6210
f 6115 6116 6212
f 6115 6212 6211
f 6116 6117 6213
f 6116 6213 6212
f 6117 6118 6214
f 6117 6214 6213
f 6118 6119 6215
f 6118 6215 6214
f 6119 6120 6216
f 6119 6216 6215
f 6120 6121 6217
f 6120 6217 6216
f 6121 6122 6218
f 6121 6218 6217
f 6122 6123 6219
f 6122 6219 6218
f 6123 6124 6220
f 6123 6220 6219
f 6124 6125 6221
f 6124 6221 6220
f 6125 6126 6222
f 6125 6222 6221
f 6126 6127 6223
f 6126 6223 6222
f 6127 6128 6224
f 6127 6224 6223
f 6128 6129 6225
f 6128 6225 6224
f 6129 6130 6226
f 6129 6226 6225
f 6130 6131 6227
f 6130 6227 6226
f 6131 6132 6228
f 6131 6228 6227
f 6132 6133 6229
f 6132 6229 6228
f 6133 6134 6230
f 6133 6230 6229
f 6134 6135 6231
f 6134 6231 6230
f 6135 6136 6232
f 6135 6232 6231
f 6136 6137 6233
f 6136 6233 6232
f 6137 6138 6234
f 6137 6234 6233
f 6138 6139 6235
f 6138 6235 6234
f 6139 6140 6236
f 6139 6236 6235
f 6140 6141 6237
f 6140 6237 6236
f 6141 6142 6238
f 6141 6238 6237
f 6142 6143 6239
f 6142 6239 6238
f 6143 6144 6240
f 6143 6240 6239
f 6144 6049 6145
f 6144 6145 6240
f 6145 6146 6242
f 6145 6242 6241
f 6146 6147 6243
f 6146 6243 6242
f 6147 6148 6244
f 6147 6244 6243
f 6148 6149 6245
f 6148 6245 6244
f 6149 6150 6246
f 6149 6246 6245
f 6150 6151 6247
f 6150 6247 6246
f 6151 6152 6248
f 6151 6248 6247
f 6152 6153 6249
f 6152 6249 6248
f 6153 6154 6250
f 6153 6250 6249
f 6154 6155 6251
f 6154 6251 6250
f 6155 6156 6252
f 6155 6252 6251
f 6156 6157 6253
f 6156 6253 6252
f 6157 6158 6254
f 6157 6254 6253
f 6158 6159 6255
f 6158 6255 6254
f 6159 6160 6256
f 6159 6256 6255
f 6160 6161 6257
f 6160 6257 6256
f 6161 6162 6258
f 6161 6258 6257
f 6162 6163 6259
f 6162 6259 6258
f 6163 6164 6260
f 6163 6260 6259
f 6164 6165 6261
f 6164 6261 6260
f 6165 6166 6262
f 6165 6262 6261
f 6166 6167 6263
f 6166 6263 6262
f 6167 6168 6264
f 6167 6264 6263
f 6168 6169 6265
f 6168 6265 6264
f 6169 6170 6266
f 6169 6266 6265
f 6170 6171 6267
f 6170 6267 6266
f 6171 6172 6268
f 6171 6268 6267
f 6172 6173 6269
f 6172 6269 6268
f 6173 6174 6270
f 6173 6270 6269
f 6174 6175 6271
f 6174 6271 6270
f 6175 6176 6272
f 6175 6272 6271
f 6176 6177 6273
f 6176 6273 6272
f 6177 6178 6274
f 6177 6274 6273
f 6178 6179 6275
f 6178 6275 6274
f 6179 6180 6276
f 6179 6276 6275
f 6180 6181 6277
f 6180 6277 6276
f 6181 6182 6278
f 6181 6278 6277
f 6182 6183 6279
f 6182 6279 6278
f 6183 6184 6280
f 6183 6280 6279
f 6184 6185 6281
f 6184 6281 6280
f 6185 6186 6282
f 6185 6282 6281
f 6186 6187 6283
f 6186 6283 6282
f 6187 6188 6284
f 6187 6284 6283
f 6188 6189 6285
f 6188 6285 6284
f 6189 6190 6286
f 6189 6286 6285
f 6190 6191 6287
f 6190 6287 6286
f 6191 6192 6288
f 6191 6288 6287
f 6192 6193 6289
f 6192 6289 6288
f 6193 6194 6290
f 6193 6290 6289
f 6194 6195 6291
f 6194 6291 6290
f 6195 6196 6292
f 6195 6292 6291
f 6196 6197 6293
f 6196 6293 6292
f 6197 6198 6294
f 6197 6294 6293
f 6198 6199 6295
f 6198 6295 6294
f 6199 6200 6296
f 6199 6296 6295
f 6200 6201 6297
f 6200 6297 6296
f 6201 6202 6298
f 6201 6298 6297
f 6202 6203 6299
f 6202 6299 6298
f 6203 6204 6300
f 6203 6300 6299
f 6204 6205 6301
f 6204 6301 6300
f 6205 6206 6302
f 6205 6302 6301
f 6206 6207 6303
f 6206 6303 6302
f 6207 6208 6304
f 6207 6304 6303
f 6208 6209 6305
f 6208 6305 6304
f 6209 6210 6306
f 6209 6306 6305
f 6210 6211 6307
f 6210 6307 6306
f 6211 6212 6308
f 6211 6308 6307
f 6212 6213 6309
f 6212 6309 6308
f 6213 6214 6310
f 6213 6310 6309
f 6214 6215 6311
f 6214 6311 6310
f 6215 6216 6312
f 6215 6312 6311
f 6216 6217 6313
f 6216 6313 6312
f 6217 6218 6314
f 6217 6314 6313
f 6218 6219 6315
f 6218 6315 6314
f 6219 6220 6316
f 6219 6316 6315
f 6220 6221 6317
f 6220 6317 6316
f 6221 6222 6318
f 6221 6318 6317
f 6222 6223 6319
f 6222 6319 6318
f 6223 6224 6320
f 6223 6320 6319
f 6224 6225 6321
f 6224 6321 6320
f 6225 6226 6322
f 6225 6322 6321
f 6226 6227 6323
f 6226 6323 6322
f 6227 6228 6324
f 6227 6324 6323
f 6228 6229 6325
f 6228 6325 6324
f 6229 6230 6326
f 6229 6326 6325
f 6230 6231 6327
f 6230 6327 6326
f 6231 6232 6328
f 6231 6328 6327
f 6232 6233 6329
f 6232 6329 6328
f 6233 6234 6330
f 6233 6330 6329
f 6234 6235 6331
f 6234 6331 6330
f 6235 6236 6332
f 6235 6332 6331
f 6236 6237 6333
f 6236 6333 6332
f 6237 6238 6334
f 6237 6334 6333
f 6238 6239 6335
f 6238 6335 6334
f 6239 6240 6336
f 6239 6336 6335
f 6240 6145 6241
f 6240 6241 6336
f 6241 6242 6338
f 6241 6338 6337
f 6242 6243 6339
f 6242 6339 6338
f 6243 6244 6340
f 6243 6340 6339
f 6244 6245 6341
f 6244 6341 6340
f 6245 6246 6342
f 6245 6342 6341
f 6246 6247 6343
f 6246 6343 6342
f 6247 6248 6344
f 6247 6344 6343
f 6248 6249 6345
f 6248 6345 6344
f 6249 6250 6346
f 6249 6346 6345
f 6250 6251 6347
f 6250 6347 6346
f 6251 6252 6348
f 6251 6348 6347
f 6252 6253 6349
f 6252 6349 6348
f 6253 6254 6350
f 6253 6350 6349
f 6254 6255 6351
f 6254 6351 6350
f 6255 6256 6352
f 6255 6352 6351
f 6256 6257 6353
f 6256 6353 6352
f 6257 6258 6354
f 6257 6354 6353
f 6258 6259 6355
f 6258 6355 6354
f 6259 6260 6356
f 6259 6356 6355
f 6260 6261 6357
f 6260 6357 6356
f 6261 6262 6358
f 6261 6358 6357
f 6262 6263 6359
f 6262 6359 6358
f 6263 6264 6360
f 6263 6360 6359
f 6264 6265 6361
f 6264 6361 6360
f 6265 6266 6362
f 6265 6362 6361
f 6266 6267 6363
f 6266 6363 6362
f 6267 6268 6364
f 6267 6364 6363
f 6268 6269 6365
f 6268 6365 6364
f 6269 6270 6366
f 6269 6366 6365
f 6270 6271 6367
f 6270 6367 6366
f 6271 6272 6368
f 6271 6368 6367
f 6272 6273 6369
f 6272 6369 6368
f 6273 6274 6370
f 6273 6370 6369
f 6274 6275 6371
f 6274 6371 6370
f 6275 6276 6372
f 6275 6372 6371
f 6276 6277 6373
f 6276 6373 6372
f 6277 6278 6374
f 6277 6374 6373
f 6278 6279 6375
f 6278 6375 6374
f 6279 6280 6376
f 6279 6376 6375
f 6280 6281 6377
f 6280 6377 6376
f 6281 6282 6378
f 6281 6378 6377
f 6282 6283 6379
f 6282 6379 6378
f 6283 6284 6380
f 6283 6380 6379
f 6284 6285 6381
f 6284 6381 6380
f 6285 6286 6382
f 6285 6382 6381
f 6286 6287 6383
f 6286 6383 6382
f 6287 6288 6384
f 6287 6384 6383
f 6288 6289 6385
f 6288 6385 6384
f 6289 6290 6386
f 6289 6386 6385
f 6290 6291 6387
f 6290 6387 6386
f 6291 6292 6388
f 6291 6388 6387
f 6292 6293 6389
f 6292 6389 6388
f 6293 6294 6390
f 6293 6390 6389
f 6294 6295 6391
f 6294 6391 6390
f 6295 6296 6392
f 6295 6392 6391
f 6296 6297 6393
f 6296 6393 6392
f 6297 6298 6394
f 6297 6394 6393
f 6298 6299 6395
f 6298 6395 6394
f 6299 6300 6396
f 6299 6396 6395
f 6300 6301 6397
f 6300 6397 6396
f 6301 6302 6398
f 6301 6398 6397
f 6302 6303 6399
f 6302 6399 6398
f 6303 6304 6400
f 6303 6400 6399
f 6304 6305 6401
f 6304 6401 6400
f 6305 6306 6402
f 6305 6402 6401
f 6306 6307 6403
f 6306 6403 6402
f 6307 6308 6404
f 6307 6404 6403
f 6308 6309 6405
f 6308 6405 6404
f 6309 6310 6406
f 6309 6406 6405
f 6310 6311 6407
f 6310 6407 6406
f 6311 6312 6408
f 6311 6408 6407
f 6312 6313 6409
f 6312 6409 6408
f 6313 6314 6410
f 6313 6410 6409
f 6314 6315 6411
f 6314 6411 6410
f 6315 6316 6412
f 6315 6412 6411
f 6316 6317 6413
f 6316 6413 6412
f 6317 6318 6414
f 6317 6414 6413
f 6318 6319 6415
f 6318 6415 6414
f 6319 6320 6416
f 6319 6416 6415
f 6320 6321 6417
f 6320 6417 6416
f 6321 6322 6418
f 6321 6418 6417
f 6322 6323 6419
f 6322 6419 6418
f 6323 6324 6420
f 6323 6420 6419
f 6324 6325 6421
f 6324 6421 6420
f 6325 6326 6422
f 6325 6422 6421
f 6326 6327 6423
f 6326 6423 6422
f 6327 6328 6424
f 6327 6424 6423
f 6328 6329 6425
f 6328 6425 6424
f 6329 6330 6426
f 6329 6426 6425
f 6330 6331 6427
f 6330 6427 6426
f 6331 6332 6428
f 6331 6428 6427
f 6332 6333 6429
f 6332 6429 6428
f 6333 6334 6430
f 6333 6430 6429
f 6334 6335 6431
f 6334 6431 6430
f 6335 6336 6432
f 6335 6432 6431
f 6336 6241 6337
f 6336 6337 6432
f 6337 6338 6434
f 6337 6434 6433
f 6338 6339 6435
f 6338 6435 6434
f 6339 6340 6436
f 6339 6436 6435
f 6340 6341 6437
f 6340 6437 6436
f 6341 6342 6438
f 6341 6438 6437
f 6342 6343 6439
f 6342 6439 6438
f 6343 6344 6440
f 6343 6440 6439
f 6344 6345 6441
f 6344 6441 6440
f 6345 6346 6442
f 6345 6442 6441
f 6346 6347 6443
f 6346 6443 6442
f 6347 6348 6444
f 6347 6444 6443
f 6348 6349 6445
f 6348 6445 6444
f 6349 6350 6446
f 6349 6446 6445
f 6350 6351 6447
f 6350 6447 6446
f 6351 6352 6448
f 6351 6448 6447
f 6352 6353 6449
f 6352 6449 6448
f 6353 6354 6450
f 6353 6450 6449
f 6354 6355 6451
f 6354 6451 6450
f 6355 6356 6452
f 6355 6452 6451
f 6356 6357 6453
f 6356 6453 6452
f 6357 6358 6454
f 6357 6454 6453
f 6358 6359 6455
f 6358 6455 6454
f 6359 6360 6456
f 6359 6456 6455
f 6360 6361 6457
f 6360 6457 6456
f 6361 6362 6458
f 6361 6458 6457
f 6362 6363 6459
f 6362 6459 6458
f 6363 6364 6460
f 6363 6460 6459
f 6364 6365 6461
f 6364 6461 6460
f 6365 6366 6462
f 6365 6462 6461
f 6366 6367 6463
f 6366 6463 6462
f 6367 6368 6464
f 6367 6464 6463
f 6368 6369 6465
f 6368 6465 6464
f 6369 6370 6466
f 6369 6466 6465
f 6370 6371 6467
f 6370 6467 6466
f 6371 6372 6468
f 6371 6468 6467
f 6372 6373 6469
f 6372 6469 6468
f 6373 6374 6470
f 6373 6470 6469
f 6374 6375 6471
f 6374 6471 6470
f 6375 6376 6472
f 6375 6472 6471
f 6376 6377 6473
f 6376 6473 6472
f 6377 6378 6474
f 6377 6474 6473
f 6378 6379 6475
f 6378 6475 6474
f 6379 6380 6476
f 6379 6476 6475
f 6380 6381 6477
f 6380 6477 6476
f 6381 6382 6478
f 6381 6478 6477
f 6382 6383 6479
f 6382 6479 6478
f 6383 6384 6480
f 6383 6480 6479
f 6384 6385 6481
f 6384 6481 6480
f 6385 6386 6482
f 6385 6482 6481
f 6386 6387 6483
f 6386 6483 6482
f 6387 6388 6484
f 6387 6484 6483
f 6388 6389 6485
f 6388 6485 6484
f 6389 6390 6486
f 6389 6486 6485
f 6390 6391 6487
f 6390 6487 6486
f 6391 6392 6488
f 6391 6488 6487
f 6392 6393 6489
f 6392 6489 6488
f 6393 6394 6490
f 6393 6490 6489
f 6394 6395 6491
f 6394 6491 6490
f 6395 6396 6492
f 6395 6492 6491
f 6396 6397 6493
f 6396 6493 6492
f 6397 6398 6494
f 6397 6494 6493
f 6398 6399 6495
f 6398 6495 6494
f 6399 6400 6496
f 6399 6496 6495
f 6400 6401 6497
f 6400 6497 6496
f 6401 6402 6498
f 6401 6498 6497
f 6402 6403 6499
f 6402 6499 6498
f 6403 6404 6500
f 6403 6500 6499
f 6404 6405 6501
f 6404 6501 6500
f 6405 6406 6502
f 6405 6502 6501
f 6406 6407 6503
f 6406 6503 6502
f 6407 6408 6504
f 6407 6504 6503
f 6408 6409 6505
f 6408 6505 6504
f 6409 6410 6506
f 6409 6506 6505
f 6410 6411 6507
f 6410 6507 6506
f 6411 6412 6508
f 6411 6508 6507
f 6412 6413 6509
f 6412 6509 6508
f 6413 6414 6510
f 6413 6510 6509
f 6414 6415 6511
f 6414 6511 6510
f 6415 6416 6512
f 6415 6512 6511
f 6416 6417 6513
f 6416 6513 6512
f 6417 6418 6514
f 6417 6514 6513
f 6418 6419 6515
f 6418 6515 6514
f 6419 6420 6516
f 6419 6516 6515
f 6420 6421 6517
f 6420 6517 6516
f 6421 6422 6518
f 6421 6518 6517
f 6422 6423 6519
f 6422 6519 6518
f 6423 6424 6520
f 6423 6520 6519
f 6424 6425 6521
f 6424 6521 6520
f 6425 6426 6522
f 6425 6522 6521
f 6426 6427 6523
f 6426 6523 6522
f 6427 6428 6524
f 6427 6524 6523
f 6428 6429 6525
f 6428 6525 6524
f 6429 6430 6526
f 6429 6526 6525
f 6430 6431 6527
f 6430 6527 6526
f 6431 6432 6528
f 6431 6528 6527
f 6432 6337 6433
f 6432 6433 6528
f 6433 6434 6530
f 6433 6530 6529
f 6434 6435 6531
f 6434 6531 6530
f 6435 6436 6532
f 6435 6532 6531
f 6436 6437 6533
f 6436 6533 6532
f 6437 6438 6534
f 6437 6534 6533
f 6438 6439 6535
f 6438 6535 6534
f 6439 6440 6536
f 6439 6536 6535
f 6440 6441 6537
f 6440 6537 6536
f 6441 6442 6538
f 6441 6538 6537
f 6442 6443 6539
f 6442 6539 6538
f 6443 6444 6540
f 6443 6540 6539
f 6444 6445 6541
f 6444 6541 6540
f 6445 6446 6542
f 6445 6542 6541
f 6446 6447 6543
f 6446 6543 6542
f 6447 6448 6544
f 6447 6544 6543
f 6448 6449 6545
f 6448 6545 6544
f 6449 6450 6546
f 6449 6546 6545
f 6450 6451 6547
f 6450 6547 6546
f 6451 6452 6548
f 6451 6548 6547
f 6452 6453 6549
f 6452 6549 6548
f 6453 6454 6550
f 6453 6550 6549
f 6454 6455 6551
f 6454 6551 6550
f 6455 6456 6552
f 6455 6552 6551
f 6456 6457 6553
f 6456 6553 6552
f 6457 6458 6554
f 6457 6554 6553
f 6458 6459 6555
f 6458 6555 6554
f 6459 6460 6556
f 6459 6556 6555
f 6460 6461 6557
f 6460 6557 6556
f 6461 6462 6558
f 6461 6558 6557
f 6462 6463 6559
f 6462 6559 6558
f 6463 6464 6560
f 6463 6560 6559
f 6464 6465 6561
f 6464 6561 6560
f 6465 6466 6562
f 6465 6562 6561
f 6466 6467 6563
f 6466 6563 6562
f 6467 6468 6564
f 6467 6564 6563
f 6468 6469 6565
f 6468 6565 6564
f 6469 6470 6566
f 6469 6566 6565
f 6470 6471 6567
f 6470 6567 6566
f 6471 6472 6568
f 6471 6568 6567
f 6472 6473 6569
f 6472 6569 6568
f 6473 6474 6570
f 6473 6570 6569
f 6474 6475 6571
f 6474 6571 6570
f 6475 6476 6572
f 6475 6572 6571
f 6476 6477 6573
f 6476 6573 6572
f 6477 6478 6574
f 6477 6574 6573
f 6478 6479 6575
f 6478 6575 6574
f 6479 6480 6576
f 6479 6576 6575
f 6480 6481 6577
f 6480 6577 6576
f 6481 6482 6578
f 6481 6578 6577
f 6482 6483 6579
f 6482 6579 6578
f 6483 6484 6580
f 6483 6580 6579
f 6484 6485 6581
f 6484 6581 6580
f 6485 6486 6582
f 6485 6582 6581
f 6486 6487 6583
f 6486 6583 6582
f 6487 6488 6584
f 6487 6584 6583
f 6488 6489 6585
f 6488 6585 6584
f 6489 6490 6586
f 6489 6586 6585
f 6490 6491 6587
f 6490 6587 6586
f 6491 6492 6588
f 6491 6588 6587
f 6492 6493 6589
f 6492 6589 6588
f 6493 6494 6590
f 6493 6590 6589
f 6494 6495 6591
f 6494 6591 6590
f 6495 6496 6592
f 6495 6592 6591
f 6496 6497 6593
f 6496 6593 6592
f 6497 6498 6594
f 6497 6594 6593
f 6498 6499 6595
f 6498 6595 6594
f 6499 6500 6596
f 6499 6596 6595
f 6500 6501 6597
f 6500 6597 6596
f 6501 6502 6598
f 6501 6598 6597
f 6502 6503 6599
f 6502 6599 6598
f 6503 6504 6600
f 6503 6600 6599
f 6504 6505 6601
f 6504 6601 6600
f 6505 6506 6602
f 6505 6602 6601
f 6506 6507 6603
f 6506 6603 6602
f 6507 6508 6604
f 6507 6604 6603
f 6508 6509 6605
f 6508 6605 6604
f 6509 6510 6606
f 6509 6606 6605
f 6510 6511 6607
f 6510 6607 6606
f 6511 6512 6608
f 6511 6608 6607
f 6512 6513 6609
f 6512 6609 6608
f 6513 6514 6610
f 6513 6610 6609
f 6514 6515 6611
f 6514 6611 6610
f 6515 6516 6612
f 6515 6612 6611
f 6516 6517 6613
f 6516 6613 6612
f 6517 6518 6614
f 6517 6614 6613
f 6518 6519 6615
f 6518 6615 6614
f 6519 6520 6616
f 6519 6616 6615
f 6520 6521 6617
f 6520 6617 6616
f 6521 6522 6618
f 6521 6618 6617
f 6522 6523 6619
f 6522 6619 6618
f 6523 6524 6620
f 6523 6620 6619
f 6524 6525 6621
f 6524 6621 6620
f 6525 6526 6622
f 6525 6622 6621
f 6526 6527 6623
f 6526 6623 6622
f 6527 6528 6624
f 6527 6624 6623
f 6528 6433 6529
f 6528 6529 6624
f 6529 6530 6626
f 6529 6626 6625
f 6530 6531 6627
f 6530 6627 6626
f 6531 6532 6628
f 6531 6628 6627
f 6532 6533 6629
f 6532 6629 6628
f 6533 6534 6630
f 6533 6630 6629
f 6534 6535 6631
f 6534 6631 6630
f 6535 6536 6632
f 6535 6632 6631
f 6536 6537 6633
f 6536 6633 6632
f 6537 6538 6634
f 6537 6634 6633
f 6538 6539 6635
f 6538 6635 6634
f 6539 6540 6636
f 6539 6636 6635
f 6540 6541 6637
f 6540 6637 6636
f 6541 6542 6638
f 6541 6638 6637
f 6542 6543 6639
f 6542 6639 6638
f 6543 6544 6640
f 6543 6640 6639
f 6544 6545 6641
f 6544 6641 6640
f 6545 6546 6642
f 6545 6642 6641
f 6546 6547 6643
f 6546 6643 6642
f 6547 6548 6644
f 6547 6644 6643
f 6548 6549 6645
f 6548 6645 6644
f 6549 6550 6646
f 6549 6646 6645
f 6550 6551 6647
f 6550 6647 6646
f 6551 6552 6648
f 6551 6648 6647
f 6552 6553 6649
f 6552 6649 6648
f 6553 6554 6650
f 6553 6650 6649
f 6554 6555 6651
f 6554 6651 6650
f 6555 6556 6652
f 6555 6652 6651
f 6556 6557 6653
f 6556 6653 6652
f 6557 6558 6654
f 6557 6654 6653
f 6558 6559 6655
f 6558 6655 6654
f 6559 6560 6656
f 6559 6656 6655
f 6560 6561 6657
f 6560 6657 6656
f 6561 6562 6658
f 6561 6658 6657
f 6562 6563 6659
f 6562 6659 6658
f 6563 6564 6660
f 6563 6660 6659
f 6564 6565 6661
f 6564 6661 6660
f 6565 6566 6662
f 6565 6662 6661
f 6566 6567 6663
f 6566 6663 6662
f 6567 6568 6664
f 6567 6664 6663
f 6568 6569 6665
f 6568 6665 6664
f 6569 6570 6666
f 6569 6666 6665
f 6570 6571 6667
f 6570 6667 6666
f 6571 6572 6668
f 6571 6668 6667
f 6572 6573 6669
f 6572 6669 6668
f 6573 6574 6670
f 6573 6670 6669
f 6574 6575 6671
f 6574 6671 6670
f 6575 6576 6672
f 6575 6672 6671
f 6576 6577 6673
f 6576 6673 6672
f 6577 6578 6674
f 6577 6674 6673
f 6578 6579 6675
f 6578 6675 6674
f 6579 6580 6676
f 6579 6676 6675
f 6580 6581 6677
f 6580 6677 6676
f 6581 6582 6678
f 6581 6678 6677
f 6582 6583 6679
f 6582 6679 6678
f 6583 6584 6680
f 6583 6680 6679
f 6584 6585 6681
f 6584 6681 6680
f 6585 6586 6682
f 6585 6682 6681
f 6586 6587 6683
f 6586 6683 6682
f 6587 6588 6684
f 6587 6684 6683
f 6588 6589 6685
f 6588 6685 6684
f 6589 6590 6686
f 6589 6686 6685
f 6590 6591 6687
f 6590 6687 6686
f 6591 6592 6688
f 6591 6688 6687
f 6592 6593 6689
f 6592 6689 6688
f 6593 6594 6690
f 6593 6690 6689
f 6594 6595 6691
f 6594 6691 6690
f 6595 6596 6692
f 6595 6692 6691
f 6596 6597 6693
f 6596 6693 6692
f 6597 6598 6694
f 6597 6694 6693
f 6598 6599 6695
f 6598 6695 6694
f 6599 6600 6696
f 6599 6696 6695
f 6600 6601 6697
f 6600 6697 6696
f 6601 6602 6698
f 6601 6698 6697
f 6602 6603 6699
f 6602 6699 6698
f 6603 6604 6700
f 6603 6700 6699
f 6604 6605 6701
f 6604 6701 6700
f 6605 6606 6702
f 6605 6702 6701
f 6606 6607 6703
f 6606 6703 6702
f 6607 6608 6704
f 6607 6704 6703
f 6608 6609 6705
f 6608 6705 6704
f 6609 6610 6706
f 6609 6706 6705
f 6610 6611 6707
f 6610 6707 6706
f 6611 6612 6708
f 6611 6708 6707
f 6612 6613 6709
f 6612 6709 6708
f 6613 6614 6710
f 6613 6710 6709
f 6614 6615 6711
f 6614 6711 6710
f 6615 6616 6712
f 6615 6712 6711
f 6616 6617 6713
f 6616 6713 6712
f 6617 6618 6714
f 6617 6714 6713
f 6618 6619 6715
f 6618 6715 6714
f 6619 6620 6716
f 6619 6716 6715
f 6620 6621 6717
f 6620 6717 6716
f 6621 6622 6718
f 6621 6718 6717
f 6622 6623 6719
f 6622 6719 6718
f 6623 6624 6720
f 6623 6720 6719
f 6624 6529 6625
f 6624 6625 6720
f 6625 6626 6722
f 6625 6722 6721
f 6626 6627 6723
f 6626 6723 6722
f 6627 6628 6724
f 6627 6724 6723
f 6628 6629 6725
f 6628 6725 6724
f 6629 6630 6726
f 6629 6726 6725
f 6630 6631 6727
f 6630 6727 6726
f 6631 6632 6728
f 6631 6728 6727
f 6632 6633 6729
f 6632 6729 6728
f 6633 6634 6730
f 6633 6730 6729
f 6634 6635 6731
f 6634 6731 6730
f 6635 6636 6732
f 6635 6732 6731
f 6636 6637 6733
f 6636 6733 6732
f 6637 6638 6734
f 6637 6734 6733
f 6638 6639 6735
f 6638 6735 6734
f 6639 6640 6736
f 6639 6736 6735
f 6640 6641 6737
f 6640 6737 6736
f 6641 6642 6738
f 6641 6738 6737
f 6642 6643 6739
f 6642 6739 6738
f 6643 6644 6740
f 6643 6740 6739
f 6644 6645 6741
f 6644 6741 6740
f 6645 6646 6742
f 6645 6742 6741
f 6646 6647 6743
f 6646 6743 6742
f 6647 6648 6744
f 6647 6744 6743
f 6648 6649 6745
f 6648 6745 6744
f 6649 6650 6746
f 6649 6746 6745
f 6650 6651 6747
f 6650 6747 6746
f 6651 6652 6748
f 6651 6748 6747
f 6652 6653 6749
f 6652 6749 6748
f 6653 6654 6750
f 6653 6750 6749
f 6654 6655 6751
f 6654 6751 6750
f 6655 6656 6752
f 6655 6752 6751
f 6656 6657 6753
f 6656 6753 6752
f 6657 6658 6754
f 6657 6754 6753
f 6658 6659 6755
f 6658 6755 6754
f 6659 6660 6756
f 6659 6756 6755
f 6660 6661 6757
f 6660 6757 6756
f 6661 6662 6758
f 6661 6758 6757
f 6662 6663 6759
f 6662 6759 6758
f 6663 6664 6760
f 6663 6760 6759
f 6664 6665 6761
f 6664 6761 6760
f 6665 6666 6762
f 6665 6762 6761
f 6666 6667 6763
f 6666 6763 6762
f 6667 6668 6764
f 6667 6764 6763
f 6668 6669 6765
f 6668 6765 6764
f 6669 6670 6766
f 6669 6766 6765
f 6670 6671 6767
f 6670 6767 6766
f 6671 6672 6768
f 6671 6768 6767
f 6672 6673 6769
f 6672 6769 6768
f 6673 6674 6770
f 6673 6770 6769
f 6674 6675 6771
f 6674 6771 6770
f 6675 6676 6772
f 6675 6772 6771
f 6676 6677 6773
f 6676 6773 6772
f 6677 6678 6774
f 6677 6774 6773
f 6678 6679 6775
f 6678 6775 6774
f 6679 6680 6776
f 6679 6776 6775
f 6680 6681 6777
f 6680 6777 6776
f 6681 6682 6778
f 6681 6778 6777
f 6682 6683 6779
f 6682 6779 6778
f 6683 6684 6780
f 6683 6780 6779
f 6684 6685 6781
f 6684 6781 6780
f 6685 6686 6782
f 6685 6782 6781
f 6686 6687 6783
f 6686 6783 6782
f 6687 6688 6784
f 6687 6784 6783
f 6688 6689 6785
f 6688 6785 6784
f 6689 6690 6786
f 6689 6786 6785
f 6690 6691 6787
f 6690 6787 6786
f 6691 6692 6788
f 6691 6788 6787
f 6692 6693 6789
f 6692 6789 6788
f 6693 6694 6790
f 6693 6790 6789
f 6694 6695 6791
f 6694 6791 6790
f 6695 6696 6792
f 6695 6792 6791
f 6696 6697 6793
f 6696 6793 6792
f 6697 6698 6794
f 6697 6794 6793
f 6698 6699 6795
f 6698 6795 6794
f 6699 6700 6796
f 6699 6796 6795
f 6700 6701 6797
f 6700 6797 6796
f 6701 6702 6798
f 6701 6798 6797
f 6702 6703 6799
f 6702 6799 6798
f 6703 6704 6800
f 6703 6800 6799
f 6704 6705 6801
f 6704 6801 6800
f 6705 6706 6802
f 6705 6802 6801
f 6706 6707 6803
f 6706 6803 6802
f 6707 6708 6804
f 6707 6804 6803
f 6708 6709 6805
f 6708 6805 6804
f 6709 6710 6806
f 6709 6806 6805
f 6710 6711 6807
f 6710 6807 6806
f 6711 6712 6808
f 6711 6808 6807
f 6712 6713 6809
f 6712 6809 6808
f 6713 6714 6810
f 6713 6810 6809
f 6714 6715 6811
f 6714 6811 6810
f 6715 6716 6812
f 6715 6812 6811
f 6716 6717 6813
f 6716 6813 6812
f 6717 6718 6814
f 6717 6814 6813
f 6718 6719 6815
f 6718 6815 6814
f 6719 6720 6816
f 6719 6816 6815
f 6720 6625 6721
f 6720 6721 6816
f 6721 6722 6818
f 6721 6818 6817
f 6722 6723 6819
f 6722 6819 6818
f 6723 6724 6820
f 6723 6820 6819
f 6724 6725 6821
f 6724 6821 6820
f 6725 6726 6822
f 6725 6822 6821
f 6726 6727 6823
f 6726 6823 6822
f 6727 6728 6824
f 6727 6824 6823
f 6728 6729 6825
f 6728 6825 6824
f 6729 6730 6826
f 6729 6826 6825
f 6730 6731 6827
f 6730 6827 6826
f 6731 6732 6828
f 6731 6828 6827
f 6732 6733 6829
f 6732 6829 6828
f 6733 6734 6830
f 6733 6830 6829
f 6734 6735 6831
f 6734 6831 6830
f 6735 6736 6832
f 6735 6832 6831
f 6736 6737 6833
f 6736 6833 6832
f 6737 6738 6834
f 6737 6834 6833
f 6738 6739 6835
f 6738 6835 6834
f 6739 6740 6836
f 6739 6836 6835
f 6740 6741 6837
f 6740 6837 6836
f 6741 6742 6838
f 6741 6838 6837
f 6742 6743 6839
f 6742 6839 6838
f 6743 6744 6840
f 6743 6840 6839
f 6744 6745 6841
f 6744 6841 6840
f 6745 6746 6842
f 6745 6842 6841
f 6746 6747 6843
f 6746 6843 6842
f 6747 6748 6844
f 6747 6844 6843
f 6748 6749 6845
f 6748 6845 6844
f 6749 6750 6846
f 6749 6846 6845
f 6750 6751 6847
f 6750 6847 6846
f 6751 6752 6848
f 6751 6848 6847
f 6752 6753 6849
f 6752 6849 6848
f 6753 6754 6850
f 6753 6850 6849
f 6754 6755 6851
f 6754 6851 6850
f 6755 6756 6852
f 6755 6852 6851
f 6756 6757 6853
f 6756 6853 6852
f 6757 6758 6854
f 6757 6854 6853
f 6758 6759 6855
f 6758 6855 6854
f 6759 6760 6856
f 6759 6856 6855
f 6760 6761 6857
f 6760 6857 6856
f 6761 6762 6858
f 6761 6858 6857
f 6762 6763 6859
f 6762 6859 6858
f 6763 6764 6860
f 6763 6860 6859
f 6764 6765 6861
f 6764 6861 6860
f 6765 6766 6862
f 6765 6862 6861
f 6766 6767 6863
f 6766 6863 6862
f 6767 6768 6864
f 6767 6864 6863
f 6768 6769 6865
f 6768 6865 6864
f 6769 6770 6866
f 6769 6866 6865
f 6770 6771 6867
f 6770 6867 6866
f 6771 6772 6868
f 6771 6868 6867
f 6772 6773 6869
f 6772 6869 6868
f 6773 6774 6870
f 6773 6870 6869
f 6774 6775 6871
f 6774 6871 6870
f 6775 6776 6872
f 6775 6872 6871
f 6776 6777 6873
f 6776 6873 6872
f 6777 6778 6874
f 6777 6874 6873
f 6778 6779 6875
f 6778 6875 6874
f 6779 6780 6876
f 6779 6876 6875
f 6780 6781 6877
f 6780 6877 6876
f 6781 6782 6878
f 6781 6878 6877
f 6782 6783 6879
f 6782 6879 6878
f 6783 6784 6880
f 6783 6880 6879
f 6784 6785 6881
f 6784 6881 6880
f 6785 6786 6882
f 6785 6882 6881
f 6786 6787 6883
f 6786 6883 6882
f 6787 6788 6884
f 6787 6884 6883
f 6788 6789 6885
f 6788 6885 6884
f 6789 6790 6886
f 6789 6886 6885
f 6790 6791 6887
f 6790 6887 6886
f 6791 6792 6888
f 6791 6888 6887
f 6792 6793 6889
f 6792 6889 6888
f 6793 6794 6890
f 6793 6890 6889
f 6794 6795 6891
f 6794 6891 6890
f 6795 6796 6892
f 6795 6892 6891
f 6796 6797 6893
f 6796 6893 6892
f 6797 6798 6894
f 6797 6894 6893
f 6798 6799 6895
f 6798 6895 6894
f 6799 6800 6896
f 6799 6896 6895
f 6800 6801 6897
f 6800 6897 6896
f 6801 6802 6898
f 6801 6898 6897
f 6802 6803 6899
f 6802 6899 6898
f 6803 6804 6900
f 6803 6900 6899
f 6804 6805 6901
f 6804 6901 6900
f 6805 6806 6902
f 6805 6902 6901
f 6806 6807 6903
f 6806 6903 6902
f 6807 6808 6904
f 6807 6904 6903
f 6808 6809 6905
f 6808 6905 6904
f 6809 6810 6906
f 6809 6906 6905
f 6810 6811 6907
f 6810 6907 6906
f 6811 6812 6908
f 6811 6908 6907
f 6812 6813 6909
f 6812 6909 6908
f 6813 6814 6910
f 6813 6910 6909
f 6814 6815 6911
f 6814 6911 6910
f 6815 6816 6912
f 6815 6912 6911
f 6816 6721 6817
f 6816 6817 6912
f 6817 6818 6914
f 6817 6914 6913
f 6818 6819 6915
f 6818 6915 6914
f 6819 6820 6916
f 6819 6916 6915
f 6820 6821 6917
f 6820 6917 6916
f 6821 6822 6918
f 6821 6918 6917
f 6822 6823 6919
f 6822 6919 6918
f 6823 6824 6920
f 6823 6920 6919
f 6824 6825 6921
f 6824 6921 6920
f 6825 6826 6922
f 6825 6922 6921
f 6826 6827 6923
f 6826 6923 6922
f 6827 6828 6924
f 6827 6924 6923
f 6828 6829 6925
f 6828 6925 6924
f 6829 6830 6926
f 6829 6926 6925
f 6830 6831 6927
f 6830 6927 6926
f 6831 6832 6928
f 6831 6928 6927
f 6832 6833 6929
f 6832 6929 6928
f 6833 6834 6930
f 6833 6930 6929
f 6834 6835 6931
f 6834 6931 6930
f 6835 6836 6932
f 6835 6932 6931
f 6836 6837 6933
f 6836 6933 6932
f 6837 6838 6934
f 6837 6934 6933
f 6838 6839 6935
f 6838 6935 6934
f 6839 6840 6936
f 6839 6936 6935
f 6840 6841 6937
f 6840 6937 6936
f 6841 6842 6938
f 6841 6938 6937
f 6842 6843 6939
f 6842 6939 6938
f 6843 6844 6940
f 6843 6940 6939
f 6844 6845 6941
f 6844 6941 6940
f 6845 6846 6942
f 6845 6942 6941
f 6846 6847 6943
f 6846 6943 6942
f 6847 6848 6944
f 6847 6944 6943
f 6848 6849 6945
f 6848 6945 6944
f 6849 6850 6946
f 6849 6946 6945
f 6850 6851 6947
f 6850 6947 6946
f 6851 6852 6948
f 6851 6948 6947
f 6852 6853 6949
f 6852 6949 6948
f 6853 6854 6950
f 6853 6950 6949
f 6854 6855 6951
f 6854 6951 6950
f 6855 6856 6952
f 6855 6952 6951
f 6856 6857 6953
f 6856 6953 6952
f 6857 6858 6954
f 6857 6954 6953
f 6858 6859 6955
f 6858 6955 6954
f 6859 6860 6956
f 6859 6956 6955
f 6860 6861 6957
f 6860 6957 6956
f 6861 6862 6958
f 6861 6958 6957
f 6862 6863 6959
f 6862 6959 6958
f 6863 6864 6960
f 6863 6960 6959
f 6864 6865 6961
f 6864 6961 6960
f 6865 6866 6962
f 6865 6962 6961
f 6866 6867 6963
f 6866 6963 6962
f 6867 6868 6964
f 6867 6964 6963
f 6868 6869 6965
f 6868 6965 6964
f 6869 6870 6966
f 6869 6966 6965
f 6870 6871 6967
f 6870 6967 6966
f 6871 6872 6968
f 6871 6968 6967
f 6872 6873 6969
f 6872 6969 6968
f 6873 6874 6970
f 6873 6970 6969
f 6874 6875 6971
f 6874 6971 6970
f 6875 6876 6972
f 6875 6972 6971
f 6876 6877 6973
f 6876 6973 6972
f 6877 6878 6974
f 6877 6974 6973
f 6878 6879 6975
f 6878 6975 6974
f 6879 6880 6976
f 6879 6976 6975
f 6880 6881 6977
f 6880 6977 6976
f 6881 6882 6978
f 6881 6978 6977
f 6882 6883 6979
f 6882 6979 6978
f 6883 6884 6980
f 6883 6980 6979
f 6884 6885 6981
f 6884 6981 6980
f 6885 6886 6982
f 6885 6982 6981
f 6886 6887 6983
f 6886 6983 6982
f 6887 6888 6984
f 6887 6984 6983
f 6888 6889 6985
f 6888 6985 6984
f 6889 6890 6986
f 6889 6986 6985
f 6890 6891 6987
f 6890 6987 6986
f 6891 6892 6988
f 6891 6988 6987
f 6892 6893 6989
f 6892 6989 6988
f 6893 6894 6990
f 6893 6990 6989
f 6894 6895 6991
f 6894 6991 6990
f 6895 6896 6992
f 6895 6992 6991
f 6896 6897 6993
f 6896 6993 6992
f 6897 6898 6994
f 6897 6994 6993
f 6898 6899 6995
f 6898 6995 6994
f 6899 6900 6996
f 6899 6996 6995
f 6900 6901 6997
f 6900 6997 6996
f 6901 6902 6998
f 6901 6998 6997
f 6902 6903 6999
f 6902 6999 6998
f 6903 6904 7000
f 6903 7000 6999
f 6904 6905 7001
f 6904 7001 7000
f 6905 6906 7002
f 6905 7002 7001
f 6906 6907 7003
f 6906 7003 7002
f 6907 6908 7004
f 6907 7004 7003
f 6908 6909 7005
f 6908 7005 7004
f 6909 6910 7006
f 6909 7006 7005
f 6910 6911 7007
f 6910 7007 7006
f 6911 6912 7008
f 6911 7008 7007
f 6912 6817 6913
f 6912 6913 7008
f 6913 6914 7010
f 6913 7010 7009
f 6914 6915 7011
f 6914 7011 7010
f 6915 6916 7012
f 6915 7012 7011
f 6916 6917 7013
f 6916 7013 7012
f 6917 6918 7014
f 6917 7014 7013
f 6918 6919 7015
f 6918 7015 7014
f 6919 6920 7016
f 6919 7016 7015
f 6920 6921 7017
f 6920 7017 7016
f 6921 6922 7018
f 6921 7018 7017
f 6922 6923 7019
f 6922 7019 7018
f 6923 6924 7020
f 6923 7020 7019
f 6924 6925 7021
f 6924 7021 7020
f 6925 6926 7022
f 6925 7022 7021
f 6926 6927 7023
f 6926 7023 7022
f 6927 6928 7024
f 6927 7024 7023
f 6928 6929 7025
f 6928 7025 7024
f 6929 6930 7026
f 6929 7026 7025
f 6930 6931 7027
f 6930 7027 7026
f 6931 6932 7028
f 6931 7028 7027
f 6932 6933 7029
f 6932 7029 7028
f 6933 6934 7030
f 6933 7030 7029
f 6934 6935 7031
f 6934 7031 7030
f 6935 6936 7032
f 6935 7032 7031
f 6936 6937 7033
f 6936 7033 7032
f 6937 6938 7034
f 6937 7034 7033
f 6938 6939 7035
f 6938 7035 7034
f 6939 6940 7036
f 6939 7036 7035
f 6940 6941 7037
f 6940 7037 7036
f 6941 6942 7038
f 6941 7038 7037
f 6942 6943 7039
f 6942 7039 7038
f 6943 6944 7040
f 6943 7040 7039
f 6944 6945 7041
f 6944 7041 7040
f 6945 6946 7042
f 6945 7042 7041
f 6946 6947 7043
f 6946 7043 7042
f 6947 6948 7044
f 6947 7044 7043
f 6948 6949 7045
f 6948 7045 7044
f 6949 6950 7046
f 6949 7046 7045
f 6950 6951 7047
f 6950 7047 7046
f 6951 6952 7048
f 6951 7048 7047
f 6952 6953 7049
f 6952 7049 7048
f 6953 6954 7050
f 6953 7050 7049
f 6954 6955 7051
f 6954 7051 7050
f 6955 6956 7052
f 6955 7052 7051
f 6956 6957 7053
f 6956 7053 7052
f 6957 6958 7054
f 6957 7054 7053
f 6958 6959 7055
f 6958 7055 7054
f 6959 6960 7056
f 6959 7056 7055
f 6960 6961 7057
f 6960 7057 7056
f 6961 6962 7058
f 6961 7058 7057
f 6962 6963 7059
f 6962 7059 7058
f 6963 6964 7060
f 6963 7060 7059
f 6964 6965 7061
f 6964 7061 7060
f 6965 6966 7062
f 6965 7062 7061
f 6966 6967 7063
f 6966 7063 7062
f 6967 6968 7064
f 6967 7064 7063
f 6968 6969 7065
f 6968 7065 7064
f 6969 6970 7066
f 6969 7066 7065
f 6970 6971 7067
f 6970 7067 7066
f 6971 6972 7068
f 6971 7068 7067
f 6972 6973 7069
f 6972 7069 7068
f 6973 6974 7070
f 6973 7070 7069
f 6974 6975 7071
f 6974 7071 7070
f 6975 6976 7072
f 6975 7072 7071
f 6976 6977 7073
f 6976 7073 7072
f 6977 6978 7074
f 6977 7074 7073
f 6978 6979 7075
f 6978 7075 7074
f 6979 6980 7076
f 6979 7076 7075
f 6980 6981 7077
f 6980 7077 7076
f 6981 6982 7078
f 6981 7078 7077
f 6982 6983 7079
f 6982 7079 7078
f 6983 6984 7080
f 6983 7080 7079
f 6984 6985 7081
f 6984 7081 7080
f 6985 6986 7082
f 6985 7082 7081
f 6986 6987 7083
f 6986 7083 7082
f 6987 6988 7084
f 6987 7084 7083
f 6988 6989 7085
f 6988 7085 7084
f 6989 6990 7086
f 6989 7086 7085
f 6990 6991 7087
f 6990 7087 7086
f 6991 6992 7088
f 6991 7088 7087
f 6992 6993 7089
f 6992 7089 7088
f 6993 6994 7090
f 6993 7090 7089
f 6994 6995 7091
f 6994 7091 7090
f 6995 6996 7092
f 6995 7092 7091
f 6996 6997 7093
f 6996 7093 7092
f 6997 6998 7094
f 6997 7094 7093
f 6998 6999 7095
f 6998 7095 7094
f 6999 7000 7096
f 6999 7096 7095
f 7000 7001 7097
f 7000 7097 7096
f 7001 7002 7098
f 7001 7098 7097
f 7002 7003 7099
f 7002 7099 7098
f 7003 7004 7100
f 7003 7100 7099
f 7004 7005 7101
f 7004 7101 7100
f 7005 7006 7102
f 7005 7102 7101
f 7006 7007 7103
f 7006 7103 7102
f 7007 7008 7104
f 7007 7104 7103
f 7008 6913 7009
f 7008 7009 7104
f 7009 7010 7106
f 7009 7106 7105
f 7010 7011 7107
f 7010 7107 7106
f 7011 7012 7108
f 7011 7108 7107
f 7012 7013 7109
f 7012 7109 7108
f 7013 7014 7110
f 7013 7110 7109
f 7014 7015 7111
f 7014 7111 7110
f 7015 7016 7112
f 7015 7112 7111
f 7016 7017 7113
f 7016 7113 7112
f 7017 7018 7114
f 7017 7114 7113
f 7018 7019 7115
f 7018 7115 7114
f 7019 7020 7116
f 7019 7116 7115
f 7020 7021 7117
f 7020 7117 7116
f 7021 7022 7118
f 7021 7118 7117
f 7022 7023 7119
f 7022 7119 7118
f 7023 7024 7120
f 7023 7120 7119
f 7024 7025 7121
f 7024 7121 7120
f 7025 7026 7122
f 7025 7122 7121
f 7026 7027 7123
f 7026 7123 7122
f 7027 7028 7124
f 7027 7124 7123
f 7028 7029 7125
f 7028 7125 7124
f 7029 7030 7126
f 7029 7126 7125
f 7030 7031 7127
f 7030 7127 7126
f 7031 7032 7128
f 7031 7128 7127
f 7032 7033 7129
f 7032 7129 7128
f 7033 7034 7130
f 7033 7130 7129
f 7034 7035 7131
f 7034 7131 7130
f 7035 7036 7132
f 7035 7132 7131
f 7036 7037 7133
f 7036 7133 7132
f 7037 7038 7134
f 7037 7134 7133
f 7038 7039 7135
f 7038 7135 7134
f 7039 7040 7136
f 7039 7136 7135
f 7040 7041 7137
f 7040 7137 7136
f 7041 7042 7138
f 7041 7138 7137
f 7042 7043 7139
f 7042 7139 7138
f 7043 7044 7140
f 7043 7140 7139
f 7044 7045 7141
f 7044 7141 7140
f 7045 7046 7142
f 7045 7142 7141
f 7046 7047 7143
f 7046 7143 7142
f 7047 7048 7144
f 7047 7144 7143
f 7048 7049 7145
f 7048 7145 7144
f 7049 7050 7146
f 7049 7146 7145
f 7050 7051 7147
f 7050 7147 7146
f 7051 7052 7148
f 7051 7148 7147
f 7052 7053 7149
f 7052 7149 7148
f 7053 7054 7150
f 7053 7150 7149
f 7054 7055 7151
f 7054 7151 7150
f 7055 7056 7152
f 7055 7152 7151
f 7056 7057 7153
f 7056 7153 7152
f 7057 7058 7154
f 7057 7154 7153
f 7058 7059 7155
f 7058 7155 7154
f 7059 7060 7156
f 7059 7156 7155
f 7060 7061 7157
f 7060 7157 7156
f 7061 7062 7158
f 7061 7158 7157
f 7062 7063 7159
f 7062 7159 7158
f 7063 7064 7160
f 7063 7160 7159
f 7064 7065 7161
f 7064 7161 7160
f 7065 7066 7162
f 7065 7162 7161
f 7066 7067 7163
f 7066 7163 7162
f 7067 7068 7164
f 7067 7164 7163
f 7068 7069 7165
f 7068 7165 7164
f 7069 7070 7166
f 7069 7166 7165
f 7070 7071 7167
f 7070 7167 7166
f 7071 7072 7168
f 7071 7168 7167
f 7072 7073 7169
f 7072 7169 7168
f 7073 7074 7170
f 7073 7170 7169
f 7074 7075 7171
f 7074 7171 7170
f 7075 7076 7172
f 7075 7172 7171
f 7076 7077 7173
f 7076 7173 7172
f 7077 7078 7174
f 7077 7174 7173
f 7078 7079 7175
f 7078 7175 7174
f 7079 7080 7176
f 7079 7176 7175
f 7080 7081 7177
f 7080 7177 7176
f 7081 7082 7178
f 7081 7178 7177
f 7082 7083 7179
f 7082 7179 7178
f 7083 7084 7180
f 7083 7180 7179
f 7084 7085 7181
f 7084 7181 7180
f 7085 7086 7182
f 7085 7182 7181
f 7086 7087 7183
f 7086 7183 7182
f 7087 7088 7184
f 7087 7184 7183
f 7088 7089 7185
f 7088 7185 7184
f 7089 7090 7186
f 7089 7186 7185
f 7090 7091 7187
f 7090 7187 7186
f 7091 7092 7188
f 7091 7188 7187
f 7092 7093 7189
f 7092 7189 7188
f 7093 7094 7190
f 7093 7190 7189
f 7094 7095 7191
f 7094 7191 7190
f 7095 7096 7192
f 7095 7192 7191
f 7096 7097 7193
f 7096 7193 7192
f 7097 7098 7194
f 7097 7194 7193
f 7098 7099 7195
f 7098 7195 7194
f 7099 7100 7196
f 7099 7196 7195
f 7100 7101 7197
f 7100 7197 7196
f 7101 7102 7198
f 7101 7198 7197
f 7102 7103 7199
f 7102 7199 7198
f 7103 7104 7200
f 7103 7200 7199
f 7104 7009 7105
f 7104 7105 7200
f 7105 7106 7202
f 7105 7202 7201
f 7106 7107 7203
f 7106 7203 7202
f 7107 7108 7204
f 7107 7204 7203
f 7108 7109 7205
f 7108 7205 7204
f 7109 7110 7206
f 7109 7206 7205
f 7110 7111 7207
f 7110 7207 7206
f 7111 7112 7208
f 7111 7208 7207
f 7112 7113 7209
f 7112 7209 7208
f 7113 7114 7210
f 7113 7210 7209
f 7114 7115 7211
f 7114 7211 7210
f 7115 7116 7212
f 7115 7212 7211
f 7116 7117 7213
f 7116 7213 7212
f 7117 7118 7214
f 7117 7214 7213
f 7118 7119 7215
f 7118 7215 7214
f 7119 7120 7216
f 7119 7216 7215
f 7120 7121 7217
f 7120 7217 7216
f 7121 7122 7218
f 7121 7218 7217
f 7122 7123 7219
f 7122 7219 7218
f 7123 7124 7220
f 7123 7220 7219
f 7124 7125 7221
f 7124 7221 7220
f 7125 7126 7222
f 7125 7222 7221
f 7126 7127 7223
f 7126 7223 7222
f 7127 7128 7224
f 7127 7224 7223
f 7128 7129 7225
f 7128 7225 7224
f 7129 7130 7226
f 7129 7226 7225
f 7130 7131 7227
f 7130 7227 7226
f 7131 7132 7228
f 7131 7228 7227
f 7132 7133 7229
f 7132 7229 7228
f 7133 7134 7230
f 7133 7230 7229
f 7134 7135 7231
f 7134 7231 7230
f 7135 7136 7232
f 7135 7232 7231
f 7136 7137 7233
f 7136 7233 7232
f 7137 7138 7234
f 7137 7234 7233
f 7138 7139 7235
f 7138 7235 7234
f 7139 7140 7236
f 7139 7236 7235
f 7140 7141 7237
f 7140 7237 7236
f 7141 7142 7238
f 7141 7238 7237
f 7142 7143 7239
f 7142 7239 7238
f 7143 7144 7240
f 7143 7240 7239
f 7144 7145 7241
f 7144 7241 7240
f 7145 7146 7242
f 7145 7242 7241
f 7146 7147 7243
f 7146 7243 7242
f 7147 7148 7244
f 7147 7244 7243
f 7148 7149 7245
f 7148 7245 7244
f 7149 7150 7246
f 7149 7246 7245
f 7150 7151 7247
f 7150 7247 7246
f 7151 7152 7248
f 7151 7248 7247
f 7152 7153 7249
f 7152 7249 7248
f 7153 7154 7250
f 7153 7250 7249
f 7154 7155 7251
f 7154 7251 7250
f 7155 7156 7252
f 7155 7252 7251
f 7156 7157 7253
f 7156 7253 7252
f 7157 7158 7254
f 7157 7254 7253
f 7158 7159 7255
f 7158 7255 7254
f 7159 7160 7256
f 7159 7256 7255
f 7160 7161 7257
f 7160 7257 7256
f 7161 7162 7258
f 7161 7258 7257
f 7162 7163 7259
f 7162 7259 7258
f 7163 7164 7260
f 7163 7260 7259
f 7164 7165 7261
f 7164 7261 7260
f 7165 7166 7262
f 7165 7262 7261
f 7166 7167 7263
f 7166 7263 7262
f 7167 7168 7264
f 7167 7264 7263
f 7168 7169 7265
f 7168 7265 7264
f 7169 7170 7266
f 7169 7266 7265
f 7170 7171 7267
f 7170 7267 7266
f 7171 7172 7268
f 7171 7268 7267
f 7172 7173 7269
f 7172 7269 7268
f 7173 7174 7270
f 7173 7270 7269
f 7174 7175 7271
f 7174 7271 7270
f 7175 7176 7272
f 7175 7272 7271
f 7176 7177 7273
f 7176 7273 7272
f 7177 7178 7274
f 7177 7274 7273
f 7178 7179 7275
f 7178 7275 7274
f 7179 7180 7276
f 7179 7276 7275
f 7180 7181 7277
f 7180 7277 7276
f 7181 7182 7278
f 7181 7278 7277
f 7182 7183 7279
f 7182 7279 7278
f 7183 7184 7280
f 7183 7280 7279
f 7184 7185 7281
f 7184 7281 7280
f 7185 7186 7282
f 7185 7282 7281
f 7186 7187 7283
f 7186 7283 7282
f 7187 7188 7284
f 7187 7284 7283
f 7188 7189 7285
f 7188 7285 7284
f 7189 7190 7286
f 7189 7286 7285
f 7190 7191 7287
f 7190 7287 7286
f 7191 7192 7288
f 7191 7288 7287
f 7192 7193 7289
f 7192 7289 7288
f 7193 7194 7290
f 7193 7290 7289
f 7194 7195 7291
f 7194 7291 7290
f 7195 7196 7292
f 7195 7292 7291
f 7196 7197 7293
f 7196 7293 7292
f 7197 7198 7294
f 7197 7294 7293
f 7198 7199 7295
f 7198 7295 7294
f 7199 7200 7296
f 7199 7296 7295
f 7200 7105 7201
f 7200 7201 7296
f 7201 7202 7298
f 7201 7298 7297
f 7202 7203 7299
f 7202 7299 7298
f 7203 7204 7300
f 7203 7300 7299
f 7204 7205 7301
f 7204 7301 7300
f 7205 7206 7302
f 7205 7302 7301
f 7206 7207 7303
f 7206 7303 7302
f 7207 7208 7304
f 7207 7304 7303
f 7208 7209 7305
f 7208 7305 7304
f 7209 7210 7306
f 7209 7306 7305
f 7210 7211 7307
f 7210 7307 7306
f 7211 7212 7308
f 7211 7308 7307
f 7212 7213 7309
f 7212 7309 7308
f 7213 7214 7310
f 7213 7310 7309
f 7214 7215 7311
f 7214 7311 7310
f 7215 7216 7312
f 7215 7312 7311
f 7216 7217 7313
f 7216 7313 7312
f 7217 7218 7314
f 7217 7314 7313
f 7218 7219 7315
f 7218 7315 7314
f 7219 7220 7316
f 7219 7316 7315
f 7220 7221 7317
f 7220 7317 7316
f 7221 7222 7318
f 7221 7318 7317
f 7222 7223 7319
f 7222 7319 7318
f 7223 7224 7320
f 7223 7320 7319
f 7224 7225 7321
f 7224 7321 7320
f 7225 7226 7322
f 7225 7322 7321
f 7226 7227 7323
f 7226 7323 7322
f 7227 7228 7324
f 7227 7324 7323
f 7228 7229 7325
f 7228 7325 7324
f 7229 7230 7326
f 7229 7326 7325
f 7230 7231 7327
f 7230 7327 7326
f 7231 7232 7328
f 7231 7328 7327
f 7232 7233 7329
f 7232 7329 7328
f 7233 7234 7330
f 7233 7330 7329
f 7234 7235 7331
f 7234 7331 7330
f 7235 7236 7332
f 7235 7332 7331
f 7236 7237 7333
f 7236 7333 7332
f 7237 7238 7334
f 7237 7334 7333
f 7238 7239 7335
f 7238 7335 7334
f 7239 7240 7336
f 7239 7336 7335
f 7240 7241 7337
f 7240 7337 7336
f 7241 7242 7338
f 7241 7338 7337
f 7242 7243 7339
f 7242 7339 7338
f 7243 7244 7340
f 7243 7340 7339
f 7244 7245 7341
f 7244 7341 7340
f 7245 7246 7342
f 7245 7342 7341
f 7246 7247 7343
f 7246 7343 7342
f 7247 7248 7344
f 7247 7344 7343
f 7248 7249 7345
f 7248 7345 7344
f 7249 7250 7346
f 7249 7346 7345
f 7250 7251 7347
f 7250 7347 7346
f 7251 7252 7348
f 7251 7348 7347
f 7252 7253 7349
f 7252 7349 7348
f 7253 7254 7350
f 7253 7350 7349
f 7254 7255 7351
f 7254 7351 7350
f 7255 7256 7352
f 7255 7352 7351
f 7256 7257 7353
f 7256 7353 7352
f 7257 7258 7354
f 7257 7354 7353
f 7258 7259 7355
f 7258 7355 7354
f 7259 7260 7356
f 7259 7356 7355
f 7260 7261 7357
f 7260 7357 7356
f 7261 7262 7358
f 7261 7358 7357
f 7262 7263 7359
f 7262 7359 7358
f 7263 7264 7360
f 7263 7360 7359
f 7264 7265 7361
f 7264 7361 7360
f 7265 7266 7362
f 7265 7362 7361
f 7266 7267 7363
f 7266 7363 7362
f 7267 7268 7364
f 7267 7364 7363
f 7268 7269 7365
f 7268 7365 7364
f 7269 7270 7366
f 7269 7366 7365
f 7270 7271 7367
f 7270 7367 7366
f 7271 7272 7368
f 7271 7368 7367
f 7272 7273 7369
f 7272 7369 7368
f 7273 7274 7370
f 7273 7370 7369
f 7274 7275 7371
f 7274 7371 7370
f 7275 7276 7372
f 7275 7372 7371
f 7276 7277 7373
f 7276 7373 7372
f 7277 7278 7374
f 7277 7374 7373
f 7278 7279 7375
f 7278 7375 7374
f 7279 7280 7376
f 7279 7376 7375
f 7280 7281 7377
f 7280 7377 7376
f 7281 7282 7378
f 7281 7378 7377
f 7282 7283 7379
f 7282 7379 7378
f 7283 7284 7380
f 7283 7380 7379
f 7284 7285 7381
f 7284 7381 7380
f 7285 7286 7382
f 7285 7382 7381
f 7286 7287 7383
f 7286 7383 7382
f 7287 7288 7384
f 7287 7384 7383
f 7288 7289 7385
f 7288 7385 7384
f 7289 7290 7386
f 7289 7386 7385
f 7290 7291 7387
f 7290 7387 7386
f 7291 7292 7388
f 7291 7388 7387
f 7292 7293 7389
f 7292 7389 7388
f 7293 7294 7390
f 7293 7390 7389
f 7294 7295 7391
f 7294 7391 7390
f 7295 7296 7392
f 7295 7392 7391
f 7296 7201 7297
f 7296 7297 7392
f 7393 7297 7298
f 7393 7298 7299
f 7393 7299 7300
f 7393 7300 7301
f 7393 7301 7302
f 7393 7302 7303
f 7393 7303 7304
f 7393 7304 7305
f 7393 7305 7306
f 7393 7306 7307
f 7393 7307 7308
f 7393 7308 7309
f 7393 7309 7310
f 7393 7310 7311
f 7393 7311 7312
f 7393 7312 7313
f 7393 7313 7314
f 7393 7314 7315
f 7393 7315 7316
f 7393 7316 7317
f 7393 7317 7318
f 7393 7318 7319
f 7393 7319 7320
f 7393 7320 7321
f 7393 7321 7322
f 7393 7322 7323
f 7393 7323 7324
f 7393 7324 7325
f 7393 7325 7326
f 7393 7326 7327
f 7393 7327 7328
f 7393 7328 7329
f 7393 7329 7330
f 7393 7330 7331
f 7393 7331 7332
f 7393 7332 7333
f 7393 7333 7334
f 7393 7334 7335
f 7393 7335 7336
f 7393 7336 7337
f 7393 7337 7338
f 7393 7338 7339
f 7393 7339 7340
f 7393 7340 7341
f 7393 7341 7342
f 7393 7342 7343
f 7393 7343 7344
f 7393 7344 7345
f 7393 7345 7346
f 7393 7346 7347
f 7393 7347 7348
f 7393 7348 7349
f 7393 7349 7350
f 7393 7350 7351
f 7393 7351 7352
f 7393 7352 7353
f 7393 7353 7354
f 7393 7354 7355
f 7393 7355 7356
f 7393 7356 7357
f 7393 7357 7358
f 7393 7358 7359
f 7393 7359 7360
f 7393 7360 7361
f 7393 7361 7362
f 7393 7362 7363
f 7393 7363 7364
f 7393 7364 7365
f 7393 7365 7366
f 7393 7366 7367
f 7393 7367 7368
f 7393 7368 7369
f 7393 7369 7370
f 7393 7370 7371
f 7393 7371 7372
f 7393 7372 7373
f 7393 7373 7374
f 7393 7374 7375
f 7393 7375 7376
f 7393 7376 7377
f 7393 7377 7378
f 7393 7378 7379
f 7393 7379 7380
f 7393 7380 7381
f 7393 7381 7382
f 7393 7382 7383
f 7393 7383 7384
f 7393 7384 7385
f 7393 7385 7386
f 7393 7386 7387
f 7393 7387 7388
f 7393 7388 7389
f 7393 7389 7390
f 7393 7390 7391
f 7393 7391 7392
f 7393 7392 7297
f 7394 7490 7491
f 7394 7491 7395
f 7395 7491 7492
f 7395 7492 7396
f 7396 7492 7493
f 7396 7493 7397
f 7397 7493 7494
f 7397 7494 7398
f 7398 7494 7495
f 7398 7495 7399
f 7399 7495 7496
f 7399 7496 7400
f 7400 7496 7497
f 7400 7497 7401
f 7401 7497 7498
f 7401 7498 7402
f 7402 7498 7499
f 7402 7499 7403
f 7403 7499 7500
f 7403 7500 7404
f 7404 7500 7501
f 7404 7501 7405
f 7405 7501 7502
f 7405 7502 7406
f 7406 7502 7503
f 7406 7503 7407
f 7407 7503 7504
f 7407 7504 7408
f 7408 7504 7505
f 7408 7505 7409
f 7409 7505 7506
f 7409 7506 7410
f 7410 7506 7507
f 7410 7507 7411
f 7411 7507 7508
f 7411 7508 7412
f 7412 7508 7509
f 7412 7509 7413
f 7413 7509 7510
f 7413 7510 7414
f 7414 7510 7511
f 7414 7511 7415
f 7415 7511 7512
f 7415 7512 7416
f 7416 7512 7513
f 7416 7513 7417
f 7417 7513 7514
f 7417 7514 7418
f 7418 7514 7515
f 7418 7515 7419
f 7419 7515 7516
f 7419 7516 7420
f 7420 7516 7517
f 7420 7517 7421
f 7421 7517 7518
f 7421 7518 7422
f 7422 7518 7519
f 7422 7519 7423
f 7423 7519 7520
f 7423 7520 7424
f 7424 7520 7521
f 7424 7521 7425
f 7425 7521 7522
f 7425 7522 7426
f 7426 7522 7523
f 7426 7523 7427
f 7427 7523 7524
f 7427 7524 7428
f 7428 7524 7525
f 7428 7525 7429
f 7429 7525 7526
f 7429 7526 7430
f 7430 7526 7527
f 7430 7527 7431
f 7431 7527 7528
f 7431 7528 7432
f 7432 7528 7529
f 7432 7529 7433
f 7433 7529 7530
f 7433 7530 7434
f 7434 7530 7531
f 7434 7531 7435
f 7435 7531 7532
f 7435 7532 7436
f 7436 7532 7533
f 7436 7533 7437
f 7437 7533 7534
f 7437 7534 7438
f 7438 7534 7535
f 7438 7535 7439
f 7439 7535 7536
f 7439 7536 7440
f 7440 7536 7537
f 7440 7537 7441
f 7441 7537 7538
f 7441 7538 7442
f 7442 7538 7539
f 7442 7539 7443
f 7443 7539 7540
f 7443 7540 7444
f 7444 7540 7541
f 7444 7541 7445
f 7445 7541 7542
f 7445 7542 7446
f 7446 7542 7543
f 7446 7543 7447
f 7447 7543 7544
f 7447 7544 7448
f 7448 7544 7545
f 7448 7545 7449
f 7449 7545 7546
f 7449 7546 7450
f 7450 7546 7547
f 7450 7547 7451
f 7451 7547 7548
f 7451 7548 7452
f 7452 7548 7549
f 7452 7549 7453
f 7453 7549 7550
f 7453 7550 7454
f 7454 7550 7551
f 7454 7551 7455
f 7455 7551 7552
f 7455 7552 7456
f 7456 7552 7553
f 7456 7553 7457
f 7457 7553 7554
f 7457 7554 7458
f 7458 7554 7555
f 7458 7555 7459
f 7459 7555 7556
f 7459 7556 7460
f 7460 7556 7557
f 7460 7557 7461
f 7461 7557 7558
f 7461 7558 7462
f 7462 7558 7559
f 7462 7559 7463
f 7463 7559 7560
f 7463 7560 7464
f 7464 7560 7561
f 7464 7561 7465
f 7465 7561 7562
f 7465 7562 7466
f 7466 7562 7563
f 7466 7563 7467
f 7467 7563 7564
f 7467 7564 7468
f 7468 7564 7565
f 7468 7565 7469
f 7469 7565 7566
f 7469 7566 7470
f 7470 7566 7567
f 7470 7567 7471
f 7471 7567 7568
f 7471 7568 7472
f 7472 7568 7569
f 7472 7569 7473
f 7473 7569 7570
f 7473 7570 7474
f 7474 7570 7571
f 7474 7571 7475
f 7475 7571 7572
f 7475 7572 7476
f 7476 7572 7573
f 7476 7573 7477
f 7477 7573 7574
f 7477 7574 7478
f 7478 7574 7575
f 7478 7575 7479
f 7479 7575 7576
f 7479 7576 7480
f 7480 7576 7577
f 7480 7577 7481
f 7481 7577 7578
f 7481 7578 7482
f 7482 7578 7579
f 7482 7579 7483
f 7483 7579 7580
f 7483 7580 7484
f 7484 7580 7581
f 7484 7581 7485
f 7485 7581 7582
f 7485 7582 7486
f 7486 7582 7583
f 7486 7583 7487
f 7487 7583 7584
f 7487 7584 7488
f 7488 7584 7585
f 7488 7585 7489
f 7489 7585 7490
f 7489 7490 7394
f 7490 7586 7587
f 7490 7587 7491
f 7491 7587 7588
f 7491 7588 7492
f 7492 7588 7589
f 7492 7589 7493
f 7493 7589 7590
f 7493 7590 7494
f 7494 7590 7591
f 7494 7591 7495
f 7495 7591 7592
f 7495 7592 7496
f 7496 7592 7593
f 7496 7593 7497
f 7497 7593 7594
f 7497 7594 7498
f 7498 7594 7595
f 7498 7595 7499
f 7499 7595 7596
f 7499 7596 7500
f 7500 7596 7597
f 7500 7597 7501
f 7501 7597 7598
f 7501 7598 7502
f 7502 7598 7599
f 7502 7599 7503
f 7503 7599 7600
f 7503 7600 7504
f 7504 7600 7601
f 7504 7601 7505
f 7505 7601 7602
f 7505 7602 7506
f 7506 7602 7603
f 7506 7603 7507
f 7507 7603 7604
f 7507 7604 7508
f 7508 7604 7605
f 7508 7605 7509
f 7509 7605 7606
f 7509 7606 7510
f 7510 7606 7607
f 7510 7607 7511
f 7511 7607 7608
f 7511 7608 7512
f 7512 7608 7609
f 7512 7609 7513
f 7513 7609 7610
f 7513 7610 7514
f 7514 7610 7611
f 7514 7611 7515
f 7515 7611 7612
f 7515 7612 7516
f 7516 7612 7613
f 7516 7613 7517
f 7517 7613 7614
f 7517 7614 7518
f 7518 7614 7615
f 7518 7615 7519
f 7519 7615 7616
f 7519 7616 7520
f 7520 7616 7617
f 7520 7617 7521
f 7521 7617 7618
f 7521 7618 7522
f 7522 7618 7619
f 7522 7619 7523
f 7523 7619 7620
f 7523 7620 7524
f 7524 7620 7621
f 7524 7621 7525
f 7525 7621 7622
f 7525 7622 7526
f 7526 7622 7623
f 7526 7623 7527
f 7527 7623 7624
f 7527 7624 7528
f 7528 7624 7625
f 7528 7625 7529
f 7529 7625 7626
f 7529 7626 7530
f 7530 7626 7627
f 7530 7627 7531
f 7531 7627 7628
f 7531 7628 7532
f 7532 7628 7629
f 7532 7629 7533
f 7533 7629 7630
f 7533 7630 7534
f 7534 7630 7631
f 7534 7631 7535
f 7535 7631 7632
f 7535 7632 7536
f 7536 7632 7633
f 7536 7633 7537
f 7537 7633 7634
f 7537 7634 7538
f 7538 7634 7635
f 7538 7635 7539
f 7539 7635 7636
f 7539 7636 7540
f 7540 7636 7637
f 7540 7637 7541
f 7541 7637 7638
f 7541 7638 7542
f 7542 7638 7639
f 7542 7639 7543
f 7543 7639 7640
f 7543 7640 7544
f 7544 7640 7641
f 7544 7641 7545
f 7545 7641 7642
f 7545 7642 7546
f 7546 7642 7643
f 7546 7643 7547
f 7547 7643 7644
f 7547 7644 7548
f 7548 7644 7645
f 7548 7645 7549
f 7549 7645 7646
f 7549 7646 7550
f 7550 7646 7647
f 7550 7647 7551
f 7551 7647 7648
f 7551 7648 7552
f 7552 7648 7649
f 7552 7649 7553
f 7553 7649 7650
f 7553 7650 7554
f 7554 7650 7651
f 7554 7651 7555
f 7555 7651 7652
f 7555 7652 7556
f 7556 7652 7653
f 7556 7653 7557
f 7557 7653 7654
f 7557 7654 7558
f 7558 7654 7655
f 7558 7655 7559
f 7559 7655 7656
f 7559 7656 7560
f 7560 7656 7657
f 7560 7657 7561
f 7561 7657 7658
f 7561 7658 7562
f 7562 7658 7659
f 7562 7659 7563
f 7563 7659 7660
f 7563 7660 7564
f 7564 7660 7661
f 7564 7661 7565
f 7565 7661 7662
f 7565 7662 7566
f 7566 7662 7663
f 7566 7663 7567
f 7567 7663 7664
f 7567 7664 7568
f 7568 7664 7665
f 7568 7665 7569
f 7569 7665 7666
f 7569 7666 7570
f 7570 7666 7667
f 7570 7667 7571
f 7571 7667 7668
f 7571 7668 7572
f 7572 7668 7669
f 7572 7669 7573
f 7573 7669 7670
f 7573 7670 7574
f 7574 7670 7671
f 7574 7671 7575
f 7575 7671 7672
f 7575 7672 7576
f 7576 7672 7673
f 7576 7673 7577
f 7577 7673 7674
f 7577 7674 7578
f 7578 7674 7675
f 7578 7675 7579
f 7579 7675 7676
f 7579 7676 7580
f 7580 7676 7677
f 7580 7677 7581
f 7581 7677 7678
f 7581 7678 7582
f 7582 7678 7679
f 7582 7679 7583
f 7583 7679 7680
f 7583 7680 7584
f 7584 7680 7681
f 7584 7681 7585
f 7585 7681 7586
f 7585 7586 7490
f 7586 7682 7683
f 7586 7683 7587
f 7587 7683 7684
f 7587 7684 7588
f 7588 7684 7685
f 7588 7685 7589
f 7589 7685 7686
f 7589 7686 7590
f 7590 7686 7687
f 7590 7687 7591
f 7591 7687 7688
f 7591 7688 7592
f 7592 7688 7689
f 7592 7689 7593
f 7593 7689 7690
f 7593 7690 7594
f 7594 7690 7691
f 7594 7691 7595
f 7595 7691 7692
f 7595 7692 7596
f 7596 7692 7693
f 7596 7693 7597
f 7597 7693 7694
f 7597 7694 7598
f 7598 7694 7695
f 7598 7695 7599
f 7599 7695 7696
f 7599 7696 7600
f 7600 7696 7697
f 7600 7697 7601
f 7601 7697 7698
f 7601 7698 7602
f 7602 7698 7699
f 7602 7699 7603
f 7603 7699 7700
f 7603 7700 7604
f 7604 7700 7701
f 7604 7701 7605
f 7605 7701 7702
f 7605 7702 7606
f 7606 7702 7703
f 7606 7703 7607
f 7607 7703 7704
f 7607 7704 7608
f 7608 7704 7705
f 7608 7705 7609
f 7609 7705 7706
f 7609 7706 7610
f 7610 7706 7707
f 7610 7707 7611
f 7611 7707 7708
f 7611 7708 7612
f 7612 7708 7709
f 7612 7709 7613
f 7613 7709 7710
f 7613 7710 7614
f 7614 7710 7711
f 7614 7711 7615
f 7615 7711 7712
f 7615 7712 7616
f 7616 7712 7713
f 7616 7713 7617
f 7617 7713 7714
f 7617 7714 7618
f 7618 7714 7715
f 7618 7715 7619
f 7619 7715 7716
f 7619 7716 7620
f 7620 7716 7717
f 7620 7717 7621
f 7621 7717 7718
f 7621 7718 7622
f 7622 7718 7719
f 7622 7719 7623
f 7623 7719 7720
f 7623 7720 7624
f 7624 7720 7721
f 7624 7721 7625
f 7625 7721 7722
f 7625 7722 7626
f 7626 7722 7723
f 7626 7723 7627
f 7627 7723 7724
f 7627 7724 7628
f 7628 7724 7725
f 7628 7725 7629
f 7629 7725 7726
f 7629 7726 7630
f 7630 7726 7727
f 7630 7727 7631
f 7631 7727 7728
f 7631 7728 7632
f 7632 7728 7729
f 7632 7729 7633
f 7633 7729 7730
f 7633 7730 7634
f 7634 7730 7731
f 7634 7731 7635
f 7635 7731 7732
f 7635 7732 7636
f 7636 7732 7733
f 7636 7733 7637
f 7637 7733 7734
f 7637 7734 7638
f 7638 7734 7735
f 7638 7735 7639
f 7639 7735 7736
f 7639 7736 7640
f 7640 7736 7737
f 7640 7737 7641
f 7641 7737 7738
f 7641 7738 7642
f 7642 7738 7739
f 7642 7739 7643
f 7643 7739 7740
f 7643 7740 7644
f 7644 7740 7741
f 7644 7741 7645
f 7645 7741 7742
f 7645 7742 7646
f 7646 7742 7743
f 7646 7743 7647
f 7647 7743 7744
f 7647 7744 7648
f 7648 7744 7745
f 7648 7745 7649
f 7649 7745 7746
f 7649 7746 7650
f 7650 7746 7747
f 7650 7747 7651
f 7651 7747 7748
f 7651 7748 7652
f 7652 7748 7749
f 7652 7749 7653
f 7653 7749 7750
f 7653 7750 7654
f 7654 7750 7751
f 7654 7751 7655
f 7655 7751 7752
f 7655 7752 7656
f 7656 7752 7753
f 7656 7753 7657
f 7657 7753 7754
f 7657 7754 7658
f 7658 7754 7755
f 7658 7755 7659
f 7659 7755 7756
f 7659 7756 7660
f 7660 7756 7757
f 7660 7757 7661
f 7661 7757 7758
f 7661 7758 7662
f 7662 7758 7759
f 7662 7759 7663
f 7663 7759 7760
f 7663 7760 7664
f 7664 7760 7761
f 7664 7761 7665
f 7665 7761 7762
f 7665 7762 7666
f 7666 7762 7763
f 7666 7763 7667
f 7667 7763 7764
f 7667 7764 7668
f 7668 7764 7765
f 7668 7765 7669
f 7669 7765 7766
f 7669 7766 7670
f 7670 7766 7767
f 7670 7767 7671
f 7671 7767 7768
f 7671 7768 7672
f 7672 7768 7769
f 7672 7769 7673
f 7673 7769 7770
f 7673 7770 7674
f 7674 7770 7771
f 7674 7771 7675
f 7675 7771 7772
f 7675 7772 7676
f 7676 7772 7773
f 7676 7773 7677
f 7677 7773 7774
f 7677 7774 7678
f 7678 7774 7775
f 7678 7775 7679
f 7679 7775 7776
f 7679 7776 7680
f 7680 7776 7777
f 7680 7777 7681
f 7681 7777 7682
f 7681 7682 7586
f 7682 7778 7779
f 7682 7779 7683
f 7683 7779 7780
f 7683 7780 7684
f 7684 7780 7781
f 7684 7781 7685
f 7685 7781 7782
f 7685 7782 7686
f 7686 7782 7783
f 7686 7783 7687
f 7687 7783 7784
f 7687 7784 7688
f 7688 7784 7785
f 7688 7785 7689
f 7689 7785 7786
f 7689 7786 7690
f 7690 7786 7787
f 7690 7787 7691
f 7691 7787 7788
f 7691 7788 7692
f 7692 7788 7789
f 7692 7789 7693
f 7693 7789 7790
f 7693 7790 7694
f 7694 7790 7791
f 7694 7791 7695
f 7695 7791 7792
f 7695 7792 7696
f 7696 7792 7793
f 7696 7793 7697
f 7697 7793 7794
f 7697 7794 7698
f 7698 7794 7795
f 7698 7795 7699
f 7699 7795 7796
f 7699 7796 7700
f 7700 7796 7797
f 7700 7797 7701
f 7701 7797 7798
f 7701 7798 7702
f 7702 7798 7799
f 7702 7799 7703
f 7703 7799 7800
f 7703 7800 7704
f 7704 7800 7801
f 7704 7801 7705
f 7705 7801 7802
f 7705 7802 7706
f 7706 7802 7803
f 7706 7803 7707
f 7707 7803 7804
f 7707 7804 7708
f 7708 7804 7805
f 7708 7805 7709
f 7709 7805 7806
f 7709 7806 7710
f 7710 7806 7807
f 7710 7807 7711
f 7711 7807 7808
f 7711 7808 7712
f 7712 7808 7809
f 7712 7809 7713
f 7713 7809 7810
f 7713 7810 7714
f 7714 7810 7811
f 7714 7811 7715
f 7715 7811 7812
f 7715 7812 7716
f 7716 7812 7813
f 7716 7813 7717
f 7717 7813 7814
f 7717 7814 7718
f 7718 7814 7815
f 7718 7815 7719
f 7719 7815 7816
f 7719 7816 7720
f 7720 7816 7817
f 7720 7817 7721
f 7721 7817 7818
f 7721 7818 7722
f 7722 7818 7819
f 7722 7819 7723
f 7723 7819 7820
f 7723 7820 7724
f 7724 7820 7821
f 7724 7821 7725
f 7725 7821 7822
f 7725 7822 7726
f 7726 7822 7823
f 7726 7823 7727
f 7727 7823 7824
f 7727 7824 7728
f 7728 7824 7825
f 7728 7825 7729
f 7729 7825 7826
f 7729 7826 7730
f 7730 7826 7827
f 7730 7827 7731
f 7731 7827 7828
f 7731 7828 7732
f 7732 7828 7829
f 7732 7829 7733
f 7733 7829 7830
f 7733 7830 7734
f 7734 7830 7831
f 7734 7831 7735
f 7735 7831 7832
f 7735 7832 7736
f 7736 7832 7833
f 7736 7833 7737
f 7737 7833 7834
f 7737 7834 7738
f 7738 7834 7835
f 7738 7835 7739
f 7739 7835 7836
f 7739 7836 7740
f 7740 7836 7837
f 7740 7837 7741
f 7741 7837 7838
f 7741 7838 7742
f 7742 7838 7839
f 7742 7839 7743
f 7743 7839 7840
f 7743 7840 7744
f 7744 7840 7841
f 7744 7841 7745
f 7745 7841 7842
f 7745 7842 7746
f 7746 7842 7843
f 7746 7843 7747
f 7747 7843 7844
f 7747 7844 7748
f 7748 7844 7845
f 7748 7845 7749
f 7749 7845 7846
f 7749 7846 7750
f 7750 7846 7847
f 7750 7847 7751
f 7751 7847 7848
f 7751 7848 7752
f 7752 7848 7849
f 7752 7849 7753
f 7753 7849 7850
f 7753 7850 7754
f 7754 7850 7851
f 7754 7851 7755
f 7755 7851 7852
f 7755 7852 7756
f 7756 7852 7853
f 7756 7853 7757
f 7757 7853 7854
f 7757 7854 7758
f 7758 7854 7855
f 7758 7855 7759
f 7759 7855 7856
f 7759 7856 7760
f 7760 7856 7857
f 7760 7857 7761
f 7761 7857 7858
f 7761 7858 7762
f 7762 7858 7859
f 7762 7859 7763
f 7763 7859 7860
f 7763 7860 7764
f 7764 7860 7861
f 7764 7861 7765
f 7765 7861 7862
f 7765 7862 7766
f 7766 7862 7863
f 7766 7863 7767
f 7767 7863 7864
f 7767 7864 7768
f 7768 7864 7865
f 7768 7865 7769
f 7769 7865 7866
f 7769 7866 7770
f 7770 7866 7867
f 7770 7867 7771
f 7771 7867 7868
f 7771 7868 7772
f 7772 7868 7869
f 7772 7869 7773
f 7773 7869 7870
f 7773 7870 7774
f 7774 7870 7871
f 7774 7871 7775
f 7775 7871 7872
f 7775 7872 7776
f 7776 7872 7873
f 7776 7873 7777
f 7777 7873 7778
f 7777 7778 7682
f 7778 7874 7875
f 7778 7875 7779
f 7779 7875 7876
f 7779 7876 7780
f 7780 7876 7877
f 7780 7877 7781
f 7781 7877 7878
f 7781 7878 7782
f 7782 7878 7879
f 7782 7879 7783
f 7783 7879 7880
f 7783 7880 7784
f 7784 7880 7881
f 7784 7881 7785
f 7785 7881 7882
f 7785 7882 7786
f 7786 7882 7883
f 7786 7883 7787
f 7787 7883 7884
f 7787 7884 7788
f 7788 7884 7885
f 7788 7885 7789
f 7789 7885 7886
f 7789 7886 7790
f 7790 7886 7887
f 7790 7887 7791
f 7791 7887 7888
f 7791 7888 7792
f 7792 7888 7889
f 7792 7889 7793
f 7793 7889 7890
f 7793 7890 7794
f 7794 7890 7891
f 7794 7891 7795
f 7795 7891 7892
f 7795 7892 7796
f 7796 7892 7893
f 7796 7893 7797
f 7797 7893 7894
f 7797 7894 7798
f 7798 7894 7895
f 7798 7895 7799
f 7799 7895 7896
f 7799 7896 7800
f 7800 7896 7897
f 7800 7897 7801
f 7801 7897 7898
f 7801 7898 7802
f 7802 7898 7899
f 7802 7899 7803
f 7803 7899 7900
f 7803 7900 7804
f 7804 7900 7901
f 7804 7901 7805
f 7805 7901 7902
f 7805 7902 7806
f 7806 7902 7903
f 7806 7903 7807
f 7807 7903 7904
f 7807 7904 7808
f 7808 7904 7905
f 7808 7905 7809
f 7809 7905 7906
f 7809 7906 7810
f 7810 7906 7907
f 7810 7907 7811
f 7811 7907 7908
f 7811 7908 7812
f 7812 7908 7909
f 7812 7909 7813
f 7813 7909 7910
f 7813 7910 7814
f 7814 7910 7911
f 7814 7911 7815
f 7815 7911 7912
f 7815 7912 7816
f 7816 7912 7913
f 7816 7913 7817
f 7817 7913 7914
f 7817 7914 7818
f 7818 7914 7915
f 7818 7915 7819
f 7819 7915 7916
f 7819 7916 7820
f 7820 7916 7917
f 7820 7917 7821
f 7821 7917 7918
f 7821 7918 7822
f 7822 7918 7919
f 7822 7919 7823
f 7823 7919 7920
f 7823 7920 7824
f 7824 7920 7921
f 7824 7921 7825
f 7825 7921 7922
f 7825 7922 7826
f 7826 7922 7923
f 7826 7923 7827
f 7827 7923 7924
f 7827 7924 7828
f 7828 7924 7925
f 7828 7925 7829
f 7829 7925 7926
f 7829 7926 7830
f 7830 7926 7927
f 7830 7927 7831
f 7831 7927 7928
f 7831 7928 7832
f 7832 7928 7929
f 7832 7929 7833
f 7833 7929 7930
f 7833 7930 7834
f 7834 7930 7931
f 7834 7931 7835
f 7835 7931 7932
f 7835 7932 7836
f 7836 7932 7933
f 7836 7933 7837
f 7837 7933 7934
f 7837 7934 7838
f 7838 7934 7935
f 7838 7935 7839
f 7839 7935 7936
f 7839 7936 7840
f 7840 7936 7937
f 7840 7937 7841
f 7841 7937 7938
f 7841 7938 7842
f 7842 7938 7939
f 7842 7939 7843
f 7843 7939 7940
f 7843 7940 7844
f 7844 7940 7941
f 7844 7941 7845
f 7845 7941 7942
f 7845 7942 7846
f 7846 7942 7943
f 7846 7943 7847
f 7847 7943 7944
f 7847 7944 7848
f 7848 7944 7945
f 7848 7945 7849
f 7849 7945 7946
f 7849 7946 7850
f 7850 7946 7947
f 7850 7947 7851
f 7851 7947 7948
f 7851 7948 7852
f 7852 7948 7949
f 7852 7949 7853
f 7853 7949 7950
f 7853 7950 7854
f 7854 7950 7951
f 7854 7951 7855
f 7855 7951 7952
f 7855 7952 7856
f 7856 7952 7953
f 7856 7953 7857
f 7857 7953 7954
f 7857 7954 7858
f 7858 7954 7955
f 7858 7955 7859
f 7859 7955 7956
f 7859 7956 7860
f 7860 7956 7957
f 7860 7957 7861
f 7861 7957 7958
f 7861 7958 7862
f 7862 7958 7959
f 7862 7959 7863
f 7863 7959 7960
f 7863 7960 7864
f 7864 7960 7961
f 7864 7961 7865
f 7865 7961 7962
f 7865 7962 7866
f 7866 7962 7963
f 7866 7963 7867
f 7867 7963 7964
f 7867 7964 7868
f 7868 7964 7965
f 7868 7965 7869
f 7869 7965 7966
f 7869 7966 7870
f 7870 7966 7967
f 7870 7967 7871
f 7871 7967 7968
f 7871 7968 7872
f 7872 7968 7969
f 7872 7969 7873
f 7873 7969 7874
f 7873 7874 7778
f 7874 7970 7971
f 7874 7971 7875
f 7875 7971 7972
f 7875 7972 7876
f 7876 7972 7973
f 7876 7973 7877
f 7877 7973 7974
f 7877 7974 7878
f 7878 7974 7975
f 7878 7975 7879
f 7879 7975 7976
f 7879 7976 7880
f 7880 7976 7977
f 7880 7977 7881
f 7881 7977 7978
f 7881 7978 7882
f 7882 7978 7979
f 7882 7979 7883
f 7883 7979 7980
f 7883 7980 7884
f 7884 7980 7981
f 7884 7981 7885
f 7885 7981 7982
f 7885 7982 7886
f 7886 7982 7983
f 7886 7983 7887
f 7887 7983 7984
f 7887 7984 7888
f 7888 7984 7985
f 7888 7985 7889
f 7889 7985 7986
f 7889 7986 7890
f 7890 7986 7987
f 7890 7987 7891
f 7891 7987 7988
f 7891 7988 7892
f 7892 7988 7989
f 7892 7989 7893
f 7893 7989 7990
f 7893 7990 7894
f 7894 7990 7991
f 7894 7991 7895
f 7895 7991 7992
f 7895 7992 7896
f 7896 7992 7993
f 7896 7993 7897
f 7897 7993 7994
f 7897 7994 7898
f 7898 7994 7995
f 7898 7995 7899
f 7899 7995 7996
f 7899 7996 7900
f 7900 7996 7997
f 7900 7997 7901
f 7901 7997 7998
f 7901 7998 7902
f 7902 7998 7999
f 7902 7999 7903
f 7903 7999 8000
f 7903 8000 7904
f 7904 8000 8001
f 7904 8001 7905
f 7905 8001 8002
f 7905 8002 7906
f 7906 8002 8003
f 7906 8003 7907
f 7907 8003 8004
f 7907 8004 7908
f 7908 8004 8005
f 7908 8005 7909
f 7909 8005 8006
f 7909 8006 7910
f 7910 8006 8007
f 7910 8007 7911
f 7911 8007 8008
f 7911 8008 7912
f 7912 8008 8009
f 7912 8009 7913
f 7913 8009 8010
f 7913 8010 7914
f 7914 8010 8011
f 7914 8011 7915
f 7915 8011 8012
f 7915 8012 7916
f 7916 8012 8013
f 7916 8013 7917
f 7917 8013 8014
f 7917 8014 7918
f 7918 8014 8015
f 7918 8015 7919
f 7919 8015 8016
f 7919 8016 7920
f 7920 8016 8017
f 7920 8017 7921
f 7921 8017 8018
f 7921 8018 7922
f 7922 8018 8019
f 7922 8019 7923
f 7923 8019 8020
f 7923 8020 7924
f 7924 8020 8021
f 7924 8021 7925
f 7925 8021 8022
f 7925 8022 7926
f 7926 8022 8023
f 7926 8023 7927
f 7927 8023 8024
f 7927 8024 7928
f 7928 8024 8025
f 7928 8025 7929
f 7929 8025 8026
f 7929 8026 7930
f 7930 8026 8027
f 7930 8027 7931
f 7931 8027 8028
f 7931 8028 7932
f 7932 8028 8029
f 7932 8029 7933
f 7933 8029 8030
f 7933 8030 7934
f 7934 8030 8031
f 7934 8031 7935
f 7935 8031 8032
f 7935 8032 7936
f 7936 8032 8033
f 7936 8033 7937
f 7937 8033 8034
f 7937 8034 7938
f 7938 8034 8035
f 7938 8035 7939
f 7939 8035 8036
f 7939 8036 7940
f 7940 8036 8037
f 7940 8037 7941
f 7941 8037 8038
f 7941 8038 7942
f 7942 8038 8039
f 7942 8039 7943
f 7943 8039 8040
f 7943 8040 7944
f 7944 8040 8041
f 7944 8041 7945
f 7945 8041 8042
f 7945 8042 7946
f 7946 8042 8043
f 7946 8043 7947
f 7947 8043 8044
f 7947 8044 7948
f 7948 8044 8045
f 7948 8045 7949
f 7949 8045 8046
f 7949 8046 7950
f 7950 8046 8047
f 7950 8047 7951
f 7951 8047 8048
f 7951 8048 7952
f 7952 8048 8049
f 7952 8049 7953
f 7953 8049 8050
f 7953 8050 7954
f 7954 8050 8051
f 7954 8051 7955
f 7955 8051 8052
f 7955 8052 7956
f 7956 8052 8053
f 7956 8053 7957
f 7957 8053 8054
f 7957 8054 7958
f 7958 8054 8055
f 7958 8055 7959
f 7959 8055 8056
f 7959 8056 7960
f 7960 8056 8057
f 7960 8057 7961
f 7961 8057 8058
f 7961 8058 7962
f 7962 8058 8059
f 7962 8059 7963
f 7963 8059 8060
f 7963 8060 7964
f 7964 8060 8061
f 7964 8061 7965
f 7965 8061 8062
f 7965 8062 7966
f 7966 8062 8063
f 7966 8063 7967
f 7967 8063 8064
f 7967 8064 7968
f 7968 8064 8065
f 7968 8065 7969
f 7969 8065 7970
f 7969 7970 7874
f 7970 8066 8067
f 7970 8067 7971
f 7971 8067 8068
f 7971 8068 7972
f 7972 8068 8069
f 7972 8069 7973
f 7973 8069 8070
f 7973 8070 7974
f 7974 8070 8071
f 7974 8071 7975
f 7975 8071 8072
f 7975 8072 7976
f 7976 8072 8073
f 7976 8073 7977
f 7977 8073 8074
f 7977 8074 7978
f 7978 8074 8075
f 7978 8075 7979
f 7979 8075 8076
f 7979 8076 7980
f 7980 8076 8077
f 7980 8077 7981
f 7981 8077 8078
f 7981 8078 7982
f 7982 8078 8079
f 7982 8079 7983
f 7983 8079 8080
f 7983 8080 7984
f 7984 8080 8081
f 7984 8081 7985
f 7985 8081 8082
f 7985 8082 7986
f 7986 8082 8083
f 7986 8083 7987
f 7987 8083 8084
f 7987 8084 7988
f 7988 8084 8085
f 7988 8085 7989
f 7989 8085 8086
f 7989 8086 7990
f 7990 8086 8087
f 7990 8087 7991
f 7991 8087 8088
f 7991 8088 7992
f 7992 8088 8089
f 7992 8089 7993
f 7993 8089 8090
f 7993 8090 7994
f 7994 8090 8091
f 7994 8091 7995
f 7995 8091 8092
f 7995 8092 7996
f 7996 8092 8093
f 7996 8093 7997
f 7997 8093 8094
f 7997 8094 7998
f 7998 8094 8095
f 7998 8095 7999
f 7999 8095 8096
f 7999 8096 8000
f 8000 8096 8097
f 8000 8097 8001
f 8001 8097 8098
f 8001 8098 8002
f 8002 8098 8099
f 8002 8099 8003
f 8003 8099 8100
f 8003 8100 8004
f 8004 8100 8101
f 8004 8101 8005
f 8005 8101 8102
f 8005 8102 8006
f 8006 8102 8103
f 8006 8103 8007
f 8007 8103 8104
f 8007 8104 8008
f 8008 8104 8105
f 8008 8105 8009
f 8009 8105 8106
f 8009 8106 8010
f 8010 8106 8107
f 8010 8107 8011
f 8011 8107 8108
f 8011 8108 8012
f 8012 8108 8109
f 8012 8109 8013
f 8013 8109 8110
f 8013 8110 8014
f 8014 8110 8111
f 8014 8111 8015
f 8015 8111 8112
f 8015 8112 8016
f 8016 8112 8113
f 8016 8113 8017
f 8017 8113 8114
f 8017 8114 8018
f 8018 8114 8115
f 8018 8115 8019
f 8019 8115 8116
f 8019 8116 8020
f 8020 8116 8117
f 8020 8117 8021
f 8021 8117 8118
f 8021 8118 8022
f 8022 8118 8119
f 8022 8119 8023
f 8023 8119 8120
f 8023 8120 8024
f 8024 8120 8121
f 8024 8121 8025
f 8025 8121 8122
f 8025 8122 8026
f 8026 8122 8123
f 8026 8123 8027
f 8027 8123 8124
f 8027 8124 8028
f 8028 8124 8125
f 8028 8125 8029
f 8029 8125 8126
f 8029 8126 8030
f 8030 8126 8127
f 8030 8127 8031
f 8031 8127 8128
f 8031 8128 8032
f 8032 8128 8129
f 8032 8129 8033
f 8033 8129 8130
f 8033 8130 8034
f 8034 8130 8131
f 8034 8131 8035
f 8035 8131 8132
f 8035 8132 8036
f 8036 8132 8133
f 8036 8133 8037
f 8037 8133 8134
f 8037 8134 8038
f 8038 8134 8135
f 8038 8135 8039
f 8039 8135 8136
f 8039 8136 8040
f 8040 8136 8137
f 8040 8137 8041
f 8041 8137 8138
f 8041 8138 8042
f 8042 8138 8139
f 8042 8139 8043
f 8043 8139 8140
f 8043 8140 8044
f 8044 8140 8141
f 8044 8141 8045
f 8045 8141 8142
f 8045 8142 8046
f 8046 8142 8143
f 8046 8143 8047
f 8047 8143 8144
f 8047 8144 8048
f 8048 8144 8145
f 8048 8145 8049
f 8049 8145 8146
f 8049 8146 8050
f 8050 8146 8147
f 8050 8147 8051
f 8051 8147 8148
f 8051 8148 8052
f 8052 8148 8149
f 8052 8149 8053
f 8053 8149 8150
f 8053 8150 8054
f 8054 8150 8151
f 8054 8151 8055
f 8055 8151 8152
f 8055 8152 8056
f 8056 8152 8153
f 8056 8153 8057
f 8057 8153 8154
f 8057 8154 8058
f 8058 8154 8155
f 8058 8155 8059
f 8059 8155 8156
f 8059 8156 8060
f 8060 8156 8157
f 8060 8157 8061
f 8061 8157 8158
f 8061 8158 8062
f 8062 8158 8159
f 8062 8159 8063
f 8063 8159 8160
f 8063 8160 8064
f 8064 8160 8161
f 8064 8161 8065
f 8065 8161 8066
f 8065 8066 7970
f 8066 8162 8163
f 8066 8163 8067
f 8067 8163 8164
f 8067 8164 8068
f 8068 8164 8165
f 8068 8165 8069
f 8069 8165 8166
f 8069 8166 8070
f 8070 8166 8167
f 8070 8167 8071
f 8071 8167 8168
f 8071 8168 8072
f 8072 8168 8169
f 8072 8169 8073
f 8073 8169 8170
f 8073 8170 8074
f 8074 8170 8171
f 8074 8171 8075
f 8075 8171 8172
f 8075 8172 8076
f 8076 8172 8173
f 8076 8173 8077
f 8077 8173 8174
f 8077 8174 8078
f 8078 8174 8175
f 8078 8175 8079
f 8079 8175 8176
f 8079 8176 8080
f 8080 8176 8177
f 8080 8177 8081
f 8081 8177 8178
f 8081 8178 8082
f 8082 8178 8179
f 8082 8179 8083
f 8083 8179 8180
f 8083 8180 8084
f 8084 8180 8181
f 8084 8181 8085
f 8085 8181 8182
f 8085 8182 8086
f 8086 8182 8183
f 8086 8183 8087
f 8087 8183 8184
f 8087 8184 8088
f 8088 8184 8185
f 8088 8185 8089
f 8089 8185 8186
f 8089 8186 8090
f 8090 8186 8187
f 8090 8187 8091
f 8091 8187 8188
f 8091 8188 8092
f 8092 8188 8189
f 8092 8189 8093
f 8093 8189 8190
f 8093 8190 8094
f 8094 8190 8191
f 8094 8191 8095
f 8095 8191 8192
f 8095 8192 8096
f 8096 8192 8193
f 8096 8193 8097
f 8097 8193 8194
f 8097 8194 8098
f 8098 8194 8195
f 8098 8195 8099
f 8099 8195 8196
f 8099 8196 8100
f 8100 8196 8197
f 8100 8197 8101
f 8101 8197 8198
f 8101 8198 8102
f 8102 8198 8199
f 8102 8199 8103
f 8103 8199 8200
f 8103 8200 8104
f 8104 8200 8201
f 8104 8201 8105
f 8105 8201 8202
f 8105 8202 8106
f 8106 8202 8203
f 8106 8203 8107
f 8107 8203 8204
f 8107 8204 8108
f 8108 8204 8205
f 8108 8205 8109
f 8109 8205 8206
f 8109 8206 8110
f 8110 8206 8207
f 8110 8207 8111
f 8111 8207 8208
f 8111 8208 8112
f 8112 8208 8209
f 8112 8209 8113
f 8113 8209 8210
f 8113 8210 8114
f 8114 8210 8211
f 8114 8211 8115
f 8115 8211 8212
f 8115 8212 8116
f 8116 8212 8213
f 8116 8213 8117
f 8117 8213 8214
f 8117 8214 8118
f 8118 8214 8215
f 8118 8215 8119
f 8119 8215 8216
f 8119 8216 8120
f 8120 8216 8217
f 8120 8217 8121
f 8121 8217 8218
f 8121 8218 8122
f 8122 8218 8219
f 8122 8219 8123
f 8123 8219 8220
f 8123 8220 8124
f 8124 8220 8221
f 8124 8221 8125
f 8125 8221 8222
f 8125 8222 8126
f 8126 8222 8223
f 8126 8223 8127
f 8127 8223 8224
f 8127 8224 8128
f 8128 8224 8225
f 8128 8225 8129
f 8129 8225 8226
f 8129 8226 8130
f 8130 8226 8227
f 8130 8227 8131
f 8131 8227 8228
f 8131 8228 8132
f 8132 8228 8229
f 8132 8229 8133
f 8133 8229 8230
f 8133 8230 8134
f 8134 8230 8231
f 8134 8231 8135
f 8135 8231 8232
f 8135 8232 8136
f 8136 8232 8233
f 8136 8233 8137
f 8137 8233 8234
f 8137 8234 8138
f 8138 8234 8235
f 8138 8235 8139
f 8139 8235 8236
f 8139 8236 8140
f 8140 8236 8237
f 8140 8237 8141
f 8141 8237 8238
f 8141 8238 8142
f 8142 8238 8239
f 8142 8239 8143
f 8143 8239 8240
f 8143 8240 8144
f 8144 8240 8241
f 8144 8241 8145
f 8145 8241 8242
f 8145 8242 8146
f 8146 8242 8243
f 8146 8243 8147
f 8147 8243 8244
f 8147 8244 8148
f 8148 8244 8245
f 8148 8245 8149
f 8149 8245 8246
f 8149 8246 8150
f 8150 8246 8247
f 8150 8247 8151
f 8151 8247 8248
f 8151 8248 8152
f 8152 8248 8249
f 8152 8249 8153
f 8153 8249 8250
f 8153 8250 8154
f 8154 8250 8251
f 8154 8251 8155
f 8155 8251 8252
f 8155 8252 8156
f 8156 8252 8253
f 8156 8253 8157
f 8157 8253 8254
f 8157 8254 8158
f 8158 8254 8255
f 8158 8255 8159
f 8159 8255 8256
f 8159 8256 8160
f 8160 8256 8257
f 8160 8257 8161
f 8161 8257 8162
f 8161 8162 8066
f 8162 8258 8259
f 8162 8259 8163
f 8163 8259 8260
f 8163 8260 8164
f 8164 8260 8261
f 8164 8261 8165
f 8165 8261 8262
f 8165 8262 8166
f 8166 8262 8263
f 8166 8263 8167
f 8167 8263 8264
f 8167 8264 8168
f 8168 8264 8265
f 8168 8265 8169
f 8169 8265 8266
f 8169 8266 8170
f 8170 8266 8267
f 8170 8267 8171
f 8171 8267 8268
f 8171 8268 8172
f 8172 8268 8269
f 8172 8269 8173
f 8173 8269 8270
f 8173 8270 8174
f 8174 8270 8271
f 8174 8271 8175
f 8175 8271 8272
f 8175 8272 8176
f 8176 8272 8273
f 8176 8273 8177
f 8177 8273 8274
f 8177 8274 8178
f 8178 8274 8275
f 8178 8275 8179
f 8179 8275 8276
f 8179 8276 8180
f 8180 8276 8277
f 8180 8277 8181
f 8181 8277 8278
f 8181 8278 8182
f 8182 8278 8279
f 8182 8279 8183
f 8183 8279 8280
f 8183 8280 8184
f 8184 8280 8281
f 8184 8281 8185
f 8185 8281 8282
f 8185 8282 8186
f 8186 8282 8283
f 8186 8283 8187
f 8187 8283 8284
f 8187 8284 8188
f 8188 8284 8285
f 8188 8285 8189
f 8189 8285 8286
f 8189 8286 8190
f 8190 8286 8287
f 8190 8287 8191
f 8191 8287 8288
f 8191 8288 8192
f 8192 8288 8289
f 8192 8289 8193
f 8193 8289 8290
f 8193 8290 8194
f 8194 8290 8291
f 8194 8291 8195
f 8195 8291 8292
f 8195 8292 8196
f 8196 8292 8293
f 8196 8293 8197
f 8197 8293 8294
f 8197 8294 8198
f 8198 8294 8295
f 8198 8295 8199
f 8199 8295 8296
f 8199 8296 8200
f 8200 8296 8297
f 8200 8297 8201
f 8201 8297 8298
f 8201 8298 8202
f 8202 8298 8299
f 8202 8299 8203
f 8203 8299 8300
f 8203 8300 8204
f 8204 8300 8301
f 8204 8301 8205
f 8205 8301 8302
f 8205 8302 8206
f 8206 8302 8303
f 8206 8303 8207
f 8207 8303 8304
f 8207 8304 8208
f 8208 8304 8305
f 8208 8305 8209
f 8209 8305 8306
f 8209 8306 8210
f 8210 8306 8307
f 8210 8307 8211
f 8211 8307 8308
f 8211 8308 8212
f 8212 8308 8309
f 8212 8309 8213
f 8213 8309 8310
f 8213 8310 8214
f 8214 8310 8311
f 8214 8311 8215
f 8215 8311 8312
f 8215 8312 8216
f 8216 8312 8313
f 8216 8313 8217
f 8217 8313 8314
f 8217 8314 8218
f 8218 8314 8315
f 8218 8315 8219
f 8219 8315 8316
f 8219 8316 8220
f 8220 8316 8317
f 8220 8317 8221
f 8221 8317 8318
f 8221 8318 8222
f 8222 8318 8319
f 8222 8319 8223
f 8223 8319 8320
f 8223 8320 8224
f 8224 8320 8321
f 8224 8321 8225
f 8225 8321 8322
f 8225 8322 8226
f 8226 8322 8323
f 8226 8323 8227
f 8227 8323 8324
f 8227 8324 8228
f 8228 8324 8325
f 8228 8325 8229
f 8229 8325 8326
f 8229 8326 8230
f 8230 8326 8327
f 8230 8327 8231
f 8231 8327 8328
f 8231 8328 8232
f 8232 8328 8329
f 8232 8329 8233
f 8233 8329 8330
f 8233 8330 8234
f 8234 8330 8331
f 8234 8331 8235
f 8235 8331 8332
f 8235 8332 8236
f 8236 8332 8333
f 8236 8333 8237
f 8237 8333 8334
f 8237 8334 8238
f 8238 8334 8335
f 8238 8335 8239
f 8239 8335 8336
f 8239 8336 8240
f 8240 8336 8337
f 8240 8337 8241
f 8241 8337 8338
f 8241 8338 8242
f 8242 8338 8339
f 8242 8339 8243
f 8243 8339 8340
f 8243 8340 8244
f 8244 8340 8341
f 8244 8341 8245
f 8245 8341 8342
f 8245 8342 8246
f 8246 8342 8343
f 8246 8343 8247
f 8247 8343 8344
f 8247 8344 8248
f 8248 8344 8345
f 8248 8345 8249
f 8249 8345 8346
f 8249 8346 8250
f 8250 8346 8347
f 8250 8347 8251
f 8251 8347 8348
f 8251 8348 8252
f 8252 8348 8349
f 8252 8349 8253
f 8253 8349 8350
f 8253 8350 8254
f 8254 8350 8351
f 8254 8351 8255
f 8255 8351 8352
f 8255 8352 8256
f 8256 8352 8353
f 8256 8353 8257
f 8257 8353 8258
f 8257 8258 8162
f 8258 8354 8355
f 8258 8355 8259
f 8259 8355 8356
f 8259 8356 8260
f 8260 8356 8357
f 8260 8357 8261
f 8261 8357 8358
f 8261 8358 8262
f 8262 8358 8359
f 8262 8359 8263
f 8263 8359 8360
f 8263 8360 8264
f 8264 8360 8361
f 8264 8361 8265
f 8265 8361 8362
f 8265 8362 8266
f 8266 8362 8363
f 8266 8363 8267
f 8267 8363 8364
f 8267 8364 8268
f 8268 8364 8365
f 8268 8365 8269
f 8269 8365 8366
f 8269 8366 8270
f 8270 8366 8367
f 8270 8367 8271
f 8271 8367 8368
f 8271 8368 8272
f 8272 8368 8369
f 8272 8369 8273
f 8273 8369 8370
f 8273 8370 8274
f 8274 8370 8371
f 8274 8371 8275
f 8275 8371 8372
f 8275 8372 8276
f 8276 8372 8373
f 8276 8373 8277
f 8277 8373 8374
f 8277 8374 8278
f 8278 8374 8375
f 8278 8375 8279
f 8279 8375 8376
f 8279 8376 8280
f 8280 8376 8377
f 8280 8377 8281
f 8281 8377 8378
f 8281 8378 8282
f 8282 8378 8379
f 8282 8379 8283
f 8283 8379 8380
f 8283 8380 8284
f 8284 8380 8381
f 8284 8381 8285
f 8285 8381 8382
f 8285 8382 8286
f 8286 8382 8383
f 8286 8383 8287
f 8287 8383 8384
f 8287 8384 8288
f 8288 8384 8385
f 8288 8385 8289
f 8289 8385 8386
f 8289 8386 8290
f 8290 8386 8387
f 8290 8387 8291
f 8291 8387 8388
f 8291 8388 8292
f 8292 8388 8389
f 8292 8389 8293
f 8293 8389 8390
f 8293 8390 8294
f 8294 8390 8391
f 8294 8391 8295
f 8295 8391 8392
f 8295 8392 8296
f 8296 8392 8393
f 8296 8393 8297
f 8297 8393 8394
f 8297 8394 8298
f 8298 8394 8395
f 8298 8395 8299
f 8299 8395 8396
f 8299 8396 8300
f 8300 8396 8397
f 8300 8397 8301
f 8301 8397 8398
f 8301 8398 8302
f 8302 8398 8399
f 8302 8399 8303
f 8303 8399 8400
f 8303 8400 8304
f 8304 8400 8401
f 8304 8401 8305
f 8305 8401 8402
f 8305 8402 8306
f 8306 8402 8403
f 8306 8403 8307
f 8307 8403 8404
f 8307 8404 8308
f 8308 8404 8405
f 8308 8405 8309
f 8309 8405 8406
f 8309 8406 8310
f 8310 8406 8407
f 8310 8407 8311
f 8311 8407 8408
f 8311 8408 8312
f 8312 8408 8409
f 8312 8409 8313
f 8313 8409 8410
f 8313 8410 8314
f 8314 8410 8411
f 8314 8411 8315
f 8315 8411 8412
f 8315 8412 8316
f 8316 8412 8413
f 8316 8413 8317
f 8317 8413 8414
f 8317 8414 8318
f 8318 8414 8415
f 8318 8415 8319
f 8319 8415 8416
f 8319 8416 8320
f 8320 8416 8417
f 8320 8417 8321
f 8321 8417 8418
f 8321 8418 8322
f 8322 8418 8419
f 8322 8419 8323
f 8323 8419 8420
f 8323 8420 8324
f 8324 8420 8421
f 8324 8421 8325
f 8325 8421 8422
f 8325 8422 8326
f 8326 8422 8423
f 8326 8423 8327
f 8327 8423 8424
f 8327 8424 8328
f 8328 8424 8425
f 8328 8425 8329
f 8329 8425 8426
f 8329 8426 8330
f 8330 8426 8427
f 8330 8427 8331
f 8331 8427 8428
f 8331 8428 8332
f 8332 8428 8429
f 8332 8429 8333
f 8333 8429 8430
f 8333 8430 8334
f 8334 8430 8431
f 8334 8431 8335
f 8335 8431 8432
f 8335 8432 8336
f 8336 8432 8433
f 8336 8433 8337
f 8337 8433 8434
f 8337 8434 8338
f 8338 8434 8435
f 8338 8435 8339
f 8339 8435 8436
f 8339 8436 8340
f 8340 8436 8437
f 8340 8437 8341
f 8341 8437 8438
f 8341 8438 8342
f 8342 8438 8439
f 8342 8439 8343
f 8343 8439 8440
f 8343 8440 8344
f 8344 8440 8441
f 8344 8441 8345
f 8345 8441 8442
f 8345 8442 8346
f 8346 8442 8443
f 8346 8443 8347
f 8347 8443 8444
f 8347 8444 8348
f 8348 8444 8445
f 8348 8445 8349
f 8349 8445 8446
f 8349 8446 8350
f 8350 8446 8447
f 8350 8447 8351
f 8351 8447 8448
f 8351 8448 8352
f 8352 8448 8449
f 8352 8449 8353
f 8353 8449 8354
f 8353 8354 8258
f 8354 8450 8451
f 8354 8451 8355
f 8355 8451 8452
f 8355 8452 8356
f 8356 8452 8453
f 8356 8453 8357
f 8357 8453 8454
f 8357 8454 8358
f 8358 8454 8455
f 8358 8455 8359
f 8359 8455 8456
f 8359 8456 8360
f 8360 8456 8457
f 8360 8457 8361
f 8361 8457 8458
f 8361 8458 8362
f 8362 8458 8459
f 8362 8459 8363
f 8363 8459 8460
f 8363 8460 8364
f 8364 8460 8461
f 8364 8461 8365
f 8365 8461 8462
f 8365 8462 8366
f 8366 8462 8463
f 8366 8463 8367
f 8367 8463 8464
f 8367 8464 8368
f 8368 8464 8465
f 8368 8465 8369
f 8369 8465 8466
f 8369 8466 8370
f 8370 8466 8467
f 8370 8467 8371
f 8371 8467 8468
f 8371 8468 8372
f 8372 8468 8469
f 8372 8469 8373
f 8373 8469 8470
f 8373 8470 8374
f 8374 8470 8471
f 8374 8471 8375
f 8375 8471 8472
f 8375 8472 8376
f 8376 8472 8473
f 8376 8473 8377
f 8377 8473 8474
f 8377 8474 8378
f 8378 8474 8475
f 8378 8475 8379
f 8379 8475 8476
f 8379 8476 8380
f 8380 8476 8477
f 8380 8477 8381
f 8381 8477 8478
f 8381 8478 8382
f 8382 8478 8479
f 8382 8479 8383
f 8383 8479 8480
f 8383 8480 8384
f 8384 8480 8481
f 8384 8481 8385
f 8385 8481 8482
f 8385 8482 8386
f 8386 8482 8483
f 8386 8483 8387
f 8387 8483 8484
f 8387 8484 8388
f 8388 8484 8485
f 8388 8485 8389
f 8389 8485 8486
f 8389 8486 8390
f 8390 8486 8487
f 8390 8487 8391
f 8391 8487 8488
f 8391 8488 8392
f 8392 8488 8489
f 8392 8489 8393
f 8393 8489 8490
f 8393 8490 8394
f 8394 8490 8491
f 8394 8491 8395
f 8395 8491 8492
f 8395 8492 8396
f 8396 8492 8493
f 8396 8493 8397
f 8397 8493 8494
f 8397 8494 8398
f 8398 8494 8495
f 8398 8495 8399
f 8399 8495 8496
f 8399 8496 8400
f 8400 8496 8497
f 8400 8497 8401
f 8401 8497 8498
f 8401 8498 8402
f 8402 8498 8499
f 8402 8499 8403
f 8403 8499 8500
f 8403 8500 8404
f 8404 8500 8501
f 8404 8501 8405
f 8405 8501 8502
f 8405 8502 8406
f 8406 8502 8503
f 8406 8503 8407
f 8407 8503 8504
f 8407 8504 8408
f 8408 8504 8505
f 8408 8505 8409
f 8409 8505 8506
f 8409 8506 8410
f 8410 8506 8507
f 8410 8507 8411
f 8411 8507 8508
f 8411 8508 8412
f 8412 8508 8509
f 8412 8509 8413
f 8413 8509 8510
f 8413 8510 8414
f 8414 8510 8511
f 8414 8511 8415
f 8415 8511 8512
f 8415 8512 8416
f 8416 8512 8513
f 8416 8513 8417
f 8417 8513 8514
f 8417 8514 8418
f 8418 8514 8515
f 8418 8515 8419
f 8419 8515 8516
f 8419 8516 8420
f 8420 8516 8517
f 8420 8517 8421
f 8421 8517 8518
f 8421 8518 8422
f 8422 8518 8519
f 8422 8519 8423
f 8423 8519 8520
f 8423 8520 8424
f 8424 8520 8521
f 8424 8521 8425
f 8425 8521 8522
f 8425 8522 8426
f 8426 8522 8523
f 8426 8523 8427
f 8427 8523 8524
f 8427 8524 8428
f 8428 8524 8525
f 8428 8525 8429
f 8429 8525 8526
f 8429 8526 8430
f 8430 8526 8527
f 8430 8527 8431
f 8431 8527 8528
f 8431 8528 8432
f 8432 8528 8529
f 8432 8529 8433
f 8433 8529 8530
f 8433 8530 8434
f 8434 8530 8531
f 8434 8531 8435
f 8435 8531 8532
f 8435 8532 8436
f 8436 8532 8533
f 8436 8533 8437
f 8437 8533 8534
f 8437 8534 8438
f 8438 8534 8535
f 8438 8535 8439
f 8439 8535 8536
f 8439 8536 8440
f 8440 8536 8537
f 8440 8537 8441
f 8441 8537 8538
f 8441 8538 8442
f 8442 8538 8539
f 8442 8539 8443
f 8443 8539 8540
f 8443 8540 8444
f 8444 8540 8541
f 8444 8541 8445
f 8445 8541 8542
f 8445 8542 8446
f 8446 8542 8543
f 8446 8543 8447
f 8447 8543 8544
f 8447 8544 8448
f 8448 8544 8545
f 8448 8545 8449
f 8449 8545 8450
f 8449 8450 8354
f 8450 8546 8547
f 8450 8547 8451
f 8451 8547 8548
f 8451 8548 8452
f 8452 8548 8549
f 8452 8549 8453
f 8453 8549 8550
f 8453 8550 8454
f 8454 8550 8551
f 8454 8551 8455
f 8455 8551 8552
f 8455 8552 8456
f 8456 8552 8553
f 8456 8553 8457
f 8457 8553 8554
f 8457 8554 8458
f 8458 8554 8555
f 8458 8555 8459
f 8459 8555 8556
f 8459 8556 8460
f 8460 8556 8557
f 8460 8557 8461
f 8461 8557 8558
f 8461 8558 8462
f 8462 8558 8559
f 8462 8559 8463
f 8463 8559 8560
f 8463 8560 8464
f 8464 8560 8561
f 8464 8561 8465
f 8465 8561 8562
f 8465 8562 8466
f 8466 8562 8563
f 8466 8563 8467
f 8467 8563 8564
f 8467 8564 8468
f 8468 8564 8565
f 8468 8565 8469
f 8469 8565 8566
f 8469 8566 8470
f 8470 8566 8567
f 8470 8567 8471
f 8471 8567 8568
f 8471 8568 8472
f 8472 8568 8569
f 8472 8569 8473
f 8473 8569 8570
f 8473 8570 8474
f 8474 8570 8571
f 8474 8571 8475
f 8475 8571 8572
f 8475 8572 8476
f 8476 8572 8573
f 8476 8573 8477
f 8477 8573 8574
f 8477 8574 8478
f 8478 8574 8575
f 8478 8575 8479
f 8479 8575 8576
f 8479 8576 8480
f 8480 8576 8577
f 8480 8577 8481
f 8481 8577 8578
f 8481 8578 8482
f 8482 8578 8579
f 8482 8579 8483
f 8483 8579 8580
f 8483 8580 8484
f 8484 8580 8581
f 8484 8581 8485
f 8485 8581 8582
f 8485 8582 8486
f 8486 8582 8583
f 8486 8583 8487
f 8487 8583 8584
f 8487 8584 8488
f 8488 8584 8585
f 8488 8585 8489
f 8489 8585 8586
f 8489 8586 8490
f 8490 8586 8587
f 8490 8587 8491
f 8491 8587 8588
f 8491 8588 8492
f 8492 8588 8589
f 8492 8589 8493
f 8493 8589 8590
f 8493 8590 8494
f 8494 8590 8591
f 8494 8591 8495
f 8495 8591 8592
f 8495 8592 8496
f 8496 8592 8593
f 8496 8593 8497
f 8497 8593 8594
f 8497 8594 8498
f 8498 8594 8595
f 8498 8595 8499
f 8499 8595 8596
f 8499 8596 8500
f 8500 8596 8597
f 8500 8597 8501
f 8501 8597 8598
f 8501 8598 8502
f 8502 8598 8599
f 8502 8599 8503
f 8503 8599 8600
f 8503 8600 8504
f 8504 8600 8601
f 8504 8601 8505
f 8505 8601 8602
f 8505 8602 8506
f 8506 8602 8603
f 8506 8603 8507
f 8507 8603 8604
f 8507 8604 8508
f 8508 8604 8605
f 8508 8605 8509
f 8509 8605 8606
f 8509 8606 8510
f 8510 8606 8607
f 8510 8607 8511
f 8511 8607 8608
f 8511 8608 8512
f 8512 8608 8609
f 8512 8609 8513
f 8513 8609 8610
f 8513 8610 8514
f 8514 8610 8611
f 8514 8611 8515
f 8515 8611 8612
f 8515 8612 8516
f 8516 8612 8613
f 8516 8613 8517
f 8517 8613 8614
f 8517 8614 8518
f 8518 8614 8615
f 8518 8615 8519
f 8519 8615 8616
f 8519 8616 8520
f 8520 8616 8617
f 8520 8617 8521
f 8521 8617 8618
f 8521 8618 8522
f 8522 8618 8619
f 8522 8619 8523
f 8523 8619 8620
f 8523 8620 8524
f 8524 8620 8621
f 8524 8621 8525
f 8525 8621 8622
f 8525 8622 8526
f 8526 8622 8623
f 8526 8623 8527
f 8527 8623 8624
f 8527 8624 8528
f 8528 8624 8625
f 8528 8625 8529
f 8529 8625 8626
f 8529 8626 8530
f 8530 8626 8627
f 8530 8627 8531
f 8531 8627 8628
f 8531 8628 8532
f 8532 8628 8629
f 8532 8629 8533
f 8533 8629 8630
f 8533 8630 8534
f 8534 8630 8631
f 8534 8631 8535
f 8535 8631 8632
f 8535 8632 8536
f 8536 8632 8633
f 8536 8633 8537
f 8537 8633 8634
f 8537 8634 8538
f 8538 8634 8635
f 8538 8635 8539
f 8539 8635 8636
f 8539 8636 8540
f 8540 8636 8637
f 8540 8637 8541
f 8541 8637 8638
f 8541 8638 8542
f 8542 8638 8639
f 8542 8639 8543
f 8543 8639 8640
f 8543 8640 8544
f 8544 8640 8641
f 8544 8641 8545
f 8545 8641 8546
f 8545 8546 8450
f 8546 8642 8643
f 8546 8643 8547
f 8547 8643 8644
f 8547 8644 8548
f 8548 8644 8645
f 8548 8645 8549
f 8549 8645 8646
f 8549 8646 8550
f 8550 8646 8647
f 8550 8647 8551
f 8551 8647 8648
f 8551 8648 8552
f 8552 8648 8649
f 8552 8649 8553
f 8553 8649 8650
f 8553 8650 8554
f 8554 8650 8651
f 8554 8651 8555
f 8555 8651 8652
f 8555 8652 8556
f 8556 8652 8653
f 8556 8653 8557
f 8557 8653 8654
f 8557 8654 8558
f 8558 8654 8655
f 8558 8655 8559
f 8559 8655 8656
f 8559 8656 8560
f 8560 8656 8657
f 8560 8657 8561
f 8561 8657 8658
f 8561 8658 8562
f 8562 8658 8659
f 8562 8659 8563
f 8563 8659 8660
f 8563 8660 8564
f 8564 8660 8661
f 8564 8661 8565
f 8565 8661 8662
f 8565 8662 8566
f 8566 8662 8663
f 8566 8663 8567
f 8567 8663 8664
f 8567 8664 8568
f 8568 8664 8665
f 8568 8665 8569
f 8569 8665 8666
f 8569 8666 8570
f 8570 8666 8667
f 8570 8667 8571
f 8571 8667 8668
f 8571 8668 8572
f 8572 8668 8669
f 8572 8669 8573
f 8573 8669 8670
f 8573 8670 8574
f 8574 8670 8671
f 8574 8671 8575
f 8575 8671 8672
f 8575 8672 8576
f 8576 8672 8673
f 8576 8673 8577
f 8577 8673 8674
f 8577 8674 8578
f 8578 8674 8675
f 8578 8675 8579
f 8579 8675 8676
f 8579 8676 8580
f 8580 8676 8677
f 8580 8677 8581
f 8581 8677 8678
f 8581 8678 8582
f 8582 8678 8679
f 8582 8679 8583
f 8583 8679 8680
f 8583 8680 8584
f 8584 8680 8681
f 8584 8681 8585
f 8585 8681 8682
f 8585 8682 8586
f 8586 8682 8683
f 8586 8683 8587
f 8587 8683 8684
f 8587 8684 8588
f 8588 8684 8685
f 8588 8685 8589
f 8589 8685 8686
f 8589 8686 8590
f 8590 8686 8687
f 8590 8687 8591
f 8591 8687 8688
f 8591 8688 8592
f 8592 8688 8689
f 8592 8689 8593
f 8593 8689 8690
f 8593 8690 8594
f 8594 8690 8691
f 8594 8691 8595
f 8595 8691 8692
f 8595 8692 8596
f 8596 8692 8693
f 8596 8693 8597
f 8597 8693 8694
f 8597 8694 8598
f 8598 8694 8695
f 8598 8695 8599
f 8599 8695 8696
f 8599 8696 8600
f 8600 8696 8697
f 8600 8697 8601
f 8601 8697 8698
f 8601 8698 8602
f 8602 8698 8699
f 8602 8699 8603
f 8603 8699 8700
f 8603 8700 8604
f 8604 8700 8701
f 8604 8701 8605
f 8605 8701 8702
f 8605 8702 8606
f 8606 8702 8703
f 8606 8703 8607
f 8607 8703 8704
f 8607 8704 8608
f 8608 8704 8705
f 8608 8705 8609
f 8609 8705 8706
f 8609 8706 8610
f 8610 8706 8707
f 8610 8707 8611
f 8611 8707 8708
f 8611 8708 8612
f 8612 8708 8709
f 8612 8709 8613
f 8613 8709 8710
f 8613 8710 8614
f 8614 8710 8711
f 8614 8711 8615
f 8615 8711 8712
f 8615 8712 8616
f 8616 8712 8713
f 8616 8713 8617
f 8617 8713 8714
f 8617 8714 8618
f 8618 8714 8715
f 8618 8715 8619
f 8619 8715 8716
f 8619 8716 8620
f 8620 8716 8717
f 8620 8717 8621
f 8621 8717 8718
f 8621 8718 8622
f 8622 8718 8719
f 8622 8719 8623
f 8623 8719 8720
f 8623 8720 8624
f 8624 8720 8721
f 8624 8721 8625
f 8625 8721 8722
f 8625 8722 8626
f 8626 8722 8723
f 8626 8723 8627
f 8627 8723 8724
f 8627 8724 8628
f 8628 8724 8725
f 8628 8725 8629
f 8629 8725 8726
f 8629 8726 8630
f 8630 8726 8727
f 8630 8727 8631
f 8631 8727 8728
f 8631 8728 8632
f 8632 8728 8729
f 8632 8729 8633
f 8633 8729 8730
f 8633 8730 8634
f 8634 8730 8731
f 8634 8731 8635
f 8635 8731 8732
f 8635 8732 8636
f 8636 8732 8733
f 8636 8733 8637
f 8637 8733 8734
f 8637 8734 8638
f 8638 8734 8735
f 8638 8735 8639
f 8639 8735 8736
f 8639 8736 8640
f 8640 8736 8737
f 8640 8737 8641
f 8641 8737 8642
f 8641 8642 8546
f 8642 8738 8739
f 8642 8739 8643
f 8643 8739 8740
f 8643 8740 8644
f 8644 8740 8741
f 8644 8741 8645
f 8645 8741 8742
f 8645 8742 8646
f 8646 8742 8743
f 8646 8743 8647
f 8647 8743 8744
f 8647 8744 8648
f 8648 8744 8745
f 8648 8745 8649
f 8649 8745 8746
f 8649 8746 8650
f 8650 8746 8747
f 8650 8747 8651
f 8651 8747 8748
f 8651 8748 8652
f 8652 8748 8749
f 8652 8749 8653
f 8653 8749 8750
f 8653 8750 8654
f 8654 8750 8751
f 8654 8751 8655
f 8655 8751 8752
f 8655 8752 8656
f 8656 8752 8753
f 8656 8753 8657
f 8657 8753 8754
f 8657 8754 8658
f 8658 8754 8755
f 8658 8755 8659
f 8659 8755 8756
f 8659 8756 8660
f 8660 8756 8757
f 8660 8757 8661
f 8661 8757 8758
f 8661 8758 8662
f 8662 8758 8759
f 8662 8759 8663
f 8663 8759 8760
f 8663 8760 8664
f 8664 8760 8761
f 8664 8761 8665
f 8665 8761 8762
f 8665 8762 8666
f 8666 8762 8763
f 8666 8763 8667
f 8667 8763 8764
f 8667 8764 8668
f 8668 8764 8765
f 8668 8765 8669
f 8669 8765 8766
f 8669 8766 8670
f 8670 8766 8767
f 8670 8767 8671
f 8671 8767 8768
f 8671 8768 8672
f 8672 8768 8769
f 8672 8769 8673
f 8673 8769 8770
f 8673 8770 8674
f 8674 8770 8771
f 8674 8771 8675
f 8675 8771 8772
f 8675 8772 8676
f 8676 8772 8773
f 8676 8773 8677
f 8677 8773 8774
f 8677 8774 8678
f 8678 8774 8775
f 8678 8775 8679
f 8679 8775 8776
f 8679 8776 8680
f 8680 8776 8777
f 8680 8777 8681
f 8681 8777 8778
f 8681 8778 8682
f 8682 8778 8779
f 8682 8779 8683
f 8683 8779 8780
f 8683 8780 8684
f 8684 8780 8781
f 8684 8781 8685
f 8685 8781 8782
f 8685 8782 8686
f 8686 8782 8783
f 8686 8783 8687
f 8687 8783 8784
f 8687 8784 8688
f 8688 8784 8785
f 8688 8785 8689
f 8689 8785 8786
f 8689 8786 8690
f 8690 8786 8787
f 8690 8787 8691
f 8691 8787 8788
f 8691 8788 8692
f 8692 8788 8789
f 8692 8789 8693
f 8693 8789 8790
f 8693 8790 8694
f 8694 8790 8791
f 8694 8791 8695
f 8695 8791 8792
f 8695 8792 8696
f 8696 8792 8793
f 8696 8793 8697
f 8697 8793 8794
f 8697 8794 8698
f 8698 8794 8795
f 8698 8795 8699
f 8699 8795 8796
f 8699 8796 8700
f 8700 8796 8797
f 8700 8797 8701
f 8701 8797 8798
f 8701 8798 8702
f 8702 8798 8799
f 8702 8799 8703
f 8703 8799 8800
f 8703 8800 8704
f 8704 8800 8801
f 8704 8801 8705
f 8705 8801 8802
f 8705 8802 8706
f 8706 8802 8803
f 8706 8803 8707
f 8707 8803 8804
f 8707 8804 8708
f 8708 8804 8805
f 8708 8805 8709
f 8709 8805 8806
f 8709 8806 8710
f 8710 8806 8807
f 8710 8807 8711
f 8711 8807 8808
f 8711 8808 8712
f 8712 8808 8809
f 8712 8809 8713
f 8713 8809 8810
f 8713 8810 8714
f 8714 8810 8811
f 8714 8811 8715
f 8715 8811 8812
f 8715 8812 8716
f 8716 8812 8813
f 8716 8813 8717
f 8717 8813 8814
f 8717 8814 8718
f 8718 8814 8815
f 8718 8815 8719
f 8719 8815 8816
f 8719 8816 8720
f 8720 8816 8817
f 8720 8817 8721
f 8721 8817 8818
f 8721 8818 8722
f 8722 8818 8819
f 8722 8819 8723
f 8723 8819 8820
f 8723 8820 8724
f 8724 8820 8821
f 8724 8821 8725
f 8725 8821 8822
f 8725 8822 8726
f 8726 8822 8823
f 8726 8823 8727
f 8727 8823 8824
f 8727 8824 8728
f 8728 8824 8825
f 8728 8825 8729
f 8729 8825 8826
f 8729 8826 8730
f 8730 8826 8827
f 8730 8827 8731
f 8731 8827 8828
f 8731 8828 8732
f 8732 8828 8829
f 8732 8829 8733
f 8733 8829 8830
f 8733 8830 8734
f 8734 8830 8831
f 8734 8831 8735
f 8735 8831 8832
f 8735 8832 8736
f 8736 8832 8833
f 8736 8833 8737
f 8737 8833 8738
f 8737 8738 8642
f 8738 8834 8835
f 8738 8835 8739
f 8739 8835 8836
f 8739 8836 8740
f 8740 8836 8837
f 8740 8837 8741
f 8741 8837 8838
f 8741 8838 8742
f 8742 8838 8839
f 8742 8839 8743
f 8743 8839 8840
f 8743 8840 8744
f 8744 8840 8841
f 8744 8841 8745
f 8745 8841 8842
f 8745 8842 8746
f 8746 8842 8843
f 8746 8843 8747
f 8747 8843 8844
f 8747 8844 8748
f 8748 8844 8845
f 8748 8845 8749
f 8749 8845 8846
f 8749 8846 8750
f 8750 8846 8847
f 8750 8847 8751
f 8751 8847 8848
f 8751 8848 8752
f 8752 8848 8849
f 8752 8849 8753
f 8753 8849 8850
f 8753 8850 8754
f 8754 8850 8851
f 8754 8851 8755
f 8755 8851 8852
f 8755 8852 8756
f 8756 8852 8853
f 8756 8853 8757
f 8757 8853 8854
f 8757 8854 8758
f 8758 8854 8855
f 8758 8855 8759
f 8759 8855 8856
f 8759 8856 8760
f 8760 8856 8857
f 8760 8857 8761
f 8761 8857 8858
f 8761 8858 8762
f 8762 8858 8859
f 8762 8859 8763
f 8763 8859 8860
f 8763 8860 8764
f 8764 8860 8861
f 8764 8861 8765
f 8765 8861 8862
f 8765 8862 8766
f 8766 8862 8863
f 8766 8863 8767
f 8767 8863 8864
f 8767 8864 8768
f 8768 8864 8865
f 8768 8865 8769
f 8769 8865 8866
f 8769 8866 8770
f 8770 8866 8867
f 8770 8867 8771
f 8771 8867 8868
f 8771 8868 8772
f 8772 8868 8869
f 8772 8869 8773
f 8773 8869 8870
f 8773 8870 8774
f 8774 8870 8871
f 8774 8871 8775
f 8775 8871 8872
f 8775 8872 8776
f 8776 8872 8873
f 8776 8873 8777
f 8777 8873 8874
f 8777 8874 8778
f 8778 8874 8875
f 8778 8875 8779
f 8779 8875 8876
f 8779 8876 8780
f 8780 8876 8877
f 8780 8877 8781
f 8781 8877 8878
f 8781 8878 8782
f 8782 8878 8879
f 8782 8879 8783
f 8783 8879 8880
f 8783 8880 8784
f 8784 8880 8881
f 8784 8881 8785
f 8785 8881 8882
f 8785 8882 8786
f 8786 8882 8883
f 8786 8883 8787
f 8787 8883 8884
f 8787 8884 8788
f 8788 8884 8885
f 8788 8885 8789
f 8789 8885 8886
f 8789 8886 8790
f 8790 8886 8887
f 8790 8887 8791
f 8791 8887 8888
f 8791 8888 8792
f 8792 8888 8889
f 8792 8889 8793
f 8793 8889 8890
f 8793 8890 8794
f 8794 8890 8891
f 8794 8891 8795
f 8795 8891 8892
f 8795 8892 8796
f 8796 8892 8893
f 8796 8893 8797
f 8797 8893 8894
f 8797 8894 8798
f 8798 8894 8895
f 8798 8895 8799
f 8799 8895 8896
f 8799 8896 8800
f 8800 8896 8897
f 8800 8897 8801
f 8801 8897 8898
f 8801 8898 8802
f 8802 8898 8899
f 8802 8899 8803
f 8803 8899 8900
f 8803 8900 8804
f 8804 8900 8901
f 8804 8901 8805
f 8805 8901 8902
f 8805 8902 8806
f 8806 8902 8903
f 8806 8903 8807
f 8807 8903 8904
f 8807 8904 8808
f 8808 8904 8905
f 8808 8905 8809
f 8809 8905 8906
f 8809 8906 8810
f 8810 8906 8907
f 8810 8907 8811
f 8811 8907 8908
f 8811 8908 8812
f 8812 8908 8909
f 8812 8909 8813
f 8813 8909 8910
f 8813 8910 8814
f 8814 8910 8911
f 8814 8911 8815
f 8815 8911 8912
f 8815 8912 8816
f 8816 8912 8913
f 8816 8913 8817
f 8817 8913 8914
f 8817 8914 8818
f 8818 8914 8915
f 8818 8915 8819
f 8819 8915 8916
f 8819 8916 8820
f 8820 8916 8917
f 8820 8917 8821
f 8821 8917 8918
f 8821 8918 8822
f 8822 8918 8919
f 8822 8919 8823
f 8823 8919 8920
f 8823 8920 8824
f 8824 8920 8921
f 8824 8921 8825
f 8825 8921 8922
f 8825 8922 8826
f 8826 8922 8923
f 8826 8923 8827
f 8827 8923 8924
f 8827 8924 8828
f 8828 8924 8925
f 8828 8925 8829
f 8829 8925 8926
f 8829 8926 8830
f 8830 8926 8927
f 8830 8927 8831
f 8831 8927 8928
f 8831 8928 8832
f 8832 8928 8929
f 8832 8929 8833
f 8833 8929 8834
f 8833 8834 8738
f 8834 8930 8931
f 8834 8931 8835
f 8835 8931 8932
f 8835 8932 8836
f 8836 8932 8933
f 8836 8933 8837
f 8837 8933 8934
f 8837 8934 8838
f 8838 8934 8935
f 8838 8935 8839
f 8839 8935 8936
f 8839 8936 8840
f 8840 8936 8937
f 8840 8937 8841
f 8841 8937 8938
f 8841 8938 8842
f 8842 8938 8939
f 8842 8939 8843
f 8843 8939 8940
f 8843 8940 8844
f 8844 8940 8941
f 8844 8941 8845
f 8845 8941 8942
f 8845 8942 8846
f 8846 8942 8943
f 8846 8943 8847
f 8847 8943 8944
f 8847 8944 8848
f 8848 8944 8945
f 8848 8945 8849
f 8849 8945 8946
f 8849 8946 8850
f 8850 8946 8947
f 8850 8947 8851
f 8851 8947 8948
f 8851 8948 8852
f 8852 8948 8949
f 8852 8949 8853
f 8853 8949 8950
f 8853 8950 8854
f 8854 8950 8951
f 8854 8951 8855
f 8855 8951 8952
f 8855 8952 8856
f 8856 8952 8953
f 8856 8953 8857
f 8857 8953 8954
f 8857 8954 8858
f 8858 8954 8955
f 8858 8955 8859
f 8859 8955 8956
f 8859 8956 8860
f 8860 8956 8957
f 8860 8957 8861
f 8861 8957 8958
f 8861 8958 8862
f 8862 8958 8959
f 8862 8959 8863
f 8863 8959 8960
f 8863 8960 8864
f 8864 8960 8961
f 8864 8961 8865
f 8865 8961 8962
f 8865 8962 8866
f 8866 8962 8963
f 8866 8963 8867
f 8867 8963 8964
f 8867 8964 8868
f 8868 8964 8965
f 8868 8965 8869
f 8869 8965 8966
f 8869 8966 8870
f 8870 8966 8967
f 8870 8967 8871
f 8871 8967 8968
f 8871 8968 8872
f 8872 8968 8969
f 8872 8969 8873
f 8873 8969 8970
f 8873 8970 8874
f 8874 8970 8971
f 8874 8971 8875
f 8875 8971 8972
f 8875 8972 8876
f 8876 8972 8973
f 8876 8973 8877
f 8877 8973 8974
f 8877 8974 8878
f 8878 8974 8975
f 8878 8975 8879
f 8879 8975 8976
f 8879 8976 8880
f 8880 8976 8977
f 8880 8977 8881
f 8881 8977 8978
f 8881 8978 8882
f 8882 8978 8979
f 8882 8979 8883
f 8883 8979 8980
f 8883 8980 8884
f 8884 8980 8981
f 8884 8981 8885
f 8885 8981 8982
f 8885 8982 8886
f 8886 8982 8983
f 8886 8983 8887
f 8887 8983 8984
f 8887 8984 8888
f 8888 8984 8985
f 8888 8985 8889
f 8889 8985 8986
f 8889 8986 8890
f 8890 8986 8987
f 8890 8987 8891
f 8891 8987 8988
f 8891 8988 8892
f 8892 8988 8989
f 8892 8989 8893
f 8893 8989 8990
f 8893 8990 8894
f 8894 8990 8991
f 8894 8991 8895
f 8895 8991 8992
f 8895 8992 8896
f 8896 8992 8993
f 8896 8993 8897
f 8897 8993 8994
f 8897 8994 8898
f 8898 8994 8995
f 8898 8995 8899
f 8899 8995 8996
f 8899 8996 8900
f 8900 8996 8997
f 8900 8997 8901
f 8901 8997 8998
f 8901 8998 8902
f 8902 8998 8999
f 8902 8999 8903
f 8903 8999 9000
f 8903 9000 8904
f 8904 9000 9001
f 8904 9001 8905
f 8905 9001 9002
f 8905 9002 8906
f 8906 9002 9003
f 8906 9003 8907
f 8907 9003 9004
f 8907 9004 8908
f 8908 9004 9005
f 8908 9005 8909
f 8909 9005 9006
f 8909 9006 8910
f 8910 9006 9007
f 8910 9007 8911
f 8911 9007 9008
f 8911 9008 8912
f 8912 9008 9009
f 8912 9009 8913
f 8913 9009 9010
f 8913 9010 8914
f 8914 9010 9011
f 8914 9011 8915
f 8915 9011 9012
f 8915 9012 8916
f 8916 9012 9013
f 8916 9013 8917
f 8917 9013 9014
f 8917 9014 8918
f 8918 9014 9015
f 8918 9015 8919
f 8919 9015 9016
f 8919 9016 8920
f 8920 9016 9017
f 8920 9017 8921
f 8921 9017 9018
f 8921 9018 8922
f 8922 9018 9019
f 8922 9019 8923
f 8923 9019 9020
f 8923 9020 8924
f 8924 9020 9021
f 8924 9021 8925
f 8925 9021 9022
f 8925 9022 8926
f 8926 9022 9023
f 8926 9023 8927
f 8927 9023 9024
f 8927 9024 8928
f 8928 9024 9025
f 8928 9025 8929
f 8929 9025 8930
f 8929 8930 8834
f 8930 9026 9027
f 8930 9027 8931
f 8931 9027 9028
f 8931 9028 8932
f 8932 9028 9029
f 8932 9029 8933
f 8933 9029 9030
f 8933 9030 8934
f 8934 9030 9031
f 8934 9031 8935
f 8935 9031 9032
f 8935 9032 8936
f 8936 9032 9033
f 8936 9033 8937
f 8937 9033 9034
f 8937 9034 8938
f 8938 9034 9035
f 8938 9035 8939
f 8939 9035 9036
f 8939 9036 8940
f 8940 9036 9037
f 8940 9037 8941
f 8941 9037 9038
f 8941 9038 8942
f 8942 9038 9039
f 8942 9039 8943
f 8943 9039 9040
f 8943 9040 8944
f 8944 9040 9041
f 8944 9041 8945
f 8945 9041 9042
f 8945 9042 8946
f 8946 9042 9043
f 8946 9043 8947
f 8947 9043 9044
f 8947 9044 8948
f 8948 9044 9045
f 8948 9045 8949
f 8949 9045 9046
f 8949 9046 8950
f 8950 9046 9047
f 8950 9047 8951
f 8951 9047 9048
f 8951 9048 8952
f 8952 9048 9049
f 8952 9049 8953
f 8953 9049 9050
f 8953 9050 8954
f 8954 9050 9051
f 8954 9051 8955
f 8955 9051 9052
f 8955 9052 8956
f 8956 9052 9053
f 8956 9053 8957
f 8957 9053 9054
f 8957 9054 8958
f 8958 9054 9055
f 8958 9055 8959
f 8959 9055 9056
f 8959 9056 8960
f 8960 9056 9057
f 8960 9057 8961
f 8961 9057 9058
f 8961 9058 8962
f 8962 9058 9059
f 8962 9059 8963
f 8963 9059 9060
f 8963 9060 8964
f 8964 9060 9061
f 8964 9061 8965
f 8965 9061 9062
f 8965 9062 8966
f 8966 9062 9063
f 8966 9063 8967
f 8967 9063 9064
f 8967 9064 8968
f 8968 9064 9065
f 8968 9065 8969
f 8969 9065 9066
f 8969 9066 8970
f 8970 9066 9067
f 8970 9067 8971
f 8971 9067 9068
f 8971 9068 8972
f 8972 9068 9069
f 8972 9069 8973
f 8973 9069 9070
f 8973 9070 8974
f 8974 9070 9071
f 8974 9071 8975
f 8975 9071 9072
f 8975 9072 8976
f 8976 9072 9073
f 8976 9073 8977
f 8977 9073 9074
f 8977 9074 8978
f 8978 9074 9075
f 8978 9075 8979
f 8979 9075 9076
f 8979 9076 8980
f 8980 9076 9077
f 8980 9077 8981
f 8981 9077 9078
f 8981 9078 8982
f 8982 9078 9079
f 8982 9079 8983
f 8983 9079 9080
f 8983 9080 8984
f 8984 9080 9081
f 8984 9081 8985
f 8985 9081 9082
f 8985 9082 8986
f 8986 9082 9083
f 8986 9083 8987
f 8987 9083 9084
f 8987 9084 8988
f 8988 9084 9085
f 8988 9085 8989
f 8989 9085 9086
f 8989 9086 8990
f 8990 9086 9087
f 8990 9087 8991
f 8991 9087 9088
f 8991 9088 8992
f 8992 9088 9089
f 8992 9089 8993
f 8993 9089 9090
f 8993 9090 8994
f 8994 9090 9091
f 8994 9091 8995
f 8995 9091 9092
f 8995 9092 8996
f 8996 9092 9093
f 8996 9093 8997
f 8997 9093 9094
f 8997 9094 8998
f 8998 9094 9095
f 8998 9095 8999
f 8999 9095 9096
f 8999 9096 9000
f 9000 9096 9097
f 9000 9097 9001
f 9001 9097 9098
f 9001 9098 9002
f 9002 9098 9099
f 9002 9099 9003
f 9003 9099 9100
f 9003 9100 9004
f 9004 9100 9101
f 9004 9101 9005
f 9005 9101 9102
f 9005 9102 9006
f 9006 9102 9103
f 9006 9103 9007
f 9007 9103 9104
f 9007 9104 9008
f 9008 9104 9105
f 9008 9105 9009
f 9009 9105 9106
f 9009 9106 9010
f 9010 9106 9107
f 9010 9107 9011
f 9011 9107 9108
f 9011 9108 9012
f 9012 9108 9109
f 9012 9109 9013
f 9013 9109 9110
f 9013 9110 9014
f 9014 9110 9111
f 9014 9111 9015
f 9015 9111 9112
f 9015 9112 9016
f 9016 9112 9113
f 9016 9113 9017
f 9017 9113 9114
f 9017 9114 9018
f 9018 9114 9115
f 9018 9115 9019
f 9019 9115 9116
f 9019 9116 9020
f 9020 9116 9117
f 9020 9117 9021
f 9021 9117 9118
f 9021 9118 9022
f 9022 9118 9119
f 9022 9119 9023
f 9023 9119 9120
f 9023 9120 9024
f 9024 9120 9121
f 9024 9121 9025
f 9025 9121 9026
f 9025 9026 8930
f 9026 9122 9123
f 9026 9123 9027
f 9027 9123 9124
f 9027 9124 9028
f 9028 9124 9125
f 9028 9125 9029
f 9029 9125 9126
f 9029 9126 9030
f 9030 9126 9127
f 9030 9127 9031
f 9031 9127 9128
f 9031 9128 9032
f 9032 9128 9129
f 9032 9129 9033
f 9033 9129 9130
f 9033 9130 9034
f 9034 9130 9131
f 9034 9131 9035
f 9035 9131 9132
f 9035 9132 9036
f 9036 9132 9133
f 9036 9133 9037
f 9037 9133 9134
f 9037 9134 9038
f 9038 9134 9135
f 9038 9135 9039
f 9039 9135 9136
f 9039 9136 9040
f 9040 9136 9137
f 9040 9137 9041
f 9041 9137 9138
f 9041 9138 9042
f 9042 9138 9139
f 9042 9139 9043
f 9043 9139 9140
f 9043 9140 9044
f 9044 9140 9141
f 9044 9141 9045
f 9045 9141 9142
f 9045 9142 9046
f 9046 9142 9143
f 9046 9143 9047
f 9047 9143 9144
f 9047 9144 9048
f 9048 9144 9145
f 9048 9145 9049
f 9049 9145 9146
f 9049 9146 9050
f 9050 9146 9147
f 9050 9147 9051
f 9051 9147 9148
f 9051 9148 9052
f 9052 9148 9149
f 9052 9149 9053
f 9053 9149 9150
f 9053 9150 9054
f 9054 9150 9151
f 9054 9151 9055
f 9055 9151 9152
f 9055 9152 9056
f 9056 9152 9153
f 9056 9153 9057
f 9057 9153 9154
f 9057 9154 9058
f 9058 9154 9155
f 9058 9155 9059
f 9059 9155 9156
f 9059 9156 9060
f 9060 9156 9157
f 9060 9157 9061
f 9061 9157 9158
f 9061 9158 9062
f 9062 9158 9159
f 9062 9159 9063
f 9063 9159 9160
f 9063 9160 9064
f 9064 9160 9161
f 9064 9161 9065
f 9065 9161 9162
f 9065 9162 9066
f 9066 9162 9163
f 9066 9163 9067
f 9067 9163 9164
f 9067 9164 9068
f 9068 9164 9165
f 9068 9165 9069
f 9069 9165 9166
f 9069 9166 9070
f 9070 9166 9167
f 9070 9167 9071
f 9071 9167 9168
f 9071 9168 9072
f 9072 9168 9169
f 9072 9169 9073
f 9073 9169 9170
f 9073 9170 9074
f 9074 9170 9171
f 9074 9171 9075
f 9075 9171 9172
f 9075 9172 9076
f 9076 9172 9173
f 9076 9173 9077
f 9077 9173 9174
f 9077 9174 9078
f 9078 9174 9175
f 9078 9175 9079
f 9079 9175 9176
f 9079 9176 9080
f 9080 9176 9177
f 9080 9177 9081
f 9081 9177 9178
f 9081 9178 9082
f 9082 9178 9179
f 9082 9179 9083
f 9083 9179 9180
f 9083 9180 9084
f 9084 9180 9181
f 9084 9181 9085
f 9085 9181 9182
f 9085 9182 9086
f 9086 9182 9183
f 9086 9183 9087
f 9087 9183 9184
f 9087 9184 9088
f 9088 9184 9185
f 9088 9185 9089
f 9089 9185 9186
f 9089 9186 9090
f 9090 9186 9187
f 9090 9187 9091
f 9091 9187 9188
f 9091 9188 9092
f 9092 9188 9189
f 9092 9189 9093
f 9093 9189 9190
f 9093 9190 9094
f 9094 9190 9191
f 9094 9191 9095
f 9095 9191 9192
f 9095 9192 9096
f 9096 9192 9193
f 9096 9193 9097
f 9097 9193 9194
f 9097 9194 9098
f 9098 9194 9195
f 9098 9195 9099
f 9099 9195 9196
f 9099 9196 9100
f 9100 9196 9197
f 9100 9197 9101
f 9101 9197 9198
f 9101 9198 9102
f 9102 9198 9199
f 9102 9199 9103
f 9103 9199 9200
f 9103 9200 9104
f 9104 9200 9201
f 9104 9201 9105
f 9105 9201 9202
f 9105 9202 9106
f 9106 9202 9203
f 9106 9203 9107
f 9107 9203 9204
f 9107 9204 9108
f 9108 9204 9205
f 9108 9205 9109
f 9109 9205 9206
f 9109 9206 9110
f 9110 9206 9207
f 9110 9207 9111
f 9111 9207 9208
f 9111 9208 9112
f 9112 9208 9209
f 9112 9209 9113
f 9113 9209 9210
f 9113 9210 9114
f 9114 9210 9211
f 9114 9211 9115
f 9115 9211 9212
f 9115 9212 9116
f 9116 9212 9213
f 9116 9213 9117
f 9117 9213 9214
f 9117 9214 9118
f 9118 9214 9215
f 9118 9215 9119
f 9119 9215 9216
f 9119 9216 9120
f 9120 9216 9217
f 9120 9217 9121
f 9121 9217 9122
f 9121 9122 9026
f 9122 9218 9219
f 9122 9219 9123
f 9123 9219 9220
f 9123 9220 9124
f 9124 9220 9221
f 9124 9221 9125
f 9125 9221 9222
f 9125 9222 9126
f 9126 9222 9223
f 9126 9223 9127
f 9127 9223 9224
f 9127 9224 9128
f 9128 9224 9225
f 9128 9225 9129
f 9129 9225 9226
f 9129 9226 9130
f 9130 9226 9227
f 9130 9227 9131
f 9131 9227 9228
f 9131 9228 9132
f 9132 9228 9229
f 9132 9229 9133
f 9133 9229 9230
f 9133 9230 9134
f 9134 9230 9231
f 9134 9231 9135
f 9135 9231 9232
f 9135 9232 9136
f 9136 9232 9233
f 9136 9233 9137
f 9137 9233 9234
f 9137 9234 9138
f 9138 9234 9235
f 9138 9235 9139
f 9139 9235 9236
f 9139 9236 9140
f 9140 9236 9237
f 9140 9237 9141
f 9141 9237 9238
f 9141 9238 9142
f 9142 9238 9239
f 9142 9239 9143
f 9143 9239 9240
f 9143 9240 9144
f 9144 9240 9241
f 9144 9241 9145
f 9145 9241 9242
f 9145 9242 9146
f 9146 9242 9243
f 9146 9243 9147
f 9147 9243 9244
f 9147 9244 9148
f 9148 9244 9245
f 9148 9245 9149
f 9149 9245 9246
f 9149 9246 9150
f 9150 9246 9247
f 9150 9247 9151
f 9151 9247 9248
f 9151 9248 9152
f 9152 9248 9249
f 9152 9249 9153
f 9153 9249 9250
f 9153 9250 9154
f 9154 9250 9251
f 9154 9251 9155
f 9155 9251 9252
f 9155 9252 9156
f 9156 9252 9253
f 9156 9253 9157
f 9157 9253 9254
f 9157 9254 9158
f 9158 9254 9255
f 9158 9255 9159
f 9159 9255 9256
f 9159 9256 9160
f 9160 9256 9257
f 9160 9257 9161
f 9161 9257 9258
f 9161 9258 9162
f 9162 9258 9259
f 9162 9259 9163
f 9163 9259 9260
f 9163 9260 9164
f 9164 9260 9261
f 9164 9261 9165
f 9165 9261 9262
f 9165 9262 9166
f 9166 9262 9263
f 9166 9263 9167
f 9167 9263 9264
f 9167 9264 9168
f 9168 9264 9265
f 9168 9265 9169
f 9169 9265 9266
f 9169 9266 9170
f 9170 9266 9267
f 9170 9267 9171
f 9171 9267 9268
f 9171 9268 9172
f 9172 9268 9269
f 9172 9269 9173
f 9173 9269 9270
f 9173 9270 9174
f 9174 9270 9271
f 9174 9271 9175
f 9175 9271 9272
f 9175 9272 9176
f 9176 9272 9273
f 9176 9273 9177
f 9177 9273 9274
f 9177 9274 9178
f 9178 9274 9275
f 9178 9275 9179
f 9179 9275 9276
f 9179 9276 9180
f 9180 9276 9277
f 9180 9277 9181
f 9181 9277 9278
f 9181 9278 9182
f 9182 9278 9279
f 9182 9279 9183
f 9183 9279 9280
f 9183 9280 9184
f 9184 9280 9281
f 9184 9281 9185
f 9185 9281 9282
f 9185 9282 9186
f 9186 9282 9283
f 9186 9283 9187
f 9187 9283 9284
f 9187 9284 9188
f 9188 9284 9285
f 9188 9285 9189
f 9189 9285 9286
f 9189 9286 9190
f 9190 9286 9287
f 9190 9287 9191
f 9191 9287 9288
f 9191 9288 9192
f 9192 9288 9289
f 9192 9289 9193
f 9193 9289 9290
f 9193 9290 9194
f 9194 9290 9291
f 9194 9291 9195
f 9195 9291 9292
f 9195 9292 9196
f 9196 9292 9293
f 9196 9293 9197
f 9197 9293 9294
f 9197 9294 9198
f 9198 9294 9295
f 9198 9295 9199
f 9199 9295 9296
f 9199 9296 9200
f 9200 9296 9297
f 9200 9297 9201
f 9201 9297 9298
f 9201 9298 9202
f 9202 9298 9299
f 9202 9299 9203
f 9203 9299 9300
f 9203 9300 9204
f 9204 9300 9301
f 9204 9301 9205
f 9205 9301 9302
f 9205 9302 9206
f 9206 9302 9303
f 9206 9303 9207
f 9207 9303 9304
f 9207 9304 9208
f 9208 9304 9305
f 9208 9305 9209
f 9209 9305 9306
f 9209 9306 9210
f 9210 9306 9307
f 9210 9307 9211
f 9211 9307 9308
f 9211 9308 9212
f 9212 9308 9309
f 9212 9309 9213
f 9213 9309 9310
f 9213 9310 9214
f 9214 9310 9311
f 9214 9311 9215
f 9215 9311 9312
f 9215 9312 9216
f 9216 9312 9313
f 9216 9313 9217
f 9217 9313 9218
f 9217 9218 9122
f 9218 9314 9315
f 9218 9315 9219
f 9219 9315 9316
f 9219 9316 9220
f 9220 9316 9317
f 9220 9317 9221
f 9221 9317 9318
f 9221 9318 9222
f 9222 9318 9319
f 9222 9319 9223
f 9223 9319 9320
f 9223 9320 9224
f 9224 9320 9321
f 9224 9321 9225
f 9225 9321 9322
f 9225 9322 9226
f 9226 9322 9323
f 9226 9323 9227
f 9227 9323 9324
f 9227 9324 9228
f 9228 9324 9325
f 9228 9325 9229
f 9229 9325 9326
f 9229 9326 9230
f 9230 9326 9327
f 9230 9327 9231
f 9231 9327 9328
f 9231 9328 9232
f 9232 9328 9329
f 9232 9329 9233
f 9233 9329 9330
f 9233 9330 9234
f 9234 9330 9331
f 9234 9331 9235
f 9235 9331 9332
f 9235 9332 9236
f 9236 9332 9333
f 9236 9333 9237
f 9237 9333 9334
f 9237 9334 9238
f 9238 9334 9335
f 9238 9335 9239
f 9239 9335 9336
f 9239 9336 9240
f 9240 9336 9337
f 9240 9337 9241
f 9241 9337 9338
f 9241 9338 9242
f 9242 9338 9339
f 9242 9339 9243
f 9243 9339 9340
f 9243 9340 9244
f 9244 9340 9341
f 9244 9341 9245
f 9245 9341 9342
f 9245 9342 9246
f 9246 9342 9343
f 9246 9343 9247
f 9247 9343 9344
f 9247 9344 9248
f 9248 9344 9345
f 9248 9345 9249
f 9249 9345 9346
f 9249 9346 9250
f 9250 9346 9347
f 9250 9347 9251
f 9251 9347 9348
f 9251 9348 9252
f 9252 9348 9349
f 9252 9349 9253
f 9253 9349 9350
f 9253 9350 9254
f 9254 9350 9351
f 9254 9351 9255
f 9255 9351 9352
f 9255 9352 9256
f 9256 9352 9353
f 9256 9353 9257
f 9257 9353 9354
f 9257 9354 9258
f 9258 9354 9355
f 9258 9355 9259
f 9259 9355 9356
f 9259 9356 9260
f 9260 9356 9357
f 9260 9357 9261
f 9261 9357 9358
f 9261 9358 9262
f 9262 9358 9359
f 9262 9359 9263
f 9263 9359 9360
f 9263 9360 9264
f 9264 9360 9361
f 9264 9361 9265
f 9265 9361 9362
f 9265 9362 9266
f 9266 9362 9363
f 9266 9363 9267
f 9267 9363 9364
f 9267 9364 9268
f 9268 9364 9365
f 9268 9365 9269
f 9269 9365 9366
f 9269 9366 9270
f 9270 9366 9367
f 9270 9367 9271
f 9271 9367 9368
f 9271 9368 9272
f 9272 9368 9369
f 9272 9369 9273
f 9273 9369 9370
f 9273 9370 9274
f 9274 9370 9371
f 9274 9371 9275
f 9275 9371 9372
f 9275 9372 9276
f 9276 9372 9373
f 9276 9373 9277
f 9277 9373 9374
f 9277 9374 9278
f 9278 9374 9375
f 9278 9375 9279
f 9279 9375 9376
f 9279 9376 9280
f 9280 9376 9377
f 9280 9377 9281
f 9281 9377 9378
f 9281 9378 9282
f 9282 9378 9379
f 9282 9379 9283
f 9283 9379 9380
f 9283 9380 9284
f 9284 9380 9381
f 9284 9381 9285
f 9285 9381 9382
f 9285 9382 9286
f 9286 9382 9383
f 9286 9383 9287
f 9287 9383 9384
f 9287 9384 9288
f 9288 9384 9385
f 9288 9385 9289
f 9289 9385 9386
f 9289 9386 9290
f 9290 9386 9387
f 9290 9387 9291
f 9291 9387 9388
f 9291 9388 9292
f 9292 9388 9389
f 9292 9389 9293
f 9293 9389 9390
f 9293 9390 9294
f 9294 9390 9391
f 9294 9391 9295
f 9295 9391 9392
f 9295 9392 9296
f 9296 9392 9393
f 9296 9393 9297
f 9297 9393 9394
f 9297 9394 9298
f 9298 9394 9395
f 9298 9395 9299
f 9299 9395 9396
f 9299 9396 9300
f 9300 9396 9397
f 9300 9397 9301
f 9301 9397 9398
f 9301 9398 9302
f 9302 9398 9399
f 9302 9399 9303
f 9303 9399 9400
f 9303 9400 9304
f 9304 9400 9401
f 9304 9401 9305
f 9305 9401 9402
f 9305 9402 9306
f 9306 9402 9403
f 9306 9403 9307
f 9307 9403 9404
f 9307 9404 9308
f 9308 9404 9405
f 9308 9405 9309
f 9309 9405 9406
f 9309 9406 9310
f 9310 9406 9407
f 9310 9407 9311
f 9311 9407 9408
f 9311 9408 9312
f 9312 9408 9409
f 9312 9409 9313
f 9313 9409 9314
f 9313 9314 9218
f 9314 9410 9411
f 9314 9411 9315
f 9315 9411 9412
f 9315 9412 9316
f 9316 9412 9413
f 9316 9413 9317
f 9317 9413 9414
f 9317 9414 9318
f 9318 9414 9415
f 9318 9415 9319
f 9319 9415 9416
f 9319 9416 9320
f 9320 9416 9417
f 9320 9417 9321
f 9321 9417 9418
f 9321 9418 9322
f 9322 9418 9419
f 9322 9419 9323
f 9323 9419 9420
f 9323 9420 9324
f 9324 9420 9421
f 9324 9421 9325
f 9325 9421 9422
f 9325 9422 9326
f 9326 9422 9423
f 9326 9423 9327
f 9327 9423 9424
f 9327 9424 9328
f 9328 9424 9425
f 9328 9425 9329
f 9329 9425 9426
f 9329 9426 9330
f 9330 9426 9427
f 9330 9427 9331
f 9331 9427 9428
f 9331 9428 9332
f 9332 9428 9429
f 9332 9429 9333
f 9333 9429 9430
f 9333 9430 9334
f 9334 9430 9431
f 9334 9431 9335
f 9335 9431 9432
f 9335 9432 9336
f 9336 9432 9433
f 9336 9433 9337
f 9337 9433 9434
f 9337 9434 9338
f 9338 9434 9435
f 9338 9435 9339
f 9339 9435 9436
f 9339 9436 9340
f 9340 9436 9437
f 9340 9437 9341
f 9341 9437 9438
f 9341 9438 9342
f 9342 9438 9439
f 9342 9439 9343
f 9343 9439 9440
f 9343 9440 9344
f 9344 9440 9441
f 9344 9441 9345
f 9345 9441 9442
f 9345 9442 9346
f 9346 9442 9443
f 9346 9443 9347
f 9347 9443 9444
f 9347 9444 9348
f 9348 9444 9445
f 9348 9445 9349
f 9349 9445 9446
f 9349 9446 9350
f 9350 9446 9447
f 9350 9447 9351
f 9351 9447 9448
f 9351 9448 9352
f 9352 9448 9449
f 9352 9449 9353
f 9353 9449 9450
f 9353 9450 9354
f 9354 9450 9451
f 9354 9451 9355
f 9355 9451 9452
f 9355 9452 9356
f 9356 9452 9453
f 9356 9453 9357
f 9357 9453 9454
f 9357 9454 9358
f 9358 9454 9455
f 9358 9455 9359
f 9359 9455 9456
f 9359 9456 9360
f 9360 9456 9457
f 9360 9457 9361
f 9361 9457 9458
f 9361 9458 9362
f 9362 9458 9459
f 9362 9459 9363
f 9363 9459 9460
f 9363 9460 9364
f 9364 9460 9461
f 9364 9461 9365
f 9365 9461 9462
f 9365 9462 9366
f 9366 9462 9463
f 9366 9463 9367
f 9367 9463 9464
f 9367 9464 9368
f 9368 9464 9465
f 9368 9465 9369
f 9369 9465 9466
f 9369 9466 9370
f 9370 9466 9467
f 9370 9467 9371
f 9371 9467 9468
f 9371 9468 9372
f 9372 9468 9469
f 9372 9469 9373
f 9373 9469 9470
f 9373 9470 9374
f 9374 9470 9471
f 9374 9471 9375
f 9375 9471 9472
f 9375 9472 9376
f 9376 9472 9473
f 9376 9473 9377
f 9377 9473 9474
f 9377 9474 9378
f 9378 9474 9475
f 9378 9475 9379
f 9379 9475 9476
f 9379 9476 9380
f 9380 9476 9477
f 9380 9477 9381
f 9381 9477 9478
f 9381 9478 9382
f 9382 9478 9479
f 9382 9479 9383
f 9383 9479 9480
f 9383 9480 9384
f 9384 9480 9481
f 9384 9481 9385
f 9385 9481 9482
f 9385 9482 9386
f 9386 9482 9483
f 9386 9483 9387
f 9387 9483 9484
f 9387 9484 9388
f 9388 9484 9485
f 9388 9485 9389
f 9389 9485 9486
f 9389 9486 9390
f 9390 9486 9487
f 9390 9487 9391
f 9391 9487 9488
f 9391 9488 9392
f 9392 9488 9489
f 9392 9489 9393
f 9393 9489 9490
f 9393 9490 9394
f 9394 9490 9491
f 9394 9491 9395
f 9395 9491 9492
f 9395 9492 9396
f 9396 9492 9493
f 9396 9493 9397
f 9397 9493 9494
f 9397 9494 9398
f 9398 9494 9495
f 9398 9495 9399
f 9399 9495 9496
f 9399 9496 9400
f 9400 9496 9497
f 9400 9497 9401
f 9401 9497 9498
f 9401 9498 9402
f 9402 9498 9499
f 9402 9499 9403
f 9403 9499 9500
f 9403 9500 9404
f 9404 9500 9501
f 9404 9501 9405
f 9405 9501 9502
f 9405 9502 9406
f 9406 9502 9503
f 9406 9503 9407
f 9407 9503 9504
f 9407 9504 9408
f 9408 9504 9505
f 9408 9505 9409
f 9409 9505 9410
f 9409 9410 9314
f 9410 9506 9507
f 9410 9507 9411
f 9411 9507 9508
f 9411 9508 9412
f 9412 9508 9509
f 9412 9509 9413
f 9413 9509 9510
f 9413 9510 9414
f 9414 9510 9511
f 9414 9511 9415
f 9415 9511 9512
f 9415 9512 9416
f 9416 9512 9513
f 9416 9513 9417
f 9417 9513 9514
f 9417 9514 9418
f 9418 9514 9515
f 9418 9515 9419
f 9419 9515 9516
f 9419 9516 9420
f 9420 9516 9517
f 9420 9517 9421
f 9421 9517 9518
f 9421 9518 9422
f 9422 9518 9519
f 9422 9519 9423
f 9423 9519 9520
f 9423 9520 9424
f 9424 9520 9521
f 9424 9521 9425
f 9425 9521 9522
f 9425 9522 9426
f 9426 9522 9523
f 9426 9523 9427
f 9427 9523 9524
f 9427 9524 9428
f 9428 9524 9525
f 9428 9525 9429
f 9429 9525 9526
f 9429 9526 9430
f 9430 9526 9527
f 9430 9527 9431
f 9431 9527 9528
f 9431 9528 9432
f 9432 9528 9529
f 9432 9529 9433
f 9433 9529 9530
f 9433 9530 9434
f 9434 9530 9531
f 9434 9531 9435
f 9435 9531 9532
f 9435 9532 9436
f 9436 9532 9533
f 9436 9533 9437
f 9437 9533 9534
f 9437 9534 9438
f 9438 9534 9535
f 9438 9535 9439
f 9439 9535 9536
f 9439 9536 9440
f 9440 9536 9537
f 9440 9537 9441
f 9441 9537 9538
f 9441 9538 9442
f 9442 9538 9539
f 9442 9539 9443
f 9443 9539 9540
f 9443 9540 9444
f 9444 9540 9541
f 9444 9541 9445
f 9445 9541 9542
f 9445 9542 9446
f 9446 9542 9543
f 9446 9543 9447
f 9447 9543 9544
f 9447 9544 9448
f 9448 9544 9545
f 9448 9545 9449
f 9449 9545 9546
f 9449 9546 9450
f 9450 9546 9547
f 9450 9547 9451
f 9451 9547 9548
f 9451 9548 9452
f 9452 9548 9549
f 9452 9549 9453
f 9453 9549 9550
f 9453 9550 9454
f 9454 9550 9551
f 9454 9551 9455
f 9455 9551 9552
f 9455 9552 9456
f 9456 9552 9553
f 9456 9553 9457
f 9457 9553 9554
f 9457 9554 9458
f 9458 9554 9555
f 9458 9555 9459
f 9459 9555 9556
f 9459 9556 9460
f 9460 9556 9557
f 9460 9557 9461
f 9461 9557 9558
f 9461 9558 9462
f 9462 9558 9559
f 9462 9559 9463
f 9463 9559 9560
f 9463 9560 9464
f 9464 9560 9561
f 9464 9561 9465
f 9465 9561 9562
f 9465 9562 9466
f 9466 9562 9563
f 9466 9563 9467
f 9467 9563 9564
f 9467 9564 9468
f 9468 9564 9565
f 9468 9565 9469
f 9469 9565 9566
f 9469 9566 9470
f 9470 9566 9567
f 9470 9567 9471
f 9471 9567 9568
f 9471 9568 9472
f 9472 9568 9569
f 9472 9569 9473
f 9473 9569 9570
f 9473 9570 9474
f 9474 9570 9571
f 9474 9571 9475
f 9475 9571 9572
f 9475 9572 9476
f 9476 9572 9573
f 9476 9573 9477
f 9477 9573 9574
f 9477 9574 9478
f 9478 9574 9575
f 9478 9575 9479
f 9479 9575 9576
f 9479 9576 9480
f 9480 9576 9577
f 9480 9577 9481
f 9481 9577 9578
f 9481 9578 9482
f 9482 9578 9579
f 9482 9579 9483
f 9483 9579 9580
f 9483 9580 9484
f 9484 9580 9581
f 9484 9581 9485
f 9485 9581 9582
f 9485 9582 9486
f 9486 9582 9583
f 9486 9583 9487
f 9487 9583 9584
f 9487 9584 9488
f 9488 9584 9585
f 9488 9585 9489
f 9489 9585 9586
f 9489 9586 9490
f 9490 9586 9587
f 9490 9587 9491
f 9491 9587 9588
f 9491 9588 9492
f 9492 9588 9589
f 9492 9589 9493
f 9493 9589 9590
f 9493 9590 9494
f 9494 9590 9591
f 9494 9591 9495
f 9495 9591 9592
f 9495 9592 9496
f 9496 9592 9593
f 9496 9593 9497
f 9497 9593 9594
f 9497 9594 9498
f 9498 9594 9595
f 9498 9595 9499
f 9499 9595 9596
f 9499 9596 9500
f 9500 9596 9597
f 9500 9597 9501
f 9501 9597 9598
f 9501 9598 9502
f 9502 9598 9599
f 9502 9599 9503
f 9503 9599 9600
f 9503 9600 9504
f 9504 9600 9601
f 9504 9601 9505
f 9505 9601 9506
f 9505 9506 9410
f 9506 9602 9603
f 9506 9603 9507
f 9507 9603 9604
f 9507 9604 9508
f 9508 9604 9605
f 9508 9605 9509
f 9509 9605 9606
f 9509 9606 9510
f 9510 9606 9607
f 9510 9607 9511
f 9511 9607 9608
f 9511 9608 9512
f 9512 9608 9609
f 9512 9609 9513
f 9513 9609 9610
f 9513 9610 9514
f 9514 9610 9611
f 9514 9611 9515
f 9515 9611 9612
f 9515 9612 9516
f 9516 9612 9613
f 9516 9613 9517
f 9517 9613 9614
f 9517 9614 9518
f 9518 9614 9615
f 9518 9615 9519
f 9519 9615 9616
f 9519 9616 9520
f 9520 9616 9617
f 9520 9617 9521
f 9521 9617 9618
f 9521 9618 9522
f 9522 9618 9619
f 9522 9619 9523
f 9523 9619 9620
f 9523 9620 9524
f 9524 9620 9621
f 9524 9621 9525
f 9525 9621 9622
f 9525 9622 9526
f 9526 9622 9623
f 9526 9623 9527
f 9527 9623 9624
f 9527 9624 9528
f 9528 9624 9625
f 9528 9625 9529
f 9529 9625 9626
f 9529 9626 9530
f 9530 9626 9627
f 9530 9627 9531
f 9531 9627 9628
f 9531 9628 9532
f 9532 9628 9629
f 9532 9629 9533
f 9533 9629 9630
f 9533 9630 9534
f 9534 9630 9631
f 9534 9631 9535
f 9535 9631 9632
f 9535 9632 9536
f 9536 9632 9633
f 9536 9633 9537
f 9537 9633 9634
f 9537 9634 9538
f 9538 9634 9635
f 9538 9635 9539
f 9539 9635 9636
f 9539 9636 9540
f 9540 9636 9637
f 9540 9637 9541
f 9541 9637 9638
f 9541 9638 9542
f 9542 9638 9639
f 9542 9639 9543
f 9543 9639 9640
f 9543 9640 9544
f 9544 9640 9641
f 9544 9641 9545
f 9545 9641 9642
f 9545 9642 9546
f 9546 9642 9643
f 9546 9643 9547
f 9547 9643 9644
f 9547 9644 9548
f 9548 9644 9645
f 9548 9645 9549
f 9549 9645 9646
f 9549 9646 9550
f 9550 9646 9647
f 9550 9647 9551
f 9551 9647 9648
f 9551 9648 9552
f 9552 9648 9649
f 9552 9649 9553
f 9553 9649 9650
f 9553 9650 9554
f 9554 9650 9651
f 9554 9651 9555
f 9555 9651 9652
f 9555 9652 9556
f 9556 9652 9653
f 9556 9653 9557
f 9557 9653 9654
f 9557 9654 9558
f 9558 9654 9655
f 9558 9655 9559
f 9559 9655 9656
f 9559 9656 9560
f 9560 9656 9657
f 9560 9657 9561
f 9561 9657 9658
f 9561 9658 9562
f 9562 9658 9659
f 9562 9659 9563
f 9563 9659 9660
f 9563 9660 9564
f 9564 9660 9661
f 9564 9661 9565
f 9565 9661 9662
f 9565 9662 9566
f 9566 9662 9663
f 9566 9663 9567
f 9567 9663 9664
f 9567 9664 9568
f 9568 9664 9665
f 9568 9665 9569
f 9569 9665 9666
f 9569 9666 9570
f 9570 9666 9667
f 9570 9667 9571
f 9571 9667 9668
f 9571 9668 9572
f 9572 9668 9669
f 9572 9669 9573
f 9573 9669 9670
f 9573 9670 9574
f 9574 9670 9671
f 9574 9671 9575
f 9575 9671 9672
f 9575 9672 9576
f 9576 9672 9673
f 9576 9673 9577
f 9577 9673 9674
f 9577 9674 9578
f 9578 9674 9675
f 9578 9675 9579
f 9579 9675 9676
f 9579 9676 9580
f 9580 9676 9677
f 9580 9677 9581
f 9581 9677 9678
f 9581 9678 9582
f 9582 9678 9679
f 9582 9679 9583
f 9583 9679 9680
f 9583 9680 9584
f 9584 9680 9681
f 9584 9681 9585
f 9585 9681 9682
f 9585 9682 9586
f 9586 9682 9683
f 9586 9683 9587
f 9587 9683 9684
f 9587 9684 9588
f 9588 9684 9685
f 9588 9685 9589
f 9589 9685 9686
f 9589 9686 9590
f 9590 9686 9687
f 9590 9687 9591
f 9591 9687 9688
f 9591 9688 9592
f 9592 9688 9689
f 9592 9689 9593
f 9593 9689 9690
f 9593 9690 9594
f 9594 9690 9691
f 9594 9691 9595
f 9595 9691 9692
f 9595 9692 9596
f 9596 9692 9693
f 9596 9693 9597
f 9597 9693 9694
f 9597 9694 9598
f 9598 9694 9695
f 9598 9695 9599
f 9599 9695 9696
f 9599 9696 9600
f 9600 9696 9697
f 9600 9697 9601
f 9601 9697 9602
f 9601 9602 9506
f 9602 9698 9699
f 9602 9699 9603
f 9603 9699 9700
f 9603 9700 9604
f 9604 9700 9701
f 9604 9701 9605
f 9605 9701 9702
f 9605 9702 9606
f 9606 9702 9703
f 9606 9703 9607
f 9607 9703 9704
f 9607 9704 9608
f 9608 9704 9705
f 9608 9705 9609
f 9609 9705 9706
f 9609 9706 9610
f 9610 9706 9707
f 9610 9707 9611
f 9611 9707 9708
f 9611 9708 9612
f 9612 9708 9709
f 9612 9709 9613
f 9613 9709 9710
f 9613 9710 9614
f 9614 9710 9711
f 9614 9711 9615
f 9615 9711 9712
f 9615 9712 9616
f 9616 9712 9713
f 9616 9713 9617
f 9617 9713 9714
f 9617 9714 9618
f 9618 9714 9715
f 9618 9715 9619
f 9619 9715 9716
f 9619 9716 9620
f 9620 9716 9717
f 9620 9717 9621
f 9621 9717 9718
f 9621 9718 9622
f 9622 9718 9719
f 9622 9719 9623
f 9623 9719 9720
f 9623 9720 9624
f 9624 9720 9721
f 9624 9721 9625
f 9625 9721 9722
f 9625 9722 9626
f 9626 9722 9723
f 9626 9723 9627
f 9627 9723 9724
f 9627 9724 9628
f 9628 9724 9725
f 9628 9725 9629
f 9629 9725 9726
f 9629 9726 9630
f 9630 9726 9727
f 9630 9727 9631
f 9631 9727 9728
f 9631 9728 9632
f 9632 9728 9729
f 9632 9729 9633
f 9633 9729 9730
f 9633 9730 9634
f 9634 9730 9731
f 9634 9731 9635
f 9635 9731 9732
f 9635 9732 9636
f 9636 9732 9733
f 9636 9733 9637
f 9637 9733 9734
f 9637 9734 9638
f 9638 9734 9735
f 9638 9735 9639
f 9639 9735 9736
f 9639 9736 9640
f 9640 9736 9737
f 9640 9737 9641
f 9641 9737 9738
f 9641 9738 9642
f 9642 9738 9739
f 9642 9739 9643
f 9643 9739 9740
f 9643 9740 9644
f 9644 9740 9741
f 9644 9741 9645
f 9645 9741 9742
f 9645 9742 9646
f 9646 9742 9743
f 9646 9743 9647
f 9647 9743 9744
f 9647 9744 9648
f 9648 9744 9745
f 9648 9745 9649
f 9649 9745 9746
f 9649 9746 9650
f 9650 9746 9747
f 9650 9747 9651
f 9651 9747 9748
f 9651 9748 9652
f 9652 9748 9749
f 9652 9749 9653
f 9653 9749 9750
f 9653 9750 9654
f 9654 9750 9751
f 9654 9751 9655
f 9655 9751 9752
f 9655 9752 9656
f 9656 9752 9753
f 9656 9753 9657
f 9657 9753 9754
f 9657 9754 9658
f 9658 9754 9755
f 9658 9755 9659
f 9659 9755 9756
f 9659 9756 9660
f 9660 9756 9757
f 9660 9757 9661
f 9661 9757 9758
f 9661 9758 9662
f 9662 9758 9759
f 9662 9759 9663
f 9663 9759 9760
f 9663 9760 9664
f 9664 9760 9761
f 9664 9761 9665
f 9665 9761 9762
f 9665 9762 9666
f 9666 9762 9763
f 9666 9763 9667
f 9667 9763 9764
f 9667 9764 9668
f 9668 9764 9765
f 9668 9765 9669
f 9669 9765 9766
f 9669 9766 9670
f 9670 9766 9767
f 9670 9767 9671
f 9671 9767 9768
f 9671 9768 9672
f 9672 9768 9769
f 9672 9769 9673
f 9673 9769 9770
f 9673 9770 9674
f 9674 9770 9771
f 9674 9771 9675
f 9675 9771 9772
f 9675 9772 9676
f 9676 9772 9773
f 9676 9773 9677
f 9677 9773 9774
f 9677 9774 9678
f 9678 9774 9775
f 9678 9775 9679
f 9679 9775 9776
f 9679 9776 9680
f 9680 9776 9777
f 9680 9777 9681
f 9681 9777 9778
f 9681 9778 9682
f 9682 9778 9779
f 9682 9779 9683
f 9683 9779 9780
f 9683 9780 9684
f 9684 9780 9781
f 9684 9781 9685
f 9685 9781 9782
f 9685 9782 9686
f 9686 9782 9783
f 9686 9783 9687
f 9687 9783 9784
f 9687 9784 9688
f 9688 9784 9785
f 9688 9785 9689
f 9689 9785 9786
f 9689 9786 9690
f 9690 9786 9787
f 9690 9787 9691
f 9691 9787 9788
f 9691 9788 9692
f 9692 9788 9789
f 9692 9789 9693
f 9693 9789 9790
f 9693 9790 9694
f 9694 9790 9791
f 9694 9791 9695
f 9695 9791 9792
f 9695 9792 9696
f 9696 9792 9793
f 9696 9793 9697
f 9697 9793 9698
f 9697 9698 9602
f 9698 9794 9795
f 9698 9795 9699
f 9699 9795 9796
f 9699 9796 9700
f 9700 9796 9797
f 9700 9797 9701
f 9701 9797 9798
f 9701 9798 9702
f 9702 9798 9799
f 9702 9799 9703
f 9703 9799 9800
f 9703 9800 9704
f 9704 9800 9801
f 9704 9801 9705
f 9705 9801 9802
f 9705 9802 9706
f 9706 9802 9803
f 9706 9803 9707
f 9707 9803 9804
f 9707 9804 9708
f 9708 9804 9805
f 9708 9805 9709
f 9709 9805 9806
f 9709 9806 9710
f 9710 9806 9807
f 9710 9807 9711
f 9711 9807 9808
f 9711 9808 9712
f 9712 9808 9809
f 9712 9809 9713
f 9713 9809 9810
f 9713 9810 9714
f 9714 9810 9811
f 9714 9811 9715
f 9715 9811 9812
f 9715 9812 9716
f 9716 9812 9813
f 9716 9813 9717
f 9717 9813 9814
f 9717 9814 9718
f 9718 9814 9815
f 9718 9815 9719
f 9719 9815 9816
f 9719 9816 9720
f 9720 9816 9817
f 9720 9817 9721
f 9721 9817 9818
f 9721 9818 9722
f 9722 9818 9819
f 9722 9819 9723
f 9723 9819 9820
f 9723 9820 9724
f 9724 9820 9821
f 9724 9821 9725
f 9725 9821 9822
f 9725 9822 9726
f 9726 9822 9823
f 9726 9823 9727
f 9727 9823 9824
f 9727 9824 9728
f 9728 9824 9825
f 9728 9825 9729
f 9729 9825 9826
f 9729 9826 9730
f 9730 9826 9827
f 9730 9827 9731
f 9731 9827 9828
f 9731 9828 9732
f 9732 9828 9829
f 9732 9829 9733
f 9733 9829 9830
f 9733 9830 9734
f 9734 9830 9831
f 9734 9831 9735
f 9735 9831 9832
f 9735 9832 9736
f 9736 9832 9833
f 9736 9833 9737
f 9737 9833 9834
f 9737 9834 9738
f 9738 9834 9835
f 9738 9835 9739
f 9739 9835 9836
f 9739 9836 9740
f 9740 9836 9837
f 9740 9837 9741
f 9741 9837 9838
f 9741 9838 9742
f 9742 9838 9839
f 9742 9839 9743
f 9743 9839 9840
f 9743 9840 9744
f 9744 9840 9841
f 9744 9841 9745
f 9745 9841 9842
f 9745 9842 9746
f 9746 9842 9843
f 9746 9843 9747
f 9747 9843 9844
f 9747 9844 9748
f 9748 9844 9845
f 9748 9845 9749
f 9749 9845 9846
f 9749 9846 9750
f 9750 9846 9847
f 9750 9847 9751
f 9751 9847 9848
f 9751 9848 9752
f 9752 9848 9849
f 9752 9849 9753
f 9753 9849 9850
f 9753 9850 9754
f 9754 9850 9851
f 9754 9851 9755
f 9755 9851 9852
f 9755 9852 9756
f 9756 9852 9853
f 9756 9853 9757
f 9757 9853 9854
f 9757 9854 9758
f 9758 9854 9855
f 9758 9855 9759
f 9759 9855 9856
f 9759 9856 9760
f 9760 9856 9857
f 9760 9857 9761
f 9761 9857 9858
f 9761 9858 9762
f 9762 9858 9859
f 9762 9859 9763
f 9763 9859 9860
f 9763 9860 9764
f 9764 9860 9861
f 9764 9861 9765
f 9765 9861 9862
f 9765 9862 9766
f 9766 9862 9863
f 9766 9863 9767
f 9767 9863 9864
f 9767 9864 9768
f 9768 9864 9865
f 9768 9865 9769
f 9769 9865 9866
f 9769 9866 9770
f 9770 9866 9867
f 9770 9867 9771
f 9771 9867 9868
f 9771 9868 9772
f 9772 9868 9869
f 9772 9869 9773
f 9773 9869 9870
f 9773 9870 9774
f 9774 9870 9871
f 9774 9871 9775
f 9775 9871 9872
f 9775 9872 9776
f 9776 9872 9873
f 9776 9873 9777
f 9777 9873 9874
f 9777 9874 9778
f 9778 9874 9875
f 9778 9875 9779
f 9779 9875 9876
f 9779 9876 9780
f 9780 9876 9877
f 9780 9877 9781
f 9781 9877 9878
f 9781 9878 9782
f 9782 9878 9879
f 9782 9879 9783
f 9783 9879 9880
f 9783 9880 9784
f 9784 9880 9881
f 9784 9881 9785
f 9785 9881 9882
f 9785 9882 9786
f 9786 9882 9883
f 9786 9883 9787
f 9787 9883 9884
f 9787 9884 9788
f 9788 9884 9885
f 9788 9885 9789
f 9789 9885 9886
f 9789 9886 9790
f 9790 9886 9887
f 9790 9887 9791
f 9791 9887 9888
f 9791 9888 9792
f 9792 9888 9889
f 9792 9889 9793
f 9793 9889 9794
f 9793 9794 9698
f 9794 9890 9891
f 9794 9891 9795
f 9795 9891 9892
f 9795 9892 9796
f 9796 9892 9893
f 9796 9893 9797
f 9797 9893 9894
f 9797 9894 9798
f 9798 9894 9895
f 9798 9895 9799
f 9799 9895 9896
f 9799 9896 9800
f 9800 9896 9897
f 9800 9897 9801
f 9801 9897 9898
f 9801 9898 9802
f 9802 9898 9899
f 9802 9899 9803
f 9803 9899 9900
f 9803 9900 9804
f 9804 9900 9901
f 9804 9901 9805
f 9805 9901 9902
f 9805 9902 9806
f 9806 9902 9903
f 9806 9903 9807
f 9807 9903 9904
f 9807 9904 9808
f 9808 9904 9905
f 9808 9905 9809
f 9809 9905 9906
f 9809 9906 9810
f 9810 9906 9907
f 9810 9907 9811
f 9811 9907 9908
f 9811 9908 9812
f 9812 9908 9909
f 9812 9909 9813
f 9813 9909 9910
f 9813 9910 9814
f 9814 9910 9911
f 9814 9911 9815
f 9815 9911 9912
f 9815 9912 9816
f 9816 9912 9913
f 9816 9913 9817
f 9817 9913 9914
f 9817 9914 9818
f 9818 9914 9915
f 9818 9915 9819
f 9819 9915 9916
f 9819 9916 9820
f 9820 9916 9917
f 9820 9917 9821
f 9821 9917 9918
f 9821 9918 9822
f 9822 9918 9919
f 9822 9919 9823
f 9823 9919 9920
f 9823 9920 9824
f 9824 9920 9921
f 9824 9921 9825
f 9825 9921 9922
f 9825 9922 9826
f 9826 9922 9923
f 9826 9923 9827
f 9827 9923 9924
f 9827 9924 9828
f 9828 9924 9925
f 9828 9925 9829
f 9829 9925 9926
f 9829 9926 9830
f 9830 9926 9927
f 9830 9927 9831
f 9831 9927 9928
f 9831 9928 9832
f 9832 9928 9929
f 9832 9929 9833
f 9833 9929 9930
f 9833 9930 9834
f 9834 9930 9931
f 9834 9931 9835
f 9835 9931 9932
f 9835 9932 9836
f 9836 9932 9933
f 9836 9933 9837
f 9837 9933 9934
f 9837 9934 9838
f 9838 9934 9935
f 9838 9935 9839
f 9839 9935 9936
f 9839 9936 9840
f 9840 9936 9937
f 9840 9937 9841
f 9841 9937 9938
f 9841 9938 9842
f 9842 9938 9939
f 9842 9939 9843
f 9843 9939 9940
f 9843 9940 9844
f 9844 9940 9941
f 9844 9941 9845
f 9845 9941 9942
f 9845 9942 9846
f 9846 9942 9943
f 9846 9943 9847
f 9847 9943 9944
f 9847 9944 9848
f 9848 9944 9945
f 9848 9945 9849
f 9849 9945 9946
f 9849 9946 9850
f 9850 9946 9947
f 9850 9947 9851
f 9851 9947 9948
f 9851 9948 9852
f 9852 9948 9949
f 9852 9949 9853
f 9853 9949 9950
f 9853 9950 9854
f 9854 9950 9951
f 9854 9951 9855
f 9855 9951 9952
f 9855 9952 9856
f 9856 9952 9953
f 9856 9953 9857
f 9857 9953 9954
f 9857 9954 9858
f 9858 9954 9955
f 9858 9955 9859
f 9859 9955 9956
f 9859 9956 9860
f 9860 9956 9957
f 9860 9957 9861
f 9861 9957 9958
f 9861 9958 9862
f 9862 9958 9959
f 9862 9959 9863
f 9863 9959 9960
f 9863 9960 9864
f 9864 9960 9961
f 9864 9961 9865
f 9865 9961 9962
f 9865 9962 9866
f 9866 9962 9963
f 9866 9963 9867
f 9867 9963 9964
f 9867 9964 9868
f 9868 9964 9965
f 9868 9965 9869
f 9869 9965 9966
f 9869 9966 9870
f 9870 9966 9967
f 9870 9967 9871
f 9871 9967 9968
f 9871 9968 9872
f 9872 9968 9969
f 9872 9969 9873
f 9873 9969 9970
f 9873 9970 9874
f 9874 9970 9971
f 9874 9971 9875
f 9875 9971 9972
f 9875 9972 9876
f 9876 9972 9973
f 9876 9973 9877
f 9877 9973 9974
f 9877 9974 9878
f 9878 9974 9975
f 9878 9975 9879
f 9879 9975 9976
f 9879 9976 9880
f 9880 9976 9977
f 9880 9977 9881
f 9881 9977 9978
f 9881 9978 9882
f 9882 9978 9979
f 9882 9979 9883
f 9883 9979 9980
f 9883 9980 9884
f 9884 9980 9981
f 9884 9981 9885
f 9885 9981 9982
f 9885 9982 9886
f 9886 9982 9983
f 9886 9983 9887
f 9887 9983 9984
f 9887 9984 9888
f 9888 9984 9985
f 9888 9985 9889
f 9889 9985 9890
f 9889 9890 9794
f 9890 9986 9987
f 9890 9987 9891
f 9891 9987 9988
f 9891 9988 9892
f 9892 9988 9989
f 9892 9989 9893
f 9893 9989 9990
f 9893 9990 9894
f 9894 9990 9991
f 9894 9991 9895
f 9895 9991 9992
f 9895 9992 9896
f 9896 9992 9993
f 9896 9993 9897
f 9897 9993 9994
f 9897 9994 9898
f 9898 9994 9995
f 9898 9995 9899
f 9899 9995 9996
f 9899 9996 9900
f 9900 9996 9997
f 9900 9997 9901
f 9901 9997 9998
f 9901 9998 9902
f 9902 9998 9999
f 9902 9999 9903
f 9903 9999 10000
f 9903 10000 9904
f 9904 10000 10001
f 9904 10001 9905
f 9905 10001 10002
f 9905 10002 9906
f 9906 10002 10003
f 9906 10003 9907
f 9907 10003 10004
f 9907 10004 9908
f 9908 10004 10005
f 9908 10005 9909
f 9909 10005 10006
f 9909 10006 9910
f 9910 10006 10007
f 9910 10007 9911
f 9911 10007 10008
f 9911 10008 9912
f 9912 10008 10009
f 9912 10009 9913
f 9913 10009 10010
f 9913 10010 9914
f 9914 10010 10011
f 9914 10011 9915
f 9915 10011 10012
f 9915 10012 9916
f 9916 10012 10013
f 9916 10013 9917
f 9917 10013 10014
f 9917 10014 9918
f 9918 10014 10015
f 9918 10015 9919
f 9919 10015 10016
f 9919 10016 9920
f 9920 10016 10017
f 9920 10017 9921
f 9921 10017 10018
f 9921 10018 9922
f 9922 10018 10019
f 9922 10019 9923
f 9923 10019 10020
f 9923 10020 9924
f 9924 10020 10021
f 9924 10021 9925
f 9925 10021 10022
f 9925 10022 9926
f 9926 10022 10023
f 9926 10023 9927
f 9927 10023 10024
f 9927 10024 9928
f 9928 10024 10025
f 9928 10025 9929
f 9929 10025 10026
f 9929 10026 9930
f 9930 10026 10027
f 9930 10027 9931
f 9931 10027 10028
f 9931 10028 9932
f 9932 10028 10029
f 9932 10029 9933
f 9933 10029 10030
f 9933 10030 9934
f 9934 10030 10031
f 9934 10031 9935
f 9935 10031 10032
f 9935 10032 9936
f 9936 10032 10033
f 9936 10033 9937
f 9937 10033 10034
f 9937 10034 9938
f 9938 10034 10035
f 9938 10035 9939
f 9939 10035 10036
f 9939 10036 9940
f 9940 10036 10037
f 9940 10037 9941
f 9941 10037 10038
f 9941 10038 9942
f 9942 10038 10039
f 9942 10039 9943
f 9943 10039 10040
f 9943 10040 9944
f 9944 10040 10041
f 9944 10041 9945
f 9945 10041 10042
f 9945 10042 9946
f 9946 10042 10043
f 9946 10043 9947
f 9947 10043 10044
f 9947 10044 9948
f 9948 10044 10045
f 9948 10045 9949
f 9949 10045 10046
f 9949 10046 9950
f 9950 10046 10047
f 9950 10047 9951
f 9951 10047 10048
f 9951 10048 9952
f 9952 10048 10049
f 9952 10049 9953
f 9953 10049 10050
f 9953 10050 9954
f 9954 10050 10051
f 9954 10051 9955
f 9955 10051 10052
f 9955 10052 9956
f 9956 10052 10053
f 9956 10053 9957
f 9957 10053 10054
f 9957 10054 9958
f 9958 10054 10055
f 9958 10055 9959
f 9959 10055 10056
f 9959 10056 9960
f 9960 10056 10057
f 9960 10057 9961
f 9961 10057 10058
f 9961 10058 9962
f 9962 10058 10059
f 9962 10059 9963
f 9963 10059 10060
f 9963 10060 9964
f 9964 10060 10061
f 9964 10061 9965
f 9965 10061 10062
f 9965 10062 9966
f 9966 10062 10063
f 9966 10063 9967
f 9967 10063 10064
f 9967 10064 9968
f 9968 10064 10065
f 9968 10065 9969
f 9969 10065 10066
f 9969 10066 9970
f 9970 10066 10067
f 9970 10067 9971
f 9971 10067 10068
f 9971 10068 9972
f 9972 10068 10069
f 9972 10069 9973
f 9973 10069 10070
f 9973 10070 9974
f 9974 10070 10071
f 9974 10071 9975
f 9975 10071 10072
f 9975 10072 9976
f 9976 10072 10073
f 9976 10073 9977
f 9977 10073 10074
f 9977 10074 9978
f 9978 10074 10075
f 9978 10075 9979
f 9979 10075 10076
f 9979 10076 9980
f 9980 10076 10077
f 9980 10077 9981
f 9981 10077 10078
f 9981 10078 9982
f 9982 10078 10079
f 9982 10079 9983
f 9983 10079 10080
f 9983 10080 9984
f 9984 10080 10081
f 9984 10081 9985
f 9985 10081 9986
f 9985 9986 9890
f 9986 10082 10083
f 9986 10083 9987
f 9987 10083 10084
f 9987 10084 9988
f 9988 10084 10085
f 9988 10085 9989
f 9989 10085 10086
f 9989 10086 9990
f 9990 10086 10087
f 9990 10087 9991
f 9991 10087 10088
f 9991 10088 9992
f 9992 10088 10089
f 9992 10089 9993
f 9993 10089 10090
f 9993 10090 9994
f 9994 10090 10091
f 9994 10091 9995
f 9995 10091 10092
f 9995 10092 9996
f 9996 10092 10093
f 9996 10093 9997
f 9997 10093 10094
f 9997 10094 9998
f 9998 10094 10095
f 9998 10095 9999
f 9999 10095 10096
f 9999 10096 10000
f 10000 10096 10097
f 10000 10097 10001
f 10001 10097 10098
f 10001 10098 10002
f 10002 10098 10099
f 10002 10099 10003
f 10003 10099 10100
f 10003 10100 10004
f 10004 10100 10101
f 10004 10101 10005
f 10005 10101 10102
f 10005 10102 10006
f 10006 10102 10103
f 10006 10103 10007
f 10007 10103 10104
f 10007 10104 10008
f 10008 10104 10105
f 10008 10105 10009
f 10009 10105 10106
f 10009 10106 10010
f 10010 10106 10107
f 10010 10107 10011
f 10011 10107 10108
f 10011 10108 10012
f 10012 10108 10109
f 10012 10109 10013
f 10013 10109 10110
f 10013 10110 10014
f 10014 10110 10111
f 10014 10111 10015
f 10015 10111 10112
f 10015 10112 10016
f 10016 10112 10113
f 10016 10113 10017
f 10017 10113 10114
f 10017 10114 10018
f 10018 10114 10115
f 10018 10115 10019
f 10019 10115 10116
f 10019 10116 10020
f 10020 10116 10117
f 10020 10117 10021
f 10021 10117 10118
f 10021 10118 10022
f 10022 10118 10119
f 10022 10119 10023
f 10023 10119 10120
f 10023 10120 10024
f 10024 10120 10121
f 10024 10121 10025
f 10025 10121 10122
f 10025 10122 10026
f 10026 10122 10123
f 10026 10123 10027
f 10027 10123 10124
f 10027 10124 10028
f 10028 10124 10125
f 10028 10125 10029
f 10029 10125 10126
f 10029 10126 10030
f 10030 10126 10127
f 10030 10127 10031
f 10031 10127 10128
f 10031 10128 10032
f 10032 10128 10129
f 10032 10129 10033
f 10033 10129 10130
f 10033 10130 10034
f 10034 10130 10131
f 10034 10131 10035
f 10035 10131 10132
f 10035 10132 10036
f 10036 10132 10133
f 10036 10133 10037
f 10037 10133 10134
f 10037 10134 10038
f 10038 10134 10135
f 10038 10135 10039
f 10039 10135 10136
f 10039 10136 10040
f 10040 10136 10137
f 10040 10137 10041
f 10041 10137 10138
f 10041 10138 10042
f 10042 10138 10139
f 10042 10139 10043
f 10043 10139 10140
f 10043 10140 10044
f 10044 10140 10141
f 10044 10141 10045
f 10045 10141 10142
f 10045 10142 10046
f 10046 10142 10143
f 10046 10143 10047
f 10047 10143 10144
f 10047 10144 10048
f 10048 10144 10145
f 10048 10145 10049
f 10049 10145 10146
f 10049 10146 10050
f 10050 10146 10147
f 10050 10147 10051
f 10051 10147 10148
f 10051 10148 10052
f 10052 10148 10149
f 10052 10149 10053
f 10053 10149 10150
f 10053 10150 10054
f 10054 10150 10151
f 10054 10151 10055
f 10055 10151 10152
f 10055 10152 10056
f 10056 10152 10153
f 10056 10153 10057
f 10057 10153 10154
f 10057 10154 10058
f 10058 10154 10155
f 10058 10155 10059
f 10059 10155 10156
f 10059 10156 10060
f 10060 10156 10157
f 10060 10157 10061
f 10061 10157 10158
f 10061 10158 10062
f 10062 10158 10159
f 10062 10159 10063
f 10063 10159 10160
f 10063 10160 10064
f 10064 10160 10161
f 10064 10161 10065
f 10065 10161 10162
f 10065 10162 10066
f 10066 10162 10163
f 10066 10163 10067
f 10067 10163 10164
f 10067 10164 10068
f 10068 10164 10165
f 10068 10165 10069
f 10069 10165 10166
f 10069 10166 10070
f 10070 10166 10167
f 10070 10167 10071
f 10071 10167 10168
f 10071 10168 10072
f 10072 10168 10169
f 10072 10169 10073
f 10073 10169 10170
f 10073 10170 10074
f 10074 10170 10171
f 10074 10171 10075
f 10075 10171 10172
f 10075 10172 10076
f 10076 10172 10173
f 10076 10173 10077
f 10077 10173 10174
f 10077 10174 10078
f 10078 10174 10175
f 10078 10175 10079
f 10079 10175 10176
f 10079 10176 10080
f 10080 10176 10177
f 10080 10177 10081
f 10081 10177 10082
f 10081 10082 9986
f 10082 10178 10179
f 10082 10179 10083
f 10083 10179 10180
f 10083 10180 10084
f 10084 10180 10181
f 10084 10181 10085
f 10085 10181 10182
f 10085 10182 10086
f 10086 10182 10183
f 10086 10183 10087
f 10087 10183 10184
f 10087 10184 10088
f 10088 10184 10185
f 10088 10185 10089
f 10089 10185 10186
f 10089 10186 10090
f 10090 10186 10187
f 10090 10187 10091
f 10091 10187 10188
f 10091 10188 10092
f 10092 10188 10189
f 10092 10189 10093
f 10093 10189 10190
f 10093 10190 10094
f 10094 10190 10191
f 10094 10191 10095
f 10095 10191 10192
f 10095 10192 10096
f 10096 10192 10193
f 10096 10193 10097
f 10097 10193 10194
f 10097 10194 10098
f 10098 10194 10195
f 10098 10195 10099
f 10099 10195 10196
f 10099 10196 10100
f 10100 10196 10197
f 10100 10197 10101
f 10101 10197 10198
f 10101 10198 10102
f 10102 10198 10199
f 10102 10199 10103
f 10103 10199 10200
f 10103 10200 10104
f 10104 10200 10201
f 10104 10201 10105
f 10105 10201 10202
f 10105 10202 10106
f 10106 10202 10203
f 10106 10203 10107
f 10107 10203 10204
f 10107 10204 10108
f 10108 10204 10205
f 10108 10205 10109
f 10109 10205 10206
f 10109 10206 10110
f 10110 10206 10207
f 10110 10207 10111
f 10111 10207 10208
f 10111 10208 10112
f 10112 10208 10209
f 10112 10209 10113
f 10113 10209 10210
f 10113 10210 10114
f 10114 10210 10211
f 10114 10211 10115
f 10115 10211 10212
f 10115 10212 10116
f 10116 10212 10213
f 10116 10213 10117
f 10117 10213 10214
f 10117 10214 10118
f 10118 10214 10215
f 10118 10215 10119
f 10119 10215 10216
f 10119 10216 10120
f 10120 10216 10217
f 10120 10217 10121
f 10121 10217 10218
f 10121 10218 10122
f 10122 10218 10219
f 10122 10219 10123
f 10123 10219 10220
f 10123 10220 10124
f 10124 10220 10221
f 10124 10221 10125
f 10125 10221 10222
f 10125 10222 10126
f 10126 10222 10223
f 10126 10223 10127
f 10127 10223 10224
f 10127 10224 10128
f 10128 10224 10225
f 10128 10225 10129
f 10129 10225 10226
f 10129 10226 10130
f 10130 10226 10227
f 10130 10227 10131
f 10131 10227 10228
f 10131 10228 10132
f 10132 10228 10229
f 10132 10229 10133
f 10133 10229 10230
f 10133 10230 10134
f 10134 10230 10231
f 10134 10231 10135
f 10135 10231 10232
f 10135 10232 10136
f 10136 10232 10233
f 10136 10233 10137
f 10137 10233 10234
f 10137 10234 10138
f 10138 10234 10235
f 10138 10235 10139
f 10139 10235 10236
f 10139 10236 10140
f 10140 10236 10237
f 10140 10237 10141
f 10141 10237 10238
f 10141 10238 10142
f 10142 10238 10239
f 10142 10239 10143
f 10143 10239 10240
f 10143 10240 10144
f 10144 10240 10241
f 10144 10241 10145
f 10145 10241 10242
f 10145 10242 10146
f 10146 10242 10243
f 10146 10243 10147
f 10147 10243 10244
f 10147 10244 10148
f 10148 10244 10245
f 10148 10245 10149
f 10149 10245 10246
f 10149 10246 10150
f 10150 10246 10247
f 10150 10247 10151
f 10151 10247 10248
f 10151 10248 10152
f 10152 10248 10249
f 10152 10249 10153
f 10153 10249 10250
f 10153 10250 10154
f 10154 10250 10251
f 10154 10251 10155
f 10155 10251 10252
f 10155 10252 10156
f 10156 10252 10253
f 10156 10253 10157
f 10157 10253 10254
f 10157 10254 10158
f 10158 10254 10255
f 10158 10255 10159
f 10159 10255 10256
f 10159 10256 10160
f 10160 10256 10257
f 10160 10257 10161
f 10161 10257 10258
f 10161 10258 10162
f 10162 10258 10259
f 10162 10259 10163
f 10163 10259 10260
f 10163 10260 10164
f 10164 10260 10261
f 10164 10261 10165
f 10165 10261 10262
f 10165 10262 10166
f 10166 10262 10263
f 10166 10263 10167
f 10167 10263 10264
f 10167 10264 10168
f 10168 10264 10265
f 10168 10265 10169
f 10169 10265 10266
f 10169 10266 10170
f 10170 10266 10267
f 10170 10267 10171
f 10171 10267 10268
f 10171 10268 10172
f 10172 10268 10269
f 10172 10269 10173
f 10173 10269 10270
f 10173 10270 10174
f 10174 10270 10271
f 10174 10271 10175
f 10175 10271 10272
f 10175 10272 10176
f 10176 10272 10273
f 10176 10273 10177
f 10177 10273 10178
f 10177 10178 10082
f 10178 10274 10275
f 10178 10275 10179
f 10179 10275 10276
f 10179 10276 10180
f 10180 10276 10277
f 10180 10277 10181
f 10181 10277 10278
f 10181 10278 10182
f 10182 10278 10279
f 10182 10279 10183
f 10183 10279 10280
f 10183 10280 10184
f 10184 10280 10281
f 10184 10281 10185
f 10185 10281 10282
f 10185 10282 10186
f 10186 10282 10283
f 10186 10283 10187
f 10187 10283 10284
f 10187 10284 10188
f 10188 10284 10285
f 10188 10285 10189
f 10189 10285 10286
f 10189 10286 10190
f 10190 10286 10287
f 10190 10287 10191
f 10191 10287 10288
f 10191 10288 10192
f 10192 10288 10289
f 10192 10289 10193
f 10193 10289 10290
f 10193 10290 10194
f 10194 10290 10291
f 10194 10291 10195
f 10195 10291 10292
f 10195 10292 10196
f 10196 10292 10293
f 10196 10293 10197
f 10197 10293 10294
f 10197 10294 10198
f 10198 10294 10295
f 10198 10295 10199
f 10199 10295 10296
f 10199 10296 10200
f 10200 10296 10297
f 10200 10297 10201
f 10201 10297 10298
f 10201 10298 10202
f 10202 10298 10299
f 10202 10299 10203
f 10203 10299 10300
f 10203 10300 10204
f 10204 10300 10301
f 10204 10301 10205
f 10205 10301 10302
f 10205 10302 10206
f 10206 10302 10303
f 10206 10303 10207
f 10207 10303 10304
f 10207 10304 10208
f 10208 10304 10305
f 10208 10305 10209
f 10209 10305 10306
f 10209 10306 10210
f 10210 10306 10307
f 10210 10307 10211
f 10211 10307 10308
f 10211 10308 10212
f 10212 10308 10309
f 10212 10309 10213
f 10213 10309 10310
f 10213 10310 10214
f 10214 10310 10311
f 10214 10311 10215
f 10215 10311 10312
f 10215 10312 10216
f 10216 10312 10313
f 10216 10313 10217
f 10217 10313 10314
f 10217 10314 10218
f 10218 10314 10315
f 10218 10315 10219
f 10219 10315 10316
f 10219 10316 10220
f 10220 10316 10317
f 10220 10317 10221
f 10221 10317 10318
f 10221 10318 10222
f 10222 10318 10319
f 10222 10319 10223
f 10223 10319 10320
f 10223 10320 10224
f 10224 10320 10321
f 10224 10321 10225
f 10225 10321 10322
f 10225 10322 10226
f 10226 10322 10323
f 10226 10323 10227
f 10227 10323 10324
f 10227 10324 10228
f 10228 10324 10325
f 10228 10325 10229
f 10229 10325 10326
f 10229 10326 10230
f 10230 10326 10327
f 10230 10327 10231
f 10231 10327 10328
f 10231 10328 10232
f 10232 10328 10329
f 10232 10329 10233
f 10233 10329 10330
f 10233 10330 10234
f 10234 10330 10331
f 10234 10331 10235
f 10235 10331 10332
f 10235 10332 10236
f 10236 10332 10333
f 10236 10333 10237
f 10237 10333 10334
f 10237 10334 10238
f 10238 10334 10335
f 10238 10335 10239
f 10239 10335 10336
f 10239 10336 10240
f 10240 10336 10337
f 10240 10337 10241
f 10241 10337 10338
f 10241 10338 10242
f 10242 10338 10339
f 10242 10339 10243
f 10243 10339 10340
f 10243 10340 10244
f 10244 10340 10341
f 10244 10341 10245
f 10245 10341 10342
f 10245 10342 10246
f 10246 10342 10343
f 10246 10343 10247
f 10247 10343 10344
f 10247 10344 10248
f 10248 10344 10345
f 10248 10345 10249
f 10249 10345 10346
f 10249 10346 10250
f 10250 10346 10347
f 10250 10347 10251
f 10251 10347 10348
f 10251 10348 10252
f 10252 10348 10349
f 10252 10349 10253
f 10253 10349 10350
f 10253 10350 10254
f 10254 10350 10351
f 10254 10351 10255
f 10255 10351 10352
f 10255 10352 10256
f 10256 10352 10353
f 10256 10353 10257
f 10257 10353 10354
f 10257 10354 10258
f 10258 10354 10355
f 10258 10355 10259
f 10259 10355 10356
f 10259 10356 10260
f 10260 10356 10357
f 10260 10357 10261
f 10261 10357 10358
f 10261 10358 10262
f 10262 10358 10359
f 10262 10359 10263
f 10263 10359 10360
f 10263 10360 10264
f 10264 10360 10361
f 10264 10361 10265
f 10265 10361 10362
f 10265 10362 10266
f 10266 10362 10363
f 10266 10363 10267
f 10267 10363 10364
f 10267 10364 10268
f 10268 10364 10365
f 10268 10365 10269
f 10269 10365 10366
f 10269 10366 10270
f 10270 10366 10367
f 10270 10367 10271
f 10271 10367 10368
f 10271 10368 10272
f 10272 10368 10369
f 10272 10369 10273
f 10273 10369 10274
f 10273 10274 10178
f 10274 10370 10371
f 10274 10371 10275
f 10275 10371 10372
f 10275 10372 10276
f 10276 10372 10373
f 10276 10373 10277
f 10277 10373 10374
f 10277 10374 10278
f 10278 10374 10375
f 10278 10375 10279
f 10279 10375 10376
f 10279 10376 10280
f 10280 10376 10377
f 10280 10377 10281
f 10281 10377 10378
f 10281 10378 10282
f 10282 10378 10379
f 10282 10379 10283
f 10283 10379 10380
f 10283 10380 10284
f 10284 10380 10381
f 10284 10381 10285
f 10285 10381 10382
f 10285 10382 10286
f 10286 10382 10383
f 10286 10383 10287
f 10287 10383 10384
f 10287 10384 10288
f 10288 10384 10385
f 10288 10385 10289
f 10289 10385 10386
f 10289 10386 10290
f 10290 10386 10387
f 10290 10387 10291
f 10291 10387 10388
f 10291 10388 10292
f 10292 10388 10389
f 10292 10389 10293
f 10293 10389 10390
f 10293 10390 10294
f 10294 10390 10391
f 10294 10391 10295
f 10295 10391 10392
f 10295 10392 10296
f 10296 10392 10393
f 10296 10393 10297
f 10297 10393 10394
f 10297 10394 10298
f 10298 10394 10395
f 10298 10395 10299
f 10299 10395 10396
f 10299 10396 10300
f 10300 10396 10397
f 10300 10397 10301
f 10301 10397 10398
f 10301 10398 10302
f 10302 10398 10399
f 10302 10399 10303
f 10303 10399 10400
f 10303 10400 10304
f 10304 10400 10401
f 10304 10401 10305
f 10305 10401 10402
f 10305 10402 10306
f 10306 10402 10403
f 10306 10403 10307
f 10307 10403 10404
f 10307 10404 10308
f 10308 10404 10405
f 10308 10405 10309
f 10309 10405 10406
f 10309 10406 10310
f 10310 10406 10407
f 10310 10407 10311
f 10311 10407 10408
f 10311 10408 10312
f 10312 10408 10409
f 10312 10409 10313
f 10313 10409 10410
f 10313 10410 10314
f 10314 10410 10411
f 10314 10411 10315
f 10315 10411 10412
f 10315 10412 10316
f 10316 10412 10413
f 10316 10413 10317
f 10317 10413 10414
f 10317 10414 10318
f 10318 10414 10415
f 10318 10415 10319
f 10319 10415 10416
f 10319 10416 10320
f 10320 10416 10417
f 10320 10417 10321
f 10321 10417 10418
f 10321 10418 10322
f 10322 10418 10419
f 10322 10419 10323
f 10323 10419 10420
f 10323 10420 10324
f 10324 10420 10421
f 10324 10421 10325
f 10325 10421 10422
f 10325 10422 10326
f 10326 10422 10423
f 10326 10423 10327
f 10327 10423 10424
f 10327 10424 10328
f 10328 10424 10425
f 10328 10425 10329
f 10329 10425 10426
f 10329 10426 10330
f 10330 10426 10427
f 10330 10427 10331
f 10331 10427 10428
f 10331 10428 10332
f 10332 10428 10429
f 10332 10429 10333
f 10333 10429 10430
f 10333 10430 10334
f 10334 10430 10431
f 10334 10431 10335
f 10335 10431 10432
f 10335 10432 10336
f 10336 10432 10433
f 10336 10433 10337
f 10337 10433 10434
f 10337 10434 10338
f 10338 10434 10435
f 10338 10435 10339
f 10339 10435 10436
f 10339 10436 10340
f 10340 10436 10437
f 10340 10437 10341
f 10341 10437 10438
f 10341 10438 10342
f 10342 10438 10439
f 10342 10439 10343
f 10343 10439 10440
f 10343 10440 10344
f 10344 10440 10441
f 10344 10441 10345
f 10345 10441 10442
f 10345 10442 10346
f 10346 10442 10443
f 10346 10443 10347
f 10347 10443 10444
f 10347 10444 10348
f 10348 10444 10445
f 10348 10445 10349
f 10349 10445 10446
f 10349 10446 10350
f 10350 10446 10447
f 10350 10447 10351
f 10351 10447 10448
f 10351 10448 10352
f 10352 10448 10449
f 10352 10449 10353
f 10353 10449 10450
f 10353 10450 10354
f 10354 10450 10451
f 10354 10451 10355
f 10355 10451 10452
f 10355 10452 10356
f 10356 10452 10453
f 10356 10453 10357
f 10357 10453 10454
f 10357 10454 10358
f 10358 10454 10455
f 10358 10455 10359
f 10359 10455 10456
f 10359 10456 10360
f 10360 10456 10457
f 10360 10457 10361
f 10361 10457 10458
f 10361 10458 10362
f 10362 10458 10459
f 10362 10459 10363
f 10363 10459 10460
f 10363 10460 10364
f 10364 10460 10461
f 10364 10461 10365
f 10365 10461 10462
f 10365 10462 10366
f 10366 10462 10463
f 10366 10463 10367
f 10367 10463 10464
f 10367 10464 10368
f 10368 10464 10465
f 10368 10465 10369
f 10369 10465 10370
f 10369 10370 10274
f 10370 10466 10467
f 10370 10467 10371
f 10371 10467 10468
f 10371 10468 10372
f 10372 10468 10469
f 10372 10469 10373
f 10373 10469 10470
f 10373 10470 10374
f 10374 10470 10471
f 10374 10471 10375
f 10375 10471 10472
f 10375 10472 10376
f 10376 10472 10473
f 10376 10473 10377
f 10377 10473 10474
f 10377 10474 10378
f 10378 10474 10475
f 10378 10475 10379
f 10379 10475 10476
f 10379 10476 10380
f 10380 10476 10477
f 10380 10477 10381
f 10381 10477 10478
f 10381 10478 10382
f 10382 10478 10479
f 10382 10479 10383
f 10383 10479 10480
f 10383 10480 10384
f 10384 10480 10481
f 10384 10481 10385
f 10385 10481 10482
f 10385 10482 10386
f 10386 10482 10483
f 10386 10483 10387
f 10387 10483 10484
f 10387 10484 10388
f 10388 10484 10485
f 10388 10485 10389
f 10389 10485 10486
f 10389 10486 10390
f 10390 10486 10487
f 10390 10487 10391
f 10391 10487 10488
f 10391 10488 10392
f 10392 10488 10489
f 10392 10489 10393
f 10393 10489 10490
f 10393 10490 10394
f 10394 10490 10491
f 10394 10491 10395
f 10395 10491 10492
f 10395 10492 10396
f 10396 10492 10493
f 10396 10493 10397
f 10397 10493 10494
f 10397 10494 10398
f 10398 10494 10495
f 10398 10495 10399
f 10399 10495 10496
f 10399 10496 10400
f 10400 10496 10497
f 10400 10497 10401
f 10401 10497 10498
f 10401 10498 10402
f 10402 10498 10499
f 10402 10499 10403
f 10403 10499 10500
f 10403 10500 10404
f 10404 10500 10501
f 10404 10501 10405
f 10405 10501 10502
f 10405 10502 10406
f 10406 10502 10503
f 10406 10503 10407
f 10407 10503 10504
f 10407 10504 10408
f 10408 10504 10505
f 10408 10505 10409
f 10409 10505 10506
f 10409 10506 10410
f 10410 10506 10507
f 10410 10507 10411
f 10411 10507 10508
f 10411 10508 10412
f 10412 10508 10509
f 10412 10509 10413
f 10413 10509 10510
f 10413 10510 10414
f 10414 10510 10511
f 10414 10511 10415
f 10415 10511 10512
f 10415 10512 10416
f 10416 10512 10513
f 10416 10513 10417
f 10417 10513 10514
f 10417 10514 10418
f 10418 10514 10515
f 10418 10515 10419
f 10419 10515 10516
f 10419 10516 10420
f 10420 10516 10517
f 10420 10517 10421
f 10421 10517 10518
f 10421 10518 10422
f 10422 10518 10519
f 10422 10519 10423
f 10423 10519 10520
f 10423 10520 10424
f 10424 10520 10521
f 10424 10521 10425
f 10425 10521 10522
f 10425 10522 10426
f 10426 10522 10523
f 10426 10523 10427
f 10427 10523 10524
f 10427 10524 10428
f 10428 10524 10525
f 10428 10525 10429
f 10429 10525 10526
f 10429 10526 10430
f 10430 10526 10527
f 10430 10527 10431
f 10431 10527 10528
f 10431 10528 10432
f 10432 10528 10529
f 10432 10529 10433
f 10433 10529 10530
f 10433 10530 10434
f 10434 10530 10531
f 10434 10531 10435
f 10435 10531 10532
f 10435 10532 10436
f 10436 10532 10533
f 10436 10533 10437
f 10437 10533 10534
f 10437 10534 10438
f 10438 10534 10535
f 10438 10535 10439
f 10439 10535 10536
f 10439 10536 10440
f 10440 10536 10537
f 10440 10537 10441
f 10441 10537 10538
f 10441 10538 10442
f 10442 10538 10539
f 10442 10539 10443
f 10443 10539 10540
f 10443 10540 10444
f 10444 10540 10541
f 10444 10541 10445
f 10445 10541 10542
f 10445 10542 10446
f 10446 10542 10543
f 10446 10543 10447
f 10447 10543 10544
f 10447 10544 10448
f 10448 10544 10545
f 10448 10545 10449
f 10449 10545 10546
f 10449 10546 10450
f 10450 10546 10547
f 10450 10547 10451
f 10451 10547 10548
f 10451 10548 10452
f 10452 10548 10549
f 10452 10549 10453
f 10453 10549 10550
f 10453 10550 10454
f 10454 10550 10551
f 10454 10551 10455
f 10455 10551 10552
f 10455 10552 10456
f 10456 10552 10553
f 10456 10553 10457
f 10457 10553 10554
f 10457 10554 10458
f 10458 10554 10555
f 10458 10555 10459
f 10459 10555 10556
f 10459 10556 10460
f 10460 10556 10557
f 10460 10557 10461
f 10461 10557 10558
f 10461 10558 10462
f 10462 10558 10559
f 10462 10559 10463
f 10463 10559 10560
f 10463 10560 10464
f 10464 10560 10561
f 10464 10561 10465
f 10465 10561 10466
f 10465 10466 10370
f 10466 10562 10563
f 10466 10563 10467
f 10467 10563 10564
f 10467 10564 10468
f 10468 10564 10565
f 10468 10565 10469
f 10469 10565 10566
f 10469 10566 10470
f 10470 10566 10567
f 10470 10567 10471
f 10471 10567 10568
f 10471 10568 10472
f 10472 10568 10569
f 10472 10569 10473
f 10473 10569 10570
f 10473 10570 10474
f 10474 10570 10571
f 10474 10571 10475
f 10475 10571 10572
f 10475 10572 10476
f 10476 10572 10573
f 10476 10573 10477
f 10477 10573 10574
f 10477 10574 10478
f 10478 10574 10575
f 10478 10575 10479
f 10479 10575 10576
f 10479 10576 10480
f 10480 10576 10577
f 10480 10577 10481
f 10481 10577 10578
f 10481 10578 10482
f 10482 10578 10579
f 10482 10579 10483
f 10483 10579 10580
f 10483 10580 10484
f 10484 10580 10581
f 10484 10581 10485
f 10485 10581 10582
f 10485 10582 10486
f 10486 10582 10583
f 10486 10583 10487
f 10487 10583 10584
f 10487 10584 10488
f 10488 10584 10585
f 10488 10585 10489
f 10489 10585 10586
f 10489 10586 10490
f 10490 10586 10587
f 10490 10587 10491
f 10491 10587 10588
f 10491 10588 10492
f 10492 10588 10589
f 10492 10589 10493
f 10493 10589 10590
f 10493 10590 10494
f 10494 10590 10591
f 10494 10591 10495
f 10495 10591 10592
f 10495 10592 10496
f 10496 10592 10593
f 10496 10593 10497
f 10497 10593 10594
f 10497 10594 10498
f 10498 10594 10595
f 10498 10595 10499
f 10499 10595 10596
f 10499 10596 10500
f 10500 10596 10597
f 10500 10597 10501
f 10501 10597 10598
f 10501 10598 10502
f 10502 10598 10599
f 10502 10599 10503
f 10503 10599 10600
f 10503 10600 10504
f 10504 10600 10601
f 10504 10601 10505
f 10505 10601 10602
f 10505 10602 10506
f 10506 10602 10603
f 10506 10603 10507
f 10507 10603 10604
f 10507 10604 10508
f 10508 10604 10605
f 10508 10605 10509
f 10509 10605 10606
f 10509 10606 10510
f 10510 10606 10607
f 10510 10607 10511
f 10511 10607 10608
f 10511 10608 10512
f 10512 10608 10609
f 10512 10609 10513
f 10513 10609 10610
f 10513 10610 10514
f 10514 10610 10611
f 10514 10611 10515
f 10515 10611 10612
f 10515 10612 10516
f 10516 10612 10613
f 10516 10613 10517
f 10517 10613 10614
f 10517 10614 10518
f 10518 10614 10615
f 10518 10615 10519
f 10519 10615 10616
f 10519 10616 10520
f 10520 10616 10617
f 10520 10617 10521
f 10521 10617 10618
f 10521 10618 10522
f 10522 10618 10619
f 10522 10619 10523
f 10523 10619 10620
f 10523 10620 10524
f 10524 10620 10621
f 10524 10621 10525
f 10525 10621 10622
f 10525 10622 10526
f 10526 10622 10623
f 10526 10623 10527
f 10527 10623 10624
f 10527 10624 10528
f 10528 10624 10625
f 10528 10625 10529
f 10529 10625 10626
f 10529 10626 10530
f 10530 10626 10627
f 10530 10627 10531
f 10531 10627 10628
f 10531 10628 10532
f 10532 10628 10629
f 10532 10629 10533
f 10533 10629 10630
f 10533 10630 10534
f 10534 10630 10631
f 10534 10631 10535
f 10535 10631 10632
f 10535 10632 10536
f 10536 10632 10633
f 10536 10633 10537
f 10537 10633 10634
f 10537 10634 10538
f 10538 10634 10635
f 10538 10635 10539
f 10539 10635 10636
f 10539 10636 10540
f 10540 10636 10637
f 10540 10637 10541
f 10541 10637 10638
f 10541 10638 10542
f 10542 10638 10639
f 10542 10639 10543
f 10543 10639 10640
f 10543 10640 10544
f 10544 10640 10641
f 10544 10641 10545
f 10545 10641 10642
f 10545 10642 10546
f 10546 10642 10643
f 10546 10643 10547
f 10547 10643 10644
f 10547 10644 10548
f 10548 10644 10645
f 10548 10645 10549
f 10549 10645 10646
f 10549 10646 10550
f 10550 10646 10647
f 10550 10647 10551
f 10551 10647 10648
f 10551 10648 10552
f 10552 10648 10649
f 10552 10649 10553
f 10553 10649 10650
f 10553 10650 10554
f 10554 10650 10651
f 10554 10651 10555
f 10555 10651 10652
f 10555 10652 10556
f 10556 10652 10653
f 10556 10653 10557
f 10557 10653 10654
f 10557 10654 10558
f 10558 10654 10655
f 10558 10655 10559
f 10559 10655 10656
f 10559 10656 10560
f 10560 10656 10657
f 10560 10657 10561
f 10561 10657 10562
f 10561 10562 10466
f 10562 10658 10659
f 10562 10659 10563
f 10563 10659 10660
f 10563 10660 10564
f 10564 10660 10661
f 10564 10661 10565
f 10565 10661 10662
f 10565 10662 10566
f 10566 10662 10663
f 10566 10663 10567
f 10567 10663 10664
f 10567 10664 10568
f 10568 10664 10665
f 10568 10665 10569
f 10569 10665 10666
f 10569 10666 10570
f 10570 10666 10667
f 10570 10667 10571
f 10571 10667 10668
f 10571 10668 10572
f 10572 10668 10669
f 10572 10669 10573
f 10573 10669 10670
f 10573 10670 10574
f 10574 10670 10671
f 10574 10671 10575
f 10575 10671 10672
f 10575 10672 10576
f 10576 10672 10673
f 10576 10673 10577
f 10577 10673 10674
f 10577 10674 10578
f 10578 10674 10675
f 10578 10675 10579
f 10579 10675 10676
f 10579 10676 10580
f 10580 10676 10677
f 10580 10677 10581
f 10581 10677 10678
f 10581 10678 10582
f 10582 10678 10679
f 10582 10679 10583
f 10583 10679 10680
f 10583 10680 10584
f 10584 10680 10681
f 10584 10681 10585
f 10585 10681 10682
f 10585 10682 10586
f 10586 10682 10683
f 10586 10683 10587
f 10587 10683 10684
f 10587 10684 10588
f 10588 10684 10685
f 10588 10685 10589
f 10589 10685 10686
f 10589 10686 10590
f 10590 10686 10687
f 10590 10687 10591
f 10591 10687 10688
f 10591 10688 10592
f 10592 10688 10689
f 10592 10689 10593
f 10593 10689 10690
f 10593 10690 10594
f 10594 10690 10691
f 10594 10691 10595
f 10595 10691 10692
f 10595 10692 10596
f 10596 10692 10693
f 10596 10693 10597
f 10597 10693 10694
f 10597 10694 10598
f 10598 10694 10695
f 10598 10695 10599
f 10599 10695 10696
f 10599 10696 10600
f 10600 10696 10697
f 10600 10697 10601
f 10601 10697 10698
f 10601 10698 10602
f 10602 10698 10699
f 10602 10699 10603
f 10603 10699 10700
f 10603 10700 10604
f 10604 10700 10701
f 10604 10701 10605
f 10605 10701 10702
f 10605 10702 10606
f 10606 10702 10703
f 10606 10703 10607
f 10607 10703 10704
f 10607 10704 10608
f 10608 10704 10705
f 10608 10705 10609
f 10609 10705 10706
f 10609 10706 10610
f 10610 10706 10707
f 10610 10707 10611
f 10611 10707 10708
f 10611 10708 10612
f 10612 10708 10709
f 10612 10709 10613
f 10613 10709 10710
f 10613 10710 10614
f 10614 10710 10711
f 10614 10711 10615
f 10615 10711 10712
f 10615 10712 10616
f 10616 10712 10713
f 10616 10713 10617
f 10617 10713 10714
f 10617 10714 10618
f 10618 10714 10715
f 10618 10715 10619
f 10619 10715 10716
f 10619 10716 10620
f 10620 10716 10717
f 10620 10717 10621
f 10621 10717 10718
f 10621 10718 10622
f 10622 10718 10719
f 10622 10719 10623
f 10623 10719 10720
f 10623 10720 10624
f 10624 10720 10721
f 10624 10721 10625
f 10625 10721 10722
f 10625 10722 10626
f 10626 10722 10723
f 10626 10723 10627
f 10627 10723 10724
f 10627 10724 10628
f 10628 10724 10725
f 10628 10725 10629
f 10629 10725 10726
f 10629 10726 10630
f 10630 10726 10727
f 10630 10727 10631
f 10631 10727 10728
f 10631 10728 10632
f 10632 10728 10729
f 10632 10729 10633
f 10633 10729 10730
f 10633 10730 10634
f 10634 10730 10731
f 10634 10731 10635
f 10635 10731 10732
f 10635 10732 10636
f 10636 10732 10733
f 10636 10733 10637
f 10637 10733 10734
f 10637 10734 10638
f 10638 10734 10735
f 10638 10735 10639
f 10639 10735 10736
f 10639 10736 10640
f 10640 10736 10737
f 10640 10737 10641
f 10641 10737 10738
f 10641 10738 10642
f 10642 10738 10739
f 10642 10739 10643
f 10643 10739 10740
f 10643 10740 10644
f 10644 10740 10741
f 10644 10741 10645
f 10645 10741 10742
f 10645 10742 10646
f 10646 10742 10743
f 10646 10743 10647
f 10647 10743 10744
f 10647 10744 10648
f 10648 10744 10745
f 10648 10745 10649
f 10649 10745 10746
f 10649 10746 10650
f 10650 10746 10747
f 10650 10747 10651
f 10651 10747 10748
f 10651 10748 10652
f 10652 10748 10749
f 10652 10749 10653
f 10653 10749 10750
f 10653 10750 10654
f 10654 10750 10751
f 10654 10751 10655
f 10655 10751 10752
f 10655 10752 10656
f 10656 10752 10753
f 10656 10753 10657
f 10657 10753 10658
f 10657 10658 10562
f 10658 10754 10755
f 10658 10755 10659
f 10659 10755 10756
f 10659 10756 10660
f 10660 10756 10757
f 10660 10757 10661
f 10661 10757 10758
f 10661 10758 10662
f 10662 10758 10759
f 10662 10759 10663
f 10663 10759 10760
f 10663 10760 10664
f 10664 10760 10761
f 10664 10761 10665
f 10665 10761 10762
f 10665 10762 10666
f 10666 10762 10763
f 10666 10763 10667
f 10667 10763 10764
f 10667 10764 10668
f 10668 10764 10765
f 10668 10765 10669
f 10669 10765 10766
f 10669 10766 10670
f 10670 10766 10767
f 10670 10767 10671
f 10671 10767 10768
f 10671 10768 10672
f 10672 10768 10769
f 10672 10769 10673
f 10673 10769 10770
f 10673 10770 10674
f 10674 10770 10771
f 10674 10771 10675
f 10675 10771 10772
f 10675 10772 10676
f 10676 10772 10773
f 10676 10773 10677
f 10677 10773 10774
f 10677 10774 10678
f 10678 10774 10775
f 10678 10775 10679
f 10679 10775 10776
f 10679 10776 10680
f 10680 10776 10777
f 10680 10777 10681
f 10681 10777 10778
f 10681 10778 10682
f 10682 10778 10779
f 10682 10779 10683
f 10683 10779 10780
f 10683 10780 10684
f 10684 10780 10781
f 10684 10781 10685
f 10685 10781 10782
f 10685 10782 10686
f 10686 10782 10783
f 10686 10783 10687
f 10687 10783 10784
f 10687 10784 10688
f 10688 10784 10785
f 10688 10785 10689
f 10689 10785 10786
f 10689 10786 10690
f 10690 10786 10787
f 10690 10787 10691
f 10691 10787 10788
f 10691 10788 10692
f 10692 10788 10789
f 10692 10789 10693
f 10693 10789 10790
f 10693 10790 10694
f 10694 10790 10791
f 10694 10791 10695
f 10695 10791 10792
f 10695 10792 10696
f 10696 10792 10793
f 10696 10793 10697
f 10697 10793 10794
f 10697 10794 10698
f 10698 10794 10795
f 10698 10795 10699
f 10699 10795 10796
f 10699 10796 10700
f 10700 10796 10797
f 10700 10797 10701
f 10701 10797 10798
f 10701 10798 10702
f 10702 10798 10799
f 10702 10799 10703
f 10703 10799 10800
f 10703 10800 10704
f 10704 10800 10801
f 10704 10801 10705
f 10705 10801 10802
f 10705 10802 10706
f 10706 10802 10803
f 10706 10803 10707
f 10707 10803 10804
f 10707 10804 10708
f 10708 10804 10805
f 10708 10805 10709
f 10709 10805 10806
f 10709 10806 10710
f 10710 10806 10807
f 10710 10807 10711
f 10711 10807 10808
f 10711 10808 10712
f 10712 10808 10809
f 10712 10809 10713
f 10713 10809 10810
f 10713 10810 10714
f 10714 10810 10811
f 10714 10811 10715
f 10715 10811 10812
f 10715 10812 10716
f 10716 10812 10813
f 10716 10813 10717
f 10717 10813 10814
f 10717 10814 10718
f 10718 10814 10815
f 10718 10815 10719
f 10719 10815 10816
f 10719 10816 10720
f 10720 10816 10817
f 10720 10817 10721
f 10721 10817 10818
f 10721 10818 10722
f 10722 10818 10819
f 10722 10819 10723
f 10723 10819 10820
f 10723 10820 10724
f 10724 10820 10821
f 10724 10821 10725
f 10725 10821 10822
f 10725 10822 10726
f 10726 10822 10823
f 10726 10823 10727
f 10727 10823 10824
f 10727 10824 10728
f 10728 10824 10825
f 10728 10825 10729
f 10729 10825 10826
f 10729 10826 10730
f 10730 10826 10827
f 10730 10827 10731
f 10731 10827 10828
f 10731 10828 10732
f 10732 10828 10829
f 10732 10829 10733
f 10733 10829 10830
f 10733 10830 10734
f 10734 10830 10831
f 10734 10831 10735
f 10735 10831 10832
f 10735 10832 10736
f 10736 10832 10833
f 10736 10833 10737
f 10737 10833 10834
f 10737 10834 10738
f 10738 10834 10835
f 10738 10835 10739
f 10739 10835 10836
f 10739 10836 10740
f 10740 10836 10837
f 10740 10837 10741
f 10741 10837 10838
f 10741 10838 10742
f 10742 10838 10839
f 10742 10839 10743
f 10743 10839 10840
f 10743 10840 10744
f 10744 10840 10841
f 10744 10841 10745
f 10745 10841 10842
f 10745 10842 10746
f 10746 10842 10843
f 10746 10843 10747
f 10747 10843 10844
f 10747 10844 10748
f 10748 10844 10845
f 10748 10845 10749
f 10749 10845 10846
f 10749 10846 10750
f 10750 10846 10847
f 10750 10847 10751
f 10751 10847 10848
f 10751 10848 10752
f 10752 10848 10849
f 10752 10849 10753
f 10753 10849 10754
f 10753 10754 10658
f 10754 10850 10851
f 10754 10851 10755
f 10755 10851 10852
f 10755 10852 10756
f 10756 10852 10853
f 10756 10853 10757
f 10757 10853 10854
f 10757 10854 10758
f 10758 10854 10855
f 10758 10855 10759
f 10759 10855 10856
f 10759 10856 10760
f 10760 10856 10857
f 10760 10857 10761
f 10761 10857 10858
f 10761 10858 10762
f 10762 10858 10859
f 10762 10859 10763
f 10763 10859 10860
f 10763 10860 10764
f 10764 10860 10861
f 10764 10861 10765
f 10765 10861 10862
f 10765 10862 10766
f 10766 10862 10863
f 10766 10863 10767
f 10767 10863 10864
f 10767 10864 10768
f 10768 10864 10865
f 10768 10865 10769
f 10769 10865 10866
f 10769 10866 10770
f 10770 10866 10867
f 10770 10867 10771
f 10771 10867 10868
f 10771 10868 10772
f 10772 10868 10869
f 10772 10869 10773
f 10773 10869 10870
f 10773 10870 10774
f 10774 10870 10871
f 10774 10871 10775
f 10775 10871 10872
f 10775 10872 10776
f 10776 10872 10873
f 10776 10873 10777
f 10777 10873 10874
f 10777 10874 10778
f 10778 10874 10875
f 10778 10875 10779
f 10779 10875 10876
f 10779 10876 10780
f 10780 10876 10877
f 10780 10877 10781
f 10781 10877 10878
f 10781 10878 10782
f 10782 10878 10879
f 10782 10879 10783
f 10783 10879 10880
f 10783 10880 10784
f 10784 10880 10881
f 10784 10881 10785
f 10785 10881 10882
f 10785 10882 10786
f 10786 10882 10883
f 10786 10883 10787
f 10787 10883 10884
f 10787 10884 10788
f 10788 10884 10885
f 10788 10885 10789
f 10789 10885 10886
f 10789 10886 10790
f 10790 10886 10887
f 10790 10887 10791
f 10791 10887 10888
f 10791 10888 10792
f 10792 10888 10889
f 10792 10889 10793
f 10793 10889 10890
f 10793 10890 10794
f 10794 10890 10891
f 10794 10891 10795
f 10795 10891 10892
f 10795 10892 10796
f 10796 10892 10893
f 10796 10893 10797
f 10797 10893 10894
f 10797 10894 10798
f 10798 10894 10895
f 10798 10895 10799
f 10799 10895 10896
f 10799 10896 10800
f 10800 10896 10897
f 10800 10897 10801
f 10801 10897 10898
f 10801 10898 10802
f 10802 10898 10899
f 10802 10899 10803
f 10803 10899 10900
f 10803 10900 10804
f 10804 10900 10901
f 10804 10901 10805
f 10805 10901 10902
f 10805 10902 10806
f 10806 10902 10903
f 10806 10903 10807
f 10807 10903 10904
f 10807 10904 10808
f 10808 10904 10905
f 10808 10905 10809
f 10809 10905 10906
f 10809 10906 10810
f 10810 10906 10907
f 10810 10907 10811
f 10811 10907 10908
f 10811 10908 10812
f 10812 10908 10909
f 10812 10909 10813
f 10813 10909 10910
f 10813 10910 10814
f 10814 10910 10911
f 10814 10911 10815
f 10815 10911 10912
f 10815 10912 10816
f 10816 10912 10913
f 10816 10913 10817
f 10817 10913 10914
f 10817 10914 10818
f 10818 10914 10915
f 10818 10915 10819
f 10819 10915 10916
f 10819 10916 10820
f 10820 10916 10917
f 10820 10917 10821
f 10821 10917 10918
f 10821 10918 10822
f 10822 10918 10919
f 10822 10919 10823
f 10823 10919 10920
f 10823 10920 10824
f 10824 10920 10921
f 10824 10921 10825
f 10825 10921 10922
f 10825 10922 10826
f 10826 10922 10923
f 10826 10923 10827
f 10827 10923 10924
f 10827 10924 10828
f 10828 10924 10925
f 10828 10925 10829
f 10829 10925 10926
f 10829 10926 10830
f 10830 10926 10927
f 10830 10927 10831
f 10831 10927 10928
f 10831 10928 10832
f 10832 10928 10929
f 10832 10929 10833
f 10833 10929 10930
f 10833 10930 10834
f 10834 10930 10931
f 10834 10931 10835
f 10835 10931 10932
f 10835 10932 10836
f 10836 10932 10933
f 10836 10933 10837
f 10837 10933 10934
f 10837 10934 10838
f 10838 10934 10935
f 10838 10935 10839
f 10839 10935 10936
f 10839 10936 10840
f 10840 10936 10937
f 10840 10937 10841
f 10841 10937 10938
f 10841 10938 10842
f 10842 10938 10939
f 10842 10939 10843
f 10843 10939 10940
f 10843 10940 10844
f 10844 10940 10941
f 10844 10941 10845
f 10845 10941 10942
f 10845 10942 10846
f 10846 10942 10943
f 10846 10943 10847
f 10847 10943 10944
f 10847 10944 10848
f 10848 10944 10945
f 10848 10945 10849
f 10849 10945 10850
f 10849 10850 10754
f 10850 10946 10947
f 10850 10947 10851
f 10851 10947 10948
f 10851 10948 10852
f 10852 10948 10949
f 10852 10949 10853
f 10853 10949 10950
f 10853 10950 10854
f 10854 10950 10951
f 10854 10951 10855
f 10855 10951 10952
f 10855 10952 10856
f 10856 10952 10953
f 10856 10953 10857
f 10857 10953 10954
f 10857 10954 10858
f 10858 10954 10955
f 10858 10955 10859
f 10859 10955 10956
f 10859 10956 10860
f 10860 10956 10957
f 10860 10957 10861
f 10861 10957 10958
f 10861 10958 10862
f 10862 10958 10959
f 10862 10959 10863
f 10863 10959 10960
f 10863 10960 10864
f 10864 10960 10961
f 10864 10961 10865
f 10865 10961 10962
f 10865 10962 10866
f 10866 10962 10963
f 10866 10963 10867
f 10867 10963 10964
f 10867 10964 10868
f 10868 10964 10965
f 10868 10965 10869
f 10869 10965 10966
f 10869 10966 10870
f 10870 10966 10967
f 10870 10967 10871
f 10871 10967 10968
f 10871 10968 10872
f 10872 10968 10969
f 10872 10969 10873
f 10873 10969 10970
f 10873 10970 10874
f 10874 10970 10971
f 10874 10971 10875
f 10875 10971 10972
f 10875 10972 10876
f 10876 10972 10973
f 10876 10973 10877
f 10877 10973 10974
f 10877 10974 10878
f 10878 10974 10975
f 10878 10975 10879
f 10879 10975 10976
f 10879 10976 10880
f 10880 10976 10977
f 10880 10977 10881
f 10881 10977 10978
f 10881 10978 10882
f 10882 10978 10979
f 10882 10979 10883
f 10883 10979 10980
f 10883 10980 10884
f 10884 10980 10981
f 10884 10981 10885
f 10885 10981 10982
f 10885 10982 10886
f 10886 10982 10983
f 10886 10983 10887
f 10887 10983 10984
f 10887 10984 10888
f 10888 10984 10985
f 10888 10985 10889
f 10889 10985 10986
f 10889 10986 10890
f 10890 10986 10987
f 10890 10987 10891
f 10891 10987 10988
f 10891 10988 10892
f 10892 10988 10989
f 10892 10989 10893
f 10893 10989 10990
f 10893 10990 10894
f 10894 10990 10991
f 10894 10991 10895
f 10895 10991 10992
f 10895 10992 10896
f 10896 10992 10993
f 10896 10993 10897
f 10897 10993 10994
f 10897 10994 10898
f 10898 10994 10995
f 10898 10995 10899
f 10899 10995 10996
f 10899 10996 10900
f 10900 10996 10997
f 10900 10997 10901
f 10901 10997 10998
f 10901 10998 10902
f 10902 10998 10999
f 10902 10999 10903
f 10903 10999 11000
f 10903 11000 10904
f 10904 11000 11001
f 10904 11001 10905
f 10905 11001 11002
f 10905 11002 10906
f 10906 11002 11003
f 10906 11003 10907
f 10907 11003 11004
f 10907 11004 10908
f 10908 11004 11005
f 10908 11005 10909
f 10909 11005 11006
f 10909 11006 10910
f 10910 11006 11007
f 10910 11007 10911
f 10911 11007 11008
f 10911 11008 10912
f 10912 11008 11009
f 10912 11009 10913
f 10913 11009 11010
f 10913 11010 10914
f 10914 11010 11011
f 10914 11011 10915
f 10915 11011 11012
f 10915 11012 10916
f 10916 11012 11013
f 10916 11013 10917
f 10917 11013 11014
f 10917 11014 10918
f 10918 11014 11015
f 10918 11015 10919
f 10919 11015 11016
f 10919 11016 10920
f 10920 11016 11017
f 10920 11017 10921
f 10921 11017 11018
f 10921 11018 10922
f 10922 11018 11019
f 10922 11019 10923
f 10923 11019 11020
f 10923 11020 10924
f 10924 11020 11021
f 10924 11021 10925
f 10925 11021 11022
f 10925 11022 10926
f 10926 11022 11023
f 10926 11023 10927
f 10927 11023 11024
f 10927 11024 10928
f 10928 11024 11025
f 10928 11025 10929
f 10929 11025 11026
f 10929 11026 10930
f 10930 11026 11027
f 10930 11027 10931
f 10931 11027 11028
f 10931 11028 10932
f 10932 11028 11029
f 10932 11029 10933
f 10933 11029 11030
f 10933 11030 10934
f 10934 11030 11031
f 10934 11031 10935
f 10935 11031 11032
f 10935 11032 10936
f 10936 11032 11033
f 10936 11033 10937
f 10937 11033 11034
f 10937 11034 10938
f 10938 11034 11035
f 10938 11035 10939
f 10939 11035 11036
f 10939 11036 10940
f 10940 11036 11037
f 10940 11037 10941
f 10941 11037 11038
f 10941 11038 10942
f 10942 11038 11039
f 10942 11039 10943
f 10943 11039 11040
f 10943 11040 10944
f 10944 11040 11041
f 10944 11041 10945
f 10945 11041 10946
f 10945 10946 10850
f 10946 11042 11043
f 10946 11043 10947
f 10947 11043 11044
f 10947 11044 10948
f 10948 11044 11045
f 10948 11045 10949
f 10949 11045 11046
f 10949 11046 10950
f 10950 11046 11047
f 10950 11047 10951
f 10951 11047 11048
f 10951 11048 10952
f 10952 11048 11049
f 10952 11049 10953
f 10953 11049 11050
f 10953 11050 10954
f 10954 11050 11051
f 10954 11051 10955
f 10955 11051 11052
f 10955 11052 10956
f 10956 11052 11053
f 10956 11053 10957
f 10957 11053 11054
f 10957 11054 10958
f 10958 11054 11055
f 10958 11055 10959
f 10959 11055 11056
f 10959 11056 10960
f 10960 11056 11057
f 10960 11057 10961
f 10961 11057 11058
f 10961 11058 10962
f 10962 11058 11059
f 10962 11059 10963
f 10963 11059 11060
f 10963 11060 10964
f 10964 11060 11061
f 10964 11061 10965
f 10965 11061 11062
f 10965 11062 10966
f 10966 11062 11063
f 10966 11063 10967
f 10967 11063 11064
f 10967 11064 10968
f 10968 11064 11065
f 10968 11065 10969
f 10969 11065 11066
f 10969 11066 10970
f 10970 11066 11067
f 10970 11067 10971
f 10971 11067 11068
f 10971 11068 10972
f 10972 11068 11069
f 10972 11069 10973
f 10973 11069 11070
f 10973 11070 10974
f 10974 11070 11071
f 10974 11071 10975
f 10975 11071 11072
f 10975 11072 10976
f 10976 11072 11073
f 10976 11073 10977
f 10977 11073 11074
f 10977 11074 10978
f 10978 11074 11075
f 10978 11075 10979
f 10979 11075 11076
f 10979 11076 10980
f 10980 11076 11077
f 10980 11077 10981
f 10981 11077 11078
f 10981 11078 10982
f 10982 11078 11079
f 10982 11079 10983
f 10983 11079 11080
f 10983 11080 10984
f 10984 11080 11081
f 10984 11081 10985
f 10985 11081 11082
f 10985 11082 10986
f 10986 11082 11083
f 10986 11083 10987
f 10987 11083 11084
f 10987 11084 10988
f 10988 11084 11085
f 10988 11085 10989
f 10989 11085 11086
f 10989 11086 10990
f 10990 11086 11087
f 10990 11087 10991
f 10991 11087 11088
f 10991 11088 10992
f 10992 11088 11089
f 10992 11089 10993
f 10993 11089 11090
f 10993 11090 10994
f 10994 11090 11091
f 10994 11091 10995
f 10995 11091 11092
f 10995 11092 10996
f 10996 11092 11093
f 10996 11093 10997
f 10997 11093 11094
f 10997 11094 10998
f 10998 11094 11095
f 10998 11095 10999
f 10999 11095 11096
f 10999 11096 11000
f 11000 11096 11097
f 11000 11097 11001
f 11001 11097 11098
f 11001 11098 11002
f 11002 11098 11099
f 11002 11099 11003
f 11003 11099 11100
f 11003 11100 11004
f 11004 11100 11101
f 11004 11101 11005
f 11005 11101 11102
f 11005 11102 11006
f 11006 11102 11103
f 11006 11103 11007
f 11007 11103 11104
f 11007 11104 11008
f 11008 11104 11105
f 11008 11105 11009
f 11009 11105 11106
f 11009 11106 11010
f 11010 11106 11107
f 11010 11107 11011
f 11011 11107 11108
f 11011 11108 11012
f 11012 11108 11109
f 11012 11109 11013
f 11013 11109 11110
f 11013 11110 11014
f 11014 11110 11111
f 11014 11111 11015
f 11015 11111 11112
f 11015 11112 11016
f 11016 11112 11113
f 11016 11113 11017
f 11017 11113 11114
f 11017 11114 11018
f 11018 11114 11115
f 11018 11115 11019
f 11019 11115 11116
f 11019 11116 11020
f 11020 11116 11117
f 11020 11117 11021
f 11021 11117 11118
f 11021 11118 11022
f 11022 11118 11119
f 11022 11119 11023
f 11023 11119 11120
f 11023 11120 11024
f 11024 11120 11121
f 11024 11121 11025
f 11025 11121 11122
f 11025 11122 11026
f 11026 11122 11123
f 11026 11123 11027
f 11027 11123 11124
f 11027 11124 11028
f 11028 11124 11125
f 11028 11125 11029
f 11029 11125 11126
f 11029 11126 11030
f 11030 11126 11127
f 11030 11127 11031
f 11031 11127 11128
f 11031 11128 11032
f 11032 11128 11129
f 11032 11129 11033
f 11033 11129 11130
f 11033 11130 11034
f 11034 11130 11131
f 11034 11131 11035
f 11035 11131 11132
f 11035 11132 11036
f 11036 11132 11133
f 11036 11133 11037
f 11037 11133 11134
f 11037 11134 11038
f 11038 11134 11135
f 11038 11135 11039
f 11039 11135 11136
f 11039 11136 11040
f 11040 11136 11137
f 11040 11137 11041
f 11041 11137 11042
f 11041 11042 10946
f 11042 11138 11139
f 11042 11139 11043
f 11043 11139 11140
f 11043 11140 11044
f 11044 11140 11141
f 11044 11141 11045
f 11045 11141 11142
f 11045 11142 11046
f 11046 11142 11143
f 11046 11143 11047
f 11047 11143 11144
f 11047 11144 11048
f 11048 11144 11145
f 11048 11145 11049
f 11049 11145 11146
f 11049 11146 11050
f 11050 11146 11147
f 11050 11147 11051
f 11051 11147 11148
f 11051 11148 11052
f 11052 11148 11149
f 11052 11149 11053
f 11053 11149 11150
f 11053 11150 11054
f 11054 11150 11151
f 11054 11151 11055
f 11055 11151 11152
f 11055 11152 11056
f 11056 11152 11153
f 11056 11153 11057
f 11057 11153 11154
f 11057 11154 11058
f 11058 11154 11155
f 11058 11155 11059
f 11059 11155 11156
f 11059 11156 11060
f 11060 11156 11157
f 11060 11157 11061
f 11061 11157 11158
f 11061 11158 11062
f 11062 11158 11159
f 11062 11159 11063
f 11063 11159 11160
f 11063 11160 11064
f 11064 11160 11161
f 11064 11161 11065
f 11065 11161 11162
f 11065 11162 11066
f 11066 11162 11163
f 11066 11163 11067
f 11067 11163 11164
f 11067 11164 11068
f 11068 11164 11165
f 11068 11165 11069
f 11069 11165 11166
f 11069 11166 11070
f 11070 11166 11167
f 11070 11167 11071
f 11071 11167 11168
f 11071 11168 11072
f 11072 11168 11169
f 11072 11169 11073
f 11073 11169 11170
f 11073 11170 11074
f 11074 11170 11171
f 11074 11171 11075
f 11075 11171 11172
f 11075 11172 11076
f 11076 11172 11173
f 11076 11173 11077
f 11077 11173 11174
f 11077 11174 11078
f 11078 11174 11175
f 11078 11175 11079
f 11079 11175 11176
f 11079 11176 11080
f 11080 11176 11177
f 11080 11177 11081
f 11081 11177 11178
f 11081 11178 11082
f 11082 11178 11179
f 11082 11179 11083
f 11083 11179 11180
f 11083 11180 11084
f 11084 11180 11181
f 11084 11181 11085
f 11085 11181 11182
f 11085 11182 11086
f 11086 11182 11183
f 11086 11183 11087
f 11087 11183 11184
f 11087 11184 11088
f 11088 11184 11185
f 11088 11185 11089
f 11089 11185 11186
f 11089 11186 11090
f 11090 11186 11187
f 11090 11187 11091
f 11091 11187 11188
f 11091 11188 11092
f 11092 11188 11189
f 11092 11189 11093
f 11093 11189 11190
f 11093 11190 11094
f 11094 11190 11191
f 11094 11191 11095
f 11095 11191 11192
f 11095 11192 11096
f 11096 11192 11193
f 11096 11193 11097
f 11097 11193 11194
f 11097 11194 11098
f 11098 11194 11195
f 11098 11195 11099
f 11099 11195 11196
f 11099 11196 11100
f 11100 11196 11197
f 11100 11197 11101
f 11101 11197 11198
f 11101 11198 11102
f 11102 11198 11199
f 11102 11199 11103
f 11103 11199 11200
f 11103 11200 11104
f 11104 11200 11201
f 11104 11201 11105
f 11105 11201 11202
f 11105 11202 11106
f 11106 11202 11203
f 11106 11203 11107
f 11107 11203 11204
f 11107 11204 11108
f 11108 11204 11205
f 11108 11205 11109
f 11109 11205 11206
f 11109 11206 11110
f 11110 11206 11207
f 11110 11207 11111
f 11111 11207 11208
f 11111 11208 11112
f 11112 11208 11209
f 11112 11209 11113
f 11113 11209 11210
f 11113 11210 11114
f 11114 11210 11211
f 11114 11211 11115
f 11115 11211 11212
f 11115 11212 11116
f 11116 11212 11213
f 11116 11213 11117
f 11117 11213 11214
f 11117 11214 11118
f 11118 11214 11215
f 11118 11215 11119
f 11119 11215 11216
f 11119 11216 11120
f 11120 11216 11217
f 11120 11217 11121
f 11121 11217 11218
f 11121 11218 11122
f 11122 11218 11219
f 11122 11219 11123
f 11123 11219 11220
f 11123 11220 11124
f 11124 11220 11221
f 11124 11221 11125
f 11125 11221 11222
f 11125 11222 11126
f 11126 11222 11223
f 11126 11223 11127
f 11127 11223 11224
f 11127 11224 11128
f 11128 11224 11225
f 11128 11225 11129
f 11129 11225 11226
f 11129 11226 11130
f 11130 11226 11227
f 11130 11227 11131
f 11131 11227 11228
f 11131 11228 11132
f 11132 11228 11229
f 11132 11229 11133
f 11133 11229 11230
f 11133 11230 11134
f 11134 11230 11231
f 11134 11231 11135
f 11135 11231 11232
f 11135 11232 11136
f 11136 11232 11233
f 11136 11233 11137
f 11137 11233 11138
f 11137 11138 11042
f 11138 11234 11235
f 11138 11235 11139
f 11139 11235 11236
f 11139 11236 11140
f 11140 11236 11237
f 11140 11237 11141
f 11141 11237 11238
f 11141 11238 11142
f 11142 11238 11239
f 11142 11239 11143
f 11143 11239 11240
f 11143 11240 11144
f 11144 11240 11241
f 11144 11241 11145
f 11145 11241 11242
f 11145 11242 11146
f 11146 11242 11243
f 11146 11243 11147
f 11147 11243 11244
f 11147 11244 11148
f 11148 11244 11245
f 11148 11245 11149
f 11149 11245 11246
f 11149 11246 11150
f 11150 11246 11247
f 11150 11247 11151
f 11151 11247 11248
f 11151 11248 11152
f 11152 11248 11249
f 11152 11249 11153
f 11153 11249 11250
f 11153 11250 11154
f 11154 11250 11251
f 11154 11251 11155
f 11155 11251 11252
f 11155 11252 11156
f 11156 11252 11253
f 11156 11253 11157
f 11157 11253 11254
f 11157 11254 11158
f 11158 11254 11255
f 11158 11255 11159
f 11159 11255 11256
f 11159 11256 11160
f 11160 11256 11257
f 11160 11257 11161
f 11161 11257 11258
f 11161 11258 11162
f 11162 11258 11259
f 11162 11259 11163
f 11163 11259 11260
f 11163 11260 11164
f 11164 11260 11261
f 11164 11261 11165
f 11165 11261 11262
f 11165 11262 11166
f 11166 11262 11263
f 11166 11263 11167
f 11167 11263 11264
f 11167 11264 11168
f 11168 11264 11265
f 11168 11265 11169
f 11169 11265 11266
f 11169 11266 11170
f 11170 11266 11267
f 11170 11267 11171
f 11171 11267 11268
f 11171 11268 11172
f 11172 11268 11269
f 11172 11269 11173
f 11173 11269 11270
f 11173 11270 11174
f 11174 11270 11271
f 11174 11271 11175
f 11175 11271 11272
f 11175 11272 11176
f 11176 11272 11273
f 11176 11273 11177
f 11177 11273 11274
f 11177 11274 11178
f 11178 11274 11275
f 11178 11275 11179
f 11179 11275 11276
f 11179 11276 11180
f 11180 11276 11277
f 11180 11277 11181
f 11181 11277 11278
f 11181 11278 11182
f 11182 11278 11279
f 11182 11279 11183
f 11183 11279 11280
f 11183 11280 11184
f 11184 11280 11281
f 11184 11281 11185
f 11185 11281 11282
f 11185 11282 11186
f 11186 11282 11283
f 11186 11283 11187
f 11187 11283 11284
f 11187 11284 11188
f 11188 11284 11285
f 11188 11285 11189
f 11189 11285 11286
f 11189 11286 11190
f 11190 11286 11287
f 11190 11287 11191
f 11191 11287 11288
f 11191 11288 11192
f 11192 11288 11289
f 11192 11289 11193
f 11193 11289 11290
f 11193 11290 11194
f 11194 11290 11291
f 11194 11291 11195
f 11195 11291 11292
f 11195 11292 11196
f 11196 11292 11293
f 11196 11293 11197
f 11197 11293 11294
f 11197 11294 11198
f 11198 11294 11295
f 11198 11295 11199
f 11199 11295 11296
f 11199 11296 11200
f 11200 11296 11297
f 11200 11297 11201
f 11201 11297 11298
f 11201 11298 11202
f 11202 11298 11299
f 11202 11299 11203
f 11203 11299 11300
f 11203 11300 11204
f 11204 11300 11301
f 11204 11301 11205
f 11205 11301 11302
f 11205 11302 11206
f 11206 11302 11303
f 11206 11303 11207
f 11207 11303 11304
f 11207 11304 11208
f 11208 11304 11305
f 11208 11305 11209
f 11209 11305 11306
f 11209 11306 11210
f 11210 11306 11307
f 11210 11307 11211
f 11211 11307 11308
f 11211 11308 11212
f 11212 11308 11309
f 11212 11309 11213
f 11213 11309 11310
f 11213 11310 11214
f 11214 11310 11311
f 11214 11311 11215
f 11215 11311 11312
f 11215 11312 11216
f 11216 11312 11313
f 11216 11313 11217
f 11217 11313 11314
f 11217 11314 11218
f 11218 11314 11315
f 11218 11315 11219
f 11219 11315 11316
f 11219 11316 11220
f 11220 11316 11317
f 11220 11317 11221
f 11221 11317 11318
f 11221 11318 11222
f 11222 11318 11319
f 11222 11319 11223
f 11223 11319 11320
f 11223 11320 11224
f 11224 11320 11321
f 11224 11321 11225
f 11225 11321 11322
f 11225 11322 11226
f 11226 11322 11323
f 11226 11323 11227
f 11227 11323 11324
f 11227 11324 11228
f 11228 11324 11325
f 11228 11325 11229
f 11229 11325 11326
f 11229 11326 11230
f 11230 11326 11327
f 11230 11327 11231
f 11231 11327 11328
f 11231 11328 11232
f 11232 11328 11329
f 11232 11329 11233
f 11233 11329 11234
f 11233 11234 11138
f 11234 11330 11331
f 11234 11331 11235
f 11235 11331 11332
f 11235 11332 11236
f 11236 11332 11333
f 11236 11333 11237
f 11237 11333 11334
f 11237 11334 11238
f 11238 11334 11335
f 11238 11335 11239
f 11239 11335 11336
f 11239 11336 11240
f 11240 11336 11337
f 11240 11337 11241
f 11241 11337 11338
f 11241 11338 11242
f 11242 11338 11339
f 11242 11339 11243
f 11243 11339 11340
f 11243 11340 11244
f 11244 11340 11341
f 11244 11341 11245
f 11245 11341 11342
f 11245 11342 11246
f 11246 11342 11343
f 11246 11343 11247
f 11247 11343 11344
f 11247 11344 11248
f 11248 11344 11345
f 11248 11345 11249
f 11249 11345 11346
f 11249 11346 11250
f 11250 11346 11347
f 11250 11347 11251
f 11251 11347 11348
f 11251 11348 11252
f 11252 11348 11349
f 11252 11349 11253
f 11253 11349 11350
f 11253 11350 11254
f 11254 11350 11351
f 11254 11351 11255
f 11255 11351 11352
f 11255 11352 11256
f 11256 11352 11353
f 11256 11353 11257
f 11257 11353 11354
f 11257 11354 11258
f 11258 11354 11355
f 11258 11355 11259
f 11259 11355 11356
f 11259 11356 11260
f 11260 11356 11357
f 11260 11357 11261
f 11261 11357 11358
f 11261 11358 11262
f 11262 11358 11359
f 11262 11359 11263
f 11263 11359 11360
f 11263 11360 11264
f 11264 11360 11361
f 11264 11361 11265
f 11265 11361 11362
f 11265 11362 11266
f 11266 11362 11363
f 11266 11363 11267
f 11267 11363 11364
f 11267 11364 11268
f 11268 11364 11365
f 11268 11365 11269
f 11269 11365 11366
f 11269 11366 11270
f 11270 11366 11367
f 11270 11367 11271
f 11271 11367 11368
f 11271 11368 11272
f 11272 11368 11369
f 11272 11369 11273
f 11273 11369 11370
f 11273 11370 11274
f 11274 11370 11371
f 11274 11371 11275
f 11275 11371 11372
f 11275 11372 11276
f 11276 11372 11373
f 11276 11373 11277
f 11277 11373 11374
f 11277 11374 11278
f 11278 11374 11375
f 11278 11375 11279
f 11279 11375 11376
f 11279 11376 11280
f 11280 11376 11377
f 11280 11377 11281
f 11281 11377 11378
f 11281 11378 11282
f 11282 11378 11379
f 11282 11379 11283
f 11283 11379 11380
f 11283 11380 11284
f 11284 11380 11381
f 11284 11381 11285
f 11285 11381 11382
f 11285 11382 11286
f 11286 11382 11383
f 11286 11383 11287
f 11287 11383 11384
f 11287 11384 11288
f 11288 11384 11385
f 11288 11385 11289
f 11289 11385 11386
f 11289 11386 11290
f 11290 11386 11387
f 11290 11387 11291
f 11291 11387 11388
f 11291 11388 11292
f 11292 11388 11389
f 11292 11389 11293
f 11293 11389 11390
f 11293 11390 11294
f 11294 11390 11391
f 11294 11391 11295
f 11295 11391 11392
f 11295 11392 11296
f 11296 11392 11393
f 11296 11393 11297
f 11297 11393 11394
f 11297 11394 11298
f 11298 11394 11395
f 11298 11395 11299
f 11299 11395 11396
f 11299 11396 11300
f 11300 11396 11397
f 11300 11397 11301
f 11301 11397 11398
f 11301 11398 11302
f 11302 11398 11399
f 11302 11399 11303
f 11303 11399 11400
f 11303 11400 11304
f 11304 11400 11401
f 11304 11401 11305
f 11305 11401 11402
f 11305 11402 11306
f 11306 11402 11403
f 11306 11403 11307
f 11307 11403 11404
f 11307 11404 11308
f 11308 11404 11405
f 11308 11405 11309
f 11309 11405 11406
f 11309 11406 11310
f 11310 11406 11407
f 11310 11407 11311
f 11311 11407 11408
f 11311 11408 11312
f 11312 11408 11409
f 11312 11409 11313
f 11313 11409 11410
f 11313 11410 11314
f 11314 11410 11411
f 11314 11411 11315
f 11315 11411 11412
f 11315 11412 11316
f 11316 11412 11413
f 11316 11413 11317
f 11317 11413 11414
f 11317 11414 11318
f 11318 11414 11415
f 11318 11415 11319
f 11319 11415 11416
f 11319 11416 11320
f 11320 11416 11417
f 11320 11417 11321
f 11321 11417 11418
f 11321 11418 11322
f 11322 11418 11419
f 11322 11419 11323
f 11323 11419 11420
f 11323 11420 11324
f 11324 11420 11421
f 11324 11421 11325
f 11325 11421 11422
f 11325 11422 11326
f 11326 11422 11423
f 11326 11423 11327
f 11327 11423 11424
f 11327 11424 11328
f 11328 11424 11425
f 11328 11425 11329
f 11329 11425 11330
f 11329 11330 11234
f 11330 11426 11427
f 11330 11427 11331
f 11331 11427 11428
f 11331 11428 11332
f 11332 11428 11429
f 11332 11429 11333
f 11333 11429 11430
f 11333 11430 11334
f 11334 11430 11431
f 11334 11431 11335
f 11335 11431 11432
f 11335 11432 11336
f 11336 11432 11433
f 11336 11433 11337
f 11337 11433 11434
f 11337 11434 11338
f 11338 11434 11435
f 11338 11435 11339
f 11339 11435 11436
f 11339 11436 11340
f 11340 11436 11437
f 11340 11437 11341
f 11341 11437 11438
f 11341 11438 11342
f 11342 11438 11439
f 11342 11439 11343
f 11343 11439 11440
f 11343 11440 11344
f 11344 11440 11441
f 11344 11441 11345
f 11345 11441 11442
f 11345 11442 11346
f 11346 11442 11443
f 11346 11443 11347
f 11347 11443 11444
f 11347 11444 11348
f 11348 11444 11445
f 11348 11445 11349
f 11349 11445 11446
f 11349 11446 11350
f 11350 11446 11447
f 11350 11447 11351
f 11351 11447 11448
f 11351 11448 11352
f 11352 11448 11449
f 11352 11449 11353
f 11353 11449 11450
f 11353 11450 11354
f 11354 11450 11451
f 11354 11451 11355
f 11355 11451 11452
f 11355 11452 11356
f 11356 11452 11453
f 11356 11453 11357
f 11357 11453 11454
f 11357 11454 11358
f 11358 11454 11455
f 11358 11455 11359
f 11359 11455 11456
f 11359 11456 11360
f 11360 11456 11457
f 11360 11457 11361
f 11361 11457 11458
f 11361 11458 11362
f 11362 11458 11459
f 11362 11459 11363
f 11363 11459 11460
f 11363 11460 11364
f 11364 11460 11461
f 11364 11461 11365
f 11365 11461 11462
f 11365 11462 11366
f 11366 11462 11463
f 11366 11463 11367
f 11367 11463 11464
f 11367 11464 11368
f 11368 11464 11465
f 11368 11465 11369
f 11369 11465 11466
f 11369 11466 11370
f 11370 11466 11467
f 11370 11467 11371
f 11371 11467 11468
f 11371 11468 11372
f 11372 11468 11469
f 11372 11469 11373
f 11373 11469 11470
f 11373 11470 11374
f 11374 11470 11471
f 11374 11471 11375
f 11375 11471 11472
f 11375 11472 11376
f 11376 11472 11473
f 11376 11473 11377
f 11377 11473 11474
f 11377 11474 11378
f 11378 11474 11475
f 11378 11475 11379
f 11379 11475 11476
f 11379 11476 11380
f 11380 11476 11477
f 11380 11477 11381
f 11381 11477 11478
f 11381 11478 11382
f 11382 11478 11479
f 11382 11479 11383
f 11383 11479 11480
f 11383 11480 11384
f 11384 11480 11481
f 11384 11481 11385
f 11385 11481 11482
f 11385 11482 11386
f 11386 11482 11483
f 11386 11483 11387
f 11387 11483 11484
f 11387 11484 11388
f 11388 11484 11485
f 11388 11485 11389
f 11389 11485 11486
f 11389 11486 11390
f 11390 11486 11487
f 11390 11487 11391
f 11391 11487 11488
f 11391 11488 11392
f 11392 11488 11489
f 11392 11489 11393
f 11393 11489 11490
f 11393 11490 11394
f 11394 11490 11491
f 11394 11491 11395
f 11395 11491 11492
f 11395 11492 11396
f 11396 11492 11493
f 11396 11493 11397
f 11397 11493 11494
f 11397 11494 11398
f 11398 11494 11495
f 11398 11495 11399
f 11399 11495 11496
f 11399 11496 11400
f 11400 11496 11497
f 11400 11497 11401
f 11401 11497 11498
f 11401 11498 11402
f 11402 11498 11499
f 11402 11499 11403
f 11403 11499 11500
f 11403 11500 11404
f 11404 11500 11501
f 11404 11501 11405
f 11405 11501 11502
f 11405 11502 11406
f 11406 11502 11503
f 11406 11503 11407
f 11407 11503 11504
f 11407 11504 11408
f 11408 11504 11505
f 11408 11505 11409
f 11409 11505 11506
f 11409 11506 11410
f 11410 11506 11507
f 11410 11507 11411
f 11411 11507 11508
f 11411 11508 11412
f 11412 11508 11509
f 11412 11509 11413
f 11413 11509 11510
f 11413 11510 11414
f 11414 11510 11511
f 11414 11511 11415
f 11415 11511 11512
f 11415 11512 11416
f 11416 11512 11513
f 11416 11513 11417
f 11417 11513 11514
f 11417 11514 11418
f 11418 11514 11515
f 11418 11515 11419
f 11419 11515 11516
f 11419 11516 11420
f 11420 11516 11517
f 11420 11517 11421
f 11421 11517 11518
f 11421 11518 11422
f 11422 11518 11519
f 11422 11519 11423
f 11423 11519 11520
f 11423 11520 11424
f 11424 11520 11521
f 11424 11521 11425
f 11425 11521 11426
f 11425 11426 11330
f 11426 11522 11523
f 11426 11523 11427
f 11427 11523 11524
f 11427 11524 11428
f 11428 11524 11525
f 11428 11525 11429
f 11429 11525 11526
f 11429 11526 11430
f 11430 11526 11527
f 11430 11527 11431
f 11431 11527 11528
f 11431 11528 11432
f 11432 11528 11529
f 11432 11529 11433
f 11433 11529 11530
f 11433 11530 11434
f 11434 11530 11531
f 11434 11531 11435
f 11435 11531 11532
f 11435 11532 11436
f 11436 11532 11533
f 11436 11533 11437
f 11437 11533 11534
f 11437 11534 11438
f 11438 11534 11535
f 11438 11535 11439
f 11439 11535 11536
f 11439 11536 11440
f 11440 11536 11537
f 11440 11537 11441
f 11441 11537 11538
f 11441 11538 11442
f 11442 11538 11539
f 11442 11539 11443
f 11443 11539 11540
f 11443 11540 11444
f 11444 11540 11541
f 11444 11541 11445
f 11445 11541 11542
f 11445 11542 11446
f 11446 11542 11543
f 11446 11543 11447
f 11447 11543 11544
f 11447 11544 11448
f 11448 11544 11545
f 11448 11545 11449
f 11449 11545 11546
f 11449 11546 11450
f 11450 11546 11547
f 11450 11547 11451
f 11451 11547 11548
f 11451 11548 11452
f 11452 11548 11549
f 11452 11549 11453
f 11453 11549 11550
f 11453 11550 11454
f 11454 11550 11551
f 11454 11551 11455
f 11455 11551 11552
f 11455 11552 11456
f 11456 11552 11553
f 11456 11553 11457
f 11457 11553 11554
f 11457 11554 11458
f 11458 11554 11555
f 11458 11555 11459
f 11459 11555 11556
f 11459 11556 11460
f 11460 11556 11557
f 11460 11557 11461
f 11461 11557 11558
f 11461 11558 11462
f 11462 11558 11559
f 11462 11559 11463
f 11463 11559 11560
f 11463 11560 11464
f 11464 11560 11561
f 11464 11561 11465
f 11465 11561 11562
f 11465 11562 11466
f 11466 11562 11563
f 11466 11563 11467
f 11467 11563 11564
f 11467 11564 11468
f 11468 11564 11565
f 11468 11565 11469
f 11469 11565 11566
f 11469 11566 11470
f 11470 11566 11567
f 11470 11567 11471
f 11471 11567 11568
f 11471 11568 11472
f 11472 11568 11569
f 11472 11569 11473
f 11473 11569 11570
f 11473 11570 11474
f 11474 11570 11571
f 11474 11571 11475
f 11475 11571 11572
f 11475 11572 11476
f 11476 11572 11573
f 11476 11573 11477
f 11477 11573 11574
f 11477 11574 11478
f 11478 11574 11575
f 11478 11575 11479
f 11479 11575 11576
f 11479 11576 11480
f 11480 11576 11577
f 11480 11577 11481
f 11481 11577 11578
f 11481 11578 11482
f 11482 11578 11579
f 11482 11579 11483
f 11483 11579 11580
f 11483 11580 11484
f 11484 11580 11581
f 11484 11581 11485
f 11485 11581 11582
f 11485 11582 11486
f 11486 11582 11583
f 11486 11583 11487
f 11487 11583 11584
f 11487 11584 11488
f 11488 11584 11585
f 11488 11585 11489
f 11489 11585 11586
f 11489 11586 11490
f 11490 11586 11587
f 11490 11587 11491
f 11491 11587 11588
f 11491 11588 11492
f 11492 11588 11589
f 11492 11589 11493
f 11493 11589 11590
f 11493 11590 11494
f 11494 11590 11591
f 11494 11591 11495
f 11495 11591 11592
f 11495 11592 11496
f 11496 11592 11593
f 11496 11593 11497
f 11497 11593 11594
f 11497 11594 11498
f 11498 11594 11595
f 11498 11595 11499
f 11499 11595 11596
f 11499 11596 11500
f 11500 11596 11597
f 11500 11597 11501
f 11501 11597 11598
f 11501 11598 11502
f 11502 11598 11599
f 11502 11599 11503
f 11503 11599 11600
f 11503 11600 11504
f 11504 11600 11601
f 11504 11601 11505
f 11505 11601 11602
f 11505 11602 11506
f 11506 11602 11603
f 11506 11603 11507
f 11507 11603 11604
f 11507 11604 11508
f 11508 11604 11605
f 11508 11605 11509
f 11509 11605 11606
f 11509 11606 11510
f 11510 11606 11607
f 11510 11607 11511
f 11511 11607 11608
f 11511 11608 11512
f 11512 11608 11609
f 11512 11609 11513
f 11513 11609 11610
f 11513 11610 11514
f 11514 11610 11611
f 11514 11611 11515
f 11515 11611 11612
f 11515 11612 11516
f 11516 11612 11613
f 11516 11613 11517
f 11517 11613 11614
f 11517 11614 11518
f 11518 11614 11615
f 11518 11615 11519
f 11519 11615 11616
f 11519 11616 11520
f 11520 11616 11617
f 11520 11617 11521
f 11521 11617 11522
f 11521 11522 11426
f 11618 11523 11522
f 11618 11524 11523
f 11618 11525 11524
f 11618 11526 11525
f 11618 11527 11526
f 11618 11528 11527
f 11618 11529 11528
f 11618 11530 11529
f 11618 11531 11530
f 11618 11532 11531
f 11618 11533 11532
f 11618 11534 11533
f 11618 11535 11534
f 11618 11536 11535
f 11618 11537 11536
f 11618 11538 11537
f 11618 11539 11538
f 11618 11540 11539
f 11618 11541 11540
f 11618 11542 11541
f 11618 11543 11542
f 11618 11544 11543
f 11618 11545 11544
f 11618 11546 11545
f 11618 11547 11546
f 11618 11548 11547
f 11618 11549 11548
f 11618 11550 11549
f 11618 11551 11550
f 11618 11552 11551
f 11618 11553 11552
f 11618 11554 11553
f 11618 11555 11554
f 11618 11556 11555
f 11618 11557 11556
f 11618 11558 11557
f 11618 11559 11558
f 11618 11560 11559
f 11618 11561 11560
f 11618 11562 11561
f 11618 11563 11562
f 11618 11564 11563
f 11618 11565 11564
f 11618 11566 11565
f 11618 11567 11566
f 11618 11568 11567
f 11618 11569 11568
f 11618 11570 11569
f 11618 11571 11570
f 11618 11572 11571
f 11618 11573 11572
f 11618 11574 11573
f 11618 11575 11574
f 11618 11576 11575
f 11618 11577 11576
f 11618 11578 11577
f 11618 11579 11578
f 11618 11580 11579
f 11618 11581 11580
f 11618 11582 11581
f 11618 11583 11582
f 11618 11584 11583
f 11618 11585 11584
f 11618 11586 11585
f 11618 11587 11586
f 11618 11588 11587
f 11618 11589 11588
f 11618 11590 11589
f 11618 11591 11590
f 11618 11592 11591
f 11618 11593 11592
f 11618 11594 11593
f 11618 11595 11594
f 11618 11596 11595
f 11618 11597 11596
f 11618 11598 11597
f 11618 11599 11598
f 11618 11600 11599
f 11618 11601 11600
f 11618 11602 11601
f 11618 11603 11602
f 11618 11604 11603
f 11618 11605 11604
f 11618 11606 11605
f 11618 11607 11606
f 11618 11608 11607
f 11618 11609 11608
f 11618 11610 11609
f 11618 11611 11610
f 11618 11612 11611
f 11618 11613 11612
f 11618 11614 11613
f 11618 11615 11614
f 11618 11616 11615
f 11618 11617 11616
f 11618 11522 11617
f 1 7394 7395
f 1 7395 2
f 2 7395 7396
f 2 7396 3
f 3 7396 7397
f 3 7397 4
f 4 7397 7398
f 4 7398 5
f 5 7398 7399
f 5 7399 6
f 6 7399 7400
f 6 7400 7
f 7 7400 7401
f 7 7401 8
f 8 7401 7402
f 8 7402 9
f 9 7402 7403
f 9 7403 10
f 10 7403 7404
f 10 7404 11
f 11 7404 7405
f 11 7405 12
f 12 7405 7406
f 12 7406 13
f 13 7406 7407
f 13 7407 14
f 14 7407 7408
f 14 7408 15
f 15 7408 7409
f 15 7409 16
f 16 7409 7410
f 16 7410 17
f 17 7410 7411
f 17 7411 18
f 18 7411 7412
f 18 7412 19
f 19 7412 7413
f 19 7413 20
f 20 7413 7414
f 20 7414 21
f 21 7414 7415
f 21 7415 22
f 22 7415 7416
f 22 7416 23
f 23 7416 7417
f 23 7417 24
f 24 7417 7418
f 24 7418 25
f 25 7418 7419
f 25 7419 26
f 26 7419 7420
f 26 7420 27
f 27 7420 7421
f 27 7421 28
f 28 7421 7422
f 28 7422 29
f 29 7422 7423
f 29 7423 30
f 30 7423 7424
f 30 7424 31
f 31 7424 7425
f 31 7425 32
f 32 7425 7426
f 32 7426 33
f 33 7426 7427
f 33 7427 34
f 34 7427 7428
f 34 7428 35
f 35 7428 7429
f 35 7429 36
f 36 7429 7430
f 36 7430 37
f 37 7430 7431
f 37 7431 38
f 38 7431 7432
f 38 7432 39
f 39 7432 7433
f 39 7433 40
f 40 7433 7434
f 40 7434 41
f 41 7434 7435
f 41 7435 42
f 42 7435 7436
f 42 7436 43
f 43 7436 7437
f 43 7437 44
f 44 7437 7438
f 44 7438 45
f 45 7438 7439
f 45 7439 46
f 46 7439 7440
f 46 7440 47
f 47 7440 7441
f 47 7441 48
f 48 7441 7442
f 48 7442 49
f 49 7442 7443
f 49 7443 50
f 50 7443 7444
f 50 7444 51
f 51 7444 7445
f 51 7445 52
f 52 7445 7446
f 52 7446 53
f 53 7446 7447
f 53 7447 54
f 54 7447 7448
f 54 7448 55
f 55 7448 7449
f 55 7449 56
f 56 7449 7450
f 56 7450 57
f 57 7450 7451
f 57 7451 58
f 58 7451 7452
f 58 7452 59
f 59 7452 7453
f 59 7453 60
f 60 7453 7454
f 60 7454 61
f 61 7454 7455
f 61 7455 62
f 62 7455 7456
f 62 7456 63
f 63 7456 7457
f 63 7457 64
f 64 7457 7458
f 64 7458 65
f 65 7458 7459
f 65 7459 66
f 66 7459 7460
f 66 7460 67
f 67 7460 7461
f 67 7461 68
f 68 7461 7462
f 68 7462 69
f 69 7462 7463
f 69 7463 70
f 70 7463 7464
f 70 7464 71
f 71 7464 7465
f 71 7465 72
f 72 7465 7466
f 72 7466 73
f 73 7466 7467
f 73 7467 74
f 74 7467 7468
f 74 7468 75
f 75 7468 7469
f 75 7469 76
f 76 7469 7470
f 76 7470 77
f 77 7470 7471
f 77 7471 78
f 78 7471 7472
f 78 7472 79
f 79 7472 7473
f 79 7473 80
f 80 7473 7474
f 80 7474 81
f 81 7474 7475
f 81 7475 82
f 82 7475 7476
f 82 7476 83
f 83 7476 7477
f 83 7477 84
f 84 7477 7478
f 84 7478 85
f 85 7478 7479
f 85 7479 86
f 86 7479 7480
f 86 7480 87
f 87 7480 7481
f 87 7481 88
f 88 7481 7482
f 88 7482 89
f 89 7482 7483
f 89 7483 90
f 90 7483 7484
f 90 7484 91
f 91 7484 7485
f 91 7485 92
f 92 7485 7486
f 92 7486 93
f 93 7486 7487
f 93 7487 94
f 94 7487 7488
f 94 7488 95
f 95 7488 7489
f 95 7489 96
f 96 7489 7394
f 96 7394 1
f 11619 11622 11621
f 11619 11621 11620
f 11623 11624 11625
f 11623 11625 11626
f 11619 11620 11624
f 11619 11624 11623
f 11621 11622 11626
f 11621 11626 11625
f 11620 11621 11625
f 11620 11625 11624
f 11622 11619 11623
f 11622 11623 11626
f 11627 11630 11629
f 11627 11629 11628
f 11631 11632 11633
f 11631 11633 11634
f 11627 11628 11632
f 11627 11632 11631
f 11629 11630 11634
f 11629 11634 11633
f 11628 11629 11633
f 11628 11633 11632
f 11630 11627 11631
f 11630 11631 11634
f 11635 11638 11637
f 11635 11637 11636
f 11639 11640 11641
f 11639 11641 11642
f 11635 11636 11640
f 11635 11640 11639
f 11637 11638 11642
f 11637 11642 11641
f 11636 11637 11641
f 11636 11641 11640
f 11638 11635 11639
f 11638 11639 11642
f 11643 11646 11645
f 11643 11645 11644
f 11647 11648 11649
f 11647 11649 11650
f 11643 11644 11648
f 11643 11648 11647
f 11645 11646 11650
f 11645 11650 11649
f 11644 11645 11649
f 11644 11649 11648
f 11646 11643 11647
f 11646 11647 11650
f 11651 11654 11653
f 11651 11653 11652
f 11655 11656 11657
f 11655 11657 11658
f 11651 11652 11656
f 11651 11656 11655
f 11653 11654 11658
f 11653 11658 11657
f 11652 11653 11657
f 11652 11657 11656
f 11654 11651 11655
f 11654 11655 11658
f 11659 11662 11661
f 11659 11661 11660
f 11663 11664 11665
f 11663 11665 11666
f 11659 11660 11664
f 11659 11664 11663
f 11661 11662 11666
f 11661 11666 11665
f 11660 11661 11665
f 11660 11665 11664
f 11662 11659 11663
f 11662 11663 11666
