; generated by PrusaSlicer 2.9.6 on 2026-08-06 at 22:12:58 UTC

; 

; external perimeters extrusion width = 0.45mm
; perimeters extrusion width = 0.45mm
; infill extrusion width = 0.45mm
; solid infill extrusion width = 0.45mm
; top infill extrusion width = 0.40mm
; support material extrusion width = 0.35mm
; first layer extrusion width = 0.42mm

M104 S240 ; set temperature
;TYPE:Custom
G28 ; home all axes
G1 Z5 F5000 ; lift nozzle
M109 S240 ; set temperature and wait for it to be reached
G21 ; set units to millimeters
G90 ; use absolute coordinates
M82 ; use absolute distances for extrusion
G92 E0
; Filament gcode
M107
;LAYER_CHANGE
;Z:0.35
;HEIGHT:0.35
G1 E-2 F2400
G92 E0
G1 Z.35 F7800
G1 X96.007 Y93.922
G1 E2 F2400
;TYPE:Skirt/Brim
;WIDTH:0.42
G1 F1800
G1 X97.627 Y92.607 E2.10471
G1 X99.451 Y91.592 E2.20947
G1 X101.118 Y91.002 E2.29822
G1 X103.132 Y90.633 E2.40098
G1 X105.694 Y90.479 E2.52979
G1 X110.157 Y90.424 E2.75379
G1 X114.953 Y90.503 E2.99451
G1 X117.522 Y90.719 E3.12389
G1 X118.742 Y90.966 E3.18636
G1 X119.767 Y91.28 E3.24016
G1 X120.868 Y91.739 E3.30002
G1 X121.778 Y92.227 E3.35184
G1 X122.785 Y92.9 E3.41262
G1 X123.713 Y93.659 E3.47279
G1 X124.601 Y94.556 E3.53613
G1 X125.353 Y95.487 E3.59619
G1 X127.416 Y98.905 E3.79655
G1 X128.168 Y100.986 E3.9076
G1 X128.242 Y102.572 E3.98728
G1 X127.628 Y115.67 E4.64534
G1 X126.65 Y118.725 E4.80632
G1 X120.611 Y128.011 E5.36223
G1 X118.968 Y129.495 E5.47334
G1 X116.909 Y130.304 E5.58436
G1 X115.718 Y130.42 E5.64441
G1 X104.21 Y130.42 E6.22195
G1 X102.033 Y130.023 E6.33301
G1 X99.846 Y128.612 E6.46363
G1 X98.921 Y127.491 E6.53657
G1 X93.35 Y118.848 E7.05263
G1 X92.378 Y115.9 E7.20841
G1 X91.499 Y102.203 E7.89722
G1 X91.755 Y100.005 E8.00827
G1 X92.688 Y98.149 E8.11252
G1 X94.89 Y95.165 E8.29864
G1 X95.967 Y93.967 E8.37949
G1 E6.37949 F2400
G92 E0
G1 X100.349 Y98.8 F7800
G1 E2 F2400
G1 F1800
G1 X101.464 Y97.882 E2.07248
G1 X102.76 Y97.315 E2.14347
G1 X103.956 Y97.1 E2.20445
G1 X105.202 Y97.018 E2.26712
G1 X110.172 Y96.941 E2.51657
G1 X113.377 Y96.974 E2.67742
G1 X115.89 Y97.085 E2.80366
G1 X116.853 Y97.221 E2.85247
G1 X118.721 Y97.99 E2.95385
G1 X119.635 Y98.782 E3.01455
G1 X120.361 Y99.738 E3.07479
G1 X120.797 Y100.667 E3.12629
G1 X121.042 Y101.663 E3.17777
G1 X121.028 Y103.101 E3.24994
G1 X120.082 Y110.261 E3.61239
G1 X119.594 Y112.595 E3.73206
G1 X119.241 Y113.548 E3.78306
G1 X118.804 Y114.4 E3.83111
G1 X118.263 Y115.178 E3.87867
G1 X117.333 Y116.121 E3.94514
G1 X116.533 Y116.688 E3.99435
G1 X115.678 Y117.13 E4.04265
G1 X113.905 Y117.677 E4.13577
G1 X111.79 Y117.944 E4.24276
G1 X108.21 Y117.944 E4.42243
G1 X106.129 Y117.684 E4.52768
G1 X105.155 Y117.438 E4.5781
G1 X104.199 Y117.075 E4.62942
G1 X103.374 Y116.631 E4.67644
G1 X102.615 Y116.078 E4.72357
G1 X101.639 Y115.053 E4.7946
G1 X101.024 Y114.095 E4.85173
G1 X100.588 Y113.126 E4.90506
G1 X100.318 Y112.289 E4.9492
G1 X99.912 Y110.22 E5.05501
G1 X98.987 Y103.263 E5.40723
G1 X98.922 Y102.287 E5.45632
G1 X99.012 Y101.315 E5.50531
G1 X99.507 Y99.975 E5.577
G1 X100.314 Y98.848 E5.64656
G1 X100.594 Y99.05 F7800
G1 F1800
G1 X100.615 Y99.02 E5.6484
G1 X101.663 Y98.165 E5.71628
G1 X102.878 Y97.64 E5.7827
G1 X104.006 Y97.441 E5.84018
G1 X105.221 Y97.362 E5.90128
G1 X110.17 Y97.285 E6.14968
G1 X114.77 Y97.362 E6.38057
G1 X116.744 Y97.549 E6.48008
G1 X118.518 Y98.27 E6.57618
G1 X119.372 Y99.005 E6.63273
G1 X120.075 Y99.931 E6.69108
G1 X120.477 Y100.796 E6.73895
G1 X120.701 Y101.722 E6.78676
G1 X120.684 Y103.086 E6.85522
G1 X119.524 Y111.468 E7.27989
G1 X119.262 Y112.501 E7.33337
G1 X118.93 Y113.4 E7.38147
G1 X118.514 Y114.213 E7.4273
G1 X117.988 Y114.969 E7.47352
G1 X117.121 Y115.849 E7.53552
G1 X116.364 Y116.387 E7.58213
G1 X115.529 Y116.819 E7.62931
G1 X113.829 Y117.341 E7.71856
G1 X111.77 Y117.6 E7.82271
G1 X108.229 Y117.6 E8.00042
G1 X106.191 Y117.345 E8.1035
G1 X105.249 Y117.107 E8.15226
G1 X104.333 Y116.757 E8.20147
G1 X103.548 Y116.333 E8.24625
G1 X102.831 Y115.809 E8.29082
G1 X101.92 Y114.853 E8.35709
G1 X101.321 Y113.919 E8.41278
G1 X100.906 Y112.994 E8.46366
G1 X100.445 Y111.319 E8.55085
G1 X100.254 Y110.174 E8.60911
G1 X99.331 Y103.233 E8.96052
G1 X99.267 Y102.305 E9.0072
G1 X99.353 Y101.37 E9.05432
G1 X99.821 Y100.118 E9.1214
G1 X100.558 Y99.099 E9.18451
G1 X100.837 Y99.302 F7800
G1 F1800
G1 X100.88 Y99.242 E9.18821
G1 X101.861 Y98.448 E9.25155
G1 X102.994 Y97.965 E9.31336
G1 X104.055 Y97.782 E9.36739
G1 X106.64 Y97.663 E9.49726
G1 X113.366 Y97.663 E9.83481
G1 X115.813 Y97.77 E9.95773
G1 X116.637 Y97.878 E9.99944
G1 X118.315 Y98.55 E10.09015
G1 X119.132 Y99.254 E10.14427
G1 X119.788 Y100.124 E10.19895
G1 X120.156 Y100.924 E10.24314
G1 X120.361 Y101.781 E10.28736
G1 X120.339 Y103.069 E10.35201
G1 X119.399 Y110.167 E10.71134
G1 X119.185 Y111.403 E10.77429
G1 X118.93 Y112.407 E10.82628
G1 X118.618 Y113.252 E10.87149
G1 X118.212 Y114.045 E10.9162
G1 X117.714 Y114.76 E10.95993
G1 X116.909 Y115.576 E11.01746
G1 X116.174 Y116.099 E11.06273
G1 X115.381 Y116.507 E11.10749
G1 X113.752 Y117.004 E11.19296
G1 X111.751 Y117.255 E11.29417
G1 X108.249 Y117.255 E11.46992
G1 X106.253 Y117.006 E11.57087
G1 X105.362 Y116.781 E11.61699
G1 X104.486 Y116.447 E11.66404
G1 X103.742 Y116.047 E11.70643
G1 X103.047 Y115.54 E11.7496
G1 X102.201 Y114.653 E11.81112
G1 X101.619 Y113.744 E11.86529
G1 X100.987 Y112.118 E11.95284
G1 X100.595 Y110.127 E12.05468
G1 X99.675 Y103.203 E12.40522
G1 X99.612 Y102.296 E12.45085
G1 X99.694 Y101.426 E12.49471
G1 X100.135 Y100.263 E12.55713
G1 X100.801 Y99.35 E12.61385
G1 X101.078 Y99.554 F7800
G1 F1800
G1 X101.144 Y99.465 E12.61941
G1 X102.057 Y98.733 E12.67814
G1 X103.108 Y98.291 E12.73536
G1 X104.103 Y98.124 E12.78599
G1 X105.259 Y98.051 E12.84412
G1 X110.167 Y97.975 E13.09046
G1 X114.744 Y98.051 E13.32019
G1 X116.532 Y98.207 E13.41026
G1 X118.112 Y98.83 E13.4955
G1 X118.893 Y99.503 E13.54724
G1 X119.5 Y100.315 E13.59812
G1 X119.835 Y101.051 E13.6387
G1 X120.02 Y101.838 E13.67927
G1 X119.995 Y103.051 E13.74016
G1 X118.847 Y111.337 E14.15997
G1 X118.306 Y113.104 E14.25271
G1 X117.922 Y113.858 E14.29517
G1 X117.439 Y114.551 E14.33756
G1 X116.696 Y115.304 E14.39065
G1 X116.005 Y115.798 E14.43328
G1 X115.233 Y116.195 E14.47685
G1 X113.676 Y116.668 E14.55852
G1 X111.731 Y116.911 E14.65689
G1 X108.269 Y116.911 E14.83063
G1 X106.316 Y116.666 E14.92941
G1 X105.457 Y116.449 E14.97387
G1 X104.619 Y116.129 E15.01889
G1 X103.916 Y115.75 E15.05897
G1 X103.263 Y115.271 E15.09961
G1 X102.483 Y114.452 E15.15637
G1 X101.916 Y113.569 E15.20903
G1 X101.544 Y112.731 E15.25504
G1 X101.119 Y111.173 E15.33609
G1 X100.937 Y110.081 E15.39165
G1 X100.018 Y103.173 E15.74139
G1 X99.957 Y102.314 E15.78461
G1 X100.035 Y101.482 E15.82655
G1 X100.448 Y100.409 E15.88425
G1 X101.043 Y99.603 E15.93453
G1 X101.319 Y99.808 F7800
G1 F1800
G1 X101.406 Y99.69 E15.94189
G1 X102.252 Y99.018 E15.99611
G1 X103.221 Y98.618 E16.04872
G1 X104.133 Y98.468 E16.0951
G1 X106.65 Y98.353 E16.22155
G1 X113.356 Y98.353 E16.5581
G1 X116.428 Y98.536 E16.71254
G1 X117.911 Y99.112 E16.79238
G1 X118.628 Y99.725 E16.83972
G1 X119.212 Y100.506 E16.88866
G1 X119.513 Y101.176 E16.92552
G1 X119.679 Y101.894 E16.9625
G1 X119.65 Y103.033 E17.01968
G1 X118.715 Y110.074 E17.37614
G1 X118.508 Y111.272 E17.43715
G1 X117.986 Y112.975 E17.52654
G1 X117.621 Y113.69 E17.56683
G1 X117.165 Y114.341 E17.60672
G1 X116.483 Y115.033 E17.65548
G1 X115.835 Y115.497 E17.69548
G1 X115.105 Y115.875 E17.73674
G1 X113.601 Y116.331 E17.81561
G1 X111.712 Y116.567 E17.91115
G1 X108.288 Y116.567 E18.08299
G1 X106.378 Y116.327 E18.1796
G1 X104.773 Y115.82 E18.26407
G1 X104.091 Y115.452 E18.30296
G1 X103.48 Y115.002 E18.34104
G1 X102.764 Y114.252 E18.39308
G1 X102.214 Y113.394 E18.44423
G1 X101.655 Y111.947 E18.52208
G1 X101.279 Y110.035 E18.61987
G1 X100.362 Y103.141 E18.9689
G1 X100.302 Y102.331 E19.00966
G1 X100.376 Y101.539 E19.04958
G1 X100.761 Y100.557 E19.10251
G1 X101.283 Y99.856 E19.14637
G1 X101.557 Y100.063 F7800
G1 F1800
G1 X101.668 Y99.916 E19.15561
G1 X102.445 Y99.305 E19.20522
G1 X103.332 Y98.945 E19.25326
G1 X105.286 Y98.74 E19.35186
G1 X110.163 Y98.665 E19.59665
G1 X114.717 Y98.741 E19.82523
G1 X116.367 Y98.876 E19.90831
G1 X117.709 Y99.393 E19.98048
G1 X118.389 Y99.975 E20.0254
G1 X118.924 Y100.695 E20.07042
G1 X119.191 Y101.299 E20.10356
G1 X119.338 Y101.948 E20.13696
G1 X119.306 Y103.012 E20.19038
G1 X118.169 Y111.206 E20.60554
G1 X117.674 Y112.827 E20.6906
G1 X117.331 Y113.502 E20.7286
G1 X116.891 Y114.132 E20.76716
G1 X116.27 Y114.762 E20.81156
G1 X115.665 Y115.197 E20.84896
G1 X114.977 Y115.555 E20.88788
G1 X113.525 Y115.995 E20.96402
G1 X111.692 Y116.222 E21.05671
G1 X109.314 Y116.268 E21.17607
G1 X107.3 Y116.127 E21.27739
G1 X106.455 Y115.991 E21.32034
G1 X104.926 Y115.511 E21.40077
G1 X104.286 Y115.167 E21.43723
G1 X103.697 Y114.733 E21.47395
G1 X103.045 Y114.052 E21.52127
G1 X102.512 Y113.22 E21.57086
G1 X102.183 Y112.47 E21.61196
G1 X101.793 Y111.026 E21.68703
G1 X101.621 Y109.989 E21.73978
G1 X100.705 Y103.109 E22.08811
G1 X100.646 Y102.349 E22.12637
G1 X100.717 Y101.597 E22.16428
G1 X101.072 Y100.707 E22.21237
G1 X101.521 Y100.111 E22.24982
G1 X101.797 Y100.318 F7800
G1 F1800
G1 X101.929 Y100.142 E22.26086
G1 X102.637 Y99.593 E22.30582
G1 X103.44 Y99.273 E22.3492
G1 X104.192 Y99.155 E22.3874
G1 X106.66 Y99.043 E22.51139
G1 X113.345 Y99.043 E22.84688
G1 X116.306 Y99.216 E22.99573
G1 X117.508 Y99.675 E23.0603
G1 X118.15 Y100.224 E23.10269
G1 X118.634 Y100.883 E23.14372
G1 X118.867 Y101.421 E23.17314
G1 X118.996 Y102 E23.20291
G1 X118.961 Y102.991 E23.25268
G1 X118.032 Y109.98 E23.60651
G1 X117.603 Y112.03 E23.71162
G1 X117.029 Y113.334 E23.78312
G1 X116.617 Y113.922 E23.81915
G1 X116.056 Y114.491 E23.85925
G1 X115.494 Y114.898 E23.89407
G1 X114.162 Y115.483 E23.96708
G1 X112.686 Y115.782 E24.04266
G1 X110.635 Y115.924 E24.14584
G1 X108.328 Y115.878 E24.26164
G1 X106.532 Y115.654 E24.35247
G1 X105.079 Y115.202 E24.42884
G1 X103.914 Y114.465 E24.49802
G1 X103.327 Y113.852 E24.54061
G1 X102.809 Y113.045 E24.58874
G1 X102.324 Y111.777 E24.65687
G1 X101.963 Y109.943 E24.75068
G1 X101.048 Y103.076 E25.09835
G1 X100.991 Y102.366 E25.1341
G1 X101.058 Y101.654 E25.16999
G1 X101.361 Y100.896 E25.21096
G1 X101.76 Y100.366 E25.24425
G1 X102.034 Y100.57 F7800
G1 F1800
G1 X102.162 Y100.398 E25.25501
G1 X102.788 Y99.903 E25.29506
G1 X103.549 Y99.6 E25.33617
G1 X105.313 Y99.43 E25.42511
G1 X110.159 Y99.355 E25.66834
G1 X114.69 Y99.43 E25.89576
G1 X116.244 Y99.557 E25.97401
G1 X117.308 Y99.958 E26.03107
G1 X117.884 Y100.444 E26.06889
G1 X118.343 Y101.07 E26.10785
G1 X118.654 Y102.051 E26.1595
G1 X118.617 Y102.968 E26.20556
G1 X117.495 Y111.061 E26.6156
G1 X117.035 Y112.567 E26.69463
G1 X116.343 Y113.711 E26.76173
G1 X115.841 Y114.22 E26.79761
G1 X114.72 Y114.914 E26.86378
G1 X113.375 Y115.322 E26.93432
G1 X111.653 Y115.534 E27.02139
G1 X109.337 Y115.578 E27.13764
G1 X107.376 Y115.442 E27.23629
G1 X106.608 Y115.318 E27.27533
G1 X105.212 Y114.883 E27.34871
G1 X104.131 Y114.197 E27.41296
G1 X103.608 Y113.651 E27.4509
G1 X103.107 Y112.871 E27.49742
G1 X102.824 Y112.213 E27.53337
G1 X102.468 Y110.88 E27.60261
G1 X102.304 Y109.897 E27.65262
G1 X101.392 Y103.042 E27.99968
G1 X101.336 Y102.383 E28.03287
G1 X101.399 Y101.711 E28.06674
G1 X101.651 Y101.084 E28.10065
G1 X101.998 Y100.618 E28.12981
G1 X102.273 Y100.819 F7800
G1 F1800
G1 X102.394 Y100.654 E28.14008
G1 X102.981 Y100.191 E28.1776
G1 X103.655 Y99.929 E28.21389
G1 X104.249 Y99.843 E28.24401
G1 X106.671 Y99.732 E28.36569
G1 X113.334 Y99.733 E28.70008
G1 X116.184 Y99.897 E28.84335
G1 X117.109 Y100.241 E28.89288
G1 X117.645 Y100.694 E28.9281
G1 X118.052 Y101.255 E28.96288
G1 X118.219 Y101.656 E28.98468
G1 X118.312 Y102.1 E29.00745
G1 X118.273 Y102.944 E29.04985
G1 X117.349 Y109.887 E29.40136
G1 X116.939 Y111.841 E29.50156
G1 X116.427 Y112.997 E29.56501
G1 X116.07 Y113.5 E29.59597
G1 X115.15 Y114.299 E29.65712
G1 X113.962 Y114.823 E29.72228
G1 X112.609 Y115.096 E29.79155
G1 X110.628 Y115.234 E29.89121
G1 X109.349 Y115.234 E29.9554
G1 X107.414 Y115.099 E30.05275
G1 X105.981 Y114.806 E30.12615
G1 X104.811 Y114.275 E30.19063
G1 X103.889 Y113.451 E30.25269
G1 X103.406 Y112.697 E30.29763
G1 X103.144 Y112.085 E30.33104
G1 X102.805 Y110.807 E30.3974
G1 X101.735 Y103.007 E30.79252
G1 X101.681 Y102.399 E30.82315
G1 X101.74 Y101.769 E30.85491
G1 X101.942 Y101.27 E30.88193
G1 X102.237 Y100.868 E30.90695
G1 X102.514 Y101.067 F7800
G1 F1800
G1 X102.627 Y100.909 E30.9167
G1 X103.173 Y100.478 E30.95161
G1 X103.757 Y100.259 E30.98291
G1 X105.34 Y100.119 E31.06266
G1 X110.156 Y100.045 E31.30438
G1 X114.664 Y100.119 E31.53065
G1 X116.123 Y100.237 E31.60411
G1 X116.912 Y100.525 E31.64626
G1 X117.379 Y100.914 E31.67676
G1 X117.76 Y101.44 E31.70936
G1 X117.97 Y102.146 E31.74633
G1 X117.929 Y102.917 E31.78508
G1 X117.007 Y109.84 E32.13558
G1 X116.607 Y111.746 E32.23332
G1 X116.127 Y112.827 E32.29268
G1 X115.41 Y113.681 E32.34864
G1 X114.46 Y114.275 E32.40487
G1 X113.87 Y114.491 E32.4364
G1 X112.571 Y114.753 E32.5029
G1 X111.613 Y114.845 E32.5512
G1 X109.36 Y114.889 E32.66429
G1 X107.452 Y114.756 E32.76028
G1 X106.075 Y114.474 E32.83082
G1 X104.988 Y113.979 E32.89076
G1 X104.17 Y113.25 E32.94575
G1 X103.704 Y112.524 E32.98904
G1 X103.327 Y111.522 E33.04277
G1 X102.988 Y109.805 E33.1306
G1 X102.078 Y102.97 E33.47665
G1 X102.026 Y102.415 E33.50463
G1 X102.081 Y101.827 E33.53427
G1 X102.234 Y101.455 E33.55446
G1 X102.479 Y101.116 E33.57545
G1 X102.757 Y101.312 F7800
G1 F1800
G1 X102.864 Y101.161 E33.58474
G1 X103.323 Y100.79 E33.61436
G1 X103.825 Y100.598 E33.64133
G1 X104.306 Y100.53 E33.66571
G1 X106.681 Y100.422 E33.78502
G1 X113.323 Y100.422 E34.11835
G1 X116.063 Y100.577 E34.25608
G1 X116.715 Y100.81 E34.29083
G1 X117.14 Y101.165 E34.31862
G1 X117.558 Y101.853 E34.35902
G1 X117.627 Y102.193 E34.37643
G1 X117.587 Y102.876 E34.41077
G1 X116.666 Y109.786 E34.76062
G1 X116.276 Y111.651 E34.85624
G1 X115.838 Y112.638 E34.91043
G1 X115.542 Y113.056 E34.93613
G1 X114.804 Y113.702 E34.98535
G1 X113.778 Y114.158 E35.0417
G1 X112.521 Y114.412 E35.10606
G1 X110.62 Y114.544 E35.20169
G1 X109.364 Y114.544 E35.26472
G1 X107.49 Y114.413 E35.359
G1 X106.168 Y114.142 E35.42673
G1 X105.184 Y113.695 E35.48097
G1 X104.45 Y113.048 E35.53007
G1 X104.002 Y112.35 E35.57169
G1 X103.661 Y111.436 E35.62065
G1 X103.479 Y110.66 E35.66065
G1 X102.42 Y102.933 E36.05206
G1 X102.412 Y101.929 E36.10245
G1 X102.528 Y101.636 E36.11826
G1 X102.722 Y101.361 E36.13515
G1 X103.028 Y101.54 F7800
G1 F1800
G1 X103.103 Y101.41 E36.14268
G1 X103.477 Y101.1 E36.16706
G1 X103.894 Y100.936 E36.18955
G1 X105.368 Y100.808 E36.2638
G1 X110.152 Y100.734 E36.50392
G1 X113.318 Y100.767 E36.66282
G1 X116.004 Y100.917 E36.79783
G1 X116.519 Y101.096 E36.82519
G1 X116.902 Y101.415 E36.85021
G1 X117.155 Y101.771 E36.87213
G1 X117.285 Y102.239 E36.89651
G1 X117.245 Y102.833 E36.92639
G1 X116.326 Y109.731 E37.27563
G1 X115.944 Y111.556 E37.3692
G1 X115.549 Y112.451 E37.4183
G1 X114.938 Y113.177 E37.46592
G1 X114.158 Y113.654 E37.5118
G1 X113.126 Y113.964 E37.56588
G1 X111.556 Y114.157 E37.64526
G1 X109.368 Y114.199 E37.75509
G1 X107.528 Y114.07 E37.84766
G1 X106.263 Y113.81 E37.91247
G1 X105.36 Y113.398 E37.96228
G1 X104.71 Y112.821 E38.0059
G1 X104.315 Y112.203 E38.04271
G1 X103.992 Y111.339 E38.089
G1 X103.671 Y109.706 E38.17252
G1 X102.762 Y102.888 E38.51772
G1 X102.744 Y102.025 E38.56104
G1 X102.997 Y101.592 E38.58621
G1 X103.267 Y101.774 F7800
G1 F1800
G1 X103.347 Y101.655 E38.59341
G1 X103.634 Y101.408 E38.61241
G1 X104.363 Y101.218 E38.65022
G1 X106.691 Y101.112 E38.76717
G1 X113.313 Y101.112 E39.0995
G1 X115.947 Y101.258 E39.23189
G1 X116.327 Y101.384 E39.25198
G1 X116.637 Y101.637 E39.27206
G1 X116.846 Y101.926 E39.28996
G1 X116.942 Y102.284 E39.30856
G1 X115.985 Y109.676 E39.68263
G1 X115.613 Y111.46 E39.77409
G1 X115.258 Y112.264 E39.8182
G1 X114.721 Y112.909 E39.86032
G1 X114.028 Y113.334 E39.90112
G1 X113.05 Y113.628 E39.95237
G1 X111.537 Y113.813 E40.02887
G1 X109.38 Y113.854 E40.13714
G1 X107.567 Y113.728 E40.22835
G1 X106.357 Y113.478 E40.29036
G1 X105.538 Y113.102 E40.33559
G1 X104.971 Y112.595 E40.37376
G1 X104.627 Y112.056 E40.40585
G1 X104.323 Y111.242 E40.44946
G1 X104.158 Y110.537 E40.4858
G1 X103.105 Y102.847 E40.87533
G1 X103.061 Y102.436 E40.89607
G1 X103.124 Y101.986 E40.91887
G1 X103.234 Y101.823 E40.92874
G1 X103.53 Y102.002 F7800
G1 F1800
G1 X103.592 Y101.899 E40.93477
G1 X103.836 Y101.69 E40.95089
G1 X104.392 Y101.561 E40.97953
G1 X110.148 Y101.424 E41.26848
G1 X115.528 Y101.554 E41.53856
G1 X116.14 Y101.675 E41.56987
G1 X116.543 Y102.09 E41.5989
G1 X116.56 Y102.745 E41.63178
G1 X115.645 Y109.622 E41.97995
G1 X115.281 Y111.363 E42.06921
G1 X114.967 Y112.079 E42.10845
G1 X114.503 Y112.642 E42.14506
G1 X113.897 Y113.015 E42.18077
G1 X112.974 Y113.291 E42.22912
G1 X111.517 Y113.469 E42.30278
G1 X109.392 Y113.51 E42.40944
G1 X107.605 Y113.385 E42.49934
G1 X106.452 Y113.146 E42.55843
G1 X105.717 Y112.807 E42.59905
G1 X105.233 Y112.369 E42.63181
G1 X104.94 Y111.909 E42.65918
G1 X104.654 Y111.145 E42.70012
G1 X104.354 Y109.614 E42.77842
G1 X103.413 Y102.195 E43.15373
G1 X103.499 Y102.054 E43.16202
G1 E41.16202 F2400
G92 E0
G92 E0
G1 X115.718 Y124.075 F7800
G1 E2 F2400
;TYPE:Support material
G1 F1800
G1 X104.282 Y124.075 E2.57393
G1 X104.282 Y117.714 E2.89316
G1 X105.423 Y118.091 E2.95347
G1 X106.598 Y118.33 E3.01365
G1 X108.115 Y118.493 E3.09022
G1 X109.978 Y118.555 E3.18377
G1 X111.814 Y118.498 E3.27596
G1 X113.384 Y118.333 E3.35519
G1 X114.613 Y118.081 E3.41815
G1 X115.718 Y117.714 E3.47658
G1 X115.718 Y124.023 E3.7932
G1 X115.365 Y123.92 F7800
G1 F1800
G1 X115.365 Y118.177 E4.08142
G1 X114.982 Y118.299 E4.10159
G1 X114.982 Y123.765 E4.37591
G1 X114.599 Y123.765 E4.39513
G1 X114.599 Y118.404 E4.66418
G1 X114.215 Y118.494 E4.68397
G1 X114.215 Y123.765 E4.9485
G1 X113.832 Y123.765 E4.96772
G1 X113.832 Y118.572 E5.22834
G1 X113.449 Y118.637 E5.24784
G1 X113.449 Y123.765 E5.50519
G1 X113.066 Y123.765 E5.52441
G1 X113.066 Y118.69 E5.7791
G1 X112.682 Y118.736 E5.79851
G1 X112.682 Y123.765 E6.05089
G1 X112.299 Y123.765 E6.07011
G1 X112.299 Y118.773 E6.32064
G1 X111.916 Y118.802 E6.33992
G1 X111.916 Y123.765 E6.58899
G1 X111.533 Y123.765 E6.60821
G1 X111.533 Y118.825 E6.85613
G1 X111.15 Y118.843 E6.87537
G1 X111.15 Y123.765 E7.12239
G1 X110.766 Y123.765 E7.14166
G1 X110.766 Y118.855 E7.38807
G1 X110.383 Y118.863 E7.4073
G1 X110.383 Y123.765 E7.65331
G1 X110 Y123.765 E7.67253
G1 X110 Y118.865 E7.91844
G1 X109.617 Y118.863 E7.93766
G1 X109.617 Y123.765 E8.18367
G1 X109.234 Y123.765 E8.20289
G1 X109.234 Y118.855 E8.4493
G1 X108.85 Y118.843 E8.46858
G1 X108.85 Y123.765 E8.7156
G1 X108.467 Y123.765 E8.73482
G1 X108.467 Y118.825 E8.98274
G1 X108.084 Y118.802 E9.002
G1 X108.084 Y123.765 E9.25107
G1 X107.701 Y123.765 E9.27029
G1 X107.701 Y118.773 E9.52082
G1 X107.318 Y118.736 E9.54013
G1 X107.318 Y123.765 E9.79251
G1 X106.934 Y123.765 E9.81178
G1 X106.934 Y118.691 E10.06642
G1 X106.551 Y118.637 E10.08583
G1 X106.551 Y123.765 E10.34318
G1 X106.168 Y123.765 E10.3624
G1 X106.168 Y118.572 E10.62302
G1 X105.785 Y118.495 E10.64263
G1 X105.785 Y123.765 E10.90711
G1 X105.401 Y123.765 E10.92638
G1 X105.401 Y118.405 E11.19538
G1 X105.018 Y118.3 E11.21531
G1 X105.018 Y123.765 E11.48958
G1 X104.635 Y123.765 E11.5088
G1 X104.635 Y118.014 E11.79742
G1 E9.79742 F2400
G92 E0
G1 X101.9 Y116.174 F7800
G1 E2 F2400
G1 F1800
G1 X102.639 Y116.799 E2.04857
G1 X103.491 Y117.34 E2.09922
G1 X102.948 Y117.717 E2.1324
G1 X101.805 Y116.08 E2.2326
G1 X101.863 Y116.138 E2.23672
G1 E.23672 F2400
G92 E0
G1 X99.005 Y107.403 F7800
G1 E2 F2400
G1 F1800
G1 X99.425 Y110.722 E2.1679
G1 X99.812 Y112.535 E2.26094
G1 X100.46 Y114.214 E2.35126
G1 X101.238 Y115.433 E2.42383
G1 X98.71 Y115.433 E2.5507
G1 X98.71 Y107.353 E2.9562
G1 X98.997 Y107.353 E2.9706
G1 X100.42 Y115.278 F7800
G1 F1800
G1 X100.42 Y114.783 E2.99544
G1 X100.037 Y114.049 E3.03699
G1 X100.037 Y115.122 E3.09084
G1 X99.653 Y115.122 E3.11011
G1 X99.653 Y113.078 E3.21269
G1 X99.27 Y111.609 E3.28888
G1 X99.27 Y115.278 E3.47301
G1 E1.47301 F2400
G92 E0
G1 X105.9 Y105.877 F7800
G1 E2 F2400
G1 F1800
G1 X114.558 Y105.877 E2.43451
G1 X114.558 Y108.561 E2.56921
G1 X105.862 Y108.561 E3.00563
G1 X105.862 Y105.89 E3.13968
G1 X114.215 Y108.406 F7800
G1 F1800
G1 X114.215 Y106.187 E3.25104
G1 X113.832 Y106.187 E3.27026
G1 X113.832 Y108.251 E3.37384
G1 X113.449 Y108.251 E3.39306
G1 X113.449 Y106.187 E3.49664
G1 X113.066 Y106.187 E3.51586
G1 X113.066 Y108.251 E3.61944
G1 X112.682 Y108.251 E3.63871
G1 X112.682 Y106.187 E3.74229
G1 X112.299 Y106.187 E3.76151
G1 X112.299 Y108.251 E3.86509
G1 X111.916 Y108.251 E3.88431
G1 X111.916 Y106.187 E3.98789
G1 X111.533 Y106.187 E4.00711
G1 X111.533 Y108.251 E4.11069
G1 X111.15 Y108.251 E4.12991
G1 X111.15 Y106.187 E4.23349
G1 X110.766 Y106.187 E4.25276
G1 X110.766 Y108.251 E4.35634
G1 X110.383 Y108.251 E4.37556
G1 X110.383 Y106.187 E4.47914
G1 X110 Y106.187 E4.49836
G1 X110 Y108.251 E4.60194
G1 X109.617 Y108.251 E4.62116
G1 X109.617 Y106.187 E4.72474
G1 X109.234 Y106.187 E4.74396
G1 X109.234 Y108.251 E4.84754
G1 X108.85 Y108.251 E4.86681
G1 X108.85 Y106.187 E4.97039
G1 X108.467 Y106.187 E4.98961
G1 X108.467 Y108.251 E5.09319
G1 X108.084 Y108.251 E5.11241
G1 X108.084 Y106.187 E5.21599
G1 X107.701 Y106.187 E5.23521
G1 X107.701 Y108.251 E5.33879
G1 X107.318 Y108.251 E5.35801
G1 X107.318 Y106.187 E5.46159
G1 X106.934 Y106.187 E5.48086
G1 X106.934 Y108.251 E5.58444
G1 X106.551 Y108.251 E5.60366
G1 X106.551 Y106.032 E5.71502
G1 E3.71502 F2400
G92 E0
G1 X114.488 Y103.481 F7800
G1 E2 F2400
G1 F1800
G1 X114.488 Y103.879 E2.01997
G1 X105.835 Y103.879 E2.45423
G1 X105.835 Y103.352 E2.48068
G1 X114.488 Y103.352 E2.91494
G1 X114.488 Y103.429 E2.9188
G1 E.9188 F2400
G92 E0
G1 X121.563 Y104.036 F7800
G1 E2 F2400
G1 F1800
G1 X121.495 Y104.049 E2.00347
G1 X121.51 Y103.747 E2.01864
G1 X121.554 Y103.985 E2.03079
G1 X121.967 Y102.149 F7800
G1 F1800
G1 X121.635 Y102.418 E2.05223
G1 X121.589 Y101.595 E2.0936
G1 X121.938 Y102.106 E2.12466
G1 E.12466 F2400
G92 E0
G1 X121.29 Y115.433 F7800
G1 E2 F2400
G1 F1800
G1 X118.762 Y115.433 E2.12687
G1 X119.541 Y114.214 E2.19947
G1 X120.193 Y112.518 E2.29066
G1 X120.576 Y110.714 E2.38321
G1 X121.002 Y107.353 E2.55323
G1 X121.29 Y107.353 E2.56768
G1 X121.29 Y115.381 E2.97057
G1 X120.73 Y115.278 F7800
G1 F1800
G1 X120.73 Y111.609 E3.1547
G1 X120.347 Y113.08 E3.23098
G1 X120.347 Y115.122 E3.33346
G1 X119.963 Y115.122 E3.35273
G1 X119.963 Y114.049 E3.40658
G1 X119.58 Y114.785 E3.44822
G1 X119.58 Y115.278 E3.47296
G1 E1.47296 F2400
G92 E0
G1 X117.052 Y117.717 F7800
G1 E2 F2400
G1 F1800
G1 X116.509 Y117.34 E2.03318
G1 X117.455 Y116.728 E2.08972
G1 X118.194 Y116.082 E2.13898
G1 X117.082 Y117.675 E2.23648
G1 E.23648 F2400
G92 E0
G1 X98.493 Y103.762 F7800
G1 E2 F2400
G1 F1800
G1 X98.505 Y104.051 E2.01452
G1 X98.441 Y104.039 E2.01779
G1 X98.483 Y103.806 E2.02967
G1 E.02967 F2400
G92 E0
G1 X98.417 Y101.536 F7800
G1 E2 F2400
G1 F1800
G1 X98.364 Y102.332 E2.04004
G1 X97.836 Y101.868 E2.07532
G1 X98.513 Y101.097 E2.12681
G1 X98.429 Y101.486 E2.14678
G1 E.14678 F2400
G92 E0
G1 X115.3 Y108.503 F7800
G1 E2 F2400
;TYPE:External perimeter
;WIDTH:0.614653
G1 F1800
G1 X115.282 Y108.763 E2.02046
;WIDTH:0.587736
G1 X115.263 Y109.023 E2.03991
G1 E.03991 F2400
G92 E0
G1 X105.263 Y102.827 F7800
G1 E2 F2400
;WIDTH:0.42
G1 F1800
G1 X105.318 Y102.757 E2.00447
G1 X105.439 Y102.707 E2.01104
G1 X114.884 Y102.707 E2.48505
G1 X115.062 Y102.814 E2.49547
G1 X115.133 Y102.956 E2.50344
G1 X115.133 Y104.159 E2.56381
G1 X115.108 Y104.379 E2.57492
G1 X115.01 Y104.486 E2.5822
G1 X114.884 Y104.524 E2.5888
G1 X105.439 Y104.524 E3.06281
G1 X105.317 Y104.473 E3.06945
G1 X105.19 Y104.297 E3.08034
G1 X105.196 Y102.913 E3.1498
G1 X105.226 Y102.874 E3.15227
G1 X105.594 Y102.718 F7800
G1 X104.527 Y102.743
;TYPE:Perimeter
;WIDTH:0.464313
G1 F1800
G1 X104.533 Y102.649 E3.1576
G1 E1.1576 F2400
G92 E0
G1 X104.817 Y104.862 F7800
G1 E2 F2400
;WIDTH:0.369277
G1 F1800
G1 X104.762 Y104.894 E2.00272
G1 X104.817 Y104.926 E2.00544
G1 X104.835 Y104.894 E2.00701
G1 E.00701 F2400
G92 E0
G1 X105.015 Y102.581 F7800
G1 E2 F2400
;WIDTH:0.439297
G1 F1800
G1 X104.878 Y102.776 E2.01263
;WIDTH:0.464757
G1 X104.845 Y102.898 E2.0198
;WIDTH:0.509514
G1 X104.812 Y103.02 E2.02779
;WIDTH:0.554272
G1 X104.778 Y103.142 E2.03662
G1 X104.801 Y103.779 E2.08106
;WIDTH:0.514585
G1 X104.823 Y104.416 E2.12182
;WIDTH:0.474899
G1 X104.91 Y104.529 E2.13012
;WIDTH:0.44917
G1 X104.996 Y104.642 E2.13785
;WIDTH:0.430556
G1 X105.218 Y104.825 E2.15273
;WIDTH:0.443193
G1 X105.408 Y104.879 E2.16331
G1 X105.222 Y104.944 E2.17386
;WIDTH:0.430556
G1 X105.028 Y105.116 E2.18727
;WIDTH:0.42
G1 X104.88 Y105.487 E2.20732
;WIDTH:0.403042
G1 X104.896 Y105.936 E2.22876
;WIDTH:0.419828
G1 X104.872 Y106.015 E2.2329
;WIDTH:0.468044
G1 X104.848 Y106.094 E2.23762
;WIDTH:0.51626
G1 X104.824 Y106.173 E2.24292
;WIDTH:0.564476
G1 X104.8 Y106.252 E2.2488
;WIDTH:0.612693
G1 X104.775 Y106.331 E2.25528
G1 X104.741 Y106.256 E2.26172
;WIDTH:0.564476
G1 X104.706 Y106.181 E2.26761
;WIDTH:0.51626
G1 X104.671 Y106.106 E2.27292
;WIDTH:0.468044
G1 X104.636 Y106.031 E2.27765
;WIDTH:0.419828
G1 X104.601 Y105.956 E2.2818
;WIDTH:0.403042
G1 X104.554 Y105.51 E2.3032
;WIDTH:0.423442
G1 X104.479 Y104.901 E2.3343
;WIDTH:0.44917
G1 X104.449 Y104.602 E2.35066
;WIDTH:0.474899
G1 X104.42 Y104.303 E2.36814
;WIDTH:0.514585
G1 X104.361 Y103.739 E2.4044
;WIDTH:0.554272
G1 X104.302 Y103.176 E2.44387
G1 X104.262 Y103.048 E2.45322
;WIDTH:0.509514
G1 X104.223 Y102.919 E2.46174
;WIDTH:0.464757
G1 X104.184 Y102.791 E2.46933
;WIDTH:0.42
G1 X104.149 Y102.384 E2.48983
G1 X104.204 Y102.339 E2.4934
G1 X104.851 Y102.261 E2.52611
;WIDTH:0.46877
G1 X105.001 Y102.276 E2.53475
;WIDTH:0.51754
G1 X105.151 Y102.291 E2.54446
;WIDTH:0.566311
G1 X105.301 Y102.305 E2.55523
G1 X105.223 Y102.372 E2.56258
;WIDTH:0.523973
G1 X105.146 Y102.439 E2.56925
;WIDTH:0.481635
G1 X105.068 Y102.506 E2.57533
;WIDTH:0.439297
G1 X105.049 Y102.532 E2.57704
G1 X105.301 Y102.305 F7800
;WIDTH:0.566311
G1 F1800
G1 X105.439 Y102.293 E2.58694
;WIDTH:0.598259
G1 X106.715 Y102.273 E2.68409
;WIDTH:0.630595
G1 X110.146 Y102.257 E2.96142
G1 X113.285 Y102.273 E3.21515
;WIDTH:0.598269
G1 X114.571 Y102.293 E3.31306
;WIDTH:0.557973
G1 X114.919 Y102.304 E3.33752
G1 E1.33752 F2400
G92 E0
G1 X115.47 Y105.307 F7800
G1 E2 F2400
;WIDTH:0.411028
G1 F1800
G1 X115.399 Y105.13 E2.00932
;WIDTH:0.425679
G1 X115.144 Y104.921 E2.02614
;WIDTH:0.442907
G1 X114.951 Y104.876 E2.03675
G1 X115.26 Y104.73 E2.05504
;WIDTH:0.411028
G1 X115.324 Y104.6 E2.06212
;WIDTH:0.365393
G1 X115.389 Y104.47 E2.06826
;WIDTH:0.32196
G1 X115.429 Y104.159 E2.07952
;WIDTH:0.364007
G1 X115.45 Y103.557 E2.10484
;WIDTH:0.406055
G1 X115.471 Y102.956 E2.1338
;WIDTH:0.436035
G1 X115.458 Y102.837 E2.14009
;WIDTH:0.466015
G1 X115.446 Y102.718 E2.14689
;WIDTH:0.490688
G1 X115.33 Y102.544 E2.15954
;WIDTH:0.537915
G1 X114.919 Y102.304 E2.19159
G1 X115.435 Y102.312 E2.22634
;WIDTH:0.490688
G1 X115.824 Y102.42 E2.25075
G1 X115.812 Y102.7 E2.2677
;WIDTH:0.448371
G1 X115.8 Y102.979 E2.28287
;WIDTH:0.406055
G1 X115.725 Y103.692 E2.3174
;WIDTH:0.364007
G1 X115.65 Y104.405 E2.34754
;WIDTH:0.366494
G1 X115.56 Y104.856 E2.36704
;WIDTH:0.411028
G1 X115.482 Y105.248 E2.38658
G1 E.38658 F2400
G92 E0
G1 X105.408 Y104.879 F7800
G1 E2 F2400
;WIDTH:0.443193
G1 F1800
G1 X105.469 Y104.878 E2.00327
;WIDTH:0.438743
G1 X114.884 Y104.878 E2.50145
;WIDTH:0.442907
G1 X114.951 Y104.876 E2.50504
G1 E.50504 F2400
G92 E0
G1 X104.885 Y108.09 F7800
G1 E2 F2400
;WIDTH:0.437802
G1 F1800
G1 X104.863 Y107.74 E2.01851
;WIDTH:0.481201
G1 X104.841 Y107.39 E2.03923
;WIDTH:0.5246
G1 X104.819 Y107.041 E2.0621
;WIDTH:0.567999
G1 X104.798 Y106.691 E2.08725
;WIDTH:0.611399
G1 X104.776 Y106.341 E2.11462
;WIDTH:0.612693
G1 X104.775 Y106.331 E2.11541
G1 E.11541 F2400
G92 E0
G1 X105.897 Y110.241 F7800
G1 E2 F2400
;WIDTH:0.42
G1 F1800
G1 X114.1 Y110.241 E2.41167
G1 X113.945 Y110.873 E2.44433
G1 X113.741 Y111.354 E2.47055
G1 X113.54 Y111.572 E2.48543
G1 X113.268 Y111.737 E2.5014
G1 X112.717 Y111.895 E2.53017
G1 X112.192 Y111.981 E2.55687
G1 X111.399 Y112.056 E2.59684
G1 X110.559 Y112.093 E2.63904
G1 X109.419 Y112.093 E2.69625
G1 X108.556 Y112.052 E2.73961
G1 X107.319 Y111.904 E2.80213
G1 X106.829 Y111.773 E2.82758
G1 X106.399 Y111.532 E2.85232
G1 X106.218 Y111.284 E2.86773
G1 X106.013 Y110.734 E2.89719
G1 X105.911 Y110.3 E2.91956
G1 X105.488 Y109.896 F7800
G1 F1800
G1 X114.509 Y109.896 E3.37229
G1 X114.419 Y110.422 E3.39907
G1 X114.262 Y111.025 E3.43034
G1 X114.033 Y111.546 E3.4589
G1 X113.673 Y111.919 E3.48492
G1 X113.256 Y112.11 E3.50794
G1 X112.753 Y112.242 E3.53404
G1 X112.225 Y112.324 E3.56086
G1 X111.414 Y112.4 E3.60174
G1 X110.559 Y112.438 E3.64469
G1 X109.411 Y112.438 E3.7023
G1 X108.523 Y112.396 E3.74691
G1 X107.697 Y112.314 E3.78857
G1 X107.199 Y112.229 E3.81392
G1 X106.516 Y112.021 E3.84975
G1 X106.072 Y111.697 E3.87733
G1 X105.869 Y111.335 E3.89816
G1 X105.671 Y110.789 E3.92731
G1 X105.5 Y109.955 E3.97004
G1 E1.97004 F2400
G92 E0
G1 X110.352 Y109.551 F7800
G1 E2 F2400
G1 F1800
G1 X114.919 Y109.551 E2.2292
G1 X114.748 Y110.526 E2.27888
G1 X114.55 Y111.225 E2.31534
G1 X114.287 Y111.787 E2.34648
G1 X113.874 Y112.201 E2.37583
G1 X113.297 Y112.462 E2.40761
G1 X112.759 Y112.59 E2.43536
G1 X112.258 Y112.667 E2.4608
G1 X111.43 Y112.745 E2.50254
G1 X110.559 Y112.782 E2.54629
G1 X109.402 Y112.782 E2.60436
G1 X108.49 Y112.739 E2.65018
G1 X107.643 Y112.655 E2.6929
G1 X107.115 Y112.563 E2.7198
G1 X106.498 Y112.384 E2.75204
G1 X106.115 Y112.171 E2.77403
G1 X105.799 Y111.91 E2.7946
G1 X105.546 Y111.456 E2.82068
G1 X105.335 Y110.867 E2.85208
G1 X105.145 Y109.934 E2.89986
;WIDTH:0.433791
G1 X105.083 Y109.409 E2.92745
G1 X105.469 Y109.551 E2.94892
;WIDTH:0.42
G1 X110.292 Y109.551 E3.19097
G1 E1.19097 F2400
G92 E0
G1 X103.808 Y102.268 F7800
G1 E2 F2400
;TYPE:External perimeter
G1 F1800
G1 X103.863 Y102.183 E2.00508
G1 X104.035 Y102.02 E2.01697
G1 X104.44 Y101.941 E2.03768
G1 X105.41 Y101.88 E2.08646
G1 X106.706 Y101.839 E2.15153
G1 X110.146 Y101.807 E2.32418
G1 X113.294 Y101.839 E2.48217
G1 X114.59 Y101.88 E2.54724
G1 X115.458 Y101.932 E2.59088
G1 X115.953 Y102.013 E2.61605
G1 X116.085 Y102.113 E2.62436
G1 X116.208 Y102.302 E2.63568
G1 X116.181 Y102.697 E2.65555
G1 X115.853 Y105.03 E2.77379
;WIDTH:0.459667
G1 X115.81 Y105.193 E2.78322
;WIDTH:0.499334
G1 X115.767 Y105.356 E2.79363
;WIDTH:0.539001
G1 X115.724 Y105.519 E2.80501
G1 X115.677 Y105.974 E2.83589
;WIDTH:0.50697
G1 X115.629 Y106.428 E2.86458
;WIDTH:0.47494
G1 X115.576 Y106.993 E2.8976
;WIDTH:0.439833
G1 X115.524 Y107.557 E2.92766
;WIDTH:0.404727
G1 X115.471 Y108.121 E2.95483
;WIDTH:0.418627
G1 X115.437 Y108.198 E2.95904
;WIDTH:0.467633
G1 X115.403 Y108.274 E2.9638
;WIDTH:0.51664
G1 X115.369 Y108.35 E2.96915
;WIDTH:0.565646
G1 X115.335 Y108.426 E2.97509
;WIDTH:0.614653
G1 X115.3 Y108.503 E2.98173
G1 X115.276 Y108.423 E2.98829
;WIDTH:0.565646
G1 X115.251 Y108.343 E2.99427
;WIDTH:0.51664
G1 X115.227 Y108.263 E2.99964
;WIDTH:0.467633
G1 X115.202 Y108.183 E3.00443
;WIDTH:0.418627
G1 X115.178 Y108.103 E3.0086
;WIDTH:0.404727
G1 X115.196 Y107.537 E3.03576
;WIDTH:0.439833
G1 X115.213 Y106.97 E3.06587
;WIDTH:0.47494
G1 X115.231 Y106.404 E3.09882
;WIDTH:0.50697
G1 X115.247 Y105.945 E3.12768
;WIDTH:0.539001
G1 X115.263 Y105.487 E3.15861
G1 X115.2 Y105.419 E3.16487
;WIDTH:0.499334
G1 X115.137 Y105.352 E3.17055
;WIDTH:0.459667
G1 X115.074 Y105.284 E3.17574
;WIDTH:0.42
G1 X114.951 Y105.232 E3.18244
G1 X105.469 Y105.232 E3.6583
G1 X105.345 Y105.284 E3.66505
G1 X105.217 Y105.487 E3.67709
G1 X105.217 Y108.09 E3.80772
;WIDTH:0.46496
G1 X105.194 Y108.223 E3.81538
;WIDTH:0.50992
G1 X105.172 Y108.356 E3.82391
;WIDTH:0.554881
G1 X105.149 Y108.489 E3.83333
G1 X105.166 Y108.979 E3.86756
;WIDTH:0.524475
G1 X105.207 Y109.034 E3.87205
;WIDTH:0.495473
G1 X105.249 Y109.088 E3.87623
;WIDTH:0.466471
G1 X105.469 Y109.206 E3.89045
;WIDTH:0.42
G1 X114.951 Y109.206 E4.36631
;WIDTH:0.447579
G1 X115.022 Y109.19 E4.37025
;WIDTH:0.475158
G1 X115.094 Y109.173 E4.37456
;WIDTH:0.517988
G1 X115.179 Y109.098 E4.38187
;WIDTH:0.560819
G1 X115.263 Y109.023 E4.38983
G1 X115.264 Y109.202 E4.40248
;WIDTH:0.513879
G1 X115.266 Y109.382 E4.41397
;WIDTH:0.466939
G1 X115.267 Y109.562 E4.42423
;WIDTH:0.42
G1 X115.093 Y110.567 E4.47542
G1 X114.946 Y111.133 E4.50477
G1 X114.726 Y111.685 E4.53459
G1 X114.485 Y112.11 E4.55911
G1 X114.076 Y112.484 E4.58692
G1 X113.863 Y112.6 E4.59909
G1 X113.399 Y112.792 E4.62429
G1 X112.891 Y112.918 E4.65056
G1 X112.352 Y113.005 E4.67796
G1 X111.494 Y113.087 E4.72122
G1 X110.604 Y113.127 E4.76593
G1 X109.396 Y113.127 E4.82655
G1 X108.506 Y113.087 E4.87126
G1 X107.709 Y113.011 E4.91144
G1 X107.191 Y112.931 E4.93774
G1 X106.671 Y112.807 E4.96457
G1 X106.198 Y112.637 E4.98979
G1 X105.708 Y112.317 E5.01916
G1 X105.461 Y112.022 E5.03847
G1 X105.223 Y111.576 E5.06384
G1 X104.999 Y110.946 E5.0974
G1 X104.868 Y110.373 E5.1269
G1 X104.732 Y109.554 E5.16857
;WIDTH:0.454825
G1 X104.728 Y109.381 E5.17813
;WIDTH:0.48965
G1 X104.724 Y109.208 E5.18857
;WIDTH:0.524475
G1 X104.72 Y109.035 E5.19989
;WIDTH:0.554881
G1 X104.671 Y108.519 E5.23608
G1 X104.633 Y108.39 E5.24547
;WIDTH:0.50992
G1 X104.594 Y108.26 E5.25406
;WIDTH:0.46496
G1 X104.555 Y108.131 E5.26171
;WIDTH:0.42
G1 X104.339 Y106.395 E5.3495
G1 X103.831 Y102.788 E5.53231
G1 X103.8 Y102.324 E5.55565
G1 X104.073 Y102.033 F7800
G1 E3.55565 F2400
G92 E0
G1 X113.248 Y110.345 F7800
G1 E2 F2400
;TYPE:Solid infill
;WIDTH:0.436617
G1 F1800
G1 X113.698 Y110.795 E2.03348
G1 X113.544 Y111.151 E2.05388
G1 X112.892 Y110.5 E2.10235
G1 X112.381 Y110.5 E2.12923
G1 X113.308 Y111.427 E2.19819
G1 X112.942 Y111.573 E2.21892
G1 X111.869 Y110.5 E2.29874
G1 X111.358 Y110.5 E2.32562
G1 X112.525 Y111.667 E2.41244
G1 X112.079 Y111.732 E2.43615
G1 X110.847 Y110.5 E2.5278
G1 X110.336 Y110.5 E2.55468
G1 X111.612 Y111.776 E2.64961
G1 X111.403 Y111.796 E2.66065
G1 X111.133 Y111.809 E2.67487
G1 X109.824 Y110.5 E2.77225
G1 X109.313 Y110.5 E2.79913
G1 X110.644 Y111.831 E2.89815
G1 X110.136 Y111.834 E2.92487
G1 X108.802 Y110.5 E3.02411
G1 X108.291 Y110.5 E3.05099
G1 X109.625 Y111.834 E3.15023
G1 X109.098 Y111.819 E3.17796
G1 X107.779 Y110.5 E3.27608
G1 X107.268 Y110.5 E3.30296
G1 X108.561 Y111.793 E3.39915
G1 X107.996 Y111.739 E3.42901
G1 X106.757 Y110.5 E3.52118
G1 X106.246 Y110.5 E3.54806
G1 X107.401 Y111.655 E3.63398
G1 X106.955 Y111.545 E3.65814
G1 X106.794 Y111.482 E3.66723
G1 X106.569 Y111.335 E3.68137
G1 X106.215 Y110.981 E3.70771
;LAYER_CHANGE
;Z:0.45
;HEIGHT:0.1
G1 E1.70771 F2400
G92 E0
G1 Z.45 F7800
G1 X101.86 Y98.729
G1 E2 F2400
;TYPE:Support material interface
;WIDTH:0.35
G1 F3600
G1 X101.86 Y101.367 E2.03603
G1 X102.145 Y101.243 E2.04028
G1 X102.145 Y98.858 E2.07286
G1 X102.431 Y98.858 E2.07677
G1 X102.431 Y101.172 E2.10838
G1 X102.717 Y101.13 E2.11233
G1 X102.717 Y98.858 E2.14336
G1 X103.002 Y98.858 E2.14725
G1 X103.002 Y101.102 E2.1779
G1 X103.288 Y101.082 E2.18182
G1 X103.288 Y98.858 E2.2122
G1 X103.574 Y98.858 E2.21611
G1 X103.574 Y101.066 E2.24627
G1 X103.859 Y101.053 E2.25017
G1 X103.859 Y98.858 E2.28015
G1 X104.145 Y98.858 E2.28406
G1 X104.145 Y101.171 E2.31565
G1 E.31565 F2400
G92 E0
G1 X99.004 Y104.557 F7800
G1 E2 F2400
G1 F3600
G1 X99.004 Y101.643 E2.0398
G1 X99.289 Y101.643 E2.04369
G1 X99.289 Y104.429 E2.08174
G1 X99.575 Y104.429 E2.08565
G1 X99.575 Y101.643 E2.1237
G1 X99.86 Y101.643 E2.12759
G1 X99.86 Y104.429 E2.16564
G1 X100.146 Y104.429 E2.16955
G1 X100.146 Y101.643 E2.2076
G1 X100.432 Y101.643 E2.21151
G1 X100.432 Y104.429 E2.24956
G1 X100.717 Y104.429 E2.25345
G1 X100.717 Y101.643 E2.2915
G1 X101.003 Y101.643 E2.29541
G1 X101.003 Y104.429 E2.33346
G1 X101.289 Y104.429 E2.33737
G1 X101.289 Y101.643 E2.37542
G1 X101.574 Y101.643 E2.37931
G1 X101.643 Y110 E2.49346
G1 X101.86 Y110 E2.49642
G1 X101.86 Y104.367 E2.57336
G1 X102.145 Y105.981 E2.59575
G1 X102.145 Y110 E2.65065
G1 X102.431 Y110 E2.65456
G1 X102.431 Y107.73 E2.68557
G1 X102.717 Y110.129 E2.71857
G1 E.71857 F2400
G92 E0
G1 X101.86 Y115.7 F7800
G1 E2 F2400
G1 F3600
G1 X101.86 Y112.786 E2.0398
G1 X102.145 Y112.786 E2.04369
G1 X102.145 Y115.571 E2.08173
G1 X102.431 Y115.571 E2.08564
G1 X102.431 Y112.786 E2.12368
G1 X102.717 Y112.786 E2.12759
G1 X102.717 Y115.571 E2.16563
G1 X103.002 Y115.571 E2.16952
G1 X103.002 Y112.786 E2.20756
G1 X103.162 Y112.786 E2.20975
G1 X103.288 Y113.366 E2.21786
G1 X103.288 Y115.571 E2.24798
G1 X103.574 Y115.571 E2.25189
G1 X103.574 Y113.981 E2.27361
G1 X103.859 Y114.228 E2.27876
G1 X103.859 Y115.571 E2.2971
G1 X104.145 Y115.571 E2.30101
G1 X104.145 Y114.358 E2.31758
G1 X104.43 Y114.436 E2.32162
G1 X104.43 Y115.571 E2.33712
G1 X104.716 Y115.571 E2.34103
G1 X104.716 Y114.487 E2.35584
G1 X105.002 Y114.524 E2.35978
G1 X105.002 Y115.571 E2.37408
G1 X105.287 Y115.571 E2.37797
G1 X105.287 Y114.55 E2.39192
G1 X105.573 Y114.572 E2.39584
G1 X105.573 Y115.571 E2.40949
G1 X105.858 Y115.571 E2.41338
G1 X105.858 Y114.59 E2.42678
G1 X106.144 Y114.605 E2.43069
G1 X106.144 Y115.571 E2.44388
G1 X106.43 Y115.571 E2.44779
G1 X106.43 Y114.617 E2.46082
G1 X106.715 Y114.628 E2.46472
G1 X106.715 Y115.571 E2.4776
G1 X107.001 Y115.571 E2.48151
G1 X107.001 Y114.638 E2.49425
G1 X107.287 Y114.646 E2.49816
G1 X107.287 Y115.571 E2.51079
G1 X107.572 Y115.571 E2.51468
G1 X107.572 Y114.653 E2.52722
G1 X107.858 Y114.659 E2.53113
G1 X107.858 Y115.571 E2.54359
G1 X108.143 Y115.571 E2.54748
G1 X108.143 Y114.664 E2.55987
G1 X108.429 Y114.668 E2.56378
G1 X108.429 Y115.571 E2.57611
G1 X108.715 Y115.571 E2.58002
G1 X108.715 Y114.672 E2.5923
G1 X109 Y114.674 E2.59619
G1 X109 Y115.571 E2.60844
G1 X109.286 Y115.571 E2.61235
G1 X109.286 Y114.676 E2.62457
G1 X109.572 Y114.678 E2.62848
G1 X109.572 Y115.571 E2.64068
G1 X109.857 Y115.571 E2.64457
G1 X109.857 Y114.678 E2.65677
G1 X110.143 Y114.678 E2.66068
G1 X110.143 Y115.571 E2.67288
G1 X110.428 Y115.571 E2.67677
G1 X110.428 Y114.678 E2.68897
G1 X110.714 Y114.676 E2.69288
G1 X110.714 Y115.571 E2.7051
G1 X111 Y115.571 E2.70901
G1 X111 Y114.674 E2.72126
G1 X111.285 Y114.672 E2.72515
G1 X111.285 Y115.571 E2.73743
G1 X111.571 Y115.571 E2.74134
G1 X111.571 Y114.668 E2.75367
G1 X111.856 Y114.664 E2.75756
G1 X111.856 Y115.571 E2.76995
G1 X112.142 Y115.571 E2.77386
G1 X112.142 Y114.659 E2.78632
G1 X112.428 Y114.653 E2.79023
G1 X112.428 Y115.571 E2.80277
G1 X112.713 Y115.571 E2.80666
G1 X112.713 Y114.646 E2.81929
G1 X112.999 Y114.638 E2.8232
G1 X112.999 Y115.571 E2.83594
G1 X113.285 Y115.571 E2.83985
G1 X113.285 Y114.628 E2.85273
G1 X113.57 Y114.617 E2.85663
G1 X113.57 Y115.571 E2.86966
G1 X113.856 Y115.571 E2.87357
G1 X113.856 Y114.605 E2.88676
G1 X114.141 Y114.59 E2.89066
G1 X114.141 Y115.571 E2.90406
G1 X114.427 Y115.571 E2.90797
G1 X114.427 Y114.572 E2.92162
G1 X114.713 Y114.55 E2.92554
G1 X114.713 Y115.571 E2.93949
G1 X114.998 Y115.571 E2.94338
G1 X114.998 Y114.524 E2.95768
G1 X115.284 Y114.487 E2.96162
G1 X115.284 Y115.571 E2.97643
G1 X115.57 Y115.571 E2.98034
G1 X115.57 Y114.436 E2.99584
G1 X115.855 Y114.358 E2.99988
G1 X115.855 Y115.571 E3.01645
G1 X116.141 Y115.571 E3.02036
G1 X116.141 Y114.228 E3.0387
G1 X116.426 Y113.981 E3.04385
G1 X116.426 Y115.571 E3.06557
G1 X116.712 Y115.571 E3.06948
G1 X116.712 Y113.367 E3.09958
G1 X116.838 Y112.786 E3.1077
G1 X116.998 Y112.786 E3.10989
G1 X116.998 Y115.571 E3.14793
G1 X117.283 Y115.571 E3.15182
G1 X117.283 Y112.786 E3.18986
G1 X117.569 Y112.786 E3.19377
G1 X117.569 Y115.571 E3.23181
G1 X117.854 Y115.571 E3.2357
G1 X117.854 Y112.786 E3.27374
G1 X118.14 Y112.786 E3.27765
G1 X118.14 Y115.7 E3.31745
G1 E1.31745 F2400
G92 E0
G1 X117.283 Y110.129 F7800
G1 E2 F2400
G1 F3600
G1 X117.569 Y107.73 E2.033
G1 X117.569 Y110 E2.06401
G1 X117.854 Y110 E2.0679
G1 X117.854 Y105.981 E2.1228
G1 X118.14 Y104.367 E2.14519
G1 X118.14 Y110 E2.22213
G1 X118.357 Y110 E2.22509
G1 X118.426 Y101.643 E2.33924
G1 X118.711 Y101.643 E2.34313
G1 X118.711 Y104.429 E2.38118
G1 X118.997 Y104.429 E2.38509
G1 X118.997 Y101.643 E2.42314
G1 X119.283 Y101.643 E2.42705
G1 X119.283 Y104.429 E2.4651
G1 X119.568 Y104.429 E2.46899
G1 X119.568 Y101.643 E2.50704
G1 X119.854 Y101.643 E2.51095
G1 X119.854 Y104.429 E2.549
G1 X120.139 Y104.429 E2.55289
G1 X120.139 Y101.643 E2.59094
G1 X120.425 Y101.643 E2.59485
G1 X120.425 Y104.429 E2.6329
G1 X120.711 Y104.429 E2.63681
G1 X120.711 Y101.643 E2.67486
G1 X120.996 Y101.643 E2.67875
G1 X120.996 Y104.557 E2.71855
G1 E.71855 F2400
G92 E0
G1 X118.14 Y101.517 F7800
G1 E2 F2400
G1 F3600
G1 X118.14 Y98.858 E2.03632
G1 X117.854 Y98.858 E2.04023
G1 X117.854 Y101.243 E2.07281
G1 X117.569 Y101.172 E2.07682
G1 X117.569 Y98.858 E2.10843
G1 X117.283 Y98.858 E2.11234
G1 X117.283 Y101.13 E2.14337
G1 X116.998 Y101.102 E2.14728
G1 X116.998 Y98.858 E2.17793
G1 X116.712 Y98.858 E2.18184
G1 X116.712 Y101.082 E2.21222
G1 X116.426 Y101.066 E2.21613
G1 X116.426 Y98.858 E2.24629
G1 X116.141 Y98.858 E2.25018
G1 X116.141 Y101.053 E2.28016
G1 X115.855 Y101.042 E2.28407
G1 X115.855 Y98.729 E2.31566
;LAYER_CHANGE
;Z:0.55
;HEIGHT:0.1
G1 E.31566 F2400
G92 E0
G1 Z.55 F7800
G1 X112.753 Y121.11
G1 E2 F2400
;TYPE:Support material
;HEIGHT:0.2
G1 F3600
G1 X107.247 Y121.11 E2.14059
G1 X107.247 Y118.389 E2.21007
G1 X112.753 Y118.389 E2.35066
G1 X112.753 Y121.064 E2.41896
G1 E.41896 F2400
G92 E0
G1 X118.325 Y115.539 F7800
G1 E2 F2400
;HEIGHT:0.1
G1 F3600
G1 X101.675 Y115.539 E2.22742
G1 X101.675 Y112.468 E2.26937
;HEIGHT:0.2
G1 X101.675 Y110.318 E2.32427
;HEIGHT:0.1
G1 X101.675 Y105.258 E2.39339
G1 X102.502 Y110.318 E2.46342
;HEIGHT:0.2
G1 X102.819 Y112.468 E2.51891
;HEIGHT:0.1
G1 X103.004 Y113.562 E2.53407
G1 X103.171 Y114.094 E2.54169
G1 X103.458 Y114.477 E2.54823
G1 X103.906 Y114.731 E2.55526
G1 X104.6 Y114.885 E2.56497
G1 X105.587 Y114.971 E2.5785
G1 X110 Y115.063 E2.63879
G1 X114.412 Y114.971 E2.69907
G1 X115.4 Y114.885 E2.71262
G1 X116.094 Y114.731 E2.72233
G1 X116.542 Y114.477 E2.72936
G1 X116.829 Y114.094 E2.7359
G1 X116.996 Y113.562 E2.74352
G1 X117.181 Y112.468 E2.75868
;HEIGHT:0.2
G1 X117.498 Y110.318 E2.81417
;HEIGHT:0.1
G1 X118.325 Y105.258 E2.8842
G1 X118.325 Y110.318 E2.95332
;HEIGHT:0.2
G1 X118.325 Y112.468 E3.00822
;HEIGHT:0.1
G1 X118.325 Y115.493 E3.04954
G1 X118.188 Y112.786 F7800
G1 F3600
G1 X117.4 Y112.786 E3.0603
G1 X117.45 Y112.468 E3.0647
;HEIGHT:0.2
G1 X117.766 Y110.318 E3.12019
;HEIGHT:0.1
G1 X117.813 Y110 E3.12458
G1 X118.188 Y110 E3.1297
G1 E1.1297 F2400
G92 E0
G1 X114.593 Y108.596 F7800
G1 E2 F2400
;HEIGHT:0.2
G1 F3600
G1 X105.827 Y108.596 E2.22383
G1 X105.827 Y105.842 E2.29415
G1 X114.593 Y105.842 E2.51798
G1 X114.593 Y108.55 E2.58713
G1 X114.456 Y107.214 F7800
G1 F3600
G1 X105.964 Y107.214 E2.80396
G1 E.80396 F2400
G92 E0
G1 X107.182 Y103.914 F7800
G1 E2 F2400
G1 F3600
G1 X105.861 Y103.914 E2.03373
G1 X105.861 Y103.317 E2.04897
G1 X107.182 Y103.317 E2.0827
G1 X107.182 Y103.867 E2.09674
G1 E.09674 F2400
G92 E0
G1 X104.397 Y100.837 F7800
G1 E2 F2400
;HEIGHT:0.1
G1 F3600
G1 X104.397 Y98.89 E2.02659
G1 X101.675 Y98.89 E2.06377
G1 X101.675 Y101.177 E2.09501
G1 X102.522 Y100.992 E2.10685
G1 X104.397 Y100.883 E2.1325
G1 E.1325 F2400
G92 E0
G1 X101.183 Y101.676 F7800
G1 E2 F2400
G1 F3600
G1 X101.149 Y102.364 E2.00941
G1 X101.516 Y104.397 E2.03763
G1 X98.89 Y104.397 E2.0735
G1 X98.89 Y101.675 E2.11068
G1 X101.138 Y101.675 E2.14139
G1 X102.317 Y110 F7800
G1 F3600
G1 X101.941 Y110 E2.14653
G1 X101.941 Y110.318 E2.15087
;HEIGHT:0.2
G1 X101.941 Y112.468 E2.20577
;HEIGHT:0.1
G1 X101.941 Y112.786 E2.21011
G1 X102.73 Y112.786 E2.22089
G1 E.22089 F2400
G92 E0
G1 X114.462 Y103.51 F7800
G1 E2 F2400
;HEIGHT:0.2
G1 F3600
G1 X114.462 Y103.914 E2.01032
G1 X112.818 Y103.914 E2.0523
G1 X112.818 Y103.317 E2.06754
G1 X114.462 Y103.317 E2.10952
G1 X114.462 Y103.463 E2.11325
G1 E.11325 F2400
G92 E0
G1 X118.325 Y101.131 F7800
G1 E2 F2400
;HEIGHT:0.1
G1 F3600
G1 X118.325 Y98.89 E2.03061
G1 X115.603 Y98.89 E2.06779
G1 X115.603 Y100.883 E2.09501
G1 X117.478 Y100.992 E2.12066
G1 X118.325 Y101.177 E2.1325
G1 E.1325 F2400
G92 E0
G1 X121.11 Y104.351 F7800
G1 E2 F2400
G1 F3600
G1 X121.11 Y101.675 E2.03655
G1 X118.817 Y101.675 E2.06787
G1 X118.851 Y102.364 E2.07729
G1 X118.484 Y104.397 E2.10551
G1 X121.11 Y104.397 E2.14138
;LAYER_CHANGE
;Z:0.65
;HEIGHT:0.1
G1 E.14138 F2400
G92 E0
G1 Z.65 F7800
G1 X114.944 Y104.874
G1 E2 F2400
;TYPE:Perimeter
;WIDTH:0.365271
;HEIGHT:0.3
G1 F900
G1 X114.851 Y104.878 E2.00349
;WIDTH:0.357211
G1 X105.47 Y104.878 E2.34612
G1 E.34612 F2400
G92 E0
G1 X115.367 Y105.015 F7800
G1 E2 F2400
;WIDTH:0.45
G1 F900
G1 X115.524 Y105.194 E2.01145
G1 X115.604 Y105.488 E2.0261
G1 X115.604 Y108.95 E2.19261
G1 X115.575 Y109.131 E2.20143
G1 X115.365 Y109.431 E2.21904
G1 X114.95 Y109.607 E2.24072
G1 X105.47 Y109.607 E2.69668
G1 X105.27 Y109.571 E2.70645
G1 X104.979 Y109.353 E2.72394
G1 X104.816 Y109.018 E2.74186
G1 X104.816 Y105.488 E2.91164
G1 X104.896 Y105.195 E2.92625
G1 X105.064 Y104.999 E2.93867
G1 X105.221 Y104.906 E2.94745
;WIDTH:0.418332
G1 X105.345 Y104.892 E2.95296
;WIDTH:0.387771
G1 X105.47 Y104.878 E2.95803
G1 X105.346 Y104.863 E2.96307
;WIDTH:0.418332
G1 X105.221 Y104.849 E2.96862
;WIDTH:0.45
G1 X104.981 Y104.673 E2.98293
G1 X104.856 Y104.47 E2.9944
G1 X104.822 Y104.274 E3.00397
G1 X104.822 Y102.957 E3.06731
G1 X104.888 Y102.687 E3.08068
G1 X105.064 Y102.475 E3.09393
G1 X105.363 Y102.331 E3.10989
;WIDTH:0.422841
G1 X106.144 Y102.32 E3.14481
;WIDTH:0.435583
G1 X114.162 Y102.321 E3.51603
;WIDTH:0.420439
G1 X114.851 Y102.326 E3.54663
;WIDTH:0.45
G1 X115.259 Y102.475 E3.56752
G1 X115.332 Y102.547 E3.57245
G1 X115.502 Y102.988 E3.59518
G1 X115.502 Y104.274 E3.65703
G1 X115.441 Y104.531 E3.66973
G1 X115.259 Y104.755 E3.68361
;WIDTH:0.449667
G1 X115.053 Y104.864 E3.69481
;WIDTH:0.45
G1 X115.323 Y104.975 E3.70885
G1 X115.095 Y105.289 F7800
;TYPE:External perimeter
G1 F900
G1 X115.191 Y105.39 E3.71555
G1 X115.218 Y105.488 E3.72044
G1 X115.218 Y108.95 E3.88695
G1 X115.164 Y109.085 E3.89394
G1 X115.088 Y109.163 E3.89918
G1 X114.95 Y109.221 E3.90638
G1 X105.47 Y109.221 E4.36234
G1 X105.332 Y109.163 E4.36954
G1 X105.202 Y108.974 E4.38057
G1 X105.202 Y105.488 E4.54823
G1 X105.272 Y105.337 E4.55624
G1 X105.407 Y105.217 E4.56493
G1 X114.851 Y105.217 E5.01915
G1 X115.051 Y105.249 E5.02889
G1 X115.206 Y105.618 F7800
G1 E3.02889 F2400
G92 E0
G1 X105.279 Y102.811 F7800
G1 E2 F2400
G1 F900
G1 X105.336 Y102.748 E2.00409
G1 X105.472 Y102.692 E2.01116
G1 X114.851 Y102.692 E2.46226
G1 X115.059 Y102.82 E2.47401
G1 X115.116 Y102.988 E2.48254
G1 X115.116 Y104.274 E2.54439
G1 X115.059 Y104.41 E2.55148
G1 X114.851 Y104.539 E2.56325
G1 X105.471 Y104.539 E3.0144
G1 X105.325 Y104.471 E3.02215
G1 X105.207 Y104.303 E3.03202
G1 X105.207 Y103.129 E3.08849
G1 X105.229 Y102.867 E3.10114
G1 X105.239 Y102.856 E3.10186
G1 X105.609 Y102.705 F7800
G1 X104.012 Y102.863
;TYPE:Perimeter
;WIDTH:0.573164
G1 F900
G1 X103.989 Y103.129 E3.1188
G1 X104.017 Y103.788 E3.16066
;WIDTH:0.523631
G1 X104.046 Y104.447 E3.19844
;WIDTH:0.481225
G1 X104.178 Y104.875 E3.22173
G1 X104.137 Y104.956 E3.22645
G1 X104.121 Y105.109 E3.23445
;WIDTH:0.443255
G1 X104.105 Y105.262 E3.24172
;WIDTH:0.405286
G1 X104.088 Y105.415 E3.24827
;WIDTH:0.416528
G1 X104.063 Y105.493 E3.25187
;WIDTH:0.465739
G1 X104.038 Y105.571 E3.25597
;WIDTH:0.51495
G1 X104.013 Y105.649 E3.26057
;WIDTH:0.564161
G1 X103.988 Y105.727 E3.26568
;WIDTH:0.613373
G1 X103.963 Y105.805 E3.27129
G1 X103.939 Y105.755 E3.27509
;WIDTH:0.564042
G1 X103.915 Y105.704 E3.2786
;WIDTH:0.514712
G1 X103.891 Y105.654 E3.28172
;WIDTH:0.465382
G1 X103.867 Y105.603 E3.28454
;WIDTH:0.416051
G1 X103.843 Y105.553 E3.28697
;WIDTH:0.366721
G1 X103.819 Y105.502 E3.2891
;WIDTH:0.317391
G1 X103.796 Y105.452 E3.29084
;TYPE:Overhang perimeter
;WIDTH:0.4
;HEIGHT:0.4
G1 X103.768 Y105.254 E3.30129
;TYPE:Perimeter
;WIDTH:0.474236
;HEIGHT:0.3
G1 X103.724 Y104.841 E3.32252
G1 X103.635 Y104.328 E3.34914
;TYPE:Overhang perimeter
;WIDTH:0.4
;HEIGHT:0.4
G1 X103.627 Y104.276 E3.35189
;TYPE:Perimeter
;WIDTH:0.537846
;HEIGHT:0.3
G1 X103.537 Y103.584 E3.3931
;WIDTH:0.573164
G1 X103.447 Y102.892 E3.43738
G1 X103.952 Y102.866 E3.46947
G1 E1.46947 F2400
G92 E0
G1 X103.963 Y105.805 F7800
G1 E2 F2400
;WIDTH:0.613373
G1 F900
G1 X103.987 Y106.087 E2.01938
;WIDTH:0.564616
G1 X104.012 Y106.368 E2.03698
;WIDTH:0.51586
G1 X104.036 Y106.65 E2.05292
;WIDTH:0.467103
G1 X104.061 Y106.932 E2.06714
;WIDTH:0.418347
G1 X104.069 Y107.046 E2.07219
G1 E.07219 F2400
G92 E0
G1 X115.455 Y110.164 F7800
G1 E2 F2400
;WIDTH:0.45
G1 F900
G1 X115.263 Y111.501 E2.06496
;TYPE:Overhang perimeter
;WIDTH:0.4
;HEIGHT:0.4
G1 X115.157 Y112.234 E2.10365
G1 X115.061 Y112.731 E2.1301
G1 X114.79 Y112.785 E2.14454
G1 X114.316 Y112.818 E2.16936
;TYPE:Perimeter
;WIDTH:0.45
;HEIGHT:0.3
G1 X113.055 Y112.885 E2.2301
G1 X110 Y112.929 E2.37705
G1 X106.919 Y112.884 E2.52525
G1 X105.681 Y112.817 E2.58488
;TYPE:Overhang perimeter
;WIDTH:0.4
;HEIGHT:0.4
G1 X104.942 Y112.744 E2.62368
G1 X104.723 Y111.461 E2.69168
;TYPE:Perimeter
;WIDTH:0.45
;HEIGHT:0.3
G1 X104.518 Y109.979 E2.76364
G1 X105.003 Y110.295 E2.79148
G1 X105.47 Y110.378 E2.81429
G1 X114.95 Y110.378 E3.27025
G1 X115.4 Y110.188 E3.29374
G1 E1.29374 F2400
G92 E0
G1 X103.876 Y102.421 F7800
G1 E2 F2400
G1 F3600
G1 X103.878 Y102.421 E2.0001
G1 X104.632 Y102.393 E2.03639
G1 X104.547 Y102.507 E2.04323
G1 X104.436 Y102.957 E2.06552
G1 X104.436 Y104.274 E2.12886
G1 X104.493 Y104.601 E2.14482
G1 X104.656 Y104.878 E2.16028
G1 X104.507 Y105.112 E2.17362
G1 X104.43 Y105.488 E2.19208
G1 X104.43 Y106.932 E2.26153
;WIDTH:0.496126
G1 X104.407 Y107.103 E2.27082
;WIDTH:0.542253
G1 X104.384 Y107.274 E2.2811
;WIDTH:0.58838
G1 X104.361 Y107.445 E2.29238
G1 X104.383 Y108.029 E2.33057
;WIDTH:0.544683
G1 X104.405 Y108.613 E2.36558
;WIDTH:0.500987
G1 X104.462 Y109.25 E2.40041
;WIDTH:0.481242
G1 X104.702 Y109.622 E2.42343
;WIDTH:0.45
G1 X105.136 Y109.933 E2.44911
G1 X105.47 Y109.993 E2.46543
G1 X114.95 Y109.993 E2.92139
G1 X115.642 Y109.7 E2.95753
;WIDTH:0.47452
G1 X115.666 Y109.665 E2.9597
;TYPE:Overhang perimeter
;WIDTH:0.4
;HEIGHT:0.4
G1 X115.958 Y109.256 E2.98596
G1 X115.909 Y109.716 E3.01013
G1 X115.604 Y111.838 E3.12213
G1 X115.485 Y112.573 E3.16103
G1 X115.369 Y113.062 E3.18729
G1 X114.41 Y113.206 E3.23795
G1 X113.237 Y113.263 E3.29931
;TYPE:Perimeter
;WIDTH:0.45
;HEIGHT:0.3
G1 X110 Y113.314 E3.45502
G1 X106.768 Y113.264 E3.61049
;TYPE:Overhang perimeter
;WIDTH:0.4
;HEIGHT:0.4
G1 X105.932 Y113.228 E3.65421
G1 X105.203 Y113.17 E3.69242
G1 X104.686 Y113.092 E3.71974
G1 X104.632 Y113.049 E3.72335
G1 X104.504 Y112.541 E3.75072
G1 X104.339 Y111.506 E3.80548
G1 X104.119 Y109.906 E3.88986
G1 X103.84 Y107.484 E4.01723
G1 X103.696 Y106.995 E4.04386
G1 X102.913 Y102.501 E4.28219
G1 X103.381 Y102.462 E4.30673
;TYPE:Perimeter
;WIDTH:0.45
;HEIGHT:0.3
G1 X103.816 Y102.426 E4.32772
G1 E2.32772 F2400
G92 E0
G1 X116.195 Y102.801 F7800
G1 E2 F2400
;WIDTH:0.423964
G1 F900
G1 X116.579 Y102.818 E2.01724
;TYPE:Overhang perimeter
;WIDTH:0.4
;HEIGHT:0.4
G1 X116.652 Y102.821 E2.02106
G1 X116.452 Y103.732 E2.06979
;TYPE:Perimeter
;WIDTH:0.518009
;HEIGHT:0.3
G1 X116.389 Y104.003 E2.08553
;WIDTH:0.555817
G1 X116.326 Y104.274 E2.10258
G1 X116.304 Y103.845 E2.12891
;WIDTH:0.511866
G1 X116.282 Y103.417 E2.15283
;WIDTH:0.467915
G1 X116.26 Y102.988 E2.17445
;WIDTH:0.423964
G1 X116.215 Y102.857 E2.18066
G1 X116.326 Y104.274 F7800
;WIDTH:0.558811
G1 F900
G1 X116.235 Y104.775 E2.21206
G1 E.21206 F2400
G92 E0
G1 X115.661 Y102.412 F7800
G1 E2 F2400
;WIDTH:0.45
G1 F900
G1 X116.62 Y102.445 E2.04615
;TYPE:Overhang perimeter
;WIDTH:0.4
;HEIGHT:0.4
G1 X117.091 Y102.482 E2.07083
G1 X116.668 Y104.852 E2.19661
G1 X116.505 Y105.527 E2.23289
G1 X116.244 Y107.619 E2.34303
G1 X116.074 Y107.976 E2.36369
G1 X115.95 Y107.577 E2.38552
G1 X115.961 Y107.271 E2.40152
;TYPE:Perimeter
;WIDTH:0.40138
;HEIGHT:0.3
G1 X115.965 Y107.156 E2.40636
;WIDTH:0.446651
G1 X115.988 Y106.6 E2.43289
;WIDTH:0.492712
G1 X116.011 Y106.044 E2.46262
;WIDTH:0.538773
G1 X116.034 Y105.488 E2.49555
G1 X115.945 Y105.243 E2.51097
;WIDTH:0.494386
G1 X115.856 Y104.998 E2.52495
;WIDTH:0.45
G1 X115.719 Y104.818 E2.53583
G1 X115.824 Y104.618 E2.54669
G1 X115.887 Y104.274 E2.56351
G1 X115.887 Y102.957 E2.62685
G1 X115.684 Y102.467 E2.65236
G1 E.65236 F2400
G92 E0
G1 X115.958 Y109.256 F7800
G1 E2 F2400
;TYPE:Overhang perimeter
;WIDTH:0.4
;HEIGHT:0.4
G1 F900
G1 X116.004 Y108.95 E2.01617
G1 X116.074 Y107.976 E2.06719
G1 E.06719 F2400
G92 E0
G1 X103.862 Y102.036 F7800
G1 E2 F2400
;TYPE:Perimeter
;WIDTH:0.45
;HEIGHT:0.3
G1 F3600
G1 X105.468 Y101.972 E2.0773
;WIDTH:0.422841
G1 X106.143 Y101.961 E2.10748
;WIDTH:0.435583
G1 X110.288 Y101.942 E2.29939
G1 X114.164 Y101.965 E2.47885
;WIDTH:0.420439
G1 X114.879 Y101.982 E2.51061
;WIDTH:0.45
G1 X116.554 Y102.054 E2.59125
;TYPE:Overhang perimeter
;WIDTH:0.4
;HEIGHT:0.4
G1 X117.438 Y102.147 E2.63769
G1 X117.517 Y102.206 E2.64284
G1 X117.503 Y102.368 E2.65134
G1 X116.654 Y107.25 E2.91023
G1 X115.863 Y112.647 E3.19521
G1 X115.694 Y113.31 E3.23096
G1 X115.582 Y113.412 E3.23887
G1 X114.985 Y113.534 E3.2707
G1 X114.436 Y113.591 E3.29954
G1 X113.1 Y113.655 E3.36942
G1 X110 Y113.7 E3.5314
G1 X106.898 Y113.655 E3.69348
G1 X105.908 Y113.613 E3.74525
G1 X105.172 Y113.554 E3.78383
G1 X104.622 Y113.472 E3.81288
G1 X104.383 Y113.378 E3.8263
G1 X104.243 Y113.117 E3.84177
G1 X104.125 Y112.612 E3.86886
G1 X103.958 Y111.563 E3.92436
G1 X103.562 Y108.692 E4.07578
G1 X103.318 Y107.068 E4.16158
G1 X102.628 Y103.114 E4.37128
G1 X102.484 Y102.175 E4.42091
G1 X102.638 Y102.143 E4.42913
G1 X103.436 Y102.073 E4.47098
;TYPE:Perimeter
;WIDTH:0.45
;HEIGHT:0.3
G1 X103.802 Y102.041 E4.48865
G1 X103.844 Y101.65 F7800
;TYPE:External perimeter
G1 F1800
G1 X106.137 Y101.589 E4.59897
G1 X110.289 Y101.564 E4.79867
G1 X114.173 Y101.594 E4.98548
G1 X116.165 Y101.656 E5.08133
;TYPE:Overhang perimeter
;WIDTH:0.4
;HEIGHT:0.4
G1 F3600
G1 X116.611 Y101.67 E5.10464
G1 X117.5 Y101.766 E5.15136
G1 X117.864 Y101.902 E5.17166
G1 X117.886 Y102.418 E5.19864
G1 X117.035 Y107.309 E5.45801
G1 X116.242 Y112.721 E5.74378
G1 X116.069 Y113.405 E5.78064
G1 X115.954 Y113.619 E5.79333
G1 X115.71 Y113.779 E5.80857
G1 X114.978 Y113.929 E5.84761
G1 X114.463 Y113.975 E5.87462
G1 X113.112 Y114.041 E5.94529
G1 X110 Y114.086 E6.10789
G1 X106.887 Y114.041 E6.27055
G1 X105.885 Y113.998 E6.32295
G1 X105.142 Y113.939 E6.36189
G1 X104.642 Y113.866 E6.38829
G1 X104.227 Y113.75 E6.4108
G1 X104.012 Y113.571 E6.42542
G1 X103.853 Y113.181 E6.44742
G1 X103.746 Y112.683 E6.47403
G1 X103.576 Y111.62 E6.53027
G1 X103.181 Y108.75 E6.68163
G1 X102.937 Y107.13 E6.76722
G1 X102.107 Y102.369 E7.01971
G1 X102.134 Y101.908 E7.04384
G1 X102.437 Y101.777 E7.06109
G1 X103.424 Y101.668 E7.11297
G1 X103.784 Y101.653 E7.13179
G1 X104.184 Y101.642 F7800
G1 E5.13179 F2400
G92 E0
G1 X107.624 Y110.668 F7800
G1 E2 F2400
;TYPE:Solid infill
;WIDTH:0.45
;HEIGHT:0.3
G1 F1200
G1 X112.382 Y110.668 E2.22884
G1 X112.206 Y110.828 E2.24028
G1 X111.806 Y111.386 E2.2733
G1 X111.55 Y112.032 E2.30672
G1 X111.453 Y112.619 E2.33534
G1 X110 Y112.64 E2.40523
G1 X108.518 Y112.618 E2.47652
G1 X108.493 Y112.195 E2.4969
G1 X108.241 Y111.489 E2.53295
G1 X107.959 Y111.029 E2.5589
G1 X107.755 Y110.809 E2.57333
G1 E.57333 F2400
G92 E0
G1 X111.372 Y111.053 F7800
G1 E2 F2400
G1 F1200
G1 X108.429 Y111.053 E2.14155
G1 X108.604 Y111.359 E2.1585
G1 X108.856 Y112.065 E2.19455
G1 X108.889 Y112.238 E2.20302
G1 X109.991 Y112.254 E2.25603
G1 X111.117 Y112.238 E2.31019
G1 X111.203 Y111.853 E2.32916
G1 X111.449 Y111.242 E2.36084
G1 X111.565 Y111.053 E2.37151
G1 X110 Y111.45 F7800
;WIDTH:0.471942
G1 F1200
G1 X110.941 Y111.447 E2.41934
;WIDTH:0.467302
G1 X110.794 Y111.848 E2.4408
G1 X110.646 Y111.85 E2.44824
;WIDTH:0.471942
G1 X109.197 Y111.848 E2.5219
;WIDTH:0.467175
G1 X109.054 Y111.447 E2.54329
G1 X109.34 Y111.447 E2.55766
;WIDTH:0.47055
G1 X109.807 Y111.449 E2.58132
G1 E.58132 F2400
G92 E0
G1 X105.26 Y112.663 F7800
G1 E2 F2400
;TYPE:Bridge infill
;WIDTH:0.423273
;HEIGHT:0.4
G1 F3600
G1 X104.929 Y110.605 E2.12194
G1 X105.412 Y110.691 E2.15064
G1 X105.712 Y112.499 E2.25786
G1 X106.197 Y112.532 E2.2863
G1 X105.893 Y110.7 E2.39494
G1 X106.373 Y110.7 E2.42302
G1 X106.681 Y112.552 E2.53285
G1 X107.163 Y112.566 E2.56106
G1 X106.853 Y110.7 E2.67172
G1 X107.08 Y110.7 E2.685
G1 X107.112 Y110.784 E2.69026
G1 X107.384 Y111.01 E2.71095
G1 X107.644 Y112.573 E2.80364
G1 X108.112 Y112.58 E2.83102
G1 X107.92 Y111.346 E2.90408
G1 E.90408 F2400
G92 E0
G1 X114.758 Y112.659 F7800
G1 E2 F2400
;WIDTH:0.427311
G1 F3600
G1 X115.044 Y110.671 E2.11975
G1 X114.976 Y110.7 E2.12416
G1 X114.557 Y110.7 E2.14914
G1 X114.298 Y112.503 E2.25774
G1 X113.812 Y112.527 E2.28675
G1 X114.075 Y110.7 E2.3968
G1 X113.593 Y110.7 E2.42554
G1 X113.327 Y112.55 E2.53698
G1 X112.842 Y112.566 E2.56591
G1 X113.111 Y110.7 E2.67832
G1 X112.92 Y110.7 E2.68971
G1 X112.888 Y110.786 E2.69518
G1 X112.579 Y111.039 E2.71899
G1 X112.359 Y112.573 E2.81139
G1 X111.876 Y112.58 E2.84019
G1 X112.045 Y111.399 E2.91132
;LAYER_CHANGE
;Z:0.83
;HEIGHT:0.18
G1 E.91132 F2400
G92 E0
G1 Z.83 F7800
G1 X114.433 Y103.48
G1 E2 F2400
;TYPE:Support material
;WIDTH:0.35
;HEIGHT:0.28
G1 F3600
G1 X114.433 Y103.317 E2.0055
G1 X112.818 Y103.317 E2.06
G1 X112.818 Y103.914 E2.08015
G1 X114.433 Y103.914 E2.13465
G1 X114.433 Y103.523 E2.14785
G1 E.14785 F2400
G92 E0
G1 X114.593 Y108.596 F7800
G1 E2 F2400
G1 F3600
G1 X105.827 Y108.596 E2.29584
G1 X105.827 Y105.842 E2.38878
G1 X114.593 Y105.842 E2.68462
G1 X114.593 Y108.553 E2.77611
G1 X114.463 Y107.214 F7800
G1 F3600
G1 X105.957 Y107.214 E3.06318
G1 E1.06318 F2400
G92 E0
G1 X107.182 Y103.914 F7800
G1 E2 F2400
G1 F3600
G1 X105.891 Y103.914 E2.04357
G1 X105.891 Y103.317 E2.06372
G1 X107.182 Y103.317 E2.10729
G1 X107.182 Y103.87 E2.12595
G1 E.12595 F2400
G92 E0
G1 X104.463 Y115.071 F7800
G1 E2 F2400
G1 F3600
G1 X106.306 Y115.242 E2.06247
G1 X110 Y115.31 E2.18716
G1 X113.694 Y115.242 E2.31185
G1 X115.539 Y115.07 E2.37439
G1 X115.539 Y115.539 E2.39022
G1 X104.461 Y115.539 E2.76409
G1 X104.461 Y115.112 E2.7785
G1 E.7785 F2400
G92 E0
G1 X112.753 Y121.067 F7800
G1 E2 F2400
G1 F3600
G1 X112.753 Y118.389 E2.09038
G1 X107.247 Y118.389 E2.2762
G1 X107.247 Y121.11 E2.36803
G1 X112.753 Y121.11 E2.55385
;LAYER_CHANGE
;Z:0.95
;HEIGHT:0.12
G1 E.55385 F2400
G92 E0
G1 Z.95 F7800
G1 X114.914 Y104.874
G1 E2 F2400
;TYPE:Perimeter
;WIDTH:0.365271
;HEIGHT:0.3
G1 F900
G1 X114.822 Y104.878 E2.00346
;WIDTH:0.357207
G1 X105.501 Y104.878 E2.34389
;WIDTH:0.358123
G1 X105.47 Y104.877 E2.34503
G1 E.34503 F2400
G92 E0
G1 X115.364 Y105.017 F7800
G1 E2 F2400
;WIDTH:0.45
G1 F900
G1 X115.531 Y105.207 E2.01217
G1 X115.604 Y105.488 E2.02613
G1 X115.604 Y108.95 E2.19264
G1 X115.574 Y109.135 E2.20165
G1 X115.365 Y109.431 E2.21908
G1 X115.15 Y109.571 E2.23142
G1 X114.95 Y109.607 E2.24119
G1 X105.47 Y109.607 E2.69715
G1 X105.27 Y109.571 E2.70692
G1 X104.979 Y109.353 E2.72441
G1 X104.816 Y109.024 E2.74207
G1 X104.816 Y105.488 E2.91214
G1 X104.892 Y105.202 E2.92637
G1 X105.087 Y104.977 E2.94069
G1 X105.241 Y104.899 E2.94899
;WIDTH:0.413736
G1 X105.356 Y104.888 E2.95402
;WIDTH:0.385929
G1 X105.47 Y104.877 E2.95861
G1 X105.356 Y104.86 E2.96323
;WIDTH:0.413736
G1 X105.243 Y104.843 E2.96821
;WIDTH:0.45
G1 X105.021 Y104.684 E2.98134
G1 X104.882 Y104.461 E2.99398
G1 X104.851 Y104.274 E3.0031
G1 X104.851 Y102.957 E3.06644
G1 X104.895 Y102.734 E3.07737
G1 X105.093 Y102.475 E3.09305
;WIDTH:0.482776
G1 X105.384 Y102.302 E3.11072
G1 X105.896 Y102.29 E3.13745
;WIDTH:0.498093
G1 X114.104 Y102.29 E3.58146
;WIDTH:0.481827
G1 X114.822 Y102.295 E3.61884
;WIDTH:0.472786
G1 X115.23 Y102.475 E3.64156
;WIDTH:0.45
G1 X115.341 Y102.59 E3.64925
G1 X115.472 Y102.957 E3.66799
G1 X115.472 Y104.274 E3.73133
G1 X115.428 Y104.496 E3.74222
G1 X115.229 Y104.755 E3.75793
;WIDTH:0.447937
G1 X115.044 Y104.859 E3.76808
;WIDTH:0.45
G1 X115.316 Y104.962 E3.78207
G1 X115.324 Y104.972 E3.78269
G1 X115.093 Y105.29 F7800
;TYPE:External perimeter
G1 F900
G1 X115.218 Y105.419 E3.79133
G1 X115.218 Y108.95 E3.96116
G1 X115.164 Y109.085 E3.96815
G1 X115.016 Y109.209 E3.97744
G1 X105.47 Y109.221 E4.43657
G1 X105.332 Y109.163 E4.44377
G1 X105.202 Y108.995 E4.45399
G1 X105.202 Y105.488 E4.62266
G1 X105.256 Y105.354 E4.62961
G1 X105.41 Y105.217 E4.63952
G1 X114.822 Y105.217 E5.0922
G1 X115.049 Y105.245 E5.1032
G1 X115.051 Y105.247 E5.10334
G1 X115.208 Y105.615 F7800
G1 E3.10334 F2400
G92 E0
G1 X105.308 Y102.809 F7800
G1 E2 F2400
G1 F900
G1 X105.469 Y102.692 E2.00957
G1 X114.822 Y102.692 E2.45942
G1 X115.03 Y102.82 E2.47117
G1 X115.087 Y102.957 E2.47831
G1 X115.087 Y104.274 E2.54165
G1 X115.03 Y104.41 E2.54874
G1 X114.851 Y104.539 E2.55935
G1 X105.501 Y104.539 E3.00905
G1 X105.365 Y104.482 E3.01614
G1 X105.236 Y104.274 E3.02791
G1 X105.236 Y102.957 E3.09125
G1 X105.277 Y102.858 E3.0964
G1 X105.646 Y102.702 F7800
G1 E1.0964 F2400
G92 E0
G1 X116.248 Y102.768 F7800
G1 E2 F2400
;TYPE:Perimeter
;WIDTH:0.593841
G1 F900
G1 X116.893 Y102.804 E2.04266
G1 X116.783 Y103.527 E2.09095
;WIDTH:0.557454
G1 X116.725 Y103.96 E2.11782
;WIDTH:0.521067
G1 X116.667 Y104.392 E2.14265
;WIDTH:0.484681
G1 X116.389 Y105.943 E2.22525
;WIDTH:0.477372
G1 X116.389 Y105.488 E2.24869
G1 X116.17 Y104.75 E2.28834
;WIDTH:0.484681
G1 X116.261 Y104.274 E2.31374
;WIDTH:0.521067
G1 X116.279 Y103.865 E2.33706
;WIDTH:0.557454
G1 X116.297 Y103.457 E2.36218
;WIDTH:0.593841
G1 X116.316 Y103.048 E2.38922
G1 X116.262 Y102.826 E2.40431
G1 E.40431 F2400
G92 E0
G1 X104.135 Y102.677 F7800
G1 E2 F2400
;WIDTH:0.45
G1 F900
G1 X104.08 Y102.957 E2.01372
G1 X104.08 Y104.446 E2.08534
G1 X104.209 Y104.846 E2.10555
G1 X104.144 Y104.979 E2.11267
G1 X104.045 Y105.488 E2.13761
;WIDTH:0.499675
G1 X104.02 Y105.947 E2.16257
;WIDTH:0.54935
G1 X103.995 Y106.406 E2.19038
;WIDTH:0.599025
G1 X103.97 Y106.864 E2.22097
;WIDTH:0.648701
G1 X103.945 Y107.323 E2.25447
G1 X103.84 Y106.876 E2.28793
;WIDTH:0.599025
G1 X103.735 Y106.429 E2.31855
;WIDTH:0.54935
G1 X103.629 Y105.982 E2.34634
;WIDTH:0.499675
G1 X103.524 Y105.534 E2.37132
;WIDTH:0.45
G1 X103.024 Y102.749 E2.50741
G1 X103.289 Y102.717 E2.52025
G1 X104.076 Y102.68 E2.55814
G1 E.55814 F2400
G92 E0
G1 X115.735 Y110.088 F7800
G1 E2 F2400
G1 F900
G1 X115.267 Y113.093 E2.14627
G1 X114.782 Y113.158 E2.16981
G1 X113.233 Y113.236 E2.24441
G1 X110 Y113.281 E2.39992
G1 X106.74 Y113.236 E2.55673
G1 X105.67 Y113.19 E2.60824
G1 X104.761 Y113.099 E2.65218
G1 X104.724 Y113.066 E2.65456
G1 X104.246 Y109.979 E2.8048
G1 X104.134 Y109.373 E2.83444
G1 X104.501 Y109.968 E2.86806
G1 X105.002 Y110.294 E2.89681
G1 X105.47 Y110.378 E2.91968
G1 X114.95 Y110.378 E3.37564
G1 X115.418 Y110.294 E3.39851
G1 X115.685 Y110.121 E3.41381
G1 E1.41381 F2400
G92 E0
G1 X104.134 Y109.373 F7800
G1 E2 F2400
;WIDTH:0.409575
G1 F900
G1 X104.068 Y108.95 E2.01843
;WIDTH:0.451925
G1 X104.044 Y108.633 E2.0338
;WIDTH:0.499465
G1 X104.02 Y108.316 E2.05105
;WIDTH:0.547005
G1 X103.996 Y107.998 E2.07025
;WIDTH:0.594545
G1 X103.973 Y107.681 E2.09127
;WIDTH:0.642085
G1 X103.949 Y107.364 E2.11418
;WIDTH:0.648701
G1 X103.945 Y107.323 E2.11718
G1 E.11718 F2400
G92 E0
G1 X102.617 Y102.41 F7800
G1 E2 F2400
;WIDTH:0.45
G1 F3600
G1 X103.257 Y102.333 E2.031
G1 X104.748 Y102.273 E2.10277
G1 X104.539 Y102.586 E2.12087
G1 X104.465 Y102.957 E2.13907
G1 X104.465 Y104.274 E2.20241
G1 X104.517 Y104.586 E2.21762
G1 X104.67 Y104.86 E2.23271
G1 X104.556 Y105.012 E2.24185
G1 X104.43 Y105.488 E2.26553
G1 X104.43 Y108.95 E2.43204
G1 X104.48 Y109.257 E2.447
G1 X104.702 Y109.622 E2.46755
G1 X105.136 Y109.933 E2.49323
G1 X105.47 Y109.993 E2.50955
G1 X114.95 Y109.993 E2.96551
G1 X115.284 Y109.933 E2.98183
G1 X115.642 Y109.7 E3.00237
G1 X115.921 Y109.252 E3.02775
;WIDTH:0.412636
G1 X115.97 Y108.95 E3.04104
;WIDTH:0.451076
G1 X115.99 Y108.403 E3.06744
;WIDTH:0.491591
G1 X116.011 Y107.855 E3.09666
;WIDTH:0.532106
G1 X116.032 Y107.307 E3.12865
G1 X116.011 Y106.397 E3.18175
;WIDTH:0.491053
G1 X115.989 Y105.488 E3.23014
;WIDTH:0.45
G1 X115.868 Y105.02 E3.25339
G1 X115.718 Y104.817 E3.26553
G1 X115.784 Y104.643 E3.27448
G1 X115.858 Y104.274 E3.29258
G1 X115.858 Y102.957 E3.35592
G1 X115.64 Y102.345 E3.38717
G1 X115.58 Y102.28 E3.39142
G1 X116.771 Y102.335 E3.44876
G1 X117.432 Y102.395 E3.48068
G1 X116.862 Y105.566 E3.63564
;WIDTH:0.492421
G1 X116.68 Y106.458 E3.68424
;WIDTH:0.534843
G1 X116.499 Y107.351 E3.73771
G1 X116.431 Y107.946 E3.77285
;WIDTH:0.493416
G1 X116.363 Y108.542 E3.80495
;WIDTH:0.451989
G1 X116.296 Y109.138 E3.83394
;WIDTH:0.45
G1 X116.162 Y109.842 E3.86841
G1 X115.698 Y112.895 E4.01693
G1 X115.597 Y113.393 E4.04137
G1 X115.488 Y113.452 E4.04733
G1 X114.818 Y113.543 E4.07985
G1 X113.241 Y113.622 E4.15579
G1 X110 Y113.667 E4.31169
G1 X108.286 Y113.655 E4.39413
G1 X106.728 Y113.621 E4.46908
G1 X105.642 Y113.575 E4.52136
G1 X104.998 Y113.524 E4.55243
G1 X104.433 Y113.425 E4.58002
G1 X104.348 Y113.156 E4.59359
G1 X104.197 Y112.245 E4.638
G1 X103.47 Y107.422 E4.87259
G1 X102.575 Y102.431 E5.11647
G1 X102.175 Y102.084 F7800
G1 F3600
G1 X102.175 Y102.075 E5.1169
G1 X103.225 Y101.948 E5.16777
G1 X104.738 Y101.886 E5.2406
;WIDTH:0.482776
G1 X105.895 Y101.873 E5.30098
;WIDTH:0.498093
G1 X110.018 Y101.849 E5.52402
G1 X114.106 Y101.873 E5.74516
;WIDTH:0.481827
G1 X114.847 Y101.887 E5.78375
;WIDTH:0.47266
G1 X115.69 Y101.897 E5.82668
;WIDTH:0.45
G1 X116.804 Y101.95 E5.88032
G1 X117.815 Y102.071 E5.92929
G1 X117.829 Y102.362 E5.9433
G1 X116.919 Y107.434 E6.19114
G1 X116.112 Y112.738 E6.44918
G1 X115.993 Y113.398 E6.48144
G1 X115.892 Y113.682 E6.49594
G1 X115.567 Y113.83 E6.51312
G1 X114.854 Y113.927 E6.54773
G1 X113.281 Y114.007 E6.62348
G1 X110 Y114.052 E6.7813
G1 X106.716 Y114.007 E6.93926
G1 X105.646 Y113.962 E6.99077
G1 X104.986 Y113.912 E7.0226
G1 X104.485 Y113.838 E7.04696
G1 X104.144 Y113.719 E7.06433
G1 X103.972 Y113.246 E7.08854
G1 X103.09 Y107.485 E7.36885
G1 X102.167 Y102.34 E7.62026
G1 X102.173 Y102.143 E7.62974
G1 X101.806 Y101.857 F7800
;TYPE:External perimeter
G1 F1800
G1 X101.863 Y101.804 E7.63348
G1 X102.078 Y101.698 E7.64501
G1 X103.193 Y101.564 E7.69902
G1 X104.301 Y101.511 E7.75237
G1 X105.886 Y101.472 E7.82863
G1 X110.018 Y101.439 E8.02737
G1 X114.114 Y101.472 E8.22438
G1 X115.708 Y101.512 E8.30107
G1 X116.837 Y101.566 E8.35543
G1 X117.531 Y101.629 E8.38895
G1 X118.06 Y101.754 E8.41509
G1 X118.207 Y101.869 E8.42407
G1 X118.211 Y102.417 E8.45043
G1 X117.299 Y107.497 E8.69867
G1 X116.449 Y113.076 E8.9701
G1 X116.325 Y113.648 E8.99825
G1 X116.162 Y113.97 E9.01561
G1 X115.97 Y114.086 E9.0264
G1 X115.645 Y114.209 E9.04311
G1 X114.89 Y114.311 E9.07975
G1 X113.295 Y114.392 E9.15656
G1 X111.725 Y114.426 E9.23209
G1 X108.275 Y114.426 E9.39802
G1 X106.704 Y114.392 E9.4736
G1 X105.623 Y114.347 E9.52564
G1 X104.943 Y114.296 E9.55844
G1 X104.358 Y114.209 E9.58689
G1 X103.944 Y114.048 E9.60825
G1 X103.765 Y113.873 E9.62029
G1 X103.596 Y113.335 E9.64741
G1 X102.709 Y107.548 E9.929
G1 X101.785 Y102.391 E10.18098
G1 X101.791 Y101.911 E10.20407
G1 X102.133 Y101.704 F7800
G1 E8.20407 F2400
G92 E0
G1 X103.548 Y104.295 F7800
G1 E2 F2400
;TYPE:Solid infill
;WIDTH:0.404206
G1 F1200
G1 X103.462 Y103.651 E2.02754
;WIDTH:0.452228
G1 X103.375 Y103.007 E2.05898
G1 X103.789 Y102.985 E2.07904
G1 X103.813 Y103.733 E2.11524
;WIDTH:0.404206
G1 X103.838 Y104.276 E2.13828
;WIDTH:0.35731
G1 X103.938 Y104.816 E2.15834
G1 X103.842 Y105.301 E2.1764
G1 X103.729 Y105.301 E2.18053
G1 X103.582 Y104.485 E2.21082
G1 E.21082 F2400
G92 E0
G1 X104.628 Y110.561 F7800
G1 E2 F2400
;WIDTH:0.45
G1 F1200
G1 X104.98 Y112.836 E2.11072
G1 X105.708 Y112.903 E2.14588
G1 X106.75 Y112.947 E2.19604
G1 X110 Y112.992 E2.35237
G1 X113.243 Y112.947 E2.50836
G1 X114.756 Y112.87 E2.58122
G1 X115.02 Y112.834 E2.59403
G1 X115.365 Y110.595 E2.70299
G1 X114.941 Y110.668 E2.72368
G1 X105.479 Y110.668 E3.17877
G1 X104.937 Y110.574 E3.20523
G1 X104.598 Y110.371 E3.22423
G1 X105.084 Y110.992 F7800
G1 F1200
G1 X105.479 Y111.053 E3.24345
G1 X114.904 Y111.053 E3.69676
G1 X114.683 Y112.488 E3.76659
G1 X113.231 Y112.561 E3.83651
G1 X110 Y112.606 E3.99192
G1 X106.761 Y112.561 E4.14772
G1 X105.315 Y112.479 E4.21738
G1 X105.114 Y111.182 E4.28051
G1 X105.544 Y111.439 E4.3046
G1 X114.455 Y111.439 E4.73319
G1 X114.35 Y112.119 E4.76628
G1 X113.212 Y112.176 E4.82108
G1 X110 Y112.221 E4.97558
G1 X106.771 Y112.176 E5.1309
G1 X105.65 Y112.123 E5.18488
G1 X105.574 Y111.629 E5.20892
G1 X105.954 Y111.79 E5.22877
;WIDTH:0.415733
G1 X106.782 Y111.807 E5.26506
;WIDTH:0.460595
G1 X110 Y111.83 E5.42409
G1 X113.206 Y111.807 E5.58253
;WIDTH:0.415947
G1 X114.05 Y111.786 E5.61955
M106 S204
;LAYER_CHANGE
;Z:1.11
;HEIGHT:0.16
G1 E3.61955 F2400
G92 E0
G1 Z1.11 F7800
G1 X112.753 Y121.11
G1 E2 F2400
;TYPE:Support material
;WIDTH:0.35
;HEIGHT:0.28
G1 F3600
G1 X107.247 Y121.11 E2.18582
G1 X107.247 Y118.389 E2.27765
G1 X112.753 Y118.389 E2.46347
G1 X112.753 Y121.067 E2.55385
G1 E.55385 F2400
G92 E0
G1 X114.593 Y108.596 F7800
G1 E2 F2400
G1 F3600
G1 X105.827 Y108.596 E2.29584
G1 X105.827 Y105.842 E2.38878
G1 X114.593 Y105.842 E2.68462
G1 X114.593 Y108.553 E2.77611
G1 X114.463 Y107.214 F7800
G1 F3600
G1 X105.957 Y107.214 E3.06318
G1 E1.06318 F2400
G92 E0
G1 X107.182 Y103.914 F7800
G1 E2 F2400
G1 F3600
G1 X105.92 Y103.914 E2.04259
G1 X105.92 Y103.317 E2.06274
G1 X107.182 Y103.317 E2.10533
G1 X107.182 Y103.87 E2.12399
G1 E.12399 F2400
G92 E0
G1 X114.403 Y103.537 F7800
G1 E2 F2400
G1 F3600
G1 X114.403 Y103.914 E2.01272
G1 X112.818 Y103.914 E2.06621
G1 X112.818 Y103.317 E2.08636
G1 X114.403 Y103.317 E2.13985
G1 X114.403 Y103.494 E2.14582
;LAYER_CHANGE
;Z:1.25
;HEIGHT:0.14
G1 Z1.25 F7800
G1 X114.885 Y104.874
;TYPE:Perimeter
;WIDTH:0.365271
;HEIGHT:0.3
G1 F900
G1 X114.793 Y104.878 E2.14928
;WIDTH:0.357207
G1 X105.531 Y104.878 E2.48755
;WIDTH:0.360645
G1 X105.47 Y104.876 E2.48981
G1 E.48981 F2400
G92 E0
G1 X115.355 Y105.023 F7800
G1 E2 F2400
;WIDTH:0.45
G1 F900
G1 X115.497 Y105.153 E2.00926
G1 X115.604 Y105.488 E2.02617
G1 X115.604 Y108.95 E2.19268
G1 X115.571 Y109.142 E2.20205
G1 X115.365 Y109.431 E2.21912
G1 X115.151 Y109.571 E2.23142
G1 X114.95 Y109.607 E2.24124
G1 X105.47 Y109.607 E2.6972
G1 X105.269 Y109.571 E2.70702
G1 X104.979 Y109.353 E2.72447
G1 X104.816 Y109.029 E2.74191
G1 X104.816 Y107.903 E2.79607
G1 X104.816 Y105.488 E2.91222
G1 X104.895 Y105.197 E2.92672
G1 X105.111 Y104.956 E2.94229
G1 X105.261 Y104.892 E2.95013
;WIDTH:0.410167
G1 X105.47 Y104.876 E2.95917
G1 X105.264 Y104.836 E2.96822
;WIDTH:0.45
G1 X105.05 Y104.684 E2.98084
G1 X104.88 Y104.401 E2.99672
G1 X104.88 Y102.957 E3.06617
G1 X104.94 Y102.7 E3.07886
G1 X105.122 Y102.475 E3.09278
;WIDTH:0.482471
G1 X105.265 Y102.381 E3.1017
;WIDTH:0.514942
G1 X105.408 Y102.286 E3.11135
G1 X105.946 Y102.274 E3.14159
;WIDTH:0.533404
G1 X114.054 Y102.274 E3.6159
;WIDTH:0.514923
G1 X114.793 Y102.279 E3.65743
;WIDTH:0.504095
G1 X114.997 Y102.377 E3.66984
;WIDTH:0.477047
G1 X115.201 Y102.475 E3.68149
;WIDTH:0.45
G1 X115.288 Y102.562 E3.68741
G1 X115.443 Y102.957 E3.70782
G1 X115.443 Y104.274 E3.77116
G1 X115.37 Y104.555 E3.78512
G1 X115.2 Y104.754 E3.79771
;WIDTH:0.446465
G1 X115.075 Y104.81 E3.80424
;WIDTH:0.412737
G1 X114.95 Y104.866 E3.81019
G1 X115.085 Y104.884 E3.81611
;WIDTH:0.446465
G1 X115.221 Y104.901 E3.82264
;WIDTH:0.45
G1 X115.311 Y104.983 E3.8285
G1 X115.095 Y105.288 F7800
;TYPE:External perimeter
G1 F900
G1 X115.218 Y105.419 E3.83714
G1 X115.218 Y108.95 E4.00697
G1 X115.164 Y109.085 E4.01396
G1 X115.002 Y109.221 E4.02413
G1 X105.47 Y109.221 E4.48259
G1 X105.332 Y109.163 E4.48979
G1 X105.202 Y108.978 E4.50067
G1 X105.202 Y107.903 E4.55237
G1 X105.202 Y105.488 E4.66852
G1 X105.256 Y105.354 E4.67547
G1 X105.414 Y105.217 E4.68553
G1 X114.793 Y105.217 E5.13663
G1 X115.05 Y105.253 E5.14911
G1 X115.209 Y105.62 F7800
G1 E3.14911 F2400
G92 E0
G1 X105.331 Y102.82 F7800
G1 E2 F2400
G1 F900
G1 X105.395 Y102.748 E2.00463
G1 X105.531 Y102.692 E2.0117
G1 X114.793 Y102.692 E2.45717
G1 X115.001 Y102.82 E2.46892
G1 X115.058 Y103.047 E2.48018
G1 X115.058 Y104.274 E2.53919
G1 X115.001 Y104.41 E2.54628
G1 X114.822 Y104.539 E2.55689
G1 X105.531 Y104.539 E3.00375
G1 X105.395 Y104.482 E3.01084
G1 X105.266 Y104.304 E3.02141
G1 X105.266 Y103.185 E3.07523
G1 X105.286 Y102.871 E3.09036
G1 X105.291 Y102.865 E3.09074
G1 X105.657 Y102.705 F7800
G1 E1.09074 F2400
G92 E0
G1 X116.088 Y102.635 F7800
G1 E2 F2400
;TYPE:Perimeter
G1 F900
G1 X117.049 Y102.705 E2.04634
G1 X116.974 Y103.115 E2.06639
;WIDTH:0.490062
G1 X116.845 Y103.715 E2.09897
;WIDTH:0.530125
G1 X116.648 Y104.726 E2.1588
;WIDTH:0.519674
G1 X116.41 Y106.039 E2.23458
G1 X116.41 Y105.488 E2.26587
G1 X116.226 Y104.799 E2.30637
G1 X116.175 Y104.718 E2.31181
;WIDTH:0.530125
G1 X116.255 Y104.274 E2.33802
G1 X116.233 Y103.611 E2.37655
;WIDTH:0.490062
G1 X116.211 Y102.949 E2.41172
;WIDTH:0.45
G1 X116.11 Y102.691 E2.42505
G1 E.42505 F2400
G92 E0
G1 X104.188 Y102.62 F7800
G1 E2 F2400
G1 F900
G1 X104.109 Y102.957 E2.01665
G1 X104.109 Y104.444 E2.08817
G1 X104.224 Y104.818 E2.10699
G1 X104.153 Y104.959 E2.11458
G1 X104.045 Y105.488 E2.14055
G1 X104.064 Y107.014 E2.21395
;WIDTH:0.412375
G1 X104.084 Y107.504 E2.23524
;WIDTH:0.420935
G1 X104.059 Y107.584 E2.23897
;WIDTH:0.469539
G1 X104.035 Y107.664 E2.24319
;WIDTH:0.518143
G1 X104.011 Y107.743 E2.24786
;WIDTH:0.566747
G1 X103.986 Y107.823 E2.25311
;WIDTH:0.615351
G1 X103.962 Y107.903 E2.25885
G1 X103.925 Y107.828 E2.2646
;WIDTH:0.566747
G1 X103.888 Y107.753 E2.26984
;WIDTH:0.518143
G1 X103.851 Y107.678 E2.27457
;WIDTH:0.469539
G1 X103.815 Y107.604 E2.27873
;WIDTH:0.420935
G1 X103.778 Y107.529 E2.28245
;WIDTH:0.412375
G1 X103.718 Y107.045 E2.30362
;WIDTH:0.45
G1 X102.952 Y102.705 E2.51559
G1 X104.128 Y102.624 E2.57229
G1 E.57229 F2400
G92 E0
G1 X115.763 Y110.07 F7800
G1 E2 F2400
G1 F900
G1 X115.362 Y112.504 E2.11865
G1 X115.193 Y113.307 E2.15812
G1 X114.666 Y113.394 E2.18381
G1 X113.368 Y113.471 E2.24635
G1 X111.929 Y113.511 E2.31559
G1 X110.282 Y113.528 E2.39481
G1 X108.336 Y113.516 E2.48841
G1 X106.827 Y113.479 E2.56101
G1 X105.784 Y113.429 E2.61123
G1 X104.805 Y113.316 E2.65863
G1 X104.528 Y111.863 E2.72977
G1 X104.122 Y109.395 E2.85007
G1 X104.501 Y109.968 E2.88311
G1 X105.001 Y110.294 E2.91182
G1 X105.47 Y110.378 E2.93474
G1 X114.95 Y110.378 E3.3907
G1 X115.419 Y110.294 E3.41362
G1 X115.713 Y110.102 E3.43051
G1 E1.43051 F2400
G92 E0
G1 X104.122 Y109.395 F7800
G1 E2 F2400
;WIDTH:0.447241
G1 F900
G1 X104.047 Y108.95 E2.02155
;WIDTH:0.487371
G1 X104.026 Y108.689 E2.03536
;WIDTH:0.530031
G1 X104.005 Y108.427 E2.05063
;WIDTH:0.572691
G1 X103.983 Y108.165 E2.0673
;WIDTH:0.615351
G1 X103.962 Y107.903 E2.08536
G1 E.08536 F2400
G92 E0
G1 X102.513 Y102.442 F7800
G1 E2 F2400
;WIDTH:0.45
G1 F3600
G1 X102.501 Y102.374 E2.00332
G1 X103.755 Y102.258 E2.06389
G1 X104.843 Y102.209 E2.11627
G1 X104.595 Y102.529 E2.13574
G1 X104.494 Y102.957 E2.15689
G1 X104.494 Y104.274 E2.22023
G1 X104.537 Y104.556 E2.23395
G1 X104.683 Y104.842 E2.24939
G1 X104.562 Y105.003 E2.25908
G1 X104.43 Y105.488 E2.28326
G1 X104.43 Y108.95 E2.44977
G1 X104.484 Y109.268 E2.46528
G1 X104.702 Y109.622 E2.48528
G1 X105.135 Y109.933 E2.51092
G1 X105.47 Y109.993 E2.52729
G1 X114.95 Y109.993 E2.98325
G1 X115.285 Y109.933 E2.99962
G1 X115.642 Y109.7 E3.02012
G1 X115.926 Y109.266 E3.04507
;WIDTH:0.43139
G1 X115.98 Y108.95 E3.05974
;WIDTH:0.478816
G1 X116.004 Y108.352 E3.09068
;WIDTH:0.527229
G1 X116.029 Y107.754 E3.12523
;WIDTH:0.575642
G1 X116.053 Y107.156 E3.16339
G1 X116.032 Y106.6 E3.19887
;WIDTH:0.533761
G1 X116.011 Y106.044 E3.23144
;WIDTH:0.49188
G1 X115.989 Y105.488 E3.26111
;WIDTH:0.45
G1 X115.861 Y105.008 E3.285
G1 X115.683 Y104.781 E3.29887
G1 X115.769 Y104.609 E3.30812
G1 X115.829 Y104.274 E3.32449
G1 X115.829 Y102.957 E3.38783
G1 X115.57 Y102.299 E3.42184
G1 X115.49 Y102.219 E3.42728
G1 X116.711 Y102.284 E3.48609
G1 X117.499 Y102.374 E3.52424
G1 X116.922 Y105.572 E3.68054
;WIDTH:0.492457
G1 X116.802 Y106.115 E3.71023
;WIDTH:0.534914
G1 X116.682 Y106.658 E3.74287
;WIDTH:0.577371
G1 X116.562 Y107.201 E3.77845
G1 X116.485 Y107.83 E3.819
;WIDTH:0.528381
G1 X116.407 Y108.46 E3.85574
;WIDTH:0.479392
G1 X116.33 Y109.089 E3.88854
;WIDTH:0.45
G1 X115.678 Y112.895 E4.07426
G1 X115.513 Y113.603 E4.10922
G1 X115.296 Y113.678 E4.12026
G1 X114.702 Y113.778 E4.14923
G1 X114.025 Y113.819 E4.18185
G1 X113.378 Y113.857 E4.21302
G1 X111.936 Y113.897 E4.2824
G1 X110.283 Y113.914 E4.36191
G1 X108.33 Y113.901 E4.45584
G1 X106.812 Y113.864 E4.52887
G1 X105.75 Y113.813 E4.58001
G1 X105.033 Y113.747 E4.61464
G1 X104.504 Y113.629 E4.64071
G1 X104.372 Y113.173 E4.66354
G1 X104.148 Y111.929 E4.72433
G1 X103.357 Y107.11 E4.95921
G1 X102.524 Y102.502 E5.18443
G1 X102.101 Y102.128 F7800
G1 F3600
G1 X102.099 Y102.072 E5.18713
G1 X102.594 Y101.966 E5.21148
G1 X103.734 Y101.872 E5.2665
G1 X104.842 Y101.823 E5.31984
;WIDTH:0.482471
G1 X105.099 Y101.832 E5.33325
;WIDTH:0.514942
G1 X105.944 Y101.823 E5.38074
;WIDTH:0.533404
G1 X110.056 Y101.796 E5.62129
G1 X114.057 Y101.823 E5.85535
;WIDTH:0.514923
G1 X114.823 Y101.84 E5.89841
;WIDTH:0.503918
G1 X115.222 Y101.839 E5.92028
;WIDTH:0.476959
G1 X115.621 Y101.837 E5.94081
;WIDTH:0.45
G1 X116.725 Y101.898 E5.99399
G1 X117.406 Y101.966 E6.02691
G1 X117.9 Y102.072 E6.05121
G1 X117.877 Y102.46 E6.0699
G1 X117.003 Y107.286 E6.30579
G1 X116.18 Y112.282 E6.54932
G1 X116.056 Y112.97 E6.58294
G1 X115.862 Y113.781 E6.62305
G1 X115.654 Y113.979 E6.63686
G1 X115.285 Y114.082 E6.65529
G1 X114.739 Y114.162 E6.68183
G1 X113.389 Y114.242 E6.74687
G1 X111.944 Y114.283 E6.8164
G1 X110.284 Y114.299 E6.89624
G1 X108.325 Y114.287 E6.99046
G1 X106.798 Y114.25 E7.06392
G1 X105.716 Y114.197 E7.11602
G1 X104.579 Y114.06 E7.1711
G1 X104.228 Y113.912 E7.18942
G1 X104.14 Y113.774 E7.19729
G1 X103.995 Y113.254 E7.22325
G1 X103.768 Y111.994 E7.28483
G1 X102.978 Y107.179 E7.51951
G1 X102.113 Y102.4 E7.7531
G1 X102.104 Y102.188 E7.76331
G1 X101.74 Y101.86 F7800
;TYPE:External perimeter
G1 F1800
G1 X101.807 Y101.796 E7.76777
G1 X102.001 Y101.695 E7.77829
G1 X102.516 Y101.586 E7.80361
G1 X103.245 Y101.513 E7.83885
G1 X104.362 Y101.451 E7.89266
G1 X105.934 Y101.405 E7.9683
G1 X110.056 Y101.368 E8.16656
G1 X114.066 Y101.405 E8.35944
G1 X115.648 Y101.452 E8.43556
G1 X116.788 Y101.517 E8.49048
G1 X117.62 Y101.612 E8.53076
G1 X118.111 Y101.742 E8.55519
G1 X118.271 Y101.868 E8.56499
G1 X118.288 Y102.098 E8.57608
G1 X118.258 Y102.52 E8.59643
G1 X117.384 Y107.351 E8.83256
G1 X116.434 Y113.044 E9.11016
G1 X116.257 Y113.81 E9.14797
G1 X116.106 Y114.124 E9.16473
G1 X115.826 Y114.331 E9.18148
G1 X115.293 Y114.48 E9.2081
G1 X114.775 Y114.546 E9.23322
G1 X113.4 Y114.628 E9.29947
G1 X111.951 Y114.668 E9.36919
G1 X110.284 Y114.685 E9.44937
G1 X108.319 Y114.673 E9.54388
G1 X106.784 Y114.635 E9.61773
G1 X105.682 Y114.581 E9.6708
G1 X104.565 Y114.449 E9.7249
G1 X104.171 Y114.331 E9.74468
G1 X103.898 Y114.117 E9.76136
G1 X103.767 Y113.885 E9.77417
G1 X103.618 Y113.334 E9.80162
G1 X103.388 Y112.06 E9.86389
G1 X102.599 Y107.25 E10.09833
G1 X101.709 Y102.274 E10.34146
G1 X101.725 Y101.915 E10.35874
G1 X102.059 Y101.695 F7800
G1 E8.35874 F2400
G92 E0
G1 X103.796 Y102.957 F7800
G1 E2 F2400
;TYPE:Solid infill
;WIDTH:0.498178
G1 F1200
G1 X103.82 Y103.729 E2.04179
;WIDTH:0.449667
G1 X103.844 Y104.27 E2.06781
;WIDTH:0.401156
G1 X103.923 Y104.738 E2.08775
;WIDTH:0.395803
G1 X103.798 Y105.405 E2.1158
G1 X103.714 Y105.442 E2.11959
G1 X103.6 Y104.813 E2.14601
;WIDTH:0.401156
G1 X103.51 Y104.3 E2.16789
;WIDTH:0.449667
G1 X103.421 Y103.643 E2.19975
;WIDTH:0.498178
G1 X103.333 Y102.987 E2.23556
G1 X103.603 Y102.969 E2.2502
G1 E.2502 F2400
G92 E0
G1 X105.479 Y110.668 F7800
G1 E2 F2400
;WIDTH:0.45
G1 F1200
G1 X114.94 Y110.668 E2.45504
G1 X115.385 Y110.585 E2.47681
G1 X115.078 Y112.447 E2.56757
G1 X114.957 Y113.063 E2.59776
G1 X114.639 Y113.106 E2.61319
G1 X113.38 Y113.182 E2.67385
G1 X111.923 Y113.222 E2.74395
G1 X110.282 Y113.239 E2.82288
G1 X108.341 Y113.227 E2.91624
G1 X106.838 Y113.19 E2.98855
G1 X105.83 Y113.142 E3.03709
G1 X105.043 Y113.059 E3.07515
G1 X104.813 Y111.814 E3.13604
G1 X104.573 Y110.355 E3.20716
G1 X104.936 Y110.573 E3.22753
G1 X105.289 Y110.635 E3.24477
G1 X105.288 Y111.023 E3.26343
G1 X105.068 Y110.989 E3.27414
G1 X105.37 Y112.706 E3.35799
G1 X105.878 Y112.759 E3.38256
G1 X106.852 Y112.804 E3.42946
G1 X108.347 Y112.841 E3.50139
G1 X110.281 Y112.853 E3.59441
G1 X111.916 Y112.837 E3.67305
G1 X113.363 Y112.796 E3.74267
G1 X114.602 Y112.722 E3.80237
G1 X114.637 Y112.689 E3.80468
G1 X114.917 Y111.053 E3.88451
G1 X105.479 Y111.053 E4.33845
G1 E2.33845 F2400
G92 E0
G1 X110.28 Y112.467 F7800
G1 E2 F2400
G1 F1200
G1 X108.353 Y112.455 E2.09268
G1 X106.864 Y112.419 E2.16432
G1 X105.697 Y112.353 E2.22054
G1 X105.533 Y111.439 E2.2652
G1 X114.462 Y111.439 E2.69465
G1 X114.31 Y112.353 E2.73921
G1 X113.338 Y112.411 E2.78604
G1 X111.909 Y112.451 E2.8548
G1 X110.473 Y112.466 E2.92387
G1 E.92387 F2400
G92 E0
G1 X113.91 Y111.907 F7800
G1 E2 F2400
;WIDTH:0.651495
G1 F1200
G1 X113.325 Y111.925 E2.04286
;WIDTH:0.691201
G1 X111.899 Y111.945 E2.15436
;WIDTH:0.707483
G1 X108.36 Y111.947 E2.43823
;WIDTH:0.695553
G1 X106.883 Y111.929 E2.55451
;WIDTH:0.659403
G1 X106.095 Y111.91 E2.61301
G1 E.61301 F2400
G92 E0
G1 X116.662 Y103.023 F7800
G1 E2 F2400
;WIDTH:0.621698
G1 F1200
G1 X116.613 Y102.974 E2.00482
G1 X116.546 Y102.992 E2.00964
G1 X116.528 Y103.059 E2.01446
G1 X116.577 Y103.108 E2.01928
G1 X116.644 Y103.09 E2.0241
;LAYER_CHANGE
;Z:1.39
;HEIGHT:0.14
G1 E.0241 F2400
G92 E0
G1 Z1.39 F7800
G1 X112.753 Y121.11
G1 E2 F2400
;TYPE:Support material
;WIDTH:0.35
;HEIGHT:0.28
G1 F3600
G1 X107.247 Y121.11 E2.18582
G1 X107.247 Y118.389 E2.27765
G1 X112.753 Y118.389 E2.46347
G1 X112.753 Y121.067 E2.55385
G1 E.55385 F2400
G92 E0
G1 X114.593 Y108.596 F7800
G1 E2 F2400
G1 F3600
G1 X105.827 Y108.596 E2.29584
G1 X105.827 Y105.842 E2.38878
G1 X114.593 Y105.842 E2.68462
G1 X114.593 Y108.553 E2.77611
G1 X114.463 Y107.214 F7800
G1 F3600
G1 X105.957 Y107.214 E3.06318
G1 E1.06318 F2400
G92 E0
G1 X107.182 Y103.914 F7800
G1 E2 F2400
G1 F3600
G1 X105.949 Y103.914 E2.04161
G1 X105.949 Y103.317 E2.06176
G1 X107.182 Y103.317 E2.10337
G1 X107.182 Y103.87 E2.12203
G1 E.12203 F2400
G92 E0
G1 X114.374 Y103.551 F7800
G1 E2 F2400
G1 F3600
G1 X114.374 Y103.914 E2.01225
G1 X112.818 Y103.914 E2.06476
G1 X112.818 Y103.317 E2.08491
G1 X114.374 Y103.317 E2.13742
G1 X114.374 Y103.507 E2.14383
;LAYER_CHANGE
;Z:1.55
;HEIGHT:0.16
G1 Z1.55 F7800
G1 X114.856 Y104.874
;TYPE:Perimeter
;WIDTH:0.365271
;HEIGHT:0.3
G1 F900
G1 X114.763 Y104.878 E2.14732
;WIDTH:0.357207
G1 X105.56 Y104.878 E2.48344
;WIDTH:0.364777
G1 X105.47 Y104.874 E2.48682
G1 E.48682 F2400
G92 E0
G1 X115.359 Y105.021 F7800
G1 E2 F2400
;WIDTH:0.45
G1 F900
G1 X115.521 Y105.189 E2.01122
G1 X115.604 Y105.488 E2.02614
G1 X115.604 Y108.95 E2.19265
G1 X115.569 Y109.149 E2.20237
G1 X115.365 Y109.431 E2.21911
G1 X115.151 Y109.571 E2.23141
G1 X114.95 Y109.607 E2.24123
G1 X105.47 Y109.607 E2.69719
G1 X105.234 Y109.557 E2.70879
G1 X104.979 Y109.353 E2.7245
G1 X104.816 Y109.034 E2.74173
G1 X104.816 Y105.488 E2.91228
G1 X104.9 Y105.189 E2.92722
G1 X105.136 Y104.937 E2.94383
G1 X105.303 Y104.906 E2.952
;WIDTH:0.407388
G1 X105.47 Y104.874 E2.95927
G1 X105.311 Y104.815 E2.96653
;WIDTH:0.45
G1 X105.152 Y104.756 E2.97469
G1 X104.953 Y104.494 E2.99051
G1 X104.909 Y104.274 E3.0013
G1 X104.909 Y102.957 E3.06464
G1 X105.08 Y102.547 E3.08601
;WIDTH:0.490387
G1 X105.258 Y102.413 E3.09785
;WIDTH:0.530774
G1 X105.436 Y102.279 E3.11081
;WIDTH:0.535049
G1 X106.289 Y102.264 E3.16089
;WIDTH:0.551849
G1 X114.297 Y102.267 E3.64777
;WIDTH:0.528351
G1 X114.784 Y102.272 E3.67595
;WIDTH:0.520166
G1 X115.011 Y102.406 E3.69094
;WIDTH:0.485083
G1 X115.238 Y102.541 E3.7048
;WIDTH:0.45
G1 X115.414 Y103.02 E3.72934
G1 X115.414 Y104.274 E3.78965
G1 X115.354 Y104.53 E3.8023
G1 X115.17 Y104.754 E3.81624
;WIDTH:0.44523
G1 X115.06 Y104.808 E3.82206
;WIDTH:0.415258
G1 X114.95 Y104.861 E3.8274
;WIDTH:0.417643
G1 X115.109 Y104.894 E3.83455
;WIDTH:0.45
G1 X115.268 Y104.927 E3.84236
G1 X115.317 Y104.978 E3.84576
G1 X115.094 Y105.289 F7800
;TYPE:External perimeter
G1 F900
G1 X115.19 Y105.388 E3.85239
G1 X115.218 Y105.488 E3.85738
G1 X115.218 Y108.95 E4.02389
G1 X115.164 Y109.085 E4.03088
G1 X115.017 Y109.209 E4.04013
G1 X114.068 Y109.221 E4.08578
G1 X105.47 Y109.221 E4.49931
G1 X105.332 Y109.163 E4.50651
G1 X105.202 Y108.98 E4.51731
G1 X105.202 Y105.488 E4.68526
G1 X105.256 Y105.354 E4.69221
G1 X105.418 Y105.217 E4.70241
G1 X114.763 Y105.217 E5.15187
G1 X115.051 Y105.248 E5.1658
G1 X115.206 Y105.617 F7800
G1 E3.1658 F2400
G92 E0
G1 X105.36 Y102.814 F7800
G1 E2 F2400
G1 F900
G1 X105.521 Y102.696 E2.0096
G1 X114.763 Y102.692 E2.45411
G1 X114.972 Y102.82 E2.4659
G1 X115.028 Y103.04 E2.47682
G1 X115.028 Y104.274 E2.53617
G1 X114.972 Y104.41 E2.54324
G1 X114.793 Y104.539 E2.55385
G1 X105.56 Y104.539 E2.99793
G1 X105.424 Y104.482 E3.00502
G1 X105.295 Y104.304 E3.01559
G1 X105.295 Y102.957 E3.08038
G1 X105.332 Y102.866 E3.0851
G1 X105.699 Y102.706 F7800
G1 E1.0851 F2400
G92 E0
G1 X116.041 Y102.609 F7800
G1 E2 F2400
;TYPE:Perimeter
G1 F900
G1 X117.046 Y102.691 E2.0485
G1 X116.972 Y103.11 E2.06896
;WIDTH:0.497125
G1 X116.84 Y103.713 E2.10228
;WIDTH:0.54425
G1 X116.708 Y104.316 E2.13923
G1 X116.647 Y104.69 E2.16191
;WIDTH:0.532692
G1 X116.416 Y105.98 E2.23846
G1 X116.416 Y105.488 E2.2672
G1 X116.216 Y104.769 E2.31079
G1 X116.162 Y104.688 E2.31648
;WIDTH:0.54425
G1 X116.232 Y104.274 E2.34161
G1 X116.208 Y103.646 E2.37922
;WIDTH:0.497125
G1 X116.184 Y103.018 E2.41314
;WIDTH:0.45
G1 X116.061 Y102.665 E2.43112
G1 E.43112 F2400
G92 E0
G1 X104.272 Y102.591 F7800
G1 E2 F2400
G1 F900
G1 X104.138 Y102.957 E2.01875
G1 X104.138 Y104.437 E2.08993
G1 X104.238 Y104.788 E2.10748
G1 X104.165 Y104.932 E2.11525
G1 X104.045 Y105.488 E2.14261
G1 X104.058 Y108.95 E2.30912
G1 X102.954 Y102.69 E2.61485
G1 X103.552 Y102.631 E2.64375
G1 X104.212 Y102.595 E2.67554
G1 E.67554 F2400
G92 E0
G1 X115.721 Y110.097 F7800
G1 E2 F2400
G1 F900
G1 X115.385 Y111.974 E2.09171
G1 X115.173 Y113.001 E2.14215
G1 X115.047 Y113.499 E2.16686
G1 X114.513 Y113.599 E2.19299
G1 X113.284 Y113.682 E2.25224
G1 X111.868 Y113.726 E2.32038
G1 X110.272 Y113.744 E2.39715
G1 X108.652 Y113.735 E2.47507
G1 X107.154 Y113.699 E2.54714
G1 X106.119 Y113.651 E2.59697
G1 X105.539 Y113.602 E2.62497
G1 X104.947 Y113.508 E2.6538
G1 X104.813 Y112.966 E2.68065
G1 X104.139 Y109.409 E2.85477
G1 X104.501 Y109.968 E2.8868
G1 X104.919 Y110.261 E2.91135
G1 X105.47 Y110.378 E2.93844
G1 X114.95 Y110.378 E3.3944
G1 X115.42 Y110.294 E3.41736
G1 X115.671 Y110.13 E3.43178
G1 E1.43178 F2400
G92 E0
G1 X104.139 Y109.409 F7800
G1 E2 F2400
;WIDTH:0.423949
G1 F900
G1 X104.058 Y108.95 E2.0209
G1 E.0209 F2400
G92 E0
G1 X102.517 Y102.412 F7800
G1 E2 F2400
;WIDTH:0.45
G1 F3600
G1 X102.509 Y102.369 E2.0021
G1 X102.791 Y102.319 E2.01587
G1 X103.759 Y102.233 E2.06261
G1 X104.928 Y102.176 E2.1189
G1 X104.753 Y102.333 E2.13021
G1 X104.524 Y102.957 E2.16218
G1 X104.524 Y104.274 E2.22552
G1 X104.559 Y104.532 E2.23804
G1 X104.697 Y104.824 E2.25357
G1 X104.57 Y104.989 E2.26358
G1 X104.43 Y105.488 E2.28851
G1 X104.43 Y108.95 E2.45502
G1 X104.489 Y109.281 E2.47119
G1 X104.702 Y109.621 E2.49049
G1 X105.077 Y109.909 E2.51323
G1 X105.47 Y109.993 E2.53256
G1 X114.95 Y109.993 E2.98852
G1 X115.285 Y109.932 E3.0049
G1 X115.642 Y109.7 E3.02538
G1 X115.917 Y109.277 E3.04965
;WIDTH:0.420351
G1 X115.975 Y108.95 E3.06439
;WIDTH:0.45
G1 X115.989 Y105.488 E3.2309
G1 X115.851 Y104.99 E3.25575
G1 X115.665 Y104.763 E3.26986
G1 X115.75 Y104.579 E3.27961
G1 X115.8 Y104.274 E3.29448
G1 X115.8 Y102.957 E3.35782
G1 X115.516 Y102.274 E3.3934
G1 X115.444 Y102.202 E3.3983
G1 X115.552 Y102.193 E3.40351
G1 X116.666 Y102.262 E3.45719
G1 X117.488 Y102.368 E3.49705
G1 X116.275 Y109.286 E3.83486
G1 X116.158 Y109.847 E3.86242
G1 X115.764 Y112.047 E3.96992
G1 X115.551 Y113.079 E4.0206
G1 X115.363 Y113.779 E4.05546
G1 X115.026 Y113.908 E4.07282
G1 X114.553 Y113.983 E4.09585
G1 X113.303 Y114.067 E4.15611
G1 X111.876 Y114.111 E4.22478
G1 X110.274 Y114.129 E4.30184
G1 X108.646 Y114.12 E4.38014
G1 X107.141 Y114.085 E4.45254
G1 X106.094 Y114.035 E4.50295
G1 X105.506 Y113.986 E4.53133
G1 X104.917 Y113.902 E4.55995
G1 X104.644 Y113.787 E4.5742
G1 X104.585 Y113.65 E4.58137
G1 X104.436 Y113.049 E4.61115
G1 X104.108 Y111.356 E4.69409
G1 X102.528 Y102.471 E5.12813
G1 X102.111 Y102.116 F7800
G1 F3600
G1 X102.108 Y102.079 E5.12992
G1 X102.247 Y102.025 E5.13709
G1 X102.753 Y101.935 E5.16181
G1 X103.738 Y101.848 E5.20937
G1 X104.858 Y101.792 E5.26331
;WIDTH:0.487271
G1 X105.206 Y101.8 E5.28167
;WIDTH:0.524543
G1 X105.553 Y101.809 E5.30159
;WIDTH:0.535049
G1 X106.287 Y101.793 E5.34469
;WIDTH:0.551849
G1 X110.306 Y101.768 E5.58905
G1 X114.3 Y101.803 E5.83189
;WIDTH:0.528351
G1 X114.8 Y101.816 E5.86083
;WIDTH:0.520166
G1 X115.188 Y101.812 E5.88289
;WIDTH:0.485083
G1 X115.576 Y101.808 E5.90325
;WIDTH:0.45
G1 X116.707 Y101.879 E5.95775
G1 X117.393 Y101.955 E5.99095
G1 X117.89 Y102.076 E6.01555
G1 X117.901 Y102.228 E6.02288
G1 X117.793 Y102.903 E6.05576
G1 X116.143 Y112.12 E6.50611
G1 X115.862 Y113.478 E6.57281
G1 X115.692 Y113.983 E6.59844
G1 X115.483 Y114.173 E6.61203
G1 X115.138 Y114.277 E6.62936
G1 X114.593 Y114.367 E6.65593
G1 X113.278 Y114.454 E6.71932
G1 X111.885 Y114.497 E6.78635
G1 X110.275 Y114.515 E6.86379
G1 X108.64 Y114.506 E6.94243
G1 X107.125 Y114.47 E7.01532
G1 X106.025 Y114.417 E7.06829
G1 X105.267 Y114.349 E7.10489
G1 X104.703 Y114.24 E7.13252
G1 X104.37 Y114.068 E7.15055
G1 X104.218 Y113.774 E7.16647
G1 X104.06 Y113.132 E7.19827
G1 X103.729 Y111.426 E7.28185
G1 X102.147 Y102.558 E7.7151
G1 X102.116 Y102.176 E7.73353
G1 X101.75 Y101.867 F7800
;TYPE:External perimeter
G1 F1800
G1 X101.829 Y101.796 E7.73864
G1 X102.141 Y101.652 E7.75517
G1 X102.673 Y101.555 E7.78118
G1 X103.464 Y101.477 E7.81941
G1 X104.648 Y101.412 E7.87644
G1 X106.277 Y101.365 E7.95482
G1 X110.307 Y101.331 E8.14866
G1 X114.312 Y101.379 E8.3413
G1 X115.599 Y101.423 E8.40324
G1 X117.087 Y101.532 E8.475
G1 X117.817 Y101.647 E8.51054
G1 X118.081 Y101.738 E8.52397
G1 X118.262 Y101.876 E8.53492
G1 X118.288 Y102.245 E8.55271
G1 X118.173 Y102.967 E8.58787
G1 X116.521 Y112.193 E9.03867
G1 X116.306 Y113.235 E9.08984
G1 X116.112 Y113.966 E9.12622
G1 X115.949 Y114.302 E9.14418
G1 X115.661 Y114.522 E9.16161
G1 X115.145 Y114.678 E9.18754
G1 X114.633 Y114.751 E9.21241
G1 X113.341 Y114.838 E9.27469
G1 X111.893 Y114.882 E9.34437
G1 X110.276 Y114.9 E9.42215
G1 X108.635 Y114.891 E9.50108
G1 X107.114 Y114.855 E9.57426
G1 X106.043 Y114.805 E9.62583
G1 X105.341 Y114.746 E9.65971
G1 X104.827 Y114.669 E9.68471
G1 X104.408 Y114.554 E9.70561
G1 X104.03 Y114.271 E9.72832
G1 X103.852 Y113.898 E9.7482
G1 X103.683 Y113.215 E9.78204
G1 X103.35 Y111.497 E9.86621
G1 X101.919 Y103.473 E10.25823
G1 X101.721 Y102.303 E10.3153
G1 X101.734 Y101.92 E10.33373
G1 X102.064 Y101.695 F7800
G1 E8.33373 F2400
G92 E0
G1 X103.518 Y104.3 F7800
G1 E2 F2400
;TYPE:Solid infill
;WIDTH:0.463611
G1 F1200
G1 X103.43 Y103.639 E2.0332
;WIDTH:0.511731
G1 X103.342 Y102.977 E2.07046
G1 X103.824 Y102.94 E2.09743
G1 X103.842 Y103.726 E2.1413
;WIDTH:0.463611
G1 X103.866 Y104.27 E2.16841
;WIDTH:0.415492
G1 X103.941 Y104.697 E2.1874
;WIDTH:0.41298
G1 X103.782 Y105.442 E2.22052
G1 X103.72 Y105.441 E2.22322
G1 X103.613 Y104.844 E2.24959
;WIDTH:0.414614
G1 X103.551 Y104.49 E2.26529
G1 E.26529 F2400
G92 E0
G1 X105.112 Y112.971 F7800
G1 E2 F2400
;WIDTH:0.45
G1 F1200
G1 X105.444 Y113.303 E2.02258
G1 X105.083 Y113.314 E2.03995
;WIDTH:0.404381
G1 X105.064 Y113.385 E2.04307
G1 X105.135 Y113.366 E2.04619
G1 X105.124 Y113.325 E2.04799
G1 X106.04 Y113.354 F7800
;WIDTH:0.45
G1 F1200
G1 X104.981 Y112.295 E2.12002
G1 X104.855 Y111.623 E2.1529
G1 X106.616 Y113.384 E2.27268
G1 X107.188 Y113.411 E2.30022
G1 X104.729 Y110.952 E2.46748
G1 X104.572 Y110.296 E2.49992
;WIDTH:0.404381
G1 X104.553 Y110.367 E2.50304
G1 X104.624 Y110.348 E2.50616
G1 X104.613 Y110.307 E2.50796
;WIDTH:0.45
G1 X107.747 Y113.424 E2.72055
G1 E.72055 F2400
G92 E0
G1 X105.672 Y110.804 F7800
G1 E2 F2400
G1 F1200
G1 X108.156 Y113.288 E2.16896
G1 X108.156 Y113.434 E2.17598
G1 X110.272 Y113.454 E2.27776
G1 X111.862 Y113.437 E2.35424
G1 X113.27 Y113.393 E2.42199
G1 X114.482 Y113.311 E2.48042
G1 X114.813 Y113.259 E2.49654
G1 X115.101 Y111.919 E2.56246
G1 X115.338 Y110.599 E2.62696
G1 X114.941 Y110.668 E2.64634
G1 X105.536 Y110.668 E3.09869
G1 X106.467 Y111.053 F7800
G1 F1200
G1 X114.865 Y111.053 E3.5026
G1 X114.723 Y111.844 E3.54125
G1 X114.492 Y112.92 E3.59418
G1 X113.233 Y113.008 E3.65488
G1 X111.854 Y113.051 E3.72124
G1 X110.271 Y113.069 E3.79738
G1 X108.428 Y113.059 E3.88602
G1 X108.428 Y113.015 E3.88814
G1 X106.603 Y111.189 E4.01231
G1 X107.398 Y111.439 F7800
G1 F1200
G1 X114.404 Y111.439 E4.34927
G1 X114.175 Y112.559 E4.40425
G1 X113.221 Y112.623 E4.45024
G1 X111.846 Y112.665 E4.5164
G1 X110.269 Y112.683 E4.59225
G1 X108.633 Y112.674 E4.67094
G1 X107.534 Y111.575 E4.74569
G1 X108.377 Y111.844 F7800
;WIDTH:0.489923
G1 F1200
G1 X108.89 Y111.844 E4.77292
;WIDTH:0.493709
G1 X111.833 Y111.842 E4.93051
;WIDTH:0.484983
G1 X113.203 Y111.831 E5.00238
;WIDTH:0.463766
G1 X113.94 Y111.823 E5.03909
;WIDTH:0.446957
G1 X113.86 Y112.195 E5.05725
G1 X113.716 Y112.205 E5.06414
;WIDTH:0.463766
G1 X113.213 Y112.23 E5.08923
;WIDTH:0.484983
G1 X111.837 Y112.262 E5.16143
;WIDTH:0.493709
G1 X108.802 Y112.27 E5.32395
;WIDTH:0.489923
G1 X108.513 Y111.981 E5.34564
G1 E3.34564 F2400
G92 E0
G1 X116.558 Y102.965 F7800
G1 E2 F2400
;WIDTH:0.642409
G1 F1200
G1 X116.507 Y103.017 E2.00525
G1 X116.526 Y103.086 E2.01041
G1 X116.595 Y103.105 E2.01557
G1 X116.646 Y103.054 E2.02077
G1 X116.628 Y102.984 E2.02598
;LAYER_CHANGE
;Z:1.67
;HEIGHT:0.12
G1 E.02598 F2400
G92 E0
G1 Z1.67 F7800
G1 X112.753 Y121.11
G1 E2 F2400
;TYPE:Support material
;WIDTH:0.35
;HEIGHT:0.28
G1 F3600
G1 X107.247 Y121.11 E2.18582
G1 X107.247 Y118.389 E2.27765
G1 X112.753 Y118.389 E2.46347
G1 X112.753 Y121.067 E2.55385
G1 E.55385 F2400
G92 E0
G1 X114.592 Y108.595 F7800
G1 E2 F2400
G1 F3600
G1 X105.828 Y108.595 E2.29577
G1 X105.828 Y105.843 E2.38865
G1 X114.592 Y105.843 E2.68442
G1 X114.592 Y108.552 E2.77585
G1 X114.462 Y107.214 F7800
G1 F3600
G1 X105.958 Y107.214 E3.06285
G1 E1.06285 F2400
G92 E0
G1 X107.182 Y103.914 F7800
G1 E2 F2400
G1 F3600
G1 X105.978 Y103.914 E2.04063
G1 X105.978 Y103.317 E2.06078
G1 X107.182 Y103.317 E2.10141
G1 X107.182 Y103.87 E2.12007
G1 E.12007 F2400
G92 E0
G1 X114.345 Y103.564 F7800
G1 E2 F2400
G1 F3600
G1 X114.345 Y103.914 E2.01181
G1 X112.818 Y103.914 E2.06334
G1 X112.818 Y103.317 E2.08349
G1 X114.345 Y103.317 E2.13502
G1 X114.345 Y103.521 E2.1419
;LAYER_CHANGE
;Z:1.85
;HEIGHT:0.18
G1 Z1.85 F7800
G1 X114.827 Y104.874
;TYPE:Perimeter
;WIDTH:0.365271
;HEIGHT:0.3
G1 F900
G1 X114.734 Y104.878 E2.14539
;WIDTH:0.357207
G1 X105.589 Y104.878 E2.47939
;WIDTH:0.370521
G1 X105.47 Y104.871 E2.48394
G1 E.48394 F2400
G92 E0
G1 X115.356 Y105.023 F7800
G1 E2 F2400
;WIDTH:0.45
G1 F900
G1 X115.513 Y105.176 E2.01054
G1 X115.604 Y105.488 E2.02617
G1 X115.604 Y108.95 E2.19268
G1 X115.567 Y109.154 E2.20265
G1 X115.365 Y109.431 E2.21914
G1 X115.036 Y109.607 E2.23709
G1 X113.667 Y109.607 E2.30293
G1 X105.47 Y109.607 E2.69718
G1 X105.26 Y109.567 E2.70746
G1 X104.979 Y109.353 E2.72445
G1 X104.852 Y109.151 E2.73593
G1 X104.816 Y108.95 E2.74575
G1 X104.816 Y105.488 E2.91226
G1 X104.905 Y105.179 E2.92773
G1 X105.164 Y104.923 E2.94525
;WIDTH:0.443246
G1 X105.317 Y104.897 E2.95258
;WIDTH:0.406883
G1 X105.47 Y104.871 E2.95921
G1 X105.327 Y104.812 E2.96582
;WIDTH:0.443246
G1 X105.183 Y104.753 E2.97317
;WIDTH:0.45
G1 X105.03 Y104.585 E2.9841
G1 X104.939 Y104.354 E2.99604
G1 X104.939 Y102.957 E3.06323
G1 X105.109 Y102.547 E3.08458
;WIDTH:0.494294
G1 X105.285 Y102.411 E3.09651
;WIDTH:0.538589
G1 X105.462 Y102.275 E3.10971
;WIDTH:0.539498
G1 X106.034 Y102.262 E3.14362
;WIDTH:0.560503
G1 X114.108 Y102.263 E3.64323
;WIDTH:0.537694
G1 X114.734 Y102.268 E3.68019
;WIDTH:0.526742
G1 X114.96 Y102.393 E3.69508
;WIDTH:0.488371
G1 X115.185 Y102.518 E3.70869
;WIDTH:0.45
G1 X115.385 Y102.974 E3.73264
G1 X115.385 Y104.274 E3.79517
G1 X115.309 Y104.561 E3.80945
G1 X115.14 Y104.754 E3.82179
;WIDTH:0.444204
G1 X115.045 Y104.805 E3.8269
;WIDTH:0.417896
G1 X114.95 Y104.856 E3.83165
;WIDTH:0.420794
G1 X115.096 Y104.884 E3.83826
;WIDTH:0.45
G1 X115.243 Y104.911 E3.84545
G1 X115.314 Y104.981 E3.85025
G1 X115.098 Y105.286 F7800
;TYPE:External perimeter
G1 F900
G1 X115.188 Y105.384 E3.85665
G1 X115.218 Y105.488 E3.86186
G1 X115.218 Y108.95 E4.02837
G1 X115.164 Y109.085 E4.03536
G1 X114.98 Y109.221 E4.04636
G1 X113.667 Y109.221 E4.10951
G1 X105.47 Y109.221 E4.50376
G1 X105.332 Y109.163 E4.51096
G1 X105.202 Y108.981 E4.52172
G1 X105.202 Y105.488 E4.68972
G1 X105.256 Y105.354 E4.69667
G1 X105.368 Y105.247 E4.70412
G1 X105.589 Y105.217 E4.71485
G1 X114.95 Y105.217 E5.16508
G1 X115.046 Y105.258 E5.1701
G1 X115.208 Y105.623 F7800
G1 E3.1701 F2400
G92 E0
G1 X105.396 Y102.809 F7800
G1 E2 F2400
G1 F900
G1 X105.555 Y102.692 E2.00949
G1 X114.734 Y102.692 E2.45097
G1 X114.942 Y102.82 E2.46272
G1 X114.999 Y103.032 E2.47328
G1 X114.999 Y104.274 E2.53302
G1 X114.942 Y104.41 E2.54011
G1 X114.763 Y104.539 E2.55072
G1 X105.589 Y104.539 E2.99196
G1 X105.453 Y104.482 E2.99905
G1 X105.324 Y104.304 E3.00962
G1 X105.324 Y102.957 E3.07441
G1 X105.365 Y102.858 E3.07956
G1 X105.733 Y102.702 F7800
G1 E1.07956 F2400
G92 E0
G1 X116.007 Y102.599 F7800
G1 E2 F2400
;TYPE:Perimeter
G1 F900
G1 X117.012 Y102.687 E2.04852
G1 X116.938 Y103.101 E2.06875
;WIDTH:0.495124
G1 X116.805 Y103.709 E2.10219
;WIDTH:0.540248
G1 X116.618 Y104.656 E2.15948
;WIDTH:0.527787
G1 X116.414 Y105.791 E2.22613
G1 X116.414 Y105.488 E2.24364
G1 X116.195 Y104.74 E2.28869
G1 X116.139 Y104.66 E2.29433
;WIDTH:0.540248
G1 X116.201 Y104.274 E2.31753
G1 X116.178 Y103.653 E2.35441
;WIDTH:0.495124
G1 X116.156 Y103.032 E2.38779
;WIDTH:0.45
G1 X116.027 Y102.656 E2.40691
G1 E.40691 F2400
G92 E0
G1 X104.313 Y102.58 F7800
G1 E2 F2400
G1 F900
G1 X104.167 Y102.957 E2.01944
G1 X104.167 Y104.274 E2.08278
G1 X104.255 Y104.752 E2.10616
G1 X104.179 Y104.901 E2.1142
G1 X104.045 Y105.488 E2.14316
G1 X104.045 Y108.526 E2.28928
G1 X102.987 Y102.685 E2.57478
G1 X103.619 Y102.62 E2.60534
G1 X104.253 Y102.584 E2.63588
G1 E.63588 F2400
G92 E0
G1 X115.661 Y110.106 F7800
G1 E2 F2400
G1 F900
G1 X115.206 Y112.397 E2.11234
G1 X114.878 Y113.685 E2.17627
G1 X114.441 Y113.781 E2.19779
G1 X113.328 Y113.872 E2.2515
G1 X112.047 Y113.92 E2.31315
G1 X110.525 Y113.944 E2.38636
G1 X108.955 Y113.939 E2.46187
G1 X107.475 Y113.906 E2.53307
G1 X106.175 Y113.837 E2.59568
G1 X105.633 Y113.79 E2.62185
G1 X105.122 Y113.682 E2.64697
G1 X104.865 Y112.712 E2.69523
G1 X104.586 Y111.389 E2.76026
G1 X104.252 Y109.661 E2.84491
G1 X104.501 Y109.968 E2.86392
G1 X104.979 Y110.286 E2.89153
G1 X105.47 Y110.378 E2.91556
G1 X115.151 Y110.378 E3.38118
G1 X115.609 Y110.134 E3.40614
G1 E1.40614 F2400
G92 E0
G1 X102.601 Y102.361 F7800
G1 E2 F2400
G1 F3600
G1 X103.258 Y102.27 E2.0319
G1 X103.777 Y102.225 E2.05696
G1 X104.984 Y102.161 E2.11509
G1 X104.803 Y102.309 E2.12634
G1 X104.553 Y102.957 E2.15975
G1 X104.553 Y104.407 E2.22949
G1 X104.705 Y104.793 E2.24944
G1 X104.579 Y104.973 E2.26001
G1 X104.43 Y105.488 E2.2858
;WIDTH:0.48861
G1 X104.411 Y106.354 E2.33163
;WIDTH:0.527221
G1 X104.392 Y107.219 E2.38158
;WIDTH:0.565832
G1 X104.373 Y108.085 E2.43576
;WIDTH:0.604443
G1 X104.353 Y108.95 E2.49404
G1 X104.418 Y109.311 E2.51875
;WIDTH:0.60367
G1 X104.489 Y109.389 E2.52584
;WIDTH:0.565252
G1 X104.56 Y109.466 E2.53238
;WIDTH:0.526835
G1 X104.631 Y109.544 E2.53846
;WIDTH:0.488417
G1 X104.702 Y109.622 E2.54404
;WIDTH:0.45
G1 X105.119 Y109.926 E2.56886
G1 X105.47 Y109.993 E2.58605
G1 X115.094 Y109.993 E3.04893
G1 X115.642 Y109.7 E3.07882
G1 X115.772 Y109.49 E3.0907
;WIDTH:0.422889
G1 X115.902 Y109.28 E3.10174
;WIDTH:0.397034
G1 X115.963 Y108.95 E3.11566
;WIDTH:0.423517
G1 X115.976 Y108.656 E3.12884
;WIDTH:0.45
G1 X115.989 Y105.488 E3.28121
G1 X115.837 Y104.968 E3.30727
G1 X115.647 Y104.744 E3.3214
G1 X115.689 Y104.661 E3.32587
G1 X115.77 Y104.274 E3.34489
G1 X115.77 Y102.957 E3.40823
G1 X115.487 Y102.274 E3.44379
G1 X115.352 Y102.175 E3.45184
G1 X116.587 Y102.25 E3.51135
G1 X117.459 Y102.369 E3.55368
G1 X116.318 Y108.791 E3.86739
;WIDTH:0.418744
G1 X116.26 Y109.183 E3.8849
G1 X116.183 Y109.503 E3.89945
;WIDTH:0.45
G1 X115.6 Y112.39 E4.04111
G1 X115.35 Y113.473 E4.09457
G1 X115.189 Y113.948 E4.11869
G1 X114.924 Y114.08 E4.13293
G1 X114.473 Y114.165 E4.155
G1 X113.343 Y114.257 E4.20953
G1 X112.057 Y114.306 E4.27143
G1 X110.528 Y114.329 E4.34498
G1 X108.95 Y114.325 E4.42088
G1 X107.461 Y114.292 E4.49251
G1 X106.144 Y114.222 E4.55594
G1 X105.186 Y114.107 E4.60235
G1 X104.844 Y113.987 E4.61978
G1 X104.767 Y113.846 E4.62751
G1 X104.49 Y112.802 E4.67946
G1 X103.93 Y110.024 E4.81576
;WIDTH:0.488417
G1 X103.922 Y109.881 E4.82333
;WIDTH:0.526835
G1 X103.915 Y109.739 E4.83153
;WIDTH:0.565252
G1 X103.907 Y109.596 E4.84048
;WIDTH:0.60367
G1 X103.9 Y109.453 E4.85011
;WIDTH:0.604443
G1 X103.643 Y108.151 E4.9395
;WIDTH:0.565832
G1 X103.469 Y107.303 E4.99364
;WIDTH:0.527221
G1 X103.295 Y106.455 E5.04361
;WIDTH:0.48861
G1 X103.121 Y105.606 E5.08947
;WIDTH:0.45
G1 X102.545 Y102.371 E5.24751
G1 X102.167 Y102.075 F7800
G1 F3600
G1 X102.327 Y102.017 E5.2557
G1 X103.218 Y101.886 E5.29901
G1 X104.88 Y101.779 E5.37911
;WIDTH:0.494294
G1 X105.143 Y101.792 E5.39323
;WIDTH:0.538589
G1 X105.406 Y101.806 E5.40881
;WIDTH:0.539498
G1 X106.031 Y101.787 E5.44586
;WIDTH:0.560503
G1 X110.16 Y101.755 E5.70137
G1 X114.112 Y101.789 E5.94593
;WIDTH:0.537694
G1 X114.772 Y101.807 E5.98491
;WIDTH:0.526483
G1 X115.162 Y101.802 E6.00739
;WIDTH:0.488241
G1 X115.553 Y101.797 E6.02806
;WIDTH:0.45
G1 X116.602 Y101.865 E6.07862
G1 X117.33 Y101.949 E6.11387
G1 X117.858 Y102.085 E6.14009
G1 X117.835 Y102.468 E6.15854
G1 X116.755 Y108.465 E6.45161
G1 X116.239 Y111.184 E6.58472
G1 X115.971 Y112.501 E6.64936
G1 X115.706 Y113.625 E6.7049
G1 X115.543 Y114.104 E6.72924
G1 X115.333 Y114.339 E6.7444
G1 X115.059 Y114.441 E6.75846
G1 X114.569 Y114.544 E6.78254
G1 X113.414 Y114.64 E6.83828
G1 X112.068 Y114.691 E6.90306
G1 X110.53 Y114.715 E6.97704
G1 X108.945 Y114.71 E7.05327
G1 X107.454 Y114.677 E7.125
G1 X106.388 Y114.629 E7.17632
G1 X105.57 Y114.561 E7.2158
G1 X105.025 Y114.471 E7.24237
G1 X104.587 Y114.28 E7.26535
G1 X104.406 Y113.99 E7.28179
G1 X104.115 Y112.891 E7.33647
G1 X103.83 Y111.542 E7.40278
G1 X103.487 Y109.764 E7.48987
G1 X102.277 Y103.127 E7.81435
G1 X102.14 Y102.282 E7.85552
G1 X102.143 Y102.119 E7.86336
G1 X101.797 Y101.864 F7800
;TYPE:External perimeter
G1 F1800
G1 X101.873 Y101.796 E7.86826
G1 X102.199 Y101.648 E7.88548
G1 X102.736 Y101.548 E7.91175
G1 X103.526 Y101.467 E7.94995
G1 X104.702 Y101.399 E8.00661
G1 X106.019 Y101.356 E8.06999
G1 X110.16 Y101.314 E8.26917
G1 X114.123 Y101.36 E8.45979
G1 X115.577 Y101.412 E8.52977
G1 X116.66 Y101.482 E8.58197
G1 X117.576 Y101.606 E8.62643
G1 X118.056 Y101.75 E8.65053
G1 X118.23 Y101.883 E8.66106
G1 X118.251 Y102.167 E8.67476
G1 X118.217 Y102.527 E8.69215
G1 X117.135 Y108.533 E8.98567
G1 X116.682 Y110.937 E9.10333
G1 X116.354 Y112.554 E9.18269
G1 X116.109 Y113.611 E9.23488
G1 X115.956 Y114.112 E9.26007
G1 X115.805 Y114.43 E9.277
G1 X115.538 Y114.674 E9.2944
G1 X115.193 Y114.802 E9.3121
G1 X114.619 Y114.927 E9.34035
G1 X113.437 Y115.025 E9.3974
G1 X112.078 Y115.077 E9.46281
G1 X110.532 Y115.101 E9.53718
G1 X108.94 Y115.096 E9.61375
G1 X107.441 Y115.063 E9.68586
G1 X106.364 Y115.014 E9.73771
G1 X105.523 Y114.944 E9.7783
G1 X104.923 Y114.845 E9.80755
G1 X104.428 Y114.653 E9.83309
G1 X104.237 Y114.485 E9.84532
G1 X104.045 Y114.134 E9.86456
G1 X103.739 Y112.98 E9.92198
G1 X103.452 Y111.618 E9.98893
G1 X103.108 Y109.836 E10.07622
G1 X101.897 Y103.193 E10.40099
G1 X101.759 Y102.344 E10.44236
G1 X101.769 Y101.911 E10.46319
G1 X102.107 Y101.697 F7800
G1 E8.46319 F2400
G92 E0
G1 X103.855 Y102.932 F7800
G1 E2 F2400
;TYPE:Solid infill
;WIDTH:0.511517
G1 F1200
G1 X103.847 Y103.175 E2.01356
G1 X103.872 Y103.722 E2.0441
;WIDTH:0.462202
G1 X103.897 Y104.269 E2.07127
;WIDTH:0.412887
G1 X103.963 Y104.662 E2.08859
;WIDTH:0.407646
G1 X103.813 Y105.322 E2.11757
G1 X103.739 Y105.353 E2.121
G1 X103.64 Y104.807 E2.14476
;WIDTH:0.412887
G1 X103.551 Y104.301 E2.16709
;WIDTH:0.462202
G1 X103.461 Y103.636 E2.20039
;WIDTH:0.511517
G1 X103.371 Y102.971 E2.23781
G1 X103.663 Y102.947 E2.25415
G1 E.25415 F2400
G92 E0
G1 X105.479 Y110.668 F7800
G1 E2 F2400
;WIDTH:0.45
G1 F1200
G1 X108.305 Y110.668 E2.13592
G1 X105.577 Y113.395 E2.32144
G1 X105.564 Y113.486 E2.32586
G1 X105.36 Y113.452 E2.33581
G1 X105.147 Y112.646 E2.37591
G1 X104.7 Y110.442 E2.48407
G1 X104.91 Y110.564 E2.49575
G1 X105.29 Y110.633 E2.51433
G1 X107.181 Y111.053 F7800
G1 F1200
G1 X105.479 Y111.053 E2.59619
G1 X105.209 Y111.012 E2.60932
G1 X105.522 Y112.558 E2.68519
G1 X105.595 Y112.832 E2.69883
G1 X107.374 Y111.053 E2.81984
G1 X108.851 Y110.668 F7800
G1 F1200
G1 X105.986 Y113.532 E3.01468
G1 X106.491 Y113.572 E3.03904
G1 X109.396 Y110.668 E3.2366
G1 X109.941 Y110.668 E3.26281
G1 X107.013 Y113.596 E3.46197
G1 X107.536 Y113.618 E3.48715
G1 X110.487 Y110.668 E3.68784
G1 X111.032 Y110.668 E3.71405
G1 X108.069 Y113.63 E3.91556
G1 X108.603 Y113.642 E3.94125
G1 X111.577 Y110.668 E4.14354
G1 X112.123 Y110.668 E4.1698
G1 X109.14 Y113.65 E4.37267
G1 X109.684 Y113.652 E4.39883
G1 X112.668 Y110.668 E4.6018
G1 X113.213 Y110.668 E4.62801
G1 X110.227 Y113.654 E4.83111
G1 X110.776 Y113.651 E4.85752
G1 X113.759 Y110.668 E5.06042
G1 X114.304 Y110.668 E5.08663
G1 X111.329 Y113.642 E5.28895
G1 X111.883 Y113.634 E5.3156
G1 X114.849 Y110.668 E5.51734
G1 X115.392 Y110.551 E5.54406
;WIDTH:0.404381
G1 X115.32 Y110.532 E5.54722
G1 X115.339 Y110.603 E5.55034
G1 X115.381 Y110.592 E5.55218
;WIDTH:0.45
G1 X115.224 Y110.838 E5.56622
G1 X112.447 Y113.616 E5.75514
G1 X113.013 Y113.594 E5.78238
G1 X115.087 Y111.521 E5.92342
G1 X115.3 Y111.4 E5.9352
;WIDTH:0.404381
G1 X115.259 Y111.411 E5.937
G1 X115.24 Y111.34 E5.94012
G1 X115.311 Y111.359 E5.94324
G1 X114.849 Y112.386 F7800
;WIDTH:0.565856
G1 F1200
G1 X114.602 Y113.401 E6.00858
G1 X114.424 Y113.434 E6.0199
G1 X113.745 Y113.49 E6.06251
G1 X114.713 Y112.522 E6.14813
G1 E4.14813 F2400
G92 E0
G1 X106.426 Y111.446 F7800
G1 E2 F2400
;WIDTH:0.464586
G1 F1200
G1 X105.821 Y112.051 E2.04271
G1 X105.698 Y111.446 E2.07353
G1 X106.233 Y111.446 E2.10023
G1 E.10023 F2400
G92 E0
G1 X116.614 Y103.009 F7800
G1 E2 F2400
;WIDTH:0.638981
G1 F1200
G1 X116.563 Y102.958 E2.00517
G1 X116.494 Y102.976 E2.01028
G1 X116.475 Y103.046 E2.01548
G1 X116.526 Y103.097 E2.02065
G1 X116.596 Y103.078 E2.02585
;LAYER_CHANGE
;Z:1.95
;HEIGHT:0.1
G1 E.02585 F2400
G92 E0
G1 Z1.95 F7800
G1 X112.753 Y121.11
G1 E2 F2400
;TYPE:Support material
;WIDTH:0.35
;HEIGHT:0.28
G1 F3600
G1 X107.247 Y121.11 E2.18582
G1 X107.247 Y118.389 E2.27765
G1 X112.753 Y118.389 E2.46347
G1 X112.753 Y121.067 E2.55385
G1 E.55385 F2400
G92 E0
G1 X114.592 Y108.595 F7800
G1 E2 F2400
G1 F3600
G1 X105.828 Y108.595 E2.29577
G1 X105.828 Y105.843 E2.38865
G1 X114.592 Y105.843 E2.68442
G1 X114.592 Y108.552 E2.77585
G1 X114.462 Y107.214 F7800
G1 F3600
G1 X105.958 Y107.214 E3.06285
G1 E1.06285 F2400
G92 E0
G1 X107.182 Y103.914 F7800
G1 E2 F2400
G1 F3600
G1 X105.978 Y103.914 E2.04063
G1 X105.978 Y103.317 E2.06078
G1 X107.182 Y103.317 E2.10141
G1 X107.182 Y103.87 E2.12007
G1 E.12007 F2400
G92 E0
G1 X114.345 Y103.564 F7800
G1 E2 F2400
G1 F3600
G1 X114.345 Y103.914 E2.01181
G1 X112.818 Y103.914 E2.06334
G1 X112.818 Y103.317 E2.08349
G1 X114.345 Y103.317 E2.13502
G1 X114.345 Y103.521 E2.1419
;LAYER_CHANGE
;Z:2.15
;HEIGHT:0.2
G1 Z2.15 F7800
G1 X114.797 Y104.874
;TYPE:Perimeter
;WIDTH:0.366389
;HEIGHT:0.3
G1 F900
G1 X114.705 Y104.878 E2.14537
;WIDTH:0.358317
G1 X105.619 Y104.878 E2.47847
;WIDTH:0.378831
G1 X105.471 Y104.868 E2.48429
G1 E.48429 F2400
G92 E0
G1 X115.37 Y105.016 F7800
G1 E2 F2400
;WIDTH:0.45
G1 F900
G1 X115.561 Y105.271 E2.01532
G1 X115.603 Y105.488 E2.02595
G1 X115.603 Y108.951 E2.19251
G1 X115.564 Y109.159 E2.20269
G1 X115.363 Y109.432 E2.219
G1 X115.28 Y109.502 E2.22422
G1 X114.949 Y109.606 E2.24091
G1 X105.358 Y109.595 E2.7022
G1 X104.982 Y109.355 E2.72365
G1 X104.817 Y109.039 E2.7408
G1 X104.817 Y105.488 E2.91159
G1 X104.881 Y105.224 E2.92466
G1 X105.12 Y104.951 E2.94211
G1 X105.296 Y104.909 E2.95081
;WIDTH:0.414415
G1 X105.471 Y104.868 E2.95866
G1 X105.304 Y104.776 E2.96698
;WIDTH:0.45
G1 X105.138 Y104.684 E2.97611
G1 X105 Y104.464 E2.9886
G1 X104.968 Y104.274 E2.99787
G1 X104.968 Y102.957 E3.06121
G1 X105.138 Y102.547 E3.08256
;WIDTH:0.495197
G1 X105.314 Y102.411 E3.09451
;WIDTH:0.540394
G1 X105.49 Y102.274 E3.10775
;WIDTH:0.541733
G1 X106.075 Y102.261 E3.14259
;WIDTH:0.563206
G1 X113.925 Y102.261 E3.63099
;WIDTH:0.541738
G1 X114.705 Y102.267 E3.67743
;WIDTH:0.52878
G1 X114.864 Y102.335 E3.68745
;WIDTH:0.48939
G1 X115.024 Y102.402 E3.69665
;WIDTH:0.45
G1 X115.185 Y102.547 E3.70707
G1 X115.355 Y102.957 E3.72842
G1 X115.355 Y104.274 E3.79176
G1 X115.292 Y104.537 E3.80477
G1 X115.111 Y104.753 E3.81832
;WIDTH:0.443547
G1 X114.954 Y104.814 E3.82629
;WIDTH:0.404968
G1 X114.797 Y104.874 E3.83343
G1 X114.967 Y104.871 E3.84065
;WIDTH:0.443547
G1 X115.137 Y104.867 E3.84869
;WIDTH:0.45
G1 X115.322 Y104.982 E3.85917
G1 X115.089 Y105.294 F7800
;TYPE:External perimeter
G1 F900
G1 X115.217 Y105.431 E3.86819
G1 X115.217 Y108.951 E4.03749
G1 X115.162 Y109.085 E4.04446
G1 X115.06 Y109.186 E4.05136
G1 X114.949 Y109.22 E4.05694
G1 X105.471 Y109.22 E4.5128
G1 X105.333 Y109.162 E4.52
G1 X105.203 Y108.982 E4.53068
G1 X105.203 Y105.488 E4.69873
G1 X105.224 Y105.4 E4.70308
G1 X105.401 Y105.218 E4.71529
G1 X114.705 Y105.218 E5.16278
G1 X115.039 Y105.24 E5.17888
G1 X115.048 Y105.251 E5.17956
G1 X115.206 Y105.618 F7800
G1 E3.17956 F2400
G92 E0
G1 X105.436 Y102.823 F7800
G1 E2 F2400
G1 F900
G1 X105.482 Y102.748 E2.00423
G1 X105.619 Y102.692 E2.01135
G1 X114.705 Y102.692 E2.44836
G1 X114.841 Y102.748 E2.45543
G1 X114.97 Y102.939 E2.46652
G1 X114.97 Y104.274 E2.53073
G1 X114.957 Y104.344 E2.53415
G1 X114.77 Y104.539 E2.54714
G1 X105.619 Y104.539 E2.98727
G1 X105.482 Y104.482 E2.99441
G1 X105.353 Y104.303 E3.00502
G1 X105.353 Y102.957 E3.06976
G1 X105.405 Y102.874 E3.07447
G1 X105.765 Y102.701 F7800
G1 E1.07447 F2400
G92 E0
G1 X116.168 Y102.707 F7800
G1 E2 F2400
;TYPE:Perimeter
;WIDTH:0.645194
G1 F900
G1 X116.854 Y102.773 E2.04992
G1 X116.748 Y103.491 E2.1025
;WIDTH:0.609582
G1 X116.694 Y103.902 E2.13069
;WIDTH:0.573971
G1 X116.641 Y104.314 E2.15709
;WIDTH:0.53836
G1 X116.538 Y104.943 E2.19477
;WIDTH:0.526602
G1 X116.412 Y105.627 E2.23487
G1 X116.412 Y105.488 E2.24288
G1 X116.311 Y104.968 E2.27342
G1 X116.117 Y104.633 E2.29574
;WIDTH:0.53836
G1 X116.171 Y104.274 E2.3172
;WIDTH:0.573971
G1 X116.191 Y103.796 E2.34761
;WIDTH:0.609582
G1 X116.212 Y103.319 E2.38008
;WIDTH:0.645194
G1 X116.232 Y102.842 E2.41467
G1 X116.194 Y102.761 E2.42115
G1 E.42115 F2400
G92 E0
G1 X104.348 Y102.578 F7800
G1 E2 F2400
;WIDTH:0.45
G1 F900
G1 X104.197 Y102.957 E2.01962
G1 X104.197 Y104.274 E2.08296
G1 X104.272 Y104.718 E2.10462
G1 X104.092 Y105.137 E2.12655
G1 X104.046 Y105.488 E2.14358
G1 X104.046 Y108.251 E2.27647
G1 X103.453 Y105.11 E2.43021
G1 X103.036 Y102.686 E2.54851
G1 X103.684 Y102.618 E2.57985
G1 X104.288 Y102.582 E2.60895
G1 E.60895 F2400
G92 E0
G1 X115.577 Y110.18 F7800
G1 E2 F2400
G1 F900
G1 X115.235 Y111.782 E2.07879
G1 X114.896 Y113.194 E2.14863
G1 X114.694 Y113.845 E2.18141
G1 X114.601 Y113.9 E2.18661
G1 X113.906 Y114.008 E2.22044
G1 X112.396 Y114.098 E2.29319
G1 X111.006 Y114.131 E2.36006
G1 X109.495 Y114.136 E2.43273
G1 X108.03 Y114.112 E2.5032
G1 X106.742 Y114.059 E2.5652
G1 X105.924 Y113.993 E2.60467
G1 X105.324 Y113.883 E2.63401
G1 X105.216 Y113.604 E2.6484
G1 X104.913 Y112.426 E2.7069
G1 X104.336 Y109.749 E2.83861
G1 X104.505 Y109.971 E2.85203
G1 X105.207 Y110.351 E2.89042
G1 X105.471 Y110.377 E2.90318
G1 X114.949 Y110.377 E3.35904
G1 X115.52 Y110.198 E3.38782
G1 E1.38782 F2400
G92 E0
G1 X102.652 Y102.363 F7800
G1 E2 F2400
G1 F3600
G1 X102.932 Y102.309 E2.01372
G1 X103.805 Y102.225 E2.0559
G1 X105.019 Y102.158 E2.11438
G1 X104.849 Y102.291 E2.12476
G1 X104.582 Y102.957 E2.15927
G1 X104.582 Y104.401 E2.22872
G1 X104.732 Y104.787 E2.24864
G1 X104.591 Y104.957 E2.25926
G1 X104.465 Y105.237 E2.27403
G1 X104.431 Y105.488 E2.28621
;WIDTH:0.492453
G1 X104.41 Y106.642 E2.34783
;WIDTH:0.534906
G1 X104.389 Y107.796 E2.41557
;WIDTH:0.577359
G1 X104.368 Y108.951 E2.48948
G1 X104.44 Y109.329 E2.5141
;WIDTH:0.577132
G1 X104.554 Y109.453 E2.52487
;WIDTH:0.534754
G1 X104.667 Y109.577 E2.53471
;WIDTH:0.492377
G1 X104.781 Y109.701 E2.5437
;WIDTH:0.45
G1 X105.283 Y109.973 E2.57116
G1 X105.471 Y109.992 E2.58025
G1 X114.949 Y109.992 E3.03611
G1 X115.501 Y109.818 E3.06395
G1 X115.714 Y109.624 E3.07781
G1 X115.799 Y109.454 E3.08695
;WIDTH:0.408654
G1 X115.885 Y109.283 E3.09517
;WIDTH:0.369458
G1 X115.948 Y108.951 E3.10803
;WIDTH:0.409729
G1 X115.968 Y108.39 E3.13221
;WIDTH:0.45
G1 X115.988 Y107.829 E3.15921
G1 X115.988 Y105.488 E3.2718
G1 X115.918 Y105.127 E3.28949
G1 X115.823 Y104.949 E3.29919
G1 X115.639 Y104.737 E3.31269
G1 X115.741 Y104.274 E3.33549
G1 X115.741 Y102.869 E3.40307
G1 X115.457 Y102.274 E3.43478
G1 X115.351 Y102.174 E3.44179
G1 X116.595 Y102.26 E3.50176
G1 X117.411 Y102.372 E3.54137
G1 X116.32 Y108.548 E3.84301
;WIDTH:0.409729
G1 X116.211 Y109.223 E3.87246
G1 X116.096 Y109.679 E3.89272
;WIDTH:0.45
G1 X115.981 Y110.134 E3.91529
G1 X115.611 Y111.867 E4.00052
G1 X115.277 Y113.264 E4.0696
G1 X115.088 Y113.904 E4.1017
G1 X114.956 Y114.172 E4.11607
G1 X114.755 Y114.263 E4.12668
G1 X114.206 Y114.367 E4.15355
G1 X113.632 Y114.421 E4.18128
G1 X112.437 Y114.483 E4.23883
G1 X111.011 Y114.517 E4.30744
G1 X109.492 Y114.522 E4.3805
G1 X108.019 Y114.498 E4.45136
G1 X106.732 Y114.445 E4.51331
G1 X105.915 Y114.381 E4.55273
G1 X105.371 Y114.299 E4.57919
G1 X105.044 Y114.165 E4.59619
G1 X104.847 Y113.719 E4.61964
G1 X104.538 Y112.516 E4.67938
G1 X103.995 Y110.002 E4.80308
;WIDTH:0.492453
G1 X103.95 Y109.668 E4.82107
;WIDTH:0.534906
G1 X103.904 Y109.333 E4.84091
;WIDTH:0.577359
G1 X103.859 Y108.998 E4.86254
G1 X103.61 Y107.801 E4.94077
;WIDTH:0.534906
G1 X103.361 Y106.603 E5.01258
;WIDTH:0.492453
G1 X103.112 Y105.406 E5.07786
;WIDTH:0.45
G1 X102.591 Y102.375 E5.22578
G1 X102.593 Y102.374 E5.22589
G1 X102.212 Y102.081 F7800
G1 F3600
G1 X102.343 Y102.03 E5.23265
G1 X102.892 Y101.926 E5.25952
G1 X103.782 Y101.84 E5.30253
G1 X104.908 Y101.776 E5.35677
;WIDTH:0.495197
G1 X105.171 Y101.79 E5.37092
;WIDTH:0.540394
G1 X105.434 Y101.804 E5.38656
;WIDTH:0.541733
G1 X106.072 Y101.783 E5.42457
;WIDTH:0.563206
G1 X110.104 Y101.751 E5.67543
G1 X113.928 Y101.783 E5.91335
;WIDTH:0.541738
G1 X114.741 Y101.804 E5.96177
;WIDTH:0.528545
G1 X115.131 Y101.801 E5.98435
;WIDTH:0.489272
G1 X115.521 Y101.798 E6.00502
;WIDTH:0.45
G1 X116.636 Y101.876 E6.05878
G1 X117.17 Y101.935 E6.08462
G1 X117.809 Y102.09 E6.11624
G1 X117.787 Y102.474 E6.13474
G1 X117.335 Y105.087 E6.26228
G1 X116.807 Y107.943 E6.40197
G1 X116.359 Y110.211 E6.51316
G1 X115.987 Y111.952 E6.59879
G1 X115.576 Y113.613 E6.68109
G1 X115.385 Y114.189 E6.71028
G1 X115.186 Y114.491 E6.72768
G1 X114.745 Y114.658 E6.75036
G1 X113.978 Y114.776 E6.78768
G1 X113.377 Y114.821 E6.81667
G1 X112.415 Y114.869 E6.863
G1 X111.016 Y114.903 E6.93031
G1 X109.489 Y114.907 E7.00375
G1 X108.008 Y114.883 E7.07499
G1 X106.687 Y114.829 E7.13858
G1 X105.808 Y114.755 E7.18101
G1 X105.108 Y114.624 E7.21526
G1 X104.776 Y114.453 E7.23322
G1 X104.69 Y114.332 E7.24036
G1 X104.479 Y113.833 E7.26642
G1 X104.163 Y112.607 E7.32731
G1 X103.836 Y111.14 E7.3996
G1 X103.493 Y109.48 E7.48113
G1 X102.693 Y105.247 E7.68833
G1 X102.2 Y102.379 E7.82829
G1 X102.201 Y102.134 E7.84007
G1 X101.83 Y101.881 F7800
;TYPE:External perimeter
G1 F1800
G1 X101.918 Y101.803 E7.84573
G1 X102.213 Y101.663 E7.86144
G1 X102.803 Y101.547 E7.89036
G1 X103.589 Y101.465 E7.92837
G1 X104.756 Y101.395 E7.9846
G1 X106.06 Y101.352 E8.04735
G1 X110.104 Y101.309 E8.24186
G1 X113.939 Y101.352 E8.42632
G1 X115.544 Y101.413 E8.50357
G1 X116.676 Y101.493 E8.55815
G1 X117.51 Y101.606 E8.59863
G1 X117.976 Y101.74 E8.62195
G1 X118.18 Y101.887 E8.63404
G1 X118.191 Y102.029 E8.64089
G1 X118.169 Y102.531 E8.66506
G1 X117.715 Y105.155 E8.79314
G1 X117.186 Y108.016 E8.93308
G1 X116.737 Y110.289 E9.04452
G1 X116.363 Y112.037 E9.1305
G1 X116.023 Y113.463 E9.20101
G1 X115.827 Y114.123 E9.23412
G1 X115.623 Y114.561 E9.25736
G1 X115.403 Y114.816 E9.27356
G1 X115.127 Y114.941 E9.28813
G1 X114.816 Y115.037 E9.30378
G1 X114.014 Y115.16 E9.3428
G1 X112.424 Y115.255 E9.41941
G1 X111.021 Y115.288 E9.48691
G1 X109.487 Y115.293 E9.56069
G1 X107.997 Y115.269 E9.63236
G1 X106.619 Y115.212 E9.69869
G1 X105.441 Y115.089 E9.75566
G1 X104.852 Y114.951 E9.78476
G1 X104.508 Y114.742 E9.80412
G1 X104.289 Y114.434 E9.8223
G1 X104.11 Y113.948 E9.84721
G1 X103.788 Y112.697 E9.90934
G1 X103.459 Y111.221 E9.98207
G1 X103.115 Y109.555 E10.06389
G1 X102.314 Y105.315 E10.27143
G1 X101.82 Y102.444 E10.41154
G1 X101.82 Y101.937 E10.43592
G1 X102.145 Y101.702 F7800
G1 E8.43592 F2400
G92 E0
G1 X103.592 Y104.3 F7800
G1 E2 F2400
;TYPE:Solid infill
;WIDTH:0.453636
G1 F1200
G1 X103.504 Y103.633 E2.03266
;WIDTH:0.502299
G1 X103.415 Y102.966 E2.06941
G1 X103.891 Y102.926 E2.0955
G1 X103.881 Y103.165 E2.10857
G1 X103.906 Y103.718 E2.13881
;WIDTH:0.453636
G1 X103.93 Y104.27 E2.16563
;WIDTH:0.404973
G1 X103.997 Y104.693 E2.18382
;WIDTH:0.398547
G1 X103.823 Y105.18 E2.20537
G1 X103.745 Y105.182 E2.20862
G1 X103.719 Y105.033 E2.21492
;WIDTH:0.403307
G1 X103.625 Y104.49 E2.23822
G1 E.23822 F2400
G92 E0
G1 X105.439 Y113.309 F7800
G1 E2 F2400
;WIDTH:0.45
G1 F1200
G1 X105.811 Y113.681 E2.0253
G1 X105.447 Y113.69 E2.04281
;WIDTH:0.404381
G1 X105.428 Y113.761 E2.04593
G1 X105.499 Y113.742 E2.04905
G1 X105.488 Y113.701 E2.05085
G1 X106.419 Y113.744 F7800
;WIDTH:0.45
G1 F1200
G1 X105.25 Y112.575 E2.13036
G1 X104.897 Y111.699 F7800
;WIDTH:0.404381
G1 F1200
G1 X104.878 Y111.77 E2.13348
G1 X104.949 Y111.751 E2.1366
G1 X104.938 Y111.71 E2.1384
;WIDTH:0.45
G1 X107.001 Y113.781 E2.279
G1 X107.57 Y113.804 E2.30639
G1 X104.935 Y111.169 E2.48562
G1 X104.783 Y110.472 E2.51993
G1 X108.136 Y113.825 E2.748
G1 X108.69 Y113.834 E2.77465
G1 X105.523 Y110.666 E2.9901
G1 X106.069 Y110.666 E3.01636
G1 X109.245 Y113.843 E3.23242
G1 X109.793 Y113.846 E3.25878
G1 X106.614 Y110.666 E3.47505
G1 X107.159 Y110.666 E3.50126
G1 X110.337 Y113.844 E3.71742
G1 X110.881 Y113.843 E3.74358
G1 X107.705 Y110.666 E3.95964
G1 X108.25 Y110.666 E3.98585
G1 X111.416 Y113.832 E4.2012
G1 X111.949 Y113.82 E4.22684
G1 X108.795 Y110.666 E4.44137
G1 X109.341 Y110.666 E4.46763
G1 X112.479 Y113.805 E4.68111
G1 X112.998 Y113.778 E4.70611
G1 X109.886 Y110.666 E4.91778
G1 X110.431 Y110.666 E4.94399
G1 X113.516 Y113.751 E5.15383
G1 X114.017 Y113.707 E5.17802
G1 X110.977 Y110.666 E5.38483
G1 X111.522 Y110.666 E5.41104
G1 X114.47 Y113.614 E5.61156
G1 X114.595 Y113.194 E5.63264
G1 X112.067 Y110.666 E5.80459
G1 X112.613 Y110.666 E5.83085
G1 X114.704 Y112.758 E5.97311
G1 E3.97311 F2400
G92 E0
G1 X113.294 Y110.803 F7800
G1 E2 F2400
G1 F1200
G1 X114.809 Y112.318 E2.10305
G1 X115.193 Y110.594 E2.188
G1 X114.934 Y110.666 E2.20093
G1 X113.158 Y110.666 E2.28635
G1 X114.058 Y111.039 F7800
;WIDTH:0.424705
G1 F1200
G1 X114.716 Y111.039 E2.31592
G1 X114.6 Y111.581 E2.34083
G1 X114.195 Y111.176 E2.36657
;LAYER_CHANGE
;Z:2.25
;HEIGHT:0.0999999
G1 E.36657 F2400
G92 E0
G1 Z2.25 F7800
G1 X112.753 Y121.11
G1 E2 F2400
;TYPE:Support material
;WIDTH:0.35
;HEIGHT:0.3
G1 F3600
G1 X107.247 Y121.11 E2.19615
G1 X107.247 Y118.389 E2.29308
G1 X112.753 Y118.389 E2.48923
G1 X112.753 Y121.067 E2.58463
G1 E.58463 F2400
G92 E0
G1 X114.353 Y108.521 F7800
G1 E2 F2400
G1 F3600
G1 X106.044 Y108.521 E2.296
G1 X106.044 Y105.917 E2.38876
G1 X114.353 Y105.917 E2.68476
G1 X114.353 Y108.479 E2.77603
G1 X114.225 Y107.214 F7800
G1 F3600
G1 X106.172 Y107.214 E3.06291
G1 E1.06291 F2400
G92 E0
G1 X107.182 Y103.914 F7800
G1 E2 F2400
G1 F3600
G1 X106.008 Y103.914 E2.04182
G1 X106.008 Y103.317 E2.06309
G1 X107.182 Y103.317 E2.10491
G1 X107.182 Y103.871 E2.12465
G1 E.12465 F2400
G92 E0
G1 X114.316 Y103.578 F7800
G1 E2 F2400
G1 F3600
G1 X114.316 Y103.914 E2.01197
G1 X112.818 Y103.914 E2.06533
G1 X112.818 Y103.317 E2.0866
G1 X114.316 Y103.317 E2.13996
G1 X114.316 Y103.535 E2.14773
;LAYER_CHANGE
;Z:2.45
;HEIGHT:0.2
G1 Z2.45 F7800
G1 X114.775 Y104.911
;TYPE:Perimeter
;WIDTH:0.440795
;HEIGHT:0.3
G1 F900
G1 X114.675 Y104.915 E2.15243
;WIDTH:0.432165
G1 X105.648 Y104.915 E2.56652
;WIDTH:0.433329
G1 X105.611 Y104.915 E2.56822
G1 E.56822 F2400
G92 E0
G1 X115.186 Y105.085 F7800
G1 E2 F2400
;WIDTH:0.45
G1 F900
G1 X115.276 Y105.177 E2.00619
G1 X115.364 Y105.387 E2.01714
G1 X115.364 Y108.954 E2.1887
G1 X115.323 Y109.167 E2.19913
G1 X115.219 Y109.337 E2.20872
G1 X114.999 Y109.491 E2.22164
G1 X114.786 Y109.532 E2.23207
G1 X105.611 Y109.532 E2.67336
G1 X105.478 Y109.517 E2.6798
G1 X105.216 Y109.376 E2.69411
G1 X105.033 Y109.046 E2.71226
G1 X105.033 Y105.952 E2.86107
G1 X105.062 Y105.304 E2.89227
G1 X105.23 Y105.05 E2.90692
G1 X105.378 Y104.959 E2.91528
;WIDTH:0.444042
G1 X105.611 Y104.915 E2.92651
G1 X105.381 Y104.856 E2.93775
;WIDTH:0.45
G1 X105.167 Y104.684 E2.95096
G1 X105.031 Y104.469 E2.9632
G1 X104.997 Y104.274 E2.97272
G1 X104.997 Y102.957 E3.03606
G1 X105.167 Y102.547 E3.05741
;WIDTH:0.494294
G1 X105.343 Y102.411 E3.06934
;WIDTH:0.538589
G1 X105.52 Y102.275 E3.08254
;WIDTH:0.540243
G1 X106.116 Y102.261 E3.11792
;WIDTH:0.561809
G1 X113.884 Y102.261 E3.59986
;WIDTH:0.540248
G1 X114.675 Y102.268 E3.64681
;WIDTH:0.526922
G1 X114.829 Y102.331 E3.65641
;WIDTH:0.488461
G1 X114.982 Y102.394 E3.66516
;WIDTH:0.45
G1 X115.156 Y102.547 E3.6763
G1 X115.326 Y102.957 E3.69765
G1 X115.326 Y104.274 E3.76099
G1 X115.256 Y104.55 E3.77468
G1 X115.084 Y104.756 E3.78759
G1 X114.786 Y104.91 E3.80372
G1 X115.108 Y105.004 E3.81985
G1 X115.144 Y105.042 E3.82237
G1 X114.916 Y105.358 F7800
;TYPE:External perimeter
G1 F900
G1 X114.978 Y105.447 E3.82759
G1 X114.978 Y108.954 E3.99626
G1 X114.93 Y109.081 E4.00279
G1 X114.786 Y109.146 E4.01039
G1 X105.611 Y109.146 E4.45168
G1 X105.419 Y109.015 E4.46286
G1 X105.428 Y105.425 E4.63553
G1 X105.548 Y105.292 E4.64415
G1 X114.675 Y105.292 E5.08313
G1 X114.874 Y105.322 E5.09281
G1 X114.971 Y105.71 F7800
G1 E3.09281 F2400
G92 E0
G1 X105.465 Y102.823 F7800
G1 E2 F2400
G1 F900
G1 X105.512 Y102.748 E2.00426
G1 X105.648 Y102.692 E2.01133
G1 X114.675 Y102.692 E2.4455
G1 X114.812 Y102.748 E2.45262
G1 X114.941 Y102.935 E2.46355
G1 X114.941 Y104.274 E2.52795
G1 X114.917 Y104.366 E2.53252
G1 X114.772 Y104.512 E2.54242
G1 X114.675 Y104.539 E2.54726
G1 X105.648 Y104.539 E2.98143
G1 X105.512 Y104.482 E2.98852
G1 X105.383 Y104.303 E2.99913
G1 X105.383 Y102.957 E3.06387
G1 X105.434 Y102.874 E3.06856
G1 X105.794 Y102.701 F7800
G1 E1.06856 F2400
G92 E0
G1 X116.141 Y102.707 F7800
G1 E2 F2400
;TYPE:Perimeter
;WIDTH:0.633262
G1 F900
G1 X116.805 Y102.772 E2.04734
G1 X116.694 Y103.54 E2.1024
;WIDTH:0.59805
G1 X116.635 Y104.008 E2.1338
;WIDTH:0.562839
G1 X116.575 Y104.477 E2.1632
;WIDTH:0.529686
G1 X116.175 Y106.629 E2.29023
G1 X116.175 Y105.485 E2.35662
G1 X116.135 Y105.155 E2.37591
G1 X116.012 Y104.84 E2.39554
G1 X116.052 Y104.752 E2.40115
G1 X116.136 Y104.274 E2.42932
;WIDTH:0.562839
G1 X116.155 Y103.839 E2.45639
;WIDTH:0.59805
G1 X116.173 Y103.404 E2.48537
;WIDTH:0.633262
G1 X116.191 Y102.969 E2.51626
G1 X116.153 Y102.766 E2.53091
G1 E.53091 F2400
G92 E0
G1 X104.38 Y102.583 F7800
G1 E2 F2400
;WIDTH:0.45
G1 F900
G1 X104.226 Y102.957 E2.01945
G1 X104.226 Y104.446 E2.09107
G1 X104.389 Y104.915 E2.11495
;WIDTH:0.499751
G1 X104.322 Y105.105 E2.12589
;WIDTH:0.549503
G1 X104.254 Y105.295 E2.1381
;WIDTH:0.599255
G1 X104.187 Y105.485 E2.15154
G1 X104.207 Y105.952 E2.18272
;WIDTH:0.559414
G1 X104.229 Y107.453 E2.27541
;WIDTH:0.51452
G1 X104.252 Y108.954 E2.35969
G1 X103.984 Y107.477 E2.44397
;WIDTH:0.559414
G1 X103.717 Y106 E2.53664
;WIDTH:0.599255
G1 X103.656 Y105.53 E2.56826
G1 X103.601 Y105.354 E2.58056
;WIDTH:0.549503
G1 X103.545 Y105.178 E2.59174
;WIDTH:0.499751
G1 X103.49 Y105.002 E2.60175
;WIDTH:0.45
G1 X103.093 Y102.691 E2.71453
G1 X103.747 Y102.622 E2.74616
G1 X104.32 Y102.587 E2.77377
G1 E.77377 F2400
G92 E0
G1 X115.527 Y110.037 F7800
G1 E2 F2400
G1 F900
G1 X115.188 Y111.533 E2.07378
G1 X114.88 Y112.755 E2.13439
G1 X114.734 Y113.289 E2.16102
G1 X114.471 Y114.059 E2.20015
G1 X114.118 Y114.146 E2.21764
G1 X113.61 Y114.208 E2.24225
G1 X112.5 Y114.276 E2.29574
G1 X111.202 Y114.314 E2.3582
G1 X109.757 Y114.324 E2.4277
G1 X108.335 Y114.304 E2.4961
G1 X107.001 Y114.253 E2.56031
G1 X105.932 Y114.15 E2.61196
G1 X105.525 Y114.048 E2.63214
G1 X105.371 Y113.669 E2.65182
G1 X104.984 Y112.24 E2.72303
G1 X104.479 Y110.058 E2.83075
;WIDTH:0.464309
G1 X104.357 Y109.47 E2.8607
G1 X104.689 Y109.939 E2.88936
;WIDTH:0.45
G1 X105.301 Y110.267 E2.92276
G1 X105.611 Y110.303 E2.93777
G1 X114.786 Y110.303 E3.37906
G1 X115.283 Y110.208 E3.4034
G1 X115.478 Y110.071 E3.41486
G1 E1.41486 F2400
G92 E0
G1 X104.357 Y109.47 F7800
G1 E2 F2400
;WIDTH:0.469627
G1 F900
G1 X104.252 Y108.954 E2.02662
G1 E.02662 F2400
G92 E0
G1 X102.744 Y102.362 F7800
G1 E2 F2400
;WIDTH:0.45
G1 F3600
G1 X103 Y102.313 E2.01254
G1 X103.839 Y102.23 E2.05309
G1 X105.048 Y102.156 E2.11135
G1 X104.893 Y102.276 E2.12078
G1 X104.612 Y102.957 E2.15621
G1 X104.612 Y104.274 E2.21955
G1 X104.668 Y104.599 E2.23541
G1 X104.853 Y104.901 E2.25244
G1 X104.744 Y105.064 E2.26187
G1 X104.647 Y105.485 E2.28265
G1 X104.647 Y108.954 E2.4495
G1 X104.72 Y109.321 E2.4675
G1 X104.952 Y109.657 E2.48714
G1 X105.39 Y109.892 E2.51105
G1 X105.611 Y109.918 E2.52175
G1 X114.786 Y109.918 E2.96304
G1 X115.141 Y109.85 E2.98042
G1 X115.508 Y109.592 E3.002
;WIDTH:0.452538
G1 X115.683 Y109.31 E3.01807
;WIDTH:0.455928
G1 X115.753 Y108.954 E3.03579
G1 X115.75 Y107.859 E3.08927
;WIDTH:0.45
G1 X115.75 Y105.485 E3.20345
G1 X115.668 Y105.097 E3.22252
G1 X115.503 Y104.856 E3.23657
G1 X115.653 Y104.606 E3.25059
G1 X115.712 Y104.274 E3.26681
G1 X115.712 Y102.855 E3.33506
G1 X115.428 Y102.274 E3.36616
G1 X115.327 Y102.179 E3.37283
G1 X116.554 Y102.266 E3.43199
G1 X117.351 Y102.38 E3.47071
G1 X116.872 Y105.22 E3.60923
G1 X116.366 Y107.919 E3.7413
;WIDTH:0.455928
G1 X116.098 Y109.226 E3.80646
;WIDTH:0.45
G1 X115.563 Y111.623 E3.92458
G1 X115.184 Y113.127 E3.99918
G1 X114.989 Y113.784 E4.03214
G1 X114.763 Y114.342 E4.0611
G1 X114.65 Y114.403 E4.06728
G1 X114.145 Y114.535 E4.09238
G1 X113.643 Y114.592 E4.11668
G1 X112.511 Y114.661 E4.17123
G1 X111.208 Y114.699 E4.23393
G1 X109.756 Y114.709 E4.30377
G1 X108.325 Y114.69 E4.3726
G1 X106.976 Y114.638 E4.43753
G1 X105.879 Y114.532 E4.49054
G1 X105.328 Y114.389 E4.51792
G1 X105.222 Y114.3 E4.52458
G1 X105.002 Y113.781 E4.55169
G1 X104.61 Y112.335 E4.62375
G1 X104.288 Y110.986 E4.69045
G1 X103.917 Y109.3 E4.77348
G1 X103.283 Y106.077 E4.93147
G1 X102.648 Y102.38 E5.11189
G1 X102.685 Y102.373 E5.1137
G1 X102.283 Y102.082 F7800
G1 F3600
G1 X102.411 Y102.033 E5.12029
G1 X102.959 Y101.929 E5.14712
G1 X103.816 Y101.845 E5.18854
G1 X104.904 Y101.779 E5.24097
;WIDTH:0.491061
G1 X105.258 Y101.789 E5.25982
;WIDTH:0.532122
G1 X105.611 Y101.798 E5.28042
;WIDTH:0.540243
G1 X106.113 Y101.785 E5.31022
;WIDTH:0.561809
G1 X110.073 Y101.753 E5.55591
G1 X113.888 Y101.785 E5.79261
;WIDTH:0.540248
G1 X114.712 Y101.806 E5.84153
;WIDTH:0.526682
G1 X115.101 Y101.805 E5.86396
;WIDTH:0.488341
G1 X115.49 Y101.803 E5.88453
;WIDTH:0.45
G1 X116.594 Y101.882 E5.93776
G1 X117.103 Y101.939 E5.96239
G1 X117.751 Y102.095 E5.99445
G1 X117.715 Y102.567 E6.01722
G1 X117.252 Y105.288 E6.14997
G1 X116.744 Y107.994 E6.28239
G1 X116.347 Y109.908 E6.37641
G1 X115.938 Y111.713 E6.46543
G1 X115.556 Y113.229 E6.54062
G1 X115.283 Y114.151 E6.58687
G1 X115.048 Y114.604 E6.61141
G1 X114.74 Y114.793 E6.62879
G1 X114.211 Y114.916 E6.65491
G1 X113.677 Y114.977 E6.68076
G1 X112.567 Y115.045 E6.73425
G1 X111.216 Y115.085 E6.79926
G1 X109.754 Y115.095 E6.86958
G1 X108.315 Y115.075 E6.9388
G1 X107.028 Y115.026 E7.00075
G1 X106.176 Y114.963 E7.04184
G1 X105.582 Y114.88 E7.07069
G1 X105.104 Y114.721 E7.09492
G1 X104.935 Y114.58 E7.10551
G1 X104.785 Y114.301 E7.12075
G1 X104.633 Y113.893 E7.14169
G1 X104.237 Y112.43 E7.21459
G1 X103.912 Y111.072 E7.28175
G1 X103.539 Y109.378 E7.36518
G1 X102.904 Y106.147 E7.52355
G1 X102.258 Y102.385 E7.70714
G1 X102.248 Y102.118 E7.71999
G1 X101.885 Y101.888 F7800
;TYPE:External perimeter
G1 F1800
G1 X101.978 Y101.808 E7.72589
G1 X102.28 Y101.666 E7.74194
G1 X102.871 Y101.551 E7.7709
G1 X103.652 Y101.468 E7.80867
G1 X104.809 Y101.398 E7.86442
G1 X106.101 Y101.355 E7.9266
G1 X110.073 Y101.311 E8.11765
G1 X113.899 Y101.355 E8.30168
G1 X115.191 Y101.398 E8.36386
G1 X116.349 Y101.468 E8.41966
G1 X117.129 Y101.551 E8.45739
G1 X117.662 Y101.655 E8.48351
G1 X117.936 Y101.754 E8.49752
G1 X118.122 Y101.892 E8.50866
G1 X118.144 Y102.174 E8.52226
G1 X118.096 Y102.625 E8.54407
G1 X117.632 Y105.356 E8.6773
G1 X117.123 Y108.068 E8.81002
G1 X116.724 Y109.99 E8.90443
G1 X116.313 Y111.802 E8.99379
G1 X115.928 Y113.331 E9.06963
G1 X115.679 Y114.172 E9.11181
G1 X115.453 Y114.685 E9.13877
G1 X115.249 Y114.955 E9.15505
G1 X114.879 Y115.157 E9.17533
G1 X114.276 Y115.296 E9.20509
G1 X113.711 Y115.361 E9.23244
G1 X112.585 Y115.431 E9.2867
G1 X111.222 Y115.471 E9.35228
G1 X109.753 Y115.481 E9.42294
G1 X108.305 Y115.461 E9.49259
G1 X107.007 Y115.411 E9.55507
G1 X106.135 Y115.347 E9.59712
G1 X105.494 Y115.257 E9.62825
G1 X104.913 Y115.064 E9.6577
G1 X104.63 Y114.829 E9.67539
G1 X104.445 Y114.483 E9.69426
G1 X104.263 Y114.004 E9.71891
G1 X103.863 Y112.525 E9.7926
G1 X103.536 Y111.159 E9.86016
G1 X103.162 Y109.457 E9.94397
G1 X102.524 Y106.217 E10.1028
G1 X101.872 Y102.405 E10.28881
G1 X101.876 Y101.944 E10.31098
G1 X102.201 Y101.711 F7800
G1 E8.31098 F2400
G92 E0
G1 X103.926 Y102.925 F7800
G1 E2 F2400
;TYPE:Solid infill
;WIDTH:0.490496
G1 F1200
G1 X103.916 Y103.158 E2.01239
G1 X103.94 Y103.721 E2.04234
;WIDTH:0.443156
G1 X103.964 Y104.284 E2.06896
;WIDTH:0.398664
G1 X104.102 Y104.92 E2.09609
G1 X103.919 Y105.316 E2.11428
G1 X103.728 Y104.846 E2.13543
;WIDTH:0.395816
G1 X103.635 Y104.298 E2.15841
;WIDTH:0.443156
G1 X103.549 Y103.632 E2.19014
;WIDTH:0.490496
G1 X103.464 Y102.965 E2.22588
G1 X103.734 Y102.942 E2.24028
G1 E.24028 F2400
G92 E0
G1 X104.786 Y110.27 F7800
G1 E2 F2400
;WIDTH:0.376739
G1 F1200
G1 X105.274 Y110.534 E2.02162
G1 X104.927 Y110.88 E2.04071
G1 X104.829 Y110.458 E2.05759
G1 X105.051 Y111.25 F7800
;WIDTH:0.45
G1 F1200
G1 X105.708 Y110.593 E2.10228
G1 X106.254 Y110.593 E2.12854
G1 X105.154 Y111.692 E2.20333
G1 X105.257 Y112.135 E2.22521
G1 X106.799 Y110.593 E2.33009
G1 X107.344 Y110.593 E2.3563
G1 X105.372 Y112.565 E2.49043
G1 X105.488 Y112.994 E2.5118
G1 X107.89 Y110.593 E2.67515
G1 X108.435 Y110.593 E2.70136
G1 X105.604 Y113.423 E2.89389
G1 X105.754 Y113.819 E2.91426
G1 X108.981 Y110.593 E3.13372
G1 X109.526 Y110.593 E3.15993
G1 X106.22 Y113.898 E3.38477
G1 X106.724 Y113.94 E3.40909
G1 X110.071 Y110.593 E3.63675
G1 X110.617 Y110.593 E3.66301
G1 X107.237 Y113.972 E3.89288
G1 X107.762 Y113.993 E3.91815
G1 X111.162 Y110.593 E4.14941
G1 X111.707 Y110.593 E4.17562
G1 X108.287 Y114.013 E4.40824
G1 X108.824 Y114.022 E4.43407
G1 X112.253 Y110.593 E4.66731
G1 X112.798 Y110.593 E4.69352
G1 X109.361 Y114.029 E4.92727
G1 X109.902 Y114.034 E4.95329
G1 X113.343 Y110.593 E5.18734
G1 X113.889 Y110.593 E5.2136
G1 X110.451 Y114.03 E5.44741
G1 X111.001 Y114.026 E5.47386
G1 X114.434 Y110.593 E5.70737
G1 X115.023 Y110.549 E5.73578
G1 X111.558 Y114.014 E5.97146
G1 E3.97146 F2400
G92 E0
G1 X115.173 Y110.933 F7800
G1 E2 F2400
;WIDTH:0.404381
G1 F1200
G1 X115.251 Y110.403 E2.02272
G1 X114.982 Y111.136 F7800
;WIDTH:0.45
G1 F1200
G1 X112.12 Y113.998 E2.21739
G1 X112.687 Y113.975 E2.24468
G1 X114.809 Y111.853 E2.38902
G1 X114.626 Y112.582 E2.42517
G1 X113.268 Y113.94 E2.51754
G1 X114.361 Y113.331 F7800
;WIDTH:0.364665
G1 F1200
G1 X113.759 Y113.934 E2.54945
G1 X114.3 Y113.846 E2.56998
G1 X114.498 Y113.195 E2.59546
;LAYER_CHANGE
;Z:2.55
;HEIGHT:0.0999999
G1 E.59546 F2400
G92 E0
G1 Z2.55 F7800
G1 X112.753 Y121.11
G1 E2 F2400
;TYPE:Support material
;WIDTH:0.35
;HEIGHT:0.3
G1 F3600
G1 X107.247 Y121.11 E2.19615
G1 X107.247 Y118.389 E2.29308
G1 X112.753 Y118.389 E2.48923
G1 X112.753 Y121.067 E2.58463
G1 E.58463 F2400
G92 E0
G1 X114.12 Y108.521 F7800
G1 E2 F2400
G1 F3600
G1 X106.277 Y108.521 E2.2794
G1 X106.277 Y105.917 E2.37216
G1 X114.12 Y105.917 E2.65156
G1 X114.12 Y108.479 E2.74283
G1 X113.991 Y107.214 F7800
G1 F3600
G1 X106.406 Y107.214 E3.01304
G1 E1.01304 F2400
G92 E0
G1 X107.182 Y103.914 F7800
G1 E2 F2400
G1 F3600
G1 X106.037 Y103.914 E2.04079
G1 X106.037 Y103.317 E2.06206
G1 X107.182 Y103.317 E2.10285
G1 X107.182 Y103.871 E2.12259
G1 E.12259 F2400
G92 E0
G1 X114.286 Y103.592 F7800
G1 E2 F2400
G1 F3600
G1 X114.286 Y103.914 E2.01147
G1 X112.818 Y103.914 E2.06377
G1 X112.818 Y103.317 E2.08504
G1 X114.286 Y103.317 E2.13734
G1 X114.286 Y103.549 E2.1456
;LAYER_CHANGE
;Z:2.75
;HEIGHT:0.2
G1 E.1456 F2400
G92 E0
G1 Z2.75 F7800
G1 X105.746 Y104.918
G1 E2 F2400
;TYPE:Perimeter
;WIDTH:0.437759
;HEIGHT:0.3
G1 F900
G1 X105.845 Y104.914 E2.00461
;WIDTH:0.429151
G1 X114.552 Y104.914 E2.40074
;WIDTH:0.437407
G1 X114.649 Y104.918 E2.40526
G1 X114.953 Y105.082 F7800
;WIDTH:0.45
G1 F900
G1 X115.056 Y105.198 E2.41272
G1 X115.13 Y105.482 E2.42684
G1 X115.13 Y108.957 E2.59398
G1 X115.083 Y109.185 E2.60518
G1 X114.847 Y109.454 E2.62239
G1 X114.552 Y109.535 E2.6371
G1 X105.845 Y109.535 E3.05588
G1 X105.538 Y109.447 E3.07124
G1 X105.312 Y109.182 E3.08799
G1 X105.267 Y108.957 E3.09903
G1 X105.267 Y105.482 E3.26617
G1 X105.336 Y105.208 E3.27976
G1 X105.435 Y105.073 E3.28781
G1 X105.677 Y104.919 E3.30161
G1 X105.403 Y104.855 E3.31514
G1 X105.139 Y104.617 E3.33224
G1 X105.026 Y104.354 E3.34601
G1 X105.026 Y102.957 E3.4132
G1 X105.208 Y102.536 E3.43526
;WIDTH:0.49207
G1 X105.379 Y102.407 E3.44669
;WIDTH:0.534141
G1 X105.549 Y102.278 E3.45919
;WIDTH:0.536013
G1 X106.156 Y102.263 E3.49491
;WIDTH:0.557401
G1 X113.844 Y102.263 E3.96766
;WIDTH:0.536014
G1 X114.646 Y102.27 E4.01484
;WIDTH:0.522504
G1 X114.794 Y102.329 E4.02394
;WIDTH:0.486252
G1 X114.942 Y102.387 E4.0323
;WIDTH:0.45
G1 X115.127 Y102.547 E4.04406
G1 X115.297 Y102.888 E4.06239
G1 X115.297 Y104.274 E4.12905
G1 X115.221 Y104.56 E4.14328
G1 X115.054 Y104.756 E4.15566
G1 X114.912 Y104.858 E4.16407
;WIDTH:0.447133
G1 X114.649 Y104.918 E4.17695
G1 X114.899 Y105.021 E4.18986
;WIDTH:0.45
G1 X114.913 Y105.037 E4.19088
G1 X114.676 Y105.353 F7800
;TYPE:External perimeter
G1 F900
G1 X114.709 Y105.369 E4.19264
G1 X114.745 Y105.482 E4.19834
G1 X114.745 Y108.957 E4.36548
G1 X114.729 Y109.033 E4.36922
G1 X114.65 Y109.122 E4.37494
G1 X114.552 Y109.149 E4.37983
G1 X105.845 Y109.149 E4.79861
G1 X105.683 Y109.06 E4.8075
G1 X105.652 Y108.957 E4.81267
G1 X105.652 Y105.482 E4.97981
G1 X105.667 Y105.408 E4.98344
G1 X105.798 Y105.289 E4.99195
G1 X114.552 Y105.289 E5.41299
G1 X114.623 Y105.325 E5.41682
G1 X114.739 Y105.708 F7800
G1 E3.41682 F2400
G92 E0
G1 X105.483 Y102.807 F7800
G1 E2 F2400
G1 F900
G1 X105.637 Y102.696 E2.00913
G1 X114.646 Y102.692 E2.44243
G1 X114.782 Y102.748 E2.4495
G1 X114.911 Y102.933 E2.46035
G1 X114.911 Y104.274 E2.52485
G1 X114.854 Y104.41 E2.53194
G1 X114.711 Y104.539 E2.5412
G1 X105.845 Y104.539 E2.96762
G1 X105.586 Y104.516 E2.98013
G1 X105.412 Y104.327 E2.99249
G1 X105.412 Y102.957 E3.05838
G1 X105.456 Y102.86 E3.0635
G1 X105.825 Y102.705 F7800
G1 E1.0635 F2400
G92 E0
G1 X116.113 Y102.708 F7800
G1 E2 F2400
;TYPE:Perimeter
;WIDTH:0.617663
G1 F900
G1 X116.75 Y102.772 E2.04418
G1 X116.641 Y103.544 E2.09798
;WIDTH:0.582924
G1 X116.581 Y104.025 E2.12933
;WIDTH:0.548186
G1 X116.521 Y104.507 E2.15864
;WIDTH:0.552703
G1 X115.953 Y107.446 E2.34096
G1 X115.953 Y105.482 E2.46058
G1 X115.883 Y105.05 E2.48723
G1 X116.022 Y104.733 E2.50831
;WIDTH:0.514575
G1 X116.1 Y104.274 E2.53445
;WIDTH:0.548186
G1 X116.117 Y103.855 E2.55975
;WIDTH:0.582924
G1 X116.135 Y103.436 E2.58687
;WIDTH:0.617663
G1 X116.152 Y103.016 E2.61588
G1 X116.12 Y102.768 E2.63314
G1 E.63314 F2400
G92 E0
G1 X104.406 Y102.593 F7800
G1 E2 F2400
;WIDTH:0.45
G1 F900
G1 X104.255 Y102.957 E2.01895
G1 X104.255 Y104.274 E2.08229
G1 X104.337 Y104.736 E2.10486
G1 X104.518 Y105.074 E2.1233
G1 X104.495 Y105.482 E2.14295
G1 X104.495 Y107.699 E2.24958
;WIDTH:0.495999
G1 X104.472 Y108.013 E2.26653
;WIDTH:0.541999
G1 X104.449 Y108.328 E2.28534
;WIDTH:0.587999
G1 X104.426 Y108.642 E2.3059
;WIDTH:0.633999
G1 X104.403 Y108.957 E2.32834
G1 X104.316 Y108.654 E2.35074
;WIDTH:0.587999
G1 X104.228 Y108.351 E2.37135
;WIDTH:0.541999
G1 X104.14 Y108.048 E2.39015
;WIDTH:0.495999
G1 X104.052 Y107.745 E2.40714
;WIDTH:0.45
G1 X103.759 Y106.24 E2.48088
G1 X103.411 Y104.282 E2.57653
G1 X103.155 Y102.698 E2.6537
G1 X103.81 Y102.629 E2.68538
G1 X104.346 Y102.596 E2.71121
G1 E.71121 F2400
G92 E0
G1 X115.491 Y109.832 F7800
G1 E2 F2400
G1 F900
G1 X115.199 Y111.07 E2.06118
G1 X114.814 Y112.547 E2.13459
G1 X114.462 Y113.749 E2.19483
G1 X114.277 Y114.232 E2.21971
G1 X113.823 Y114.346 E2.24222
G1 X112.974 Y114.426 E2.28323
G1 X111.809 Y114.479 E2.33932
G1 X110.464 Y114.504 E2.40402
G1 X109.076 Y114.499 E2.47078
G1 X107.776 Y114.465 E2.53333
G1 X107.168 Y114.429 E2.56262
G1 X106.467 Y114.376 E2.59643
G1 X105.732 Y114.249 E2.6323
G1 X105.482 Y113.572 E2.66701
G1 X105.004 Y111.866 E2.75222
G1 X104.649 Y110.441 E2.82285
;WIDTH:0.482915
G1 X104.588 Y110.103 E2.84078
;WIDTH:0.515831
G1 X104.527 Y109.765 E2.86012
;WIDTH:0.550902
G1 X104.525 Y109.682 E2.86516
;WIDTH:0.585973
G1 X104.524 Y109.599 E2.87056
;WIDTH:0.621045
G1 X104.523 Y109.516 E2.87632
G1 X104.575 Y109.577 E2.88189
;WIDTH:0.585973
G1 X104.628 Y109.639 E2.8872
;WIDTH:0.550902
G1 X104.68 Y109.701 E2.89211
;WIDTH:0.515831
G1 X104.904 Y109.9 E2.90898
;WIDTH:0.482915
G1 X105.128 Y110.1 E2.92466
;WIDTH:0.45
G1 X105.845 Y110.306 E2.96054
G1 X114.584 Y110.306 E3.38086
G1 X115.241 Y110.117 E3.41374
G1 X115.452 Y109.877 E3.42911
G1 E1.42911 F2400
G92 E0
G1 X104.523 Y109.516 F7800
G1 E2 F2400
;WIDTH:0.633999
G1 F900
G1 X104.403 Y108.957 E2.04062
G1 E.04062 F2400
G92 E0
G1 X102.821 Y102.366 F7800
G1 E2 F2400
;WIDTH:0.45
G1 F3600
G1 X103.068 Y102.319 E2.01209
G1 X103.878 Y102.238 E2.05124
G1 X105.058 Y102.167 E2.1081
G1 X104.925 Y102.274 E2.11631
G1 X104.641 Y102.957 E2.15189
G1 X104.641 Y104.403 E2.22144
G1 X104.779 Y104.771 E2.24034
G1 X104.995 Y105.027 E2.25645
G1 X104.955 Y105.111 E2.26092
G1 X104.881 Y105.482 E2.27912
G1 X104.881 Y109.114 E2.45381
G1 X105.033 Y109.476 E2.47269
G1 X105.333 Y109.773 E2.49299
G1 X105.845 Y109.921 E2.51862
G1 X114.552 Y109.921 E2.9374
G1 X115.044 Y109.786 E2.96194
;WIDTH:0.492529
G1 X115.26 Y109.57 E2.97825
;WIDTH:0.535059
G1 X115.477 Y109.354 E2.99622
;WIDTH:0.537251
G1 X115.56 Y108.957 E3.02014
G1 X115.538 Y108.315 E3.05803
;WIDTH:0.493625
G1 X115.516 Y107.673 E3.09242
;WIDTH:0.45
G1 X115.516 Y105.335 E3.20487
G1 X115.374 Y104.981 E3.22321
G1 X115.503 Y104.833 E3.23265
G1 X115.628 Y104.594 E3.24562
G1 X115.682 Y104.274 E3.26123
G1 X115.682 Y102.843 E3.33006
G1 X115.399 Y102.274 E3.36062
G1 X115.327 Y102.202 E3.36552
G1 X116.507 Y102.275 E3.42238
G1 X117.283 Y102.386 E3.46008
G1 X116.868 Y104.914 E3.5833
G1 X116.339 Y107.758 E3.72243
;WIDTH:0.493625
G1 X116.183 Y108.382 E3.75687
;WIDTH:0.537251
G1 X115.922 Y109.501 E3.82464
;WIDTH:0.535059
G1 X115.847 Y109.911 E3.84911
;WIDTH:0.492529
G1 X115.772 Y110.321 E3.87137
;WIDTH:0.45
G1 X115.186 Y112.65 E3.98688
G1 X114.774 Y114.017 E4.05555
G1 X114.577 Y114.486 E4.08002
G1 X114.422 Y114.59 E4.089
G1 X113.876 Y114.729 E4.1161
G1 X113.001 Y114.811 E4.15837
G1 X111.821 Y114.865 E4.21518
G1 X110.467 Y114.89 E4.28031
G1 X109.07 Y114.885 E4.3475
G1 X107.759 Y114.85 E4.41058
G1 X106.666 Y114.786 E4.46324
G1 X106.026 Y114.714 E4.49422
G1 X105.518 Y114.578 E4.51951
G1 X105.387 Y114.43 E4.52902
G1 X105.115 Y113.691 E4.56689
G1 X104.631 Y111.965 E4.65311
G1 X104.274 Y110.533 E4.72409
G1 X103.964 Y109.187 E4.79052
G1 X103.674 Y107.82 E4.85773
G1 X103.38 Y106.31 E4.93172
G1 X103.031 Y104.347 E5.02761
G1 X102.714 Y102.386 E5.12315
G1 X102.762 Y102.377 E5.1255
G1 X102.359 Y102.086 F7800
G1 F3600
G1 X102.483 Y102.038 E5.1319
G1 X103.027 Y101.936 E5.15852
G1 X103.855 Y101.854 E5.19854
G1 X104.943 Y101.788 E5.25097
;WIDTH:0.488854
G1 X105.292 Y101.796 E5.26945
;WIDTH:0.527708
G1 X105.641 Y101.805 E5.28962
;WIDTH:0.536013
G1 X106.153 Y101.792 E5.31975
;WIDTH:0.557401
G1 X110.016 Y101.76 E5.5573
G1 X113.848 Y101.792 E5.79295
;WIDTH:0.536014
G1 X114.682 Y101.813 E5.84203
;WIDTH:0.522264
G1 X115.069 Y101.812 E5.86413
;WIDTH:0.486132
G1 X115.457 Y101.812 E5.88454
;WIDTH:0.45
G1 X116.547 Y101.891 E5.9371
G1 X117.126 Y101.963 E5.96516
G1 X117.683 Y102.1 E5.99275
G1 X117.632 Y102.679 E6.02071
G1 X117.19 Y105.329 E6.14993
G1 X116.717 Y107.831 E6.2724
G1 X116.345 Y109.571 E6.35798
G1 X115.947 Y111.256 E6.44125
G1 X115.558 Y112.753 E6.51564
G1 X115.134 Y114.157 E6.58618
G1 X114.928 Y114.653 E6.61201
G1 X114.681 Y114.905 E6.62898
G1 X114.41 Y115.006 E6.64289
G1 X113.928 Y115.111 E6.66662
G1 X113.027 Y115.195 E6.71014
G1 X111.834 Y115.25 E6.76758
G1 X110.47 Y115.276 E6.8332
G1 X109.065 Y115.27 E6.90078
G1 X107.743 Y115.235 E6.96439
G1 X106.634 Y115.171 E7.01782
G1 X106.038 Y115.103 E7.04667
G1 X105.511 Y114.993 E7.07256
G1 X105.211 Y114.836 E7.08885
G1 X105.04 Y114.602 E7.10279
G1 X104.748 Y113.81 E7.14339
G1 X104.258 Y112.064 E7.23061
G1 X103.899 Y110.623 E7.30204
G1 X103.296 Y107.897 E7.43632
G1 X103.001 Y106.381 E7.5106
G1 X102.651 Y104.411 E7.60683
G1 X102.329 Y102.421 E7.70379
G1 X102.315 Y102.116 E7.71847
G1 X101.953 Y101.89 F7800
;TYPE:External perimeter
G1 F1800
G1 X102.033 Y101.82 E7.72358
G1 X102.351 Y101.671 E7.74047
G1 X102.939 Y101.557 E7.76928
G1 X103.715 Y101.476 E7.80681
G1 X104.862 Y101.406 E7.86208
G1 X106.141 Y101.363 E7.92363
G1 X110.016 Y101.32 E8.11002
G1 X113.859 Y101.363 E8.29487
G1 X115.138 Y101.406 E8.35642
G1 X116.285 Y101.476 E8.41169
G1 X117.061 Y101.557 E8.44922
G1 X117.593 Y101.66 E8.47528
G1 X117.868 Y101.759 E8.48934
G1 X118.054 Y101.893 E8.50037
G1 X118.081 Y102.239 E8.51706
G1 X118.014 Y102.737 E8.54123
G1 X117.57 Y105.397 E8.67094
G1 X117.095 Y107.907 E8.7938
G1 X116.722 Y109.656 E8.87981
G1 X116.321 Y111.349 E8.96349
G1 X115.93 Y112.856 E9.03837
G1 X115.548 Y114.156 E9.10354
G1 X115.352 Y114.66 E9.12955
G1 X115.167 Y114.996 E9.148
G1 X114.879 Y115.243 E9.16625
G1 X114.545 Y115.367 E9.18339
G1 X113.981 Y115.493 E9.21119
G1 X113.054 Y115.58 E9.25597
G1 X111.846 Y115.636 E9.31413
G1 X110.473 Y115.661 E9.38018
G1 X109.059 Y115.656 E9.44819
G1 X107.727 Y115.621 E9.51228
G1 X106.601 Y115.555 E9.56653
G1 X105.898 Y115.476 E9.60055
G1 X105.394 Y115.362 E9.6254
G1 X104.961 Y115.133 E9.64896
G1 X104.692 Y114.773 E9.67057
G1 X104.381 Y113.929 E9.71383
G1 X103.885 Y112.163 E9.80205
G1 X103.524 Y110.713 E9.87392
G1 X103.211 Y109.354 E9.94099
G1 X102.918 Y107.974 E10.00884
G1 X102.622 Y106.451 E10.08346
G1 X102.271 Y104.476 E10.17994
G1 X101.943 Y102.445 E10.27889
G1 X101.942 Y101.945 E10.30294
G1 X102.27 Y101.716 F7800
G1 E8.30294 F2400
G92 E0
G1 X103.668 Y104.237 F7800
G1 E2 F2400
;TYPE:Solid infill
;WIDTH:0.435342
G1 F1200
G1 X103.591 Y103.602 E2.0296
;WIDTH:0.477797
G1 X103.515 Y102.967 E2.06258
G1 X103.952 Y102.929 E2.0852
G1 X103.975 Y103.716 E2.1258
;WIDTH:0.435342
G1 X103.997 Y104.277 E2.15178
;WIDTH:0.392888
G1 X104.088 Y104.795 E2.17333
;WIDTH:0.411647
G1 X104.167 Y104.983 E2.18216
;WIDTH:0.438633
G1 X104.246 Y105.171 E2.19168
G1 X104.212 Y105.487 E2.20652
G1 X104.212 Y106.812 E2.26837
G1 X104.167 Y106.839 E2.27082
G1 X103.842 Y105.163 E2.35051
;WIDTH:0.411647
G1 X103.773 Y104.85 E2.36439
;WIDTH:0.390336
G1 X103.701 Y104.427 E2.38183
G1 E.38183 F2400
G92 E0
G1 X105.812 Y113.631 F7800
G1 E2 F2400
;WIDTH:0.45
G1 F1200
G1 X106.24 Y114.059 E2.02911
G1 X105.857 Y114.052 E2.04753
;WIDTH:0.404381
G1 X105.838 Y114.123 E2.05065
G1 X105.909 Y114.104 E2.05377
G1 X105.898 Y114.063 E2.05557
G1 X106.847 Y114.121 F7800
;WIDTH:0.45
G1 F1200
G1 X105.582 Y112.855 E2.14165
G1 X105.369 Y112.098 F7800
G1 F1200
G1 X107.426 Y114.155 E2.28156
G1 X107.998 Y114.181 E2.3091
G1 X105.178 Y111.361 E2.50091
G1 X105.001 Y110.639 E2.53666
G1 X108.558 Y114.196 E2.7786
G1 X109.118 Y114.21 E2.80554
G1 X105.37 Y110.463 E3.06044
G1 X106.048 Y110.596 E3.09367
G1 X109.665 Y114.212 E3.33966
G1 X110.212 Y114.214 E3.36597
G1 X106.594 Y110.596 E3.61206
G1 X107.139 Y110.595 E3.63827
G1 X110.753 Y114.21 E3.88412
G1 X111.289 Y114.2 E3.9099
G1 X107.684 Y110.595 E4.15511
G1 X108.23 Y110.595 E4.18137
G1 X111.823 Y114.189 E4.4258
G1 X112.345 Y114.165 E4.45093
G1 X108.775 Y110.595 E4.69376
G1 X109.32 Y110.595 E4.71997
G1 X112.866 Y114.141 E4.96116
G1 X113.369 Y114.098 E4.98544
G1 X109.866 Y110.595 E5.22371
G1 X110.411 Y110.595 E5.24992
G1 X113.858 Y114.043 E5.48441
G1 X114.188 Y114.086 E5.50042
;WIDTH:0.404381
G1 X114.199 Y114.127 E5.50222
G1 X114.128 Y114.146 E5.50534
G1 X114.147 Y114.075 E5.50846
;WIDTH:0.45
G1 X114.142 Y113.781 E5.5226
G1 X110.956 Y110.595 E5.73931
G1 X111.502 Y110.595 E5.76557
G1 X114.273 Y113.366 E5.95405
G1 X114.396 Y112.945 E5.97515
G1 X112.047 Y110.595 E6.13496
G1 X114.577 Y110.595 E6.25664
G1 X115.041 Y110.469 E6.27976
G1 X114.522 Y112.525 E6.38175
G1 X112.729 Y110.732 E6.50371
G1 X113.614 Y111.018 F7800
;WIDTH:0.525129
G1 F1200
G1 X114.466 Y111.018 E6.55267
G1 X114.294 Y111.699 E6.59303
G1 X113.75 Y111.155 E6.63724
M106 S209.1
;LAYER_CHANGE
;Z:2.85
;HEIGHT:0.0999999
G1 E4.63724 F2400
G92 E0
G1 Z2.85 F7800
G1 X112.753 Y121.11
G1 E2 F2400
;TYPE:Support material
;WIDTH:0.35
;HEIGHT:0.3
G1 F3600
G1 X107.247 Y121.11 E2.19615
G1 X107.247 Y118.389 E2.29308
G1 X112.753 Y118.389 E2.48923
G1 X112.753 Y121.067 E2.58463
G1 E.58463 F2400
G92 E0
G1 X113.886 Y108.521 F7800
G1 E2 F2400
G1 F3600
G1 X106.511 Y108.521 E2.26273
G1 X106.511 Y105.917 E2.35549
G1 X113.886 Y105.917 E2.61822
G1 X113.886 Y108.479 E2.70949
G1 X113.758 Y107.214 F7800
G1 F3600
G1 X106.639 Y107.214 E2.9631
G1 E.9631 F2400
G92 E0
G1 X107.182 Y103.914 F7800
G1 E2 F2400
G1 F3600
G1 X106.066 Y103.914 E2.03976
G1 X106.066 Y103.317 E2.06103
G1 X107.182 Y103.317 E2.10079
G1 X107.182 Y103.871 E2.12053
G1 E.12053 F2400
G92 E0
G1 X114.257 Y103.606 F7800
G1 E2 F2400
G1 F3600
G1 X114.257 Y103.914 E2.01097
G1 X112.818 Y103.914 E2.06223
G1 X112.818 Y103.317 E2.0835
G1 X114.257 Y103.317 E2.13476
G1 X114.257 Y103.563 E2.14352
;LAYER_CHANGE
;Z:3.05
;HEIGHT:0.2
G1 E.14352 F2400
G92 E0
G1 Z3.05 F7800
G1 X105.98 Y104.917
G1 E2 F2400
;TYPE:Perimeter
;WIDTH:0.434719
;HEIGHT:0.3
G1 F900
G1 X106.079 Y104.912 E2.00458
;WIDTH:0.426135
G1 X114.318 Y104.912 E2.37632
G1 X114.712 Y105.084 F7800
;WIDTH:0.45
G1 F900
G1 X114.816 Y105.184 E2.38326
G1 X114.897 Y105.479 E2.39797
G1 X114.897 Y108.96 E2.56539
G1 X114.848 Y109.191 E2.57675
G1 X114.789 Y109.296 E2.58254
G1 X114.552 Y109.489 E2.59724
G1 X114.318 Y109.538 E2.60874
G1 X106.079 Y109.538 E3.00501
G1 X105.766 Y109.446 E3.0207
G1 X105.549 Y109.193 E3.03673
G1 X105.5 Y108.96 E3.04818
G1 X105.5 Y105.479 E3.2156
G1 X105.546 Y105.254 E3.22665
G1 X105.737 Y105.015 E3.24136
;WIDTH:0.445398
G1 X105.98 Y104.917 E3.25381
G1 X105.706 Y104.922 E3.26683
;WIDTH:0.45
G1 X105.41 Y104.843 E3.28156
G1 X105.193 Y104.648 E3.29559
G1 X105.056 Y104.355 E3.31115
G1 X105.056 Y102.957 E3.37839
G1 X105.249 Y102.524 E3.40119
;WIDTH:0.488827
G1 X105.414 Y102.402 E3.41205
;WIDTH:0.527655
G1 X105.579 Y102.281 E3.42387
;WIDTH:0.529705
G1 X106.198 Y102.267 E3.4598
;WIDTH:0.545398
G1 X108.013 Y102.259 E3.56869
;WIDTH:0.550553
G1 X112.306 Y102.26 E3.82901
;WIDTH:0.543508
G1 X114.076 Y102.268 E3.93479
;WIDTH:0.526076
G1 X114.617 Y102.273 E3.96594
;WIDTH:0.515983
G1 X114.821 Y102.374 E3.97876
;WIDTH:0.482991
G1 X115.025 Y102.475 E3.99065
;WIDTH:0.45
G1 X115.097 Y102.547 E3.99555
G1 X115.268 Y102.957 E4.01692
G1 X115.268 Y104.274 E4.08026
G1 X115.235 Y104.464 E4.08954
G1 X115.097 Y104.684 E4.10203
G1 X114.905 Y104.848 E4.11417
G1 X114.617 Y104.921 E4.12846
;WIDTH:0.444106
G1 X114.318 Y104.912 E4.14263
G1 X114.602 Y104.978 E4.15644
;WIDTH:0.45
G1 X114.669 Y105.043 E4.16093
G1 X114.442 Y105.356 F7800
;TYPE:External perimeter
G1 F900
G1 X114.511 Y105.464 E4.16709
G1 X114.511 Y108.96 E4.33524
G1 X114.475 Y109.072 E4.3409
G1 X114.318 Y109.153 E4.3494
G1 X106.079 Y109.153 E4.74567
G1 X105.974 Y109.122 E4.75094
G1 X105.886 Y108.989 E4.75861
G1 X105.886 Y105.479 E4.92743
G1 X105.964 Y105.324 E4.93578
G1 X106.079 Y105.286 E4.94161
G1 X114.318 Y105.286 E5.33788
G1 X114.407 Y105.309 E5.3423
G1 X114.502 Y105.698 F7800
G1 E3.3423 F2400
G92 E0
G1 X105.524 Y102.823 F7800
G1 E2 F2400
G1 F900
G1 X105.57 Y102.748 E2.00423
G1 X105.706 Y102.692 E2.0113
G1 X114.617 Y102.692 E2.43989
G1 X114.753 Y102.748 E2.44696
G1 X114.882 Y102.946 E2.45833
G1 X114.882 Y104.274 E2.5222
G1 X114.825 Y104.41 E2.52929
G1 X114.713 Y104.513 E2.53661
G1 X114.318 Y104.539 E2.55565
G1 X105.706 Y104.539 E2.96986
G1 X105.57 Y104.482 E2.97695
G1 X105.441 Y104.303 E2.98756
G1 X105.441 Y102.957 E3.0523
G1 X105.492 Y102.874 E3.05699
G1 X105.853 Y102.701 F7800
G1 E1.05699 F2400
G92 E0
G1 X103.393 Y102.689 F7800
G1 E2 F2400
;TYPE:Perimeter
G1 F3600
G1 X103.872 Y102.639 E2.02316
G1 X104.43 Y102.606 E2.05004
G1 X104.284 Y102.957 E2.06832
G1 X104.284 Y104.274 E2.13166
G1 X104.365 Y104.733 E2.15408
G1 X104.606 Y105.148 E2.17716
G1 X104.743 Y105.291 E2.18668
G1 X104.729 Y105.479 E2.19575
G1 X104.732 Y108.741 E2.35264
;WIDTH:0.443547
G1 X104.791 Y109.278 E2.37819
;WIDTH:0.428857
G1 X104.914 Y109.621 E2.39475
;WIDTH:0.45
G1 X105.348 Y110.095 E2.42566
G1 X105.856 Y110.291 E2.45185
G1 X106.079 Y110.309 E2.46261
G1 X114.318 Y110.309 E2.85888
G1 X114.864 Y110.194 E2.88572
G1 X115.409 Y109.738 E2.9199
;WIDTH:0.430165
G1 X115.525 Y109.486 E2.93256
G1 X115.437 Y109.751 E2.9453
;WIDTH:0.45
G1 X114.819 Y112.095 E3.06189
G1 X114.392 Y113.526 E3.13371
G1 X114.172 Y114.144 E3.16526
G1 X114.04 Y114.423 E3.18011
G1 X113.737 Y114.509 E3.19526
G1 X112.994 Y114.592 E3.23122
G1 X111.927 Y114.651 E3.28262
G1 X110.665 Y114.681 E3.34333
G1 X109.117 Y114.678 E3.41778
G1 X107.913 Y114.644 E3.47571
G1 X106.813 Y114.575 E3.52872
G1 X105.996 Y114.445 E3.56851
G1 X105.921 Y114.383 E3.57319
G1 X105.55 Y113.341 E3.62639
G1 X104.958 Y111.279 E3.72957
G1 X104.46 Y109.359 E3.82497
;WIDTH:0.443547
G1 X104.339 Y108.785 E3.85271
;WIDTH:0.45
G1 X103.795 Y106.112 E3.98391
G1 X103.467 Y104.237 E4.07546
G1 X103.227 Y102.707 E4.14995
G1 X103.333 Y102.695 E4.15508
G1 E2.15508 F2400
G92 E0
G1 X116.007 Y104.599 F7800
G1 E2 F2400
;WIDTH:0.497755
G1 F900
G1 X116.062 Y104.274 E2.01782
;WIDTH:0.530463
G1 X116.08 Y103.837 E2.04325
;WIDTH:0.564725
G1 X116.097 Y103.4 E2.07054
;WIDTH:0.598987
G1 X116.115 Y102.963 E2.0997
G1 X116.037 Y102.711 E2.11729
G1 X116.69 Y102.774 E2.16103
G1 X116.593 Y103.47 E2.20789
;WIDTH:0.564725
G1 X116.542 Y103.889 E2.23423
;WIDTH:0.530463
G1 X116.491 Y104.309 E2.25882
;WIDTH:0.497755
G1 X116.404 Y104.833 E2.28753
;WIDTH:0.546419
G1 X116.333 Y105.109 E2.30466
;WIDTH:0.595084
G1 X116.261 Y105.386 E2.3236
G1 X115.873 Y107.44 E2.46196
G1 X115.74 Y108.05 E2.50329
G1 X115.74 Y105.229 E2.69002
G1 X115.794 Y105.17 E2.69531
G1 X115.89 Y104.948 E2.71132
;WIDTH:0.546419
G1 X115.986 Y104.726 E2.72586
;WIDTH:0.497755
G1 X115.998 Y104.658 E2.72959
G1 E.72959 F2400
G92 E0
G1 X115.632 Y109.044 F7800
G1 E2 F2400
;WIDTH:0.383637
G1 F900
G1 X115.525 Y109.486 E2.01811
G1 E.01811 F2400
G92 E0
G1 X102.893 Y102.373 F7800
G1 E2 F2400
;WIDTH:0.45
G1 F3600
G1 X103.135 Y102.328 E2.01184
G1 X103.92 Y102.25 E2.04978
G1 X105.019 Y102.186 E2.10273
G1 X104.954 Y102.274 E2.10799
G1 X104.67 Y102.957 E2.14357
G1 X104.67 Y104.169 E2.20186
G1 X104.728 Y104.602 E2.22287
G1 X104.9 Y104.898 E2.23934
G1 X105.178 Y105.147 E2.25729
G1 X105.115 Y105.479 E2.27354
G1 X105.115 Y108.96 E2.44096
G1 X105.197 Y109.349 E2.46008
G1 X105.557 Y109.77 E2.48672
G1 X105.92 Y109.911 E2.50545
G1 X106.079 Y109.924 E2.51312
G1 X114.318 Y109.924 E2.90939
G1 X114.708 Y109.841 E2.92857
G1 X115.103 Y109.52 E2.95305
G1 X115.202 Y109.345 E2.96272
G1 X115.282 Y108.96 E2.98163
G1 X115.282 Y105.41 E3.15237
G1 X115.198 Y105.105 E3.16759
G1 X115.438 Y104.881 E3.18338
G1 X115.599 Y104.591 E3.19933
G1 X115.653 Y104.274 E3.2148
G1 X115.653 Y102.904 E3.28069
G1 X115.369 Y102.274 E3.31393
G1 X115.298 Y102.201 E3.31883
G1 X116.463 Y102.285 E3.37501
G1 X117.21 Y102.39 E3.41129
G1 X116.742 Y105.305 E3.55329
G1 X116.321 Y107.532 E3.6623
G1 X115.988 Y109.073 E3.73813
G1 X115.616 Y110.608 E3.8141
G1 X115.19 Y112.2 E3.89336
G1 X114.759 Y113.645 E3.96589
G1 X114.536 Y114.273 E3.99794
G1 X114.308 Y114.725 E4.02229
G1 X114.132 Y114.804 E4.03157
G1 X113.8 Y114.89 E4.04807
G1 X113.026 Y114.977 E4.08553
G1 X111.942 Y115.036 E4.13774
G1 X110.669 Y115.066 E4.19898
G1 X109.111 Y115.063 E4.27391
G1 X107.86 Y115.028 E4.3341
G1 X106.818 Y114.964 E4.38431
G1 X106.211 Y114.892 E4.41371
G1 X105.727 Y114.754 E4.43792
G1 X105.569 Y114.545 E4.45052
G1 X105.183 Y113.459 E4.50595
G1 X104.585 Y111.378 E4.61009
G1 X103.966 Y108.871 E4.73429
G1 X103.672 Y107.5 E4.80173
G1 X103.416 Y106.182 E4.86631
G1 X103.086 Y104.3 E4.95821
G1 X102.787 Y102.393 E5.05105
G1 X102.834 Y102.384 E5.05335
G1 X102.43 Y102.092 F7800
G1 F3600
G1 X102.553 Y102.045 E5.05968
G1 X103.095 Y101.945 E5.08619
G1 X103.897 Y101.865 E5.12495
G1 X105.007 Y101.801 E5.17843
;WIDTH:0.485635
G1 X105.339 Y101.808 E5.19588
;WIDTH:0.52127
G1 X105.671 Y101.814 E5.2148
;WIDTH:0.529705
G1 X106.192 Y101.801 E5.24505
;WIDTH:0.545398
G1 X108.009 Y101.778 E5.35407
;WIDTH:0.550553
G1 X112.31 Y101.781 E5.61487
;WIDTH:0.543508
G1 X114.08 Y101.807 E5.72066
;WIDTH:0.526076
G1 X114.657 Y101.823 E5.7539
;WIDTH:0.515692
G1 X115.041 Y101.823 E5.77552
;WIDTH:0.482846
G1 X115.425 Y101.823 E5.79556
;WIDTH:0.45
G1 X116.506 Y101.902 E5.84769
G1 X117.056 Y101.967 E5.87433
G1 X117.61 Y102.105 E5.90179
G1 X117.62 Y102.229 E5.90777
G1 X117.551 Y102.748 E5.93295
G1 X117.122 Y105.371 E6.06078
G1 X116.699 Y107.609 E6.17033
G1 X116.363 Y109.16 E6.24666
G1 X115.989 Y110.704 E6.32307
G1 X115.561 Y112.305 E6.40278
G1 X115.125 Y113.765 E6.47607
G1 X114.861 Y114.51 E6.51409
G1 X114.607 Y114.976 E6.53962
G1 X114.289 Y115.156 E6.55719
G1 X113.863 Y115.271 E6.57841
G1 X113.058 Y115.361 E6.61737
G1 X111.957 Y115.421 E6.6704
G1 X110.673 Y115.452 E6.73217
G1 X109.105 Y115.449 E6.80759
G1 X107.843 Y115.413 E6.86831
G1 X106.783 Y115.348 E6.91939
G1 X106.221 Y115.281 E6.94661
G1 X105.717 Y115.171 E6.97142
G1 X105.436 Y115.021 E6.98674
G1 X105.217 Y114.706 E7.00519
G1 X104.815 Y113.577 E7.06283
G1 X104.213 Y111.478 E7.16785
G1 X103.591 Y108.958 E7.29269
G1 X103.294 Y107.577 E7.36063
G1 X103.037 Y106.252 E7.42555
G1 X102.706 Y104.363 E7.51779
G1 X102.457 Y102.775 E7.5951
G1 X102.388 Y102.122 E7.62668
G1 X102.023 Y101.895 F7800
;TYPE:External perimeter
G1 F1800
G1 X102.106 Y101.823 E7.63196
G1 X102.424 Y101.677 E7.64879
G1 X103.009 Y101.566 E7.67743
G1 X103.778 Y101.486 E7.71462
G1 X104.914 Y101.418 E7.76936
G1 X108.006 Y101.344 E7.91812
G1 X110.206 Y101.334 E8.02393
G1 X112.314 Y101.348 E8.12532
G1 X114.094 Y101.383 E8.21095
G1 X115.304 Y101.428 E8.26919
G1 X116.374 Y101.499 E8.32077
G1 X116.982 Y101.568 E8.3502
G1 X117.524 Y101.667 E8.3767
G1 X117.796 Y101.764 E8.39059
G1 X117.981 Y101.895 E8.40149
G1 X118.008 Y102.239 E8.41809
G1 X117.932 Y102.804 E8.44551
G1 X117.502 Y105.438 E8.57387
G1 X117.077 Y107.685 E8.68386
G1 X116.739 Y109.246 E8.76068
G1 X116.363 Y110.799 E8.83753
G1 X115.932 Y112.409 E8.91769
G1 X115.492 Y113.885 E8.99177
G1 X115.224 Y114.639 E9.03026
G1 X114.968 Y115.124 E9.05664
G1 X114.73 Y115.381 E9.07349
G1 X114.447 Y115.508 E9.08841
G1 X113.927 Y115.652 E9.11436
G1 X113.09 Y115.746 E9.15487
G1 X111.972 Y115.807 E9.20872
G1 X110.677 Y115.837 E9.27102
G1 X109.1 Y115.834 E9.34687
G1 X107.826 Y115.799 E9.40817
G1 X106.749 Y115.733 E9.46007
G1 X106.175 Y115.664 E9.48788
G1 X105.729 Y115.57 E9.5098
G1 X105.345 Y115.429 E9.52947
G1 X105.104 Y115.228 E9.54456
G1 X104.865 Y114.867 E9.56538
G1 X104.448 Y113.695 E9.62521
G1 X103.84 Y111.577 E9.73119
G1 X103.215 Y109.045 E9.85663
G1 X102.916 Y107.654 E9.92506
G1 X102.658 Y106.322 E9.99032
G1 X102.326 Y104.426 E10.0829
G1 X102.016 Y102.448 E10.1792
G1 X102.016 Y101.951 E10.2031
G1 X102.343 Y101.721 F7800
G1 E8.2031 F2400
G92 E0
G1 X103.991 Y102.931 F7800
G1 E2 F2400
;TYPE:Solid infill
;WIDTH:0.459343
G1 F1200
G1 X104.013 Y103.712 E2.03849
;WIDTH:0.419463
G1 X104.035 Y104.277 E2.06353
;WIDTH:0.379616
G1 X104.143 Y104.856 E2.08669
;WIDTH:0.415681
G1 X104.237 Y105.04 E2.09574
;WIDTH:0.451747
G1 X104.331 Y105.223 E2.10568
;WIDTH:0.487813
G1 X104.426 Y105.407 E2.11662
G1 X104.449 Y106.025 E2.14928
;WIDTH:0.44135
G1 X104.45 Y107.721 E2.22902
G1 X104.403 Y107.704 E2.23137
G1 X104.075 Y106.059 E2.31024
;WIDTH:0.471576
G1 X103.985 Y105.456 E2.3412
G1 X103.933 Y105.256 E2.3517
;WIDTH:0.437596
G1 X103.88 Y105.057 E2.36129
;WIDTH:0.403617
G1 X103.828 Y104.857 E2.37003
;WIDTH:0.379583
G1 X103.717 Y104.194 E2.39646
;WIDTH:0.419463
G1 X103.645 Y103.581 E2.4238
;WIDTH:0.459343
G1 X103.573 Y102.968 E2.45421
G1 X103.798 Y102.948 E2.46534
G1 E.46534 F2400
G92 E0
G1 X106.083 Y110.599 F7800
G1 E2 F2400
;WIDTH:0.45
G1 F1200
G1 X108.531 Y110.599 E2.11774
G1 X105.839 Y113.291 E2.30085
G1 X105.237 Y111.204 E2.40532
G1 X104.963 Y110.144 E2.45798
G1 X105.231 Y110.355 E2.47439
G1 X105.777 Y110.566 E2.50254
G1 X105.891 Y110.578 E2.50805
G1 X105.891 Y110.959 E2.52637
G1 X105.638 Y110.926 E2.53864
G1 X105.556 Y110.894 E2.54287
G1 X106.027 Y112.557 E2.626
G1 X107.6 Y110.984 E2.73299
G1 X106.083 Y110.984 E2.80595
G1 X106.521 Y111.351 E2.83343
;WIDTH:0.412647
G1 X106.083 Y111.351 E2.85246
G1 X106.208 Y111.857 E2.8751
G1 X106.714 Y111.351 E2.90618
G1 E.90618 F2400
G92 E0
G1 X105.982 Y113.693 F7800
G1 E2 F2400
;WIDTH:0.45
G1 F1200
G1 X109.076 Y110.599 E2.21045
G1 X109.622 Y110.599 E2.23671
G1 X106.125 Y114.095 E2.47454
G1 X106.517 Y114.249 E2.4948
G1 X110.167 Y110.599 E2.74307
G1 X110.712 Y110.599 E2.76928
G1 X107.011 Y114.3 E3.02102
G1 X107.525 Y114.331 E3.04579
G1 X111.258 Y110.599 E3.29967
G1 X111.803 Y110.599 E3.32588
G1 X108.044 Y114.358 E3.58156
G1 X108.574 Y114.373 E3.60706
G1 X112.348 Y110.599 E3.86376
G1 X112.894 Y110.599 E3.89002
G1 X109.104 Y114.388 E4.14778
G1 X109.648 Y114.389 E4.17394
G1 X113.439 Y110.599 E4.43177
G1 X113.984 Y110.599 E4.45798
G1 X110.193 Y114.39 E4.71584
G1 X110.739 Y114.389 E4.7421
G1 X114.584 Y110.545 E5.0036
G1 X115.025 Y110.423 E5.02561
;WIDTH:0.404381
G1 X114.954 Y110.404 E5.02873
G1 X114.973 Y110.475 E5.03185
G1 X115.014 Y110.464 E5.03365
;WIDTH:0.45
G1 X114.857 Y110.816 E5.05219
G1 X111.297 Y114.376 E5.29434
G1 X111.856 Y114.363 E5.32123
G1 X114.662 Y111.558 E5.51206
G1 X114.881 Y111.437 E5.52409
;WIDTH:0.404381
G1 X114.84 Y111.448 E5.52589
G1 X114.821 Y111.377 E5.52901
G1 X114.892 Y111.396 E5.53213
;WIDTH:0.45
G1 X114.65 Y112.029 E5.56472
;WIDTH:0.404381
G1 X114.578 Y112.01 E5.56788
G1 X114.597 Y112.081 E5.571
G1 X114.639 Y112.07 E5.57284
;WIDTH:0.45
G1 X114.452 Y112.312 E5.58755
G1 X112.431 Y114.333 E5.72502
G1 X114.039 Y113.301 F7800
;WIDTH:0.493036
G1 F1200
G1 X113.073 Y114.267 E5.79806
G1 X113.836 Y114.158 E5.83927
G1 X114.175 Y113.165 E5.89537
M106 S204
;LAYER_CHANGE
;Z:3.15
;HEIGHT:0.1
G1 E3.89537 F2400
G92 E0
G1 Z3.15 F7800
G1 X112.753 Y121.11
G1 E2 F2400
;TYPE:Support material
;WIDTH:0.35
;HEIGHT:0.3
G1 F3600
G1 X107.247 Y121.11 E2.19615
G1 X107.247 Y118.389 E2.29308
G1 X112.753 Y118.389 E2.48923
G1 X112.753 Y121.067 E2.58463
G1 E.58463 F2400
G92 E0
G1 X113.652 Y108.524 F7800
G1 E2 F2400
G1 F3600
G1 X106.745 Y108.524 E2.24606
G1 X106.745 Y105.914 E2.33904
G1 X113.652 Y105.914 E2.5851
G1 X113.652 Y108.482 E2.67658
G1 X113.524 Y107.214 F7800
G1 F3600
G1 X106.873 Y107.214 E2.91352
G1 E.91352 F2400
G92 E0
G1 X107.182 Y103.914 F7800
G1 E2 F2400
G1 F3600
G1 X106.096 Y103.914 E2.03869
G1 X106.096 Y103.317 E2.05996
G1 X107.182 Y103.317 E2.09865
G1 X107.182 Y103.871 E2.11839
G1 E.11839 F2400
G92 E0
G1 X114.228 Y103.327 F7800
G1 E2 F2400
G1 F3600
G1 X114.228 Y103.914 E2.02091
G1 X112.818 Y103.914 E2.07114
G1 X112.818 Y103.317 E2.09241
G1 X114.195 Y103.317 E2.14146
;LAYER_CHANGE
;Z:3.3
;HEIGHT:0.15
G1 E.14146 F2400
G92 E0
G1 Z3.3 F7800
G1 X112.753 Y121.11
G1 E2 F2400
G1 F3600
G1 X107.247 Y121.11 E2.10913
G1 X107.247 Y118.389 E2.16306
G1 X112.753 Y118.389 E2.27219
G1 X112.753 Y121.063 E2.32519
G1 E.32519 F2400
G92 E0
G1 X113.419 Y108.528 F7800
G1 E2 F2400
G1 F3600
G1 X106.978 Y108.528 E2.12766
G1 X106.978 Y105.911 E2.17953
G1 X113.419 Y105.911 E2.30719
G1 X113.419 Y108.48 E2.35811
G1 X113.277 Y107.214 F7800
G1 F3600
G1 X107.12 Y107.214 E2.48014
G1 E.48014 F2400
G92 E0
G1 X107.182 Y103.914 F7800
G1 E2 F2400
G1 F3600
G1 X106.125 Y103.914 E2.02095
G1 X106.125 Y103.317 E2.03278
G1 X107.182 Y103.317 E2.05373
G1 X107.182 Y103.866 E2.06461
G1 E.06461 F2400
G92 E0
G1 X114.198 Y103.347 F7800
G1 E2 F2400
G1 F3600
G1 X114.198 Y103.914 E2.01124
G1 X112.818 Y103.914 E2.03859
G1 X112.818 Y103.317 E2.05042
G1 X114.18 Y103.317 E2.07741
;LAYER_CHANGE
;Z:3.35
;HEIGHT:0.05
G1 E.07741 F2400
G92 E0
G1 Z3.35 F7800
G1 X106.214 Y104.915
G1 E2 F2400
;TYPE:Perimeter
;WIDTH:0.431683
;HEIGHT:0.3
G1 F900
G1 X106.312 Y104.911 E2.00449
;WIDTH:0.423121
G1 X114.085 Y104.911 E2.35229
G1 X114.468 Y105.069 F7800
;WIDTH:0.45
G1 F900
G1 X114.514 Y105.089 E2.3547
G1 X114.663 Y105.376 E2.37025
G1 X114.663 Y108.963 E2.54277
G1 X114.612 Y109.201 E2.55448
G1 X114.533 Y109.328 E2.56167
G1 X114.341 Y109.481 E2.57348
G1 X114.085 Y109.541 E2.58613
G1 X106.312 Y109.541 E2.95998
G1 X106.108 Y109.504 E2.96995
G1 X105.783 Y109.195 E2.99152
G1 X105.734 Y108.963 E3.00292
G1 X105.734 Y105.476 E3.17063
G1 X105.746 Y105.356 E3.17643
G1 X105.844 Y105.136 E3.18801
G1 X106.214 Y104.915 E3.20874
G1 X105.736 Y104.924 E3.23173
G1 X105.501 Y104.874 E3.24329
G1 X105.255 Y104.684 E3.25824
G1 X105.119 Y104.47 E3.27044
G1 X105.085 Y104.27 E3.2802
G1 X105.085 Y102.957 E3.34335
G1 X105.29 Y102.513 E3.36687
;WIDTH:0.484823
G1 X105.45 Y102.399 E3.37717
;WIDTH:0.519646
G1 X105.61 Y102.285 E3.38833
;WIDTH:0.521704
G1 X106.234 Y102.271 E3.42393
;WIDTH:0.54199
G1 X113.765 Y102.271 E3.87255
;WIDTH:0.521709
G1 X114.588 Y102.277 E3.9195
;WIDTH:0.50826
G1 X114.725 Y102.326 E3.92756
;WIDTH:0.479717
G1 X114.862 Y102.375 E3.9351
;WIDTH:0.451174
G1 X115.068 Y102.547 E3.94805
;WIDTH:0.45
G1 X115.238 Y102.877 E3.9659
G1 X115.238 Y104.274 E4.03309
G1 X115.203 Y104.473 E4.04281
G1 X114.975 Y104.776 E4.06105
G1 X114.872 Y104.85 E4.06715
G1 X114.588 Y104.924 E4.08127
G1 X114.085 Y104.911 E4.10547
G1 X114.412 Y105.046 E4.12249
G1 X114.213 Y105.34 F7800
;TYPE:External perimeter
G1 F900
G1 X114.228 Y105.347 E4.12329
G1 X114.277 Y105.476 E4.12993
G1 X114.277 Y108.963 E4.29764
G1 X114.234 Y109.085 E4.30386
G1 X114.085 Y109.156 E4.3118
G1 X106.312 Y109.156 E4.68565
G1 X106.147 Y109.062 E4.69478
G1 X106.12 Y108.603 E4.71689
G1 X106.12 Y105.476 E4.86729
G1 X106.156 Y105.363 E4.87299
G1 X106.312 Y105.283 E4.88142
G1 X114.085 Y105.283 E5.25527
G1 X114.158 Y105.316 E5.25912
G1 X114.271 Y105.699 F7800
G1 E3.25912 F2400
G92 E0
G1 X105.552 Y102.825 F7800
G1 E2 F2400
G1 F900
G1 X105.6 Y102.748 E2.00436
G1 X105.736 Y102.692 E2.01143
G1 X114.588 Y102.692 E2.43718
G1 X114.724 Y102.748 E2.44425
G1 X114.853 Y102.929 E2.45494
G1 X114.853 Y104.274 E2.51963
G1 X114.796 Y104.41 E2.52672
G1 X114.682 Y104.514 E2.53414
G1 X114.085 Y104.539 E2.56288
G1 X105.736 Y104.539 E2.96444
G1 X105.622 Y104.502 E2.9702
G1 X105.471 Y104.326 E2.98135
G1 X105.471 Y102.957 E3.04719
G1 X105.52 Y102.876 E3.05174
G1 X105.88 Y102.701 F7800
G1 E1.05174 F2400
G92 E0
G1 X103.515 Y102.699 F7800
G1 E2 F2400
;TYPE:Perimeter
G1 F3600
G1 X104.453 Y102.622 E2.04527
G1 X104.314 Y102.957 E2.06271
G1 X104.314 Y104.438 E2.13394
G1 X104.422 Y104.803 E2.15225
G1 X104.711 Y105.23 E2.17705
G1 X104.963 Y105.476 E2.19399
G1 X104.963 Y107.403 E2.28667
;WIDTH:0.455156
G1 X104.96 Y108.603 E2.34516
;WIDTH:0.504361
G1 X104.935 Y108.963 E2.36496
G1 X104.986 Y109.287 E2.38296
;WIDTH:0.481485
G1 X105.146 Y109.663 E2.40422
;WIDTH:0.471238
G1 X105.835 Y110.225 E2.44934
;WIDTH:0.45
G1 X106.312 Y110.312 E2.47266
G1 X114.085 Y110.312 E2.84651
G1 X114.684 Y110.172 E2.8761
;WIDTH:0.456416
G1 X115.133 Y109.817 E2.90409
;WIDTH:0.496636
G1 X115.244 Y109.677 E2.91372
;WIDTH:0.536857
G1 X115.354 Y109.537 E2.92421
G1 X115.328 Y109.72 E2.9351
;WIDTH:0.496636
G1 X115.301 Y109.902 E2.94502
;WIDTH:0.456416
G1 X115.139 Y110.546 E2.97749
;WIDTH:0.45
G1 X114.737 Y111.972 E3.04875
G1 X114.19 Y113.709 E3.13634
G1 X114.022 Y114.182 E3.16048
G1 X113.815 Y114.618 E3.18369
G1 X113.536 Y114.688 E3.19752
G1 X112.849 Y114.768 E3.23079
G1 X111.642 Y114.834 E3.28893
G1 X110.211 Y114.86 E3.35777
G1 X108.753 Y114.846 E3.4279
G1 X107.459 Y114.791 E3.49019
G1 X106.657 Y114.717 E3.52893
G1 X106.168 Y114.61 E3.55301
G1 X105.972 Y114.17 E3.57618
G1 X105.643 Y113.207 E3.62513
G1 X104.983 Y110.995 E3.73615
;WIDTH:0.471238
G1 X104.691 Y109.856 E3.79582
;WIDTH:0.481485
G1 X104.392 Y108.668 E3.85955
;WIDTH:0.455156
G1 X104.13 Y107.489 E3.91842
;WIDTH:0.45
G1 X103.869 Y106.164 E3.98337
G1 X103.55 Y104.332 E4.07281
G1 X103.303 Y102.717 E4.15139
G1 X103.456 Y102.704 E4.15878
G1 E2.15878 F2400
G92 E0
G1 X115.753 Y105.022 F7800
G1 E2 F2400
;WIDTH:0.482564
G1 F900
G1 X115.942 Y104.744 E2.01753
G1 X116.024 Y104.274 E2.04241
;WIDTH:0.528196
G1 X116.054 Y103.496 E2.08745
;WIDTH:0.577209
G1 X116.084 Y102.718 E2.13725
G1 X116.624 Y102.773 E2.17197
G1 X116.51 Y103.673 E2.23
;WIDTH:0.528196
G1 X116.437 Y104.306 E2.26686
;WIDTH:0.482564
G1 X116.219 Y105.642 E2.33746
;WIDTH:0.45
G1 X116.025 Y106.723 E2.39028
G1 X115.744 Y108.078 E2.45684
;WIDTH:0.484377
G1 X115.658 Y108.373 E2.47294
;WIDTH:0.518754
G1 X115.572 Y108.668 E2.49035
;WIDTH:0.553131
G1 X115.486 Y108.963 E2.50908
G1 X115.469 Y108.656 E2.52782
;WIDTH:0.518754
G1 X115.451 Y108.35 E2.54519
;WIDTH:0.484377
G1 X115.434 Y108.043 E2.5613
;WIDTH:0.45
G1 X115.434 Y105.388 E2.689
G1 X115.612 Y105.23 E2.70045
;WIDTH:0.482564
G1 X115.72 Y105.072 E2.71043
G1 E.71043 F2400
G92 E0
G1 X115.486 Y108.963 F7800
G1 E2 F2400
;WIDTH:0.553131
G1 F900
G1 X115.354 Y109.537 E2.0359
G1 E.0359 F2400
G92 E0
G1 X103.009 Y102.378 F7800
G1 E2 F2400
;WIDTH:0.45
G1 F3600
G1 X103.202 Y102.339 E2.00947
G1 X103.965 Y102.264 E2.04634
G1 X105.055 Y102.202 E2.09885
G1 X104.983 Y102.274 E2.10375
G1 X104.699 Y102.957 E2.13933
G1 X104.699 Y104.27 E2.20248
G1 X104.756 Y104.601 E2.21863
G1 X104.983 Y104.957 E2.23894
G1 X105.17 Y105.126 E2.25106
G1 X105.387 Y105.236 E2.26276
G1 X105.348 Y105.476 E2.27445
G1 X105.348 Y108.603 E2.42485
G1 X105.376 Y109.192 E2.45321
G1 X105.486 Y109.459 E2.4671
G1 X105.971 Y109.864 E2.49749
G1 X106.312 Y109.927 E2.51417
G1 X114.085 Y109.927 E2.88802
G1 X114.513 Y109.827 E2.90916
G1 X114.832 Y109.572 E2.9288
G1 X114.963 Y109.36 E2.94079
G1 X115.049 Y108.963 E2.96033
G1 X115.049 Y105.476 E3.12804
G1 X114.994 Y105.203 E3.14143
G1 X115.061 Y105.186 E3.14475
G1 X115.279 Y105.018 E3.15799
G1 X115.565 Y104.606 E3.18211
G1 X115.624 Y104.274 E3.19833
G1 X115.624 Y102.821 E3.26821
G1 X115.287 Y102.22 E3.30135
G1 X116.401 Y102.299 E3.35506
G1 X117.135 Y102.398 E3.39068
G1 X116.781 Y104.696 E3.50251
G1 X116.403 Y106.796 E3.60514
G1 X116.121 Y108.159 E3.67208
G1 X115.844 Y109.355 E3.73113
G1 X115.512 Y110.646 E3.79524
G1 X115.107 Y112.083 E3.86705
G1 X114.558 Y113.825 E3.9549
G1 X114.386 Y114.311 E3.9797
G1 X114.151 Y114.808 E4.00614
G1 X114.047 Y114.935 E4.01404
G1 X113.606 Y115.068 E4.03619
G1 X112.882 Y115.153 E4.07125
G1 X111.609 Y115.22 E4.13256
G1 X110.213 Y115.246 E4.19971
G1 X108.743 Y115.231 E4.27042
G1 X107.423 Y115.175 E4.33396
G1 X106.527 Y115.084 E4.37728
G1 X105.968 Y114.945 E4.40498
G1 X105.816 Y114.771 E4.41609
G1 X105.61 Y114.305 E4.4406
G1 X105.276 Y113.324 E4.49044
G1 X104.615 Y111.109 E4.60162
G1 X104.306 Y109.951 E4.65926
G1 X104.013 Y108.756 E4.71844
G1 X103.752 Y107.567 E4.77699
G1 X103.49 Y106.234 E4.84233
G1 X103.169 Y104.394 E4.93216
G1 X102.865 Y102.406 E5.02889
G1 X102.95 Y102.389 E5.03306
G1 X102.525 Y102.091 F7800
G1 F3600
G1 X102.626 Y102.053 E5.03825
G1 X103.163 Y101.956 E5.0645
G1 X103.942 Y101.879 E5.10215
G1 X105.043 Y101.816 E5.15519
;WIDTH:0.481773
G1 X105.385 Y101.821 E5.173
;WIDTH:0.513546
G1 X105.728 Y101.826 E5.19222
;WIDTH:0.521704
G1 X106.232 Y101.813 E5.22098
;WIDTH:0.54199
G1 X110.188 Y101.783 E5.45665
G1 X113.769 Y101.813 E5.66998
;WIDTH:0.521709
G1 X114.622 Y101.834 E5.71865
;WIDTH:0.508038
G1 X115.003 Y101.837 E5.73973
;WIDTH:0.479019
G1 X115.385 Y101.84 E5.75949
;WIDTH:0.45
G1 X116.894 Y101.963 E5.83231
G1 X117.533 Y102.109 E5.86384
G1 X117.512 Y102.497 E5.88253
G1 X117.161 Y104.759 E5.99263
G1 X116.782 Y106.869 E6.09574
G1 X116.498 Y108.242 E6.16317
G1 X116.218 Y109.447 E6.22267
G1 X115.884 Y110.746 E6.28718
G1 X115.476 Y112.193 E6.35949
G1 X114.913 Y113.981 E6.44965
G1 X114.719 Y114.524 E6.47738
G1 X114.447 Y115.081 E6.50719
G1 X114.211 Y115.291 E6.52238
G1 X113.675 Y115.448 E6.54924
G1 X112.915 Y115.537 E6.58604
G1 X111.67 Y115.605 E6.64601
G1 X110.214 Y115.632 E6.71605
G1 X108.733 Y115.617 E6.78728
G1 X107.407 Y115.56 E6.85111
G1 X106.546 Y115.482 E6.89269
G1 X105.986 Y115.369 E6.92017
G1 X105.651 Y115.194 E6.93835
G1 X105.453 Y114.914 E6.95484
G1 X105.249 Y114.441 E6.97962
G1 X104.909 Y113.441 E7.03042
G1 X104.244 Y111.214 E7.1422
G1 X103.932 Y110.047 E7.2003
G1 X103.638 Y108.843 E7.25991
G1 X103.374 Y107.646 E7.31887
G1 X103.11 Y106.304 E7.38465
G1 X102.789 Y104.456 E7.47486
G1 X102.531 Y102.773 E7.55675
G1 X102.464 Y102.113 E7.58866
G1 X102.469 Y102.112 E7.58891
G1 X102.1 Y101.899 F7800
;TYPE:External perimeter
G1 F1800
G1 X102.182 Y101.828 E7.59413
G1 X102.499 Y101.684 E7.61088
G1 X103.079 Y101.577 E7.63925
G1 X103.841 Y101.499 E7.67609
G1 X104.966 Y101.433 E7.73029
G1 X106.22 Y101.392 E7.79064
G1 X110.189 Y101.351 E7.98155
G1 X113.78 Y101.392 E8.15428
G1 X115.407 Y101.455 E8.23259
G1 X116.479 Y101.532 E8.28428
G1 X117.225 Y101.631 E8.32047
G1 X117.701 Y101.76 E8.34419
G1 X117.899 Y101.891 E8.35561
G1 X117.924 Y102.276 E8.37417
G1 X117.542 Y104.823 E8.49804
G1 X117.161 Y106.942 E8.60159
G1 X116.875 Y108.325 E8.66951
G1 X116.593 Y109.538 E8.72941
G1 X116.256 Y110.847 E8.79442
G1 X115.846 Y112.303 E8.86717
G1 X115.278 Y114.103 E8.95795
G1 X115.075 Y114.674 E8.9871
G1 X114.839 Y115.157 E9.01296
G1 X114.609 Y115.483 E9.03215
G1 X114.292 Y115.676 E9.05
G1 X113.744 Y115.828 E9.07735
G1 X112.948 Y115.922 E9.1159
G1 X112.385 Y115.952 E9.14302
G1 X111.623 Y115.991 E9.17972
G1 X110.216 Y116.017 E9.2474
G1 X108.722 Y116.002 E9.31926
G1 X107.365 Y115.945 E9.38458
G1 X106.374 Y115.84 E9.43251
G1 X105.764 Y115.695 E9.46267
G1 X105.391 Y115.483 E9.48331
G1 X105.119 Y115.106 E9.50567
G1 X104.888 Y114.577 E9.53343
G1 X104.541 Y113.559 E9.58516
G1 X103.873 Y111.319 E9.69758
G1 X103.559 Y110.143 E9.75612
G1 X103.262 Y108.931 E9.81614
G1 X102.997 Y107.725 E9.87553
G1 X102.731 Y106.375 E9.94171
G1 X102.408 Y104.518 E10.03237
G1 X102.079 Y102.315 E10.1395
G1 X102.091 Y101.956 E10.15678
G1 X102.419 Y101.727 F7800
G1 E8.15678 F2400
G92 E0
G1 X103.904 Y104.945 F7800
G1 E2 F2400
;TYPE:Solid infill
;WIDTH:0.359364
G1 F1200
G1 X103.787 Y104.291 E2.02444
;WIDTH:0.395464
G1 X103.711 Y103.63 E2.05192
;WIDTH:0.438499
G1 X103.636 Y102.969 E2.08296
G1 X104.03 Y102.935 E2.10141
G1 X104.055 Y103.795 E2.14156
;WIDTH:0.395464
G1 X104.08 Y104.451 E2.16867
;WIDTH:0.371917
G1 X104.205 Y104.923 E2.1874
;WIDTH:0.412207
G1 X104.294 Y105.089 E2.19557
;WIDTH:0.452498
G1 X104.382 Y105.256 E2.20471
;WIDTH:0.492789
G1 X104.471 Y105.423 E2.21482
;WIDTH:0.521114
G1 X104.547 Y105.516 E2.22166
;WIDTH:0.54944
G1 X104.624 Y105.608 E2.22892
G1 X104.638 Y106.064 E2.25652
;WIDTH:0.519109
G1 X104.634 Y108.259 E2.38101
G1 X104.446 Y107.421 E2.42972
G1 X104.082 Y105.58 E2.53616
;WIDTH:0.492789
G1 X104.019 Y105.355 E2.54864
;WIDTH:0.445592
G1 X103.956 Y105.131 E2.5597
G1 E.5597 F2400
G92 E0
G1 X106.027 Y113.656 F7800
G1 E2 F2400
;WIDTH:0.404381
G1 F1200
G1 X106.008 Y113.727 E2.00312
G1 X106.079 Y113.708 E2.00624
G1 X106.068 Y113.667 E2.00804
;WIDTH:0.45
G1 X106.208 Y113.967 E2.02396
G1 X106.665 Y114.424 E2.05504
G1 X106.319 Y114.424 E2.07168
;WIDTH:0.404381
G1 X106.33 Y114.465 E2.07348
G1 X106.259 Y114.484 E2.0766
G1 X106.278 Y114.413 E2.07972
G1 X107.269 Y114.483 F7800
;WIDTH:0.45
G1 F1200
G1 X105.926 Y113.14 E2.17107
G1 X105.693 Y112.361 F7800
G1 F1200
G1 X107.85 Y114.518 E2.31779
G1 X108.419 Y114.542 E2.34518
G1 X105.461 Y111.584 E2.54638
G1 X105.328 Y111.284 E2.56216
;WIDTH:0.404381
G1 X105.339 Y111.325 E2.56396
G1 X105.268 Y111.344 E2.56708
G1 X105.287 Y111.273 E2.5702
;WIDTH:0.45
G1 X105.237 Y110.814 E2.59241
G1 X108.981 Y114.559 E2.84711
G1 X109.532 Y114.564 E2.87361
G1 X105.057 Y110.09 E3.17796
G1 X104.866 Y109.869 E3.19201
;WIDTH:0.404381
G1 X104.847 Y109.94 E3.19513
G1 X104.918 Y109.921 E3.19825
G1 X104.907 Y109.88 E3.20005
G1 X105.218 Y109.906 E3.21328
G1 X105.8 Y110.416 E3.2461
;WIDTH:0.45
G1 X106.072 Y110.559 E3.26088
G1 X110.083 Y114.57 E3.5337
G1 X110.622 Y114.563 E3.55963
G1 X106.66 Y110.602 E3.82909
G1 X107.205 Y110.602 E3.8553
G1 X111.157 Y114.554 E4.12411
G1 X111.691 Y114.542 E4.1498
G1 X107.751 Y110.602 E4.41779
G1 X108.296 Y110.602 E4.444
G1 X112.208 Y114.514 E4.71009
G1 X112.725 Y114.485 E4.73499
G1 X108.841 Y110.602 E4.99914
G1 X109.387 Y110.602 E5.0254
G1 X113.219 Y114.434 E5.28605
G1 X113.643 Y114.312 E5.30727
G1 X109.932 Y110.602 E5.55965
G1 X110.477 Y110.602 E5.58586
G1 X113.805 Y113.93 E5.81223
G1 X113.945 Y113.524 E5.83289
G1 X111.023 Y110.602 E6.03164
G1 X111.568 Y110.602 E6.05785
G1 X114.076 Y113.109 E6.22841
G1 X114.206 Y112.694 E6.24933
G1 X112.113 Y110.602 E6.39166
G1 X114.098 Y110.602 E6.48713
G1 X114.865 Y110.426 E6.52498
G1 X114.337 Y112.28 E6.6177
G1 X112.795 Y110.738 E6.72258
G1 X113.59 Y110.987 F7800
;WIDTH:0.450231
G1 F1200
G1 X114.056 Y110.987 E6.74501
G1 X114.321 Y110.945 E6.75792
G1 X114.154 Y111.551 E6.78817
G1 X113.726 Y111.124 E6.81727
G1 E4.81727 F2400
G92 E0
G1 X115.681 Y106.604 F7800
G1 E2 F2400
;WIDTH:0.365348
G1 F1200
G1 X115.681 Y105.498 E2.04152
G1 X115.933 Y105.187 E2.05655
G1 X116.03 Y105.225 E2.06046
G1 X115.808 Y106.535 E2.11034
M106 S214.2
;LAYER_CHANGE
;Z:3.525
;HEIGHT:0.175
G1 E.11034 F2400
G92 E0
G1 Z3.525 F7800
G1 X112.753 Y121.11
G1 E2 F2400
;TYPE:Support material
;WIDTH:0.35
;HEIGHT:0.225
G1 F3600
G1 X107.247 Y121.11 E2.1554
G1 X107.247 Y118.389 E2.2322
G1 X112.753 Y118.389 E2.3876
G1 X112.753 Y121.065 E2.46313
G1 E.46313 F2400
G92 E0
G1 X114.169 Y103.321 F7800
G1 E2 F2400
G1 F3600
G1 X112.818 Y103.317 E2.03813
G1 X112.818 Y103.914 E2.05498
G1 X114.169 Y103.914 E2.09311
G1 X114.169 Y103.367 E2.10855
G1 E.10855 F2400
G92 E0
G1 X113.185 Y108.531 F7800
G1 E2 F2400
G1 F3600
G1 X107.212 Y108.531 E2.16858
G1 X107.212 Y105.908 E2.24261
G1 X113.185 Y105.908 E2.41119
G1 X113.185 Y108.485 E2.48392
G1 X113.05 Y107.214 F7800
G1 F3600
G1 X107.347 Y107.214 E2.64488
G1 E.64488 F2400
G92 E0
G1 X107.182 Y103.914 F7800
G1 E2 F2400
G1 F3600
G1 X106.154 Y103.914 E2.02901
G1 X106.154 Y103.317 E2.04586
G1 X107.182 Y103.317 E2.07487
G1 X107.182 Y103.868 E2.09042
;LAYER_CHANGE
;Z:3.65
;HEIGHT:0.125
G1 Z3.65 F7800
G1 X106.448 Y104.914
;TYPE:Perimeter
;WIDTH:0.428643
;HEIGHT:0.3
G1 F900
G1 X106.546 Y104.909 E2.09488
;WIDTH:0.420105
G1 X113.851 Y104.909 E2.41899
G1 X114.2 Y105.118 F7800
;WIDTH:0.45
G1 F900
G1 X114.372 Y105.221 E2.42863
G1 X114.429 Y105.473 E2.44106
G1 X114.429 Y108.966 E2.60906
G1 X114.375 Y109.21 E2.62108
G1 X114.143 Y109.465 E2.63766
G1 X113.851 Y109.544 E2.65221
G1 X106.546 Y109.544 E3.00356
G1 X106.341 Y109.507 E3.01358
G1 X106.186 Y109.419 E3.02215
G1 X106.019 Y109.204 E3.03524
G1 X105.968 Y108.966 E3.04695
G1 X105.968 Y105.473 E3.21495
G1 X106.004 Y105.27 E3.22487
G1 X106.448 Y104.914 E3.25224
G1 X105.765 Y104.924 E3.28509
G1 X105.562 Y104.887 E3.29501
G1 X105.284 Y104.684 E3.31157
G1 X105.114 Y104.357 E3.3293
G1 X105.114 Y102.957 E3.39664
G1 X105.23 Y102.61 E3.41424
G1 X105.357 Y102.475 E3.42315
;WIDTH:0.480116
G1 X105.498 Y102.382 E3.43191
;WIDTH:0.510233
G1 X105.64 Y102.289 E3.44135
;WIDTH:0.512816
G1 X106.275 Y102.275 E3.47687
;WIDTH:0.532444
G1 X113.726 Y102.275 E3.91185
;WIDTH:0.512815
G1 X114.558 Y102.282 E3.95839
;WIDTH:0.499543
G1 X114.823 Y102.368 E3.97351
;WIDTH:0.453651
G1 X115.039 Y102.547 E3.98713
;WIDTH:0.45
G1 X115.209 Y102.872 E4.00477
G1 X115.209 Y104.274 E4.0722
G1 X115.173 Y104.475 E4.08202
G1 X114.967 Y104.756 E4.09878
G1 X114.717 Y104.902 E4.1127
G1 X113.851 Y104.909 E4.15435
G1 X114.148 Y105.087 E4.171
G1 X113.968 Y105.354 F7800
;TYPE:External perimeter
G1 F900
G1 X114.044 Y105.401 E4.1753
G1 X114.044 Y108.966 E4.34676
G1 X114.003 Y109.084 E4.35277
G1 X113.851 Y109.159 E4.36092
G1 X106.546 Y109.159 E4.71227
G1 X106.426 Y109.117 E4.71838
G1 X106.353 Y108.966 E4.72645
G1 X106.353 Y105.473 E4.89445
G1 X106.365 Y105.405 E4.89777
G1 X106.546 Y105.28 E4.90835
G1 X113.851 Y105.28 E5.2597
G1 X113.918 Y105.322 E5.2635
G1 X114.041 Y105.702 F7800
G1 E3.2635 F2400
G92 E0
G1 X105.571 Y102.809 F7800
G1 E2 F2400
G1 F900
G1 X105.725 Y102.696 E2.00919
G1 X114.558 Y102.692 E2.43403
G1 X114.694 Y102.748 E2.4411
G1 X114.823 Y102.927 E2.45171
G1 X114.823 Y104.274 E2.5165
G1 X114.767 Y104.41 E2.52357
G1 X114.611 Y104.531 E2.53307
G1 X105.765 Y104.539 E2.95853
G1 X105.629 Y104.482 E2.96562
G1 X105.5 Y104.303 E2.97623
G1 X105.5 Y102.957 E3.04097
G1 X105.541 Y102.859 E3.04608
G1 X105.91 Y102.706 F7800
G1 E1.04608 F2400
G92 E0
G1 X103.574 Y102.713 F7800
G1 E2 F2400
;TYPE:Perimeter
G1 F3600
G1 X104.448 Y102.64 E2.04218
G1 X104.343 Y102.957 E2.05824
G1 X104.343 Y103.738 E2.0958
;WIDTH:0.495133
G1 X104.32 Y103.837 E2.10126
;WIDTH:0.540267
G1 X104.298 Y103.937 E2.10734
;WIDTH:0.5854
G1 X104.275 Y104.037 E2.11401
;WIDTH:0.630534
G1 X104.253 Y104.137 E2.12124
G1 X104.258 Y104.274 E2.13092
;WIDTH:0.622597
G1 X104.342 Y104.762 E2.1654
G1 X104.46 Y104.897 E2.17788
;WIDTH:0.579447
G1 X104.577 Y105.032 E2.18936
;WIDTH:0.536298
G1 X104.695 Y105.167 E2.19991
;WIDTH:0.493149
G1 X104.812 Y105.302 E2.20946
;WIDTH:0.45
G1 X105.196 Y105.557 E2.23163
G1 X105.196 Y107.448 E2.32258
;WIDTH:0.480153
G1 X105.181 Y108.66 E2.38544
;WIDTH:0.513882
G1 X105.164 Y108.762 E2.39124
;WIDTH:0.547611
G1 X105.147 Y108.864 E2.39747
;WIDTH:0.58134
G1 X105.131 Y108.966 E2.40413
G1 X105.262 Y109.545 E2.44241
;WIDTH:0.567709
G1 X105.41 Y109.704 E2.45605
;WIDTH:0.528472
G1 X105.558 Y109.863 E2.46862
;WIDTH:0.489236
G1 X105.706 Y110.023 E2.48017
;WIDTH:0.45
G1 X106.068 Y110.228 E2.50018
G1 X106.546 Y110.315 E2.52355
G1 X113.851 Y110.315 E2.8749
G1 X114.531 Y110.131 E2.90878
G1 X114.913 Y109.788 E2.93347
;WIDTH:0.43781
G1 X114.977 Y109.654 E2.94039
;WIDTH:0.406846
G1 X115.04 Y109.521 E2.94668
;WIDTH:0.386032
G1 X115.169 Y108.966 E2.96954
;WIDTH:0.418016
G1 X115.185 Y108.633 E2.98424
;WIDTH:0.45
G1 X115.201 Y108.3 E3.00027
G1 X115.201 Y105.527 E3.13364
G1 X115.38 Y105.417 E3.14374
G1 X115.583 Y105.23 E3.15701
;WIDTH:0.465031
G1 X115.903 Y104.746 E3.186
G1 X115.984 Y104.274 E3.20993
;WIDTH:0.504836
G1 X116.008 Y103.632 E3.24522
;WIDTH:0.552454
G1 X116.032 Y102.99 E3.28433
G1 X116.01 Y102.719 E3.30088
G1 X116.555 Y102.773 E3.33422
G1 X116.446 Y103.664 E3.38886
;WIDTH:0.504836
G1 X116.375 Y104.303 E3.42418
;WIDTH:0.465031
G1 X116.109 Y105.863 E3.50326
;WIDTH:0.45
G1 X115.869 Y107.169 E3.56713
G1 X115.507 Y108.869 E3.65073
;WIDTH:0.40742
G1 X115.403 Y109.383 E3.67317
;WIDTH:0.401325
G1 X115.31 Y109.661 E3.68549
;WIDTH:0.43781
G1 X115.216 Y109.938 E3.69911
;WIDTH:0.45
G1 X114.662 Y111.85 E3.79485
G1 X114.233 Y113.18 E3.86206
G1 X113.712 Y114.597 E3.93467
G1 X113.591 Y114.792 E3.94571
G1 X112.993 Y114.898 E3.97492
G1 X112.048 Y114.983 E4.02055
G1 X111.143 Y115.022 E4.06412
G1 X109.598 Y115.035 E4.13843
G1 X108.14 Y115 E4.20857
G1 X106.884 Y114.899 E4.26917
G1 X106.393 Y114.787 E4.29339
G1 X106.19 Y114.366 E4.31587
G1 X105.866 Y113.471 E4.36165
G1 X105.483 Y112.311 E4.4204
G1 X104.951 Y110.525 E4.51003
;WIDTH:0.489236
G1 X104.897 Y110.254 E4.52467
;WIDTH:0.528472
G1 X104.843 Y109.982 E4.54072
;WIDTH:0.567709
G1 X104.789 Y109.711 E4.55807
;WIDTH:0.58134
G1 X104.622 Y109.03 E4.60328
G1 X104.579 Y108.932 E4.61018
;WIDTH:0.547611
G1 X104.537 Y108.834 E4.61661
;WIDTH:0.513882
G1 X104.495 Y108.737 E4.62254
;WIDTH:0.480153
G1 X104.211 Y107.555 E4.68558
;WIDTH:0.45
G1 X103.855 Y105.691 E4.77685
;WIDTH:0.493149
G1 X103.842 Y105.495 E4.78735
;WIDTH:0.536298
G1 X103.83 Y105.298 E4.79897
;WIDTH:0.579447
G1 X103.817 Y105.102 E4.81159
;WIDTH:0.622597
G1 X103.805 Y104.905 E4.82533
;WIDTH:0.630534
G1 X103.69 Y104.179 E4.87723
G1 X103.653 Y104.083 E4.88449
;WIDTH:0.5854
G1 X103.615 Y103.988 E4.89114
;WIDTH:0.540267
G1 X103.578 Y103.893 E4.89719
;WIDTH:0.495133
G1 X103.541 Y103.797 E4.90272
;WIDTH:0.45
G1 X103.381 Y102.729 E4.95466
G1 X103.514 Y102.718 E4.96108
G1 X103.07 Y102.385 F7800
G1 F3600
G1 X103.181 Y102.363 E4.96652
G1 X104.01 Y102.282 E5.00658
G1 X105.065 Y102.222 E5.0574
G1 X104.922 Y102.378 E5.06758
G1 X104.729 Y102.957 E5.09693
G1 X104.729 Y104.274 E5.16027
G1 X104.786 Y104.602 E5.17628
G1 X105.085 Y105.029 E5.20135
G1 X105.426 Y105.248 E5.22084
G1 X105.602 Y105.293 E5.22958
G1 X105.582 Y105.473 E5.23829
G1 X105.582 Y108.966 E5.40629
G1 X105.667 Y109.362 E5.42577
G1 X105.946 Y109.721 E5.44764
G1 X106.205 Y109.867 E5.46194
G1 X106.546 Y109.93 E5.47862
G1 X113.851 Y109.93 E5.82997
G1 X114.337 Y109.798 E5.85419
G1 X114.613 Y109.556 E5.87184
G1 X114.725 Y109.373 E5.88216
G1 X114.815 Y108.966 E5.90221
G1 X114.815 Y105.78 E6.05545
G1 X114.791 Y105.277 E6.07967
G1 X114.977 Y105.214 E6.08912
G1 X115.239 Y105.029 E6.10455
G1 X115.534 Y104.609 E6.12924
G1 X115.595 Y104.274 E6.14562
G1 X115.595 Y102.813 E6.21589
G1 X115.276 Y102.239 E6.24747
G1 X116.343 Y102.313 E6.29891
G1 X117.051 Y102.406 E6.33325
G1 X116.68 Y104.89 E6.45405
G1 X116.247 Y107.245 E6.56922
G1 X115.989 Y108.433 E6.62769
G1 X115.743 Y109.44 E6.67755
G1 X115.421 Y110.637 E6.73717
G1 X115.03 Y111.963 E6.80366
G1 X114.599 Y113.304 E6.87141
G1 X114.215 Y114.384 E6.92654
G1 X113.971 Y114.939 E6.9557
G1 X113.854 Y115.082 E6.96459
G1 X113.574 Y115.202 E6.97924
G1 X113.038 Y115.281 E7.0053
G1 X112.065 Y115.369 E7.05229
G1 X111.146 Y115.408 E7.09653
G1 X109.595 Y115.421 E7.17113
G1 X108.105 Y115.385 E7.24281
G1 X106.768 Y115.273 E7.30734
G1 X106.249 Y115.147 E7.33303
G1 X106.097 Y115.039 E7.342
G1 X105.832 Y114.51 E7.37046
G1 X105.502 Y113.597 E7.41715
G1 X105.115 Y112.428 E7.47638
G1 X104.746 Y111.219 E7.53718
G1 X104.415 Y110.043 E7.59594
G1 X104.106 Y108.835 E7.65591
G1 X103.834 Y107.633 E7.71518
G1 X103.601 Y106.475 E7.77199
G1 X103.268 Y104.576 E7.86472
G1 X102.946 Y102.409 E7.97009
G1 X103.011 Y102.396 E7.97328
G1 X102.599 Y102.095 F7800
G1 F3600
G1 X102.647 Y102.075 E7.97578
G1 X103.139 Y101.98 E7.99988
G1 X103.985 Y101.897 E8.04077
G1 X105.08 Y101.835 E8.09352
;WIDTH:0.477107
G1 X105.419 Y101.837 E8.11097
;WIDTH:0.504215
G1 X105.757 Y101.84 E8.12951
;WIDTH:0.512816
G1 X106.272 Y101.827 E8.15832
;WIDTH:0.532444
G1 X110.041 Y101.797 E8.37836
G1 X113.729 Y101.827 E8.59367
;WIDTH:0.512815
G1 X114.591 Y101.847 E8.6419
;WIDTH:0.499334
G1 X115.347 Y101.856 E8.68292
;WIDTH:0.45
G1 X116.381 Y101.929 E8.73278
G1 X117.23 Y102.046 E8.774
G1 X117.449 Y102.13 E8.78528
G1 X117.456 Y102.302 E8.79356
G1 X117.061 Y104.954 E8.92252
G1 X116.626 Y107.321 E9.03827
G1 X116.365 Y108.52 E9.09729
G1 X116.117 Y109.536 E9.14759
G1 X115.792 Y110.742 E9.20766
G1 X115.399 Y112.077 E9.27459
G1 X114.964 Y113.427 E9.34281
G1 X114.427 Y114.887 E9.41763
G1 X114.235 Y115.243 E9.43708
G1 X113.955 Y115.485 E9.45488
G1 X113.582 Y115.605 E9.47373
G1 X112.082 Y115.754 E9.54623
G1 X111.149 Y115.793 E9.59114
G1 X109.592 Y115.807 E9.66603
G1 X108.098 Y115.771 E9.73791
G1 X106.79 Y115.664 E9.80103
G1 X106.269 Y115.551 E9.82667
G1 X105.93 Y115.42 E9.84415
G1 X105.708 Y115.149 E9.861
G1 X105.474 Y114.654 E9.88733
G1 X105.137 Y113.724 E9.93491
G1 X104.748 Y112.545 E9.99462
G1 X104.376 Y111.327 E10.05587
G1 X104.043 Y110.143 E10.11503
G1 X103.731 Y108.926 E10.17546
G1 X103.457 Y107.714 E10.23522
G1 X103.222 Y106.546 E10.29252
G1 X102.887 Y104.638 E10.38569
G1 X102.595 Y102.686 E10.48062
G1 X102.544 Y102.12 E10.50795
G1 X102.181 Y101.897 F7800
;TYPE:External perimeter
G1 F1800
G1 X102.227 Y101.851 E10.51108
G1 X102.531 Y101.705 E10.5273
G1 X103.054 Y101.601 E10.55295
G1 X103.756 Y101.525 E10.58691
G1 X104.805 Y101.459 E10.63746
G1 X106.26 Y101.41 E10.70748
G1 X110.041 Y101.37 E10.88934
G1 X113.74 Y101.41 E11.06726
G1 X115.369 Y101.471 E11.14566
G1 X116.419 Y101.545 E11.19629
G1 X117.297 Y101.666 E11.23892
G1 X117.767 Y101.845 E11.26311
G1 X117.827 Y101.932 E11.26819
G1 X117.843 Y102.323 E11.28701
G1 X117.441 Y105.017 E11.41802
G1 X117.004 Y107.396 E11.53436
G1 X116.74 Y108.607 E11.59397
G1 X116.49 Y109.631 E11.64467
G1 X116.164 Y110.846 E11.70517
G1 X115.767 Y112.191 E11.77262
G1 X115.329 Y113.55 E11.84129
G1 X114.93 Y114.674 E11.89866
G1 X114.715 Y115.183 E11.92524
G1 X114.44 Y115.609 E11.94963
G1 X114.131 Y115.833 E11.96799
G1 X113.664 Y115.984 E11.9916
G1 X112.49 Y116.122 E12.04845
G1 X111.216 Y116.179 E12.10979
G1 X109.589 Y116.192 E12.18805
G1 X108.21 Y116.159 E12.25439
G1 X107.046 Y116.084 E12.31049
G1 X106.548 Y116.023 E12.33462
G1 X105.927 Y115.86 E12.3655
G1 X105.612 Y115.651 E12.38368
G1 X105.324 Y115.267 E12.40677
G1 X105.116 Y114.798 E12.43145
G1 X104.773 Y113.85 E12.47994
G1 X104.38 Y112.662 E12.54012
G1 X104.006 Y111.436 E12.60177
G1 X103.67 Y110.243 E12.66138
G1 X103.356 Y109.016 E12.7223
G1 X103.079 Y107.795 E12.78252
G1 X102.843 Y106.618 E12.84026
G1 X102.507 Y104.7 E12.93391
G1 X102.156 Y102.286 E13.05124
G1 X102.17 Y101.953 E13.06727
G1 X102.499 Y101.726 F7800
G1 X104.071 Y102.94
;TYPE:Solid infill
;WIDTH:0.416358
G1 F1200
G1 X104.092 Y103.692 E13.1003
;WIDTH:0.374534
G1 X103.961 Y104.014 E13.11375
G1 X103.783 Y103.715 E13.12721
;WIDTH:0.416358
G1 X103.693 Y102.971 E13.16011
G1 X103.878 Y102.956 E13.16826
G1 E11.16826 F2400
G92 E0
G1 X104.24 Y105.261 F7800
G1 E2 F2400
;WIDTH:0.61306
G1 F1200
G1 X104.479 Y105.493 E2.02279
G1 X104.826 Y105.773 E2.0533
G1 X104.841 Y106.29 E2.0887
;WIDTH:0.581583
G1 X104.841 Y107.446 E2.16327
G1 X104.815 Y108.495 E2.23096
G1 X104.558 Y107.48 E2.2985
G1 X104.328 Y106.337 E2.37371
;WIDTH:0.61306
G1 X104.227 Y105.664 E2.42028
G1 X104.234 Y105.454 E2.43466
G1 E.43466 F2400
G92 E0
G1 X105.164 Y109.914 F7800
G1 E2 F2400
;WIDTH:0.45
G1 F1200
G1 X105.549 Y110.263 E2.02499
G1 X105.999 Y110.506 E2.04959
G1 X106.555 Y110.605 E2.07675
G1 X108.489 Y110.605 E2.16977
G1 X106.035 Y113.059 E2.33669
G1 X105.758 Y112.224 E2.379
G1 X105.231 Y110.45 E2.46801
G1 X105.162 Y110.085 E2.48588
G1 X105.746 Y110.822 F7800
G1 F1200
G1 X105.929 Y110.885 E2.49519
G1 X106.555 Y110.99 E2.52572
G1 X107.558 Y110.99 E2.57396
G1 X106.204 Y112.344 E2.66606
G1 X105.801 Y111.007 E2.73322
G1 X106.493 Y111.437 F7800
;WIDTH:0.624243
G1 F1200
G1 X106.443 Y111.387 E2.73816
G1 X106.376 Y111.405 E2.743
G1 X106.358 Y111.473 E2.74791
G1 X106.407 Y111.523 E2.7528
G1 X106.475 Y111.504 E2.75773
G1 X106.172 Y113.467 F7800
;WIDTH:0.45
G1 F1200
G1 X109.035 Y110.605 E2.95243
G1 X109.58 Y110.605 E2.97864
G1 X106.317 Y113.867 E3.20055
G1 X106.463 Y114.267 E3.22103
G1 X110.125 Y110.605 E3.47011
G1 X110.671 Y110.605 E3.49637
G1 X106.706 Y114.569 E3.76603
G1 X107.177 Y114.643 E3.78896
G1 X111.216 Y110.605 E4.06365
G1 X111.761 Y110.605 E4.08986
G1 X107.689 Y114.677 E4.36683
G1 X108.202 Y114.71 E4.39155
G1 X112.307 Y110.605 E4.67077
G1 X112.852 Y110.605 E4.69698
G1 X108.732 Y114.725 E4.97722
G1 X109.264 Y114.738 E5.00281
G1 X113.398 Y110.605 E5.28397
G1 X113.972 Y110.575 E5.31162
G1 X109.803 Y114.744 E5.59519
G1 X110.353 Y114.74 E5.62164
G1 X114.791 Y110.301 E5.92354
G1 X114.79 Y110.763 E5.94576
;WIDTH:0.404381
G1 X114.719 Y110.744 E5.94888
G1 X114.738 Y110.815 E5.952
G1 X114.779 Y110.804 E5.9538
;WIDTH:0.45
G1 X114.592 Y111.046 E5.96851
G1 X110.903 Y114.735 E6.21943
G1 X111.464 Y114.72 E6.24642
G1 X114.369 Y111.814 E6.44405
G1 X114.557 Y111.572 E6.45879
;WIDTH:0.404381
G1 X114.516 Y111.583 E6.46059
G1 X114.497 Y111.512 E6.46371
G1 X114.568 Y111.531 E6.46683
G1 X114.314 Y112.335 F7800
G1 F1200
G1 X114.243 Y112.316 E6.46995
G1 X114.262 Y112.387 E6.47307
G1 X114.303 Y112.376 E6.47487
;WIDTH:0.45
G1 X114.11 Y112.619 E6.4898
G1 X112.034 Y114.694 E6.63097
G1 X112.624 Y114.65 E6.65943
G1 X113.835 Y113.439 E6.7418
G1 X114.032 Y113.197 E6.75681
;WIDTH:0.404381
G1 X113.991 Y113.208 E6.75861
G1 X113.971 Y113.136 E6.76178
G1 X114.043 Y113.156 E6.76495
G1 X113.435 Y114.492 F7800
;WIDTH:0.543119
G1 F1200
G1 X113.393 Y114.45 E6.7685
G1 X113.335 Y114.465 E6.77208
G1 X113.32 Y114.523 E6.77566
G1 X113.362 Y114.566 E6.77925
G1 X113.42 Y114.55 E6.78284
G1 E4.78284 F2400
G92 E0
G1 X115.904 Y105.288 F7800
G1 E2 F2400
;WIDTH:0.428408
G1 F1200
G1 X115.895 Y105.489 E2.00914
G1 X115.548 Y107.376 E2.09625
G1 X115.479 Y107.4 E2.09957
G1 X115.479 Y105.668 E2.17821
G1 X115.76 Y105.417 E2.19532
M106 S211.65
;LAYER_CHANGE
;Z:3.75
;HEIGHT:0.0999999
G1 E.19532 F2400
G92 E0
G1 Z3.75 F7800
G1 X112.753 Y121.11
G1 E2 F2400
;TYPE:Support material
;WIDTH:0.35
;HEIGHT:0.225
G1 F3600
G1 X107.247 Y121.11 E2.1554
G1 X107.247 Y118.389 E2.2322
G1 X112.753 Y118.389 E2.3876
G1 X112.753 Y121.065 E2.46313
G1 E.46313 F2400
G92 E0
G1 X113.185 Y108.531 F7800
G1 E2 F2400
G1 F3600
G1 X107.212 Y108.531 E2.16858
G1 X107.212 Y105.908 E2.24261
G1 X113.185 Y105.908 E2.41119
G1 X113.185 Y108.485 E2.48392
G1 X113.05 Y107.214 F7800
G1 F3600
G1 X107.347 Y107.214 E2.64488
G1 E.64488 F2400
G92 E0
G1 X107.182 Y103.914 F7800
G1 E2 F2400
G1 F3600
G1 X106.154 Y103.914 E2.02901
G1 X106.154 Y103.317 E2.04586
G1 X107.182 Y103.317 E2.07487
G1 X107.182 Y103.868 E2.09042
G1 E.09042 F2400
G92 E0
G1 X114.169 Y103.367 F7800
G1 E2 F2400
G1 F3600
G1 X114.169 Y103.914 E2.01544
G1 X112.818 Y103.914 E2.05357
G1 X112.818 Y103.317 E2.07042
G1 X114.169 Y103.321 E2.10855
;LAYER_CHANGE
;Z:3.95
;HEIGHT:0.2
G1 E.10855 F2400
G92 E0
G1 Z3.95 F7800
G1 X106.682 Y104.912
G1 E2 F2400
;TYPE:Perimeter
;WIDTH:0.425605
;HEIGHT:0.3
G1 F900
G1 X106.78 Y104.908 E2.00442
;WIDTH:0.417089
G1 X113.617 Y104.908 E2.30519
G1 X113.932 Y105.154 F7800
;WIDTH:0.45
G1 F900
G1 X114.183 Y105.35 E2.32051
G1 X114.196 Y108.969 E2.49457
G1 X114.142 Y109.212 E2.50654
G1 X114.069 Y109.33 E2.51321
G1 X113.883 Y109.483 E2.52479
G1 X113.617 Y109.547 E2.53795
G1 X106.78 Y109.547 E2.86679
G1 X106.424 Y109.425 E2.88489
G1 X106.258 Y109.219 E2.89761
G1 X106.201 Y108.969 E2.90994
G1 X106.201 Y105.47 E3.07823
G1 X106.206 Y105.394 E3.08189
G1 X106.682 Y104.912 E3.11447
G1 X105.794 Y104.924 E3.15718
G1 X105.492 Y104.839 E3.17227
G1 X105.314 Y104.684 E3.18362
G1 X105.177 Y104.468 E3.19592
G1 X105.143 Y104.274 E3.20539
G1 X105.143 Y102.957 E3.26873
G1 X105.314 Y102.547 E3.2901
;WIDTH:0.475074
G1 X105.492 Y102.42 E3.3013
;WIDTH:0.500149
G1 X105.671 Y102.294 E3.3132
;WIDTH:0.502671
G1 X106.315 Y102.28 E3.34841
;WIDTH:0.521384
G1 X113.686 Y102.28 E3.76856
;WIDTH:0.502674
G1 X114.529 Y102.287 E3.81465
;WIDTH:0.489685
G1 X114.782 Y102.362 E3.82865
;WIDTH:0.455153
G1 X115.01 Y102.547 E3.84296
;WIDTH:0.45
G1 X115.18 Y102.867 E3.86039
G1 X115.18 Y104.274 E3.92806
G1 X115.145 Y104.472 E3.93773
G1 X114.937 Y104.756 E3.95466
G1 X114.648 Y104.912 E3.97046
G1 X113.617 Y104.908 E4.02005
G1 X113.885 Y105.117 E4.0364
G1 X113.724 Y105.363 F7800
;TYPE:External perimeter
G1 F900
G1 X113.806 Y105.43 E4.04149
G1 X113.81 Y108.969 E4.2117
G1 X113.768 Y109.089 E4.21781
G1 X113.617 Y109.162 E4.22588
G1 X106.78 Y109.162 E4.55472
G1 X106.661 Y109.121 E4.56077
G1 X106.594 Y109.021 E4.56656
G1 X106.587 Y105.47 E4.73735
G1 X106.749 Y105.277 E4.74947
G1 X113.617 Y105.277 E5.0798
G1 X113.677 Y105.325 E5.0835
G1 X113.8 Y105.706 F7800
G1 E3.0835 F2400
G92 E0
G1 X105.601 Y102.809 F7800
G1 E2 F2400
G1 F900
G1 X105.755 Y102.696 E2.00919
G1 X114.529 Y102.692 E2.43119
G1 X114.665 Y102.748 E2.43826
G1 X114.794 Y102.925 E2.44879
G1 X114.794 Y104.274 E2.51367
G1 X114.737 Y104.41 E2.52076
G1 X114.569 Y104.534 E2.5308
G1 X105.794 Y104.539 E2.95285
G1 X105.658 Y104.482 E2.95994
G1 X105.532 Y104.306 E2.97035
G1 X105.529 Y102.957 E3.03523
G1 X105.57 Y102.858 E3.04038
G1 X105.94 Y102.706 F7800
G1 E1.04038 F2400
G92 E0
G1 X103.661 Y102.725 F7800
G1 E2 F2400
;TYPE:Perimeter
G1 F3600
G1 X104.474 Y102.659 E2.03923
G1 X104.372 Y102.957 E2.05438
G1 X104.372 Y103.443 E2.07775
;WIDTH:0.495199
G1 X104.35 Y103.542 E2.0832
;WIDTH:0.540399
G1 X104.327 Y103.642 E2.08929
;WIDTH:0.585599
G1 X104.304 Y103.742 E2.09596
;WIDTH:0.630799
G1 X104.282 Y103.842 E2.10319
G1 X104.297 Y104.274 E2.13373
;WIDTH:0.601454
G1 X104.379 Y104.751 E2.16615
G1 X104.476 Y104.871 E2.17649
;WIDTH:0.56359
G1 X104.574 Y104.991 E2.18614
;WIDTH:0.525727
G1 X104.672 Y105.11 E2.19501
;WIDTH:0.487863
G1 X104.769 Y105.23 E2.20316
;WIDTH:0.45
G1 X105.005 Y105.441 E2.21839
G1 X105.43 Y105.617 E2.24051
G1 X105.43 Y108.309 E2.36999
G1 X105.46 Y109.252 E2.41537
G1 X105.643 Y109.696 E2.43847
G1 X105.95 Y110.033 E2.4604
G1 X106.631 Y110.31 E2.49576
G1 X106.78 Y110.318 E2.50294
G1 X113.747 Y110.318 E2.83803
G1 X114.236 Y110.168 E2.86263
G1 X114.671 Y109.812 E2.88967
;WIDTH:0.449897
G1 X114.841 Y109.537 E2.90522
;WIDTH:0.447964
G1 X114.915 Y109.315 E2.91642
;WIDTH:0.456141
G1 X114.97 Y108.764 E2.94348
G1 X114.967 Y107.741 E2.99347
;WIDTH:0.45
G1 X114.967 Y105.604 E3.09625
G1 X115.222 Y105.504 E3.10942
G1 X115.554 Y105.23 E3.13012
G1 X115.866 Y104.734 E3.1583
;WIDTH:0.441702
G1 X115.945 Y104.274 E3.18027
;WIDTH:0.4835
G1 X115.968 Y103.628 E3.21406
;WIDTH:0.529285
G1 X115.991 Y102.983 E3.25148
G1 X115.968 Y102.725 E3.2665
G1 X116.488 Y102.775 E3.29679
G1 X116.385 Y103.658 E3.34834
;WIDTH:0.4835
G1 X116.316 Y104.3 E3.38209
;WIDTH:0.441702
G1 X116.229 Y104.832 E3.40746
;WIDTH:0.45
G1 X115.866 Y106.851 E3.50612
G1 X115.661 Y107.822 E3.55385
;WIDTH:0.456141
G1 X115.274 Y109.411 E3.63376
;WIDTH:0.449897
G1 X115.101 Y110.033 E3.6648
;WIDTH:0.45
G1 X114.693 Y111.407 E3.73374
G1 X114.225 Y112.839 E3.8062
G1 X113.751 Y114.172 E3.87425
G1 X113.43 Y114.945 E3.91451
G1 X113.254 Y115.039 E3.92411
G1 X112.296 Y115.157 E3.97053
G1 X111.092 Y115.212 E4.0285
G1 X109.614 Y115.225 E4.09959
G1 X108.311 Y115.192 E4.16228
G1 X107.236 Y115.114 E4.21412
G1 X106.603 Y114.995 E4.2451
G1 X106.525 Y114.86 E4.2526
G1 X106.325 Y114.378 E4.2777
G1 X105.83 Y113.001 E4.34808
G1 X105.425 Y111.782 E4.40986
G1 X105.072 Y110.631 E4.46776
G1 X104.733 Y109.428 E4.52787
G1 X104.477 Y108.42 E4.57789
G1 X104.21 Y107.224 E4.63683
G1 X103.917 Y105.671 E4.71284
;WIDTH:0.487863
G1 X103.903 Y105.475 E4.72322
;WIDTH:0.525727
G1 X103.889 Y105.279 E4.73453
;WIDTH:0.56359
G1 X103.875 Y105.082 E4.74683
;WIDTH:0.601454
G1 X103.861 Y104.886 E4.75999
G1 X103.773 Y104.383 E4.7942
;WIDTH:0.630799
G1 X103.718 Y103.882 E4.82981
G1 X103.682 Y103.787 E4.83699
;WIDTH:0.585599
G1 X103.645 Y103.691 E4.84368
;WIDTH:0.540399
G1 X103.608 Y103.596 E4.84973
;WIDTH:0.495199
G1 X103.572 Y103.5 E4.85524
;WIDTH:0.45
G1 X103.462 Y102.741 E4.89213
G1 X103.602 Y102.73 E4.89888
G1 X103.156 Y102.393 F7800
G1 F3600
G1 X103.25 Y102.376 E4.90347
G1 X104.058 Y102.298 E4.94251
G1 X105.074 Y102.242 E4.99145
G1 X104.96 Y102.367 E4.99959
G1 X104.758 Y102.957 E5.02958
G1 X104.758 Y104.274 E5.09292
G1 X104.814 Y104.597 E5.10869
G1 X105.042 Y104.957 E5.12919
G1 X105.231 Y105.128 E5.14145
G1 X105.668 Y105.302 E5.16407
G1 X105.856 Y105.31 E5.17312
G1 X105.816 Y105.47 E5.18105
G1 X105.816 Y108.309 E5.3176
G1 X105.837 Y109.171 E5.35907
G1 X105.911 Y109.387 E5.37005
G1 X106.187 Y109.729 E5.39119
G1 X106.673 Y109.927 E5.41643
G1 X106.78 Y109.933 E5.42158
G1 X113.617 Y109.933 E5.75042
G1 X114.06 Y109.825 E5.77235
G1 X114.37 Y109.571 E5.79163
G1 X114.492 Y109.375 E5.80273
G1 X114.581 Y108.969 E5.82272
G1 X114.581 Y105.954 E5.96773
G1 X114.564 Y105.306 E5.99891
G1 X114.728 Y105.289 E6.00684
G1 X115.024 Y105.173 E6.02213
G1 X115.209 Y105.029 E6.03341
G1 X115.507 Y104.604 E6.05838
G1 X115.565 Y104.274 E6.0745
G1 X115.565 Y102.808 E6.14501
G1 X115.288 Y102.26 E6.17454
G1 X116.286 Y102.328 E6.22265
G1 X116.968 Y102.415 E6.25572
G1 X116.656 Y104.609 E6.36231
G1 X116.246 Y106.917 E6.47505
G1 X116.038 Y107.902 E6.52347
G1 X115.799 Y108.915 E6.57353
G1 X115.472 Y110.137 E6.63437
G1 X115.061 Y111.521 E6.70381
G1 X114.591 Y112.964 E6.7768
G1 X114.111 Y114.312 E6.84562
G1 X113.791 Y115.089 E6.88604
G1 X113.635 Y115.296 E6.89851
G1 X113.341 Y115.417 E6.9138
G1 X112.329 Y115.542 E6.96284
G1 X111.149 Y115.597 E7.01966
G1 X109.611 Y115.611 E7.09364
G1 X108.313 Y115.578 E7.15609
G1 X107.251 Y115.507 E7.20728
G1 X106.708 Y115.42 E7.23373
G1 X106.372 Y115.314 E7.25068
G1 X106.178 Y115.031 E7.26718
G1 X105.966 Y114.517 E7.29392
G1 X105.466 Y113.127 E7.36497
G1 X105.058 Y111.899 E7.42721
G1 X104.702 Y110.74 E7.48552
G1 X104.36 Y109.527 E7.54614
G1 X104.102 Y108.51 E7.5966
G1 X103.833 Y107.303 E7.65608
G1 X103.608 Y106.154 E7.71239
G1 X103.321 Y104.457 E7.79517
G1 X103.027 Y102.418 E7.89425
G1 X103.097 Y102.404 E7.89768
G1 X102.683 Y102.1 F7800
G1 F3600
G1 X102.707 Y102.09 E7.89893
G1 X103.21 Y101.992 E7.92358
G1 X104.035 Y101.913 E7.96344
G1 X105.118 Y101.854 E8.01561
;WIDTH:0.494188
G1 X105.787 Y101.855 E8.05147
;WIDTH:0.502671
G1 X106.312 Y101.842 E8.08018
;WIDTH:0.521384
G1 X110.166 Y101.814 E8.29986
G1 X113.689 Y101.842 E8.50068
;WIDTH:0.502674
G1 X114.561 Y101.862 E8.54836
;WIDTH:0.489493
G1 X115.309 Y101.875 E8.58803
;WIDTH:0.45
G1 X116.323 Y101.944 E8.63691
G1 X117.155 Y102.055 E8.67728
G1 X117.369 Y102.137 E8.6883
G1 X117.376 Y102.286 E8.69547
G1 X117.036 Y104.67 E8.81129
G1 X116.624 Y106.991 E8.92467
G1 X116.415 Y107.986 E8.97357
G1 X116.173 Y109.009 E9.02413
G1 X115.843 Y110.242 E9.08552
G1 X115.429 Y111.636 E9.15546
G1 X114.956 Y113.088 E9.22891
G1 X114.482 Y114.421 E9.29696
G1 X114.255 Y115.005 E9.3271
G1 X114.031 Y115.432 E9.35029
G1 X113.77 Y115.678 E9.36754
G1 X113.428 Y115.795 E9.38492
G1 X112.361 Y115.926 E9.43662
G1 X111.159 Y115.983 E9.4945
G1 X109.608 Y115.996 E9.5691
G1 X108.296 Y115.963 E9.63222
G1 X107.208 Y115.89 E9.68467
G1 X106.494 Y115.777 E9.71944
G1 X106.096 Y115.593 E9.74053
G1 X105.831 Y115.202 E9.76325
G1 X105.606 Y114.656 E9.79165
G1 X105.101 Y113.254 E9.86332
G1 X104.691 Y112.017 E9.926
G1 X104.332 Y110.849 E9.98477
G1 X103.988 Y109.627 E10.04583
G1 X103.727 Y108.599 E10.09684
G1 X103.455 Y107.382 E10.15682
G1 X103.228 Y106.223 E10.21362
G1 X102.94 Y104.517 E10.29683
G1 X102.674 Y102.68 E10.3861
G1 X102.625 Y102.125 E10.4129
G1 X102.628 Y102.123 E10.41307
G1 X102.263 Y101.898 F7800
;TYPE:External perimeter
G1 F1800
G1 X102.308 Y101.855 E10.41606
G1 X102.608 Y101.713 E10.43202
G1 X103.128 Y101.613 E10.45749
G1 X103.823 Y101.54 E10.4911
G1 X104.862 Y101.477 E10.54116
G1 X106.301 Y101.43 E10.61041
G1 X110.166 Y101.392 E10.79631
G1 X113.699 Y101.43 E10.96624
G1 X115.33 Y101.49 E11.04474
G1 X116.36 Y101.56 E11.09439
G1 X117.219 Y101.675 E11.13607
G1 X117.7 Y101.857 E11.16081
G1 X117.745 Y101.922 E11.16461
G1 X117.763 Y102.304 E11.183
G1 X117.417 Y104.731 E11.30091
G1 X117.003 Y107.064 E11.41487
G1 X116.791 Y108.07 E11.46432
G1 X116.547 Y109.103 E11.51537
G1 X116.215 Y110.347 E11.5773
G1 X115.797 Y111.751 E11.64776
G1 X115.321 Y113.212 E11.72166
G1 X114.829 Y114.591 E11.79208
G1 X114.515 Y115.363 E11.83216
G1 X114.246 Y115.799 E11.8568
G1 X113.955 Y116.022 E11.87443
G1 X113.515 Y116.173 E11.8968
G1 X112.394 Y116.311 E11.95112
G1 X111.17 Y116.368 E12.01005
G1 X109.605 Y116.382 E12.08532
G1 X108.278 Y116.349 E12.14916
G1 X107.165 Y116.274 E12.20281
G1 X106.527 Y116.172 E12.23389
G1 X106.041 Y116.021 E12.25837
G1 X105.76 Y115.797 E12.27565
G1 X105.485 Y115.373 E12.29996
G1 X105.246 Y114.795 E12.33004
G1 X104.737 Y113.38 E12.40237
G1 X104.323 Y112.134 E12.46552
G1 X103.962 Y110.958 E12.52469
G1 X103.615 Y109.727 E12.5862
G1 X103.352 Y108.689 E12.6377
G1 X103.078 Y107.461 E12.69821
G1 X102.849 Y106.292 E12.7555
G1 X102.559 Y104.577 E12.83916
G1 X102.237 Y102.279 E12.95077
G1 X102.252 Y101.955 E12.96637
G1 X102.584 Y101.731 F7800
G1 E10.96637 F2400
G92 E0
G1 X104.121 Y103.397 F7800
G1 E2 F2400
;TYPE:Solid infill
;WIDTH:0.373577
G1 F1200
G1 X103.99 Y103.72 E2.01344
G1 X103.836 Y103.48 E2.02444
;WIDTH:0.39322
G1 X103.759 Y102.974 E2.04543
G1 X104.111 Y102.945 E2.05992
G1 X104.117 Y103.204 E2.07055
G1 E.07055 F2400
G92 E0
G1 X106.621 Y114.334 F7800
G1 E2 F2400
;WIDTH:0.45
G1 F1200
G1 X107.084 Y114.796 E2.03146
G1 X106.715 Y114.803 E2.04921
;WIDTH:0.404381
G1 X106.696 Y114.874 E2.05233
G1 X106.767 Y114.855 E2.05545
G1 X106.756 Y114.814 E2.05725
G1 X107.693 Y114.86 F7800
;WIDTH:0.45
G1 F1200
G1 X106.308 Y113.475 E2.15146
G1 X106.165 Y113.175 E2.16744
;WIDTH:0.404381
G1 X106.176 Y113.216 E2.16924
G1 X106.105 Y113.235 E2.17236
G1 X106.124 Y113.164 E2.17548
G1 X105.833 Y112.324 F7800
G1 F1200
G1 X105.814 Y112.395 E2.1786
G1 X105.885 Y112.376 E2.18172
G1 X105.874 Y112.335 E2.18352
;WIDTH:0.45
G1 X106.013 Y112.635 E2.19942
G1 X108.278 Y114.899 E2.35345
G1 X108.84 Y114.916 E2.38049
G1 X105.742 Y111.819 E2.59118
G1 X105.606 Y111.519 E2.60702
;WIDTH:0.404381
G1 X105.617 Y111.56 E2.60882
G1 X105.546 Y111.579 E2.61194
G1 X105.565 Y111.508 E2.61506
;WIDTH:0.45
G1 X105.496 Y111.027 E2.63843
G1 X109.399 Y114.93 E2.90391
G1 X109.947 Y114.933 E2.93027
G1 X105.265 Y110.25 E3.24877
G1 X105.861 Y110.302 E3.27754
G1 X110.488 Y114.928 E3.59223
G1 X111.028 Y114.923 E3.6182
G1 X106.709 Y110.604 E3.91197
G1 X106.466 Y110.42 E3.92663
;WIDTH:0.404381
G1 X106.477 Y110.461 E3.92843
G1 X106.406 Y110.48 E3.93155
G1 X106.425 Y110.409 E3.93467
G1 X107.257 Y110.607 F7800
;WIDTH:0.45
G1 F1200
G1 X111.553 Y114.903 E4.22688
G1 X112.074 Y114.878 E4.25197
G1 X107.802 Y110.606 E4.54255
G1 X108.346 Y110.605 E4.56871
G1 X112.573 Y114.832 E4.85623
G1 X113.342 Y114.83 E4.89322
;WIDTH:0.404381
G1 X113.353 Y114.871 E4.89502
G1 X113.282 Y114.89 E4.89814
G1 X113.301 Y114.819 E4.90126
;WIDTH:0.45
G1 X113.058 Y114.772 E4.91316
G1 X108.891 Y110.604 E5.19663
G1 X109.435 Y110.603 E5.22279
G1 X113.313 Y114.481 E5.48657
G1 X113.471 Y114.094 E5.50667
G1 X109.98 Y110.603 E5.74412
G1 X110.524 Y110.602 E5.77028
G1 X113.615 Y113.693 E5.98053
G1 X113.758 Y113.29 E6.0011
G1 X111.069 Y110.601 E6.184
G1 X111.613 Y110.6 E6.21016
G1 X113.901 Y112.888 E6.36579
G1 E4.36579 F2400
G92 E0
G1 X112.294 Y110.735 F7800
G1 E2 F2400
G1 F1200
G1 X114.038 Y112.479 E2.11862
G1 X114.417 Y111.321 E2.17722
G1 X114.761 Y110.142 E2.23629
G1 X114.335 Y110.437 E2.26121
G1 X113.816 Y110.597 E2.28733
G1 X112.158 Y110.599 E2.36707
G1 X113.184 Y111.023 F7800
;WIDTH:0.530178
G1 F1200
G1 X113.745 Y111.022 E2.39966
G1 X114.078 Y110.961 E2.41933
G1 X113.849 Y111.688 E2.46361
G1 X113.32 Y111.16 E2.50703
G1 E.50703 F2400
G92 E0
G1 X105.115 Y109.594 F7800
G1 E2 F2400
;WIDTH:0.517644
G1 F1200
G1 X105.115 Y109.683 E2.00503
;WIDTH:0.468326
G1 X105.114 Y109.772 E2.00951
;WIDTH:0.419008
G1 X105.113 Y109.86 E2.0134
;WIDTH:0.36969
G1 X105.142 Y109.962 E2.01744
G1 X105.587 Y110 E2.03445
G1 X105.402 Y109.761 E2.04596
;WIDTH:0.412224
G1 X105.354 Y109.701 E2.04929
;WIDTH:0.454759
G1 X105.307 Y109.641 E2.053
;WIDTH:0.497293
G1 X105.259 Y109.581 E2.05715
;WIDTH:0.539828
G1 X105.212 Y109.522 E2.06162
;WIDTH:0.582362
G1 X105.164 Y109.462 E2.06658
;WIDTH:0.624897
G1 X105.117 Y109.402 E2.07191
;WIDTH:0.667623
G1 X105.034 Y108.996 E2.10309
G1 X104.535 Y107.353 F7800
;WIDTH:0.45
G1 F1200
G1 X104.76 Y108.358 E2.15262
;WIDTH:0.490018
G1 X104.811 Y108.479 E2.15959
;WIDTH:0.530037
G1 X104.863 Y108.601 E2.16729
;WIDTH:0.570056
G1 X104.914 Y108.723 E2.17563
;WIDTH:0.610075
G1 X104.966 Y108.845 E2.18466
;WIDTH:0.650093
G1 X105.017 Y108.967 E2.19432
;WIDTH:0.667623
G1 X105.034 Y108.996 E2.19685
G1 X105.055 Y108.859 E2.20728
;WIDTH:0.624098
G1 X105.076 Y108.722 E2.21696
;WIDTH:0.580573
G1 X105.098 Y108.586 E2.22583
;WIDTH:0.537049
G1 X105.119 Y108.449 E2.234
;WIDTH:0.493524
G1 X105.141 Y108.313 E2.24137
;WIDTH:0.45
G1 X105.141 Y105.817 E2.36142
G1 X104.913 Y105.726 E2.37323
G1 X104.583 Y105.452 E2.39386
G1 X104.194 Y105.053 E2.42066
G1 X104.204 Y105.629 E2.44837
G1 X104.493 Y107.165 E2.52354
G1 X104.761 Y106.062 F7800
;WIDTH:0.519211
G1 F1200
G1 X104.775 Y106.117 E2.52676
G1 X104.735 Y106.157 E2.52997
G1 X104.68 Y106.142 E2.5332
G1 X104.666 Y106.088 E2.53636
G1 X104.706 Y106.047 E2.53961
G1 E.53961 F2400
G92 E0
G1 X115.561 Y106.787 F7800
G1 E2 F2400
;WIDTH:0.493412
G1 F1200
G1 X115.287 Y108.033 E2.06827
G1 X115.278 Y105.813 E2.18707
G1 X115.408 Y105.751 E2.19478
G1 X115.803 Y105.418 E2.22243
G1 X115.596 Y106.597 E2.28648
;LAYER_CHANGE
;Z:4.05
;HEIGHT:0.1
G1 E.28648 F2400
G92 E0
G1 Z4.05 F7800
G1 X112.753 Y121.11
G1 E2 F2400
;TYPE:Support material
;WIDTH:0.35
;HEIGHT:0.3
G1 F3600
G1 X107.247 Y121.11 E2.19615
G1 X107.247 Y118.389 E2.29308
G1 X112.753 Y118.389 E2.48923
G1 X112.753 Y121.067 E2.58463
G1 E.58463 F2400
G92 E0
G1 X112.951 Y108.534 F7800
G1 E2 F2400
G1 F3600
G1 X107.445 Y108.534 E2.19615
G1 X107.445 Y105.905 E2.28981
G1 X112.951 Y105.905 E2.48596
G1 X112.951 Y108.491 E2.57808
G1 X112.823 Y107.214 F7800
G1 F3600
G1 X107.574 Y107.214 E2.76507
G1 E.76507 F2400
G92 E0
G1 X107.182 Y103.914 F7800
G1 E2 F2400
G1 F3600
G1 X106.183 Y103.914 E2.03559
G1 X106.183 Y103.317 E2.05686
G1 X107.182 Y103.317 E2.09245
G1 X107.182 Y103.871 E2.11219
G1 E.11219 F2400
G92 E0
G1 X114.14 Y103.387 F7800
G1 E2 F2400
G1 F3600
G1 X114.14 Y103.914 E2.01877
G1 X112.818 Y103.914 E2.06586
G1 X112.818 Y103.317 E2.08713
G1 X114.14 Y103.344 E2.13423
;LAYER_CHANGE
;Z:4.25
;HEIGHT:0.2
G1 E.13423 F2400
G92 E0
G1 Z4.25 F7800
G1 X106.916 Y104.91
G1 E2 F2400
;TYPE:Perimeter
;WIDTH:0.422569
;HEIGHT:0.3
G1 F900
G1 X107.013 Y104.906 E2.00434
;WIDTH:0.414075
G1 X113.384 Y104.906 E2.28222
G1 X113.669 Y105.181 F7800
;WIDTH:0.45
G1 F900
G1 X113.962 Y105.464 E2.30181
G1 X113.962 Y108.972 E2.47053
G1 X113.908 Y109.216 E2.48255
G1 X113.72 Y109.442 E2.49669
G1 X113.498 Y109.55 E2.50856
G1 X107.013 Y109.55 E2.82047
G1 X106.669 Y109.437 E2.83788
G1 X106.49 Y109.218 E2.85148
G1 X106.435 Y108.972 E2.8636
G1 X106.435 Y105.467 E3.03218
G1 X106.916 Y104.91 E3.06758
G1 X105.892 Y104.924 E3.11684
G1 X105.573 Y104.867 E3.13243
G1 X105.343 Y104.684 E3.14657
G1 X105.173 Y104.352 E3.16451
G1 X105.173 Y102.957 E3.2316
G1 X105.343 Y102.547 E3.25295
;WIDTH:0.486249
G1 X105.702 Y102.301 E3.27585
;WIDTH:0.489294
G1 X106.398 Y102.287 E3.31274
;WIDTH:0.506687
G1 X113.862 Y102.288 E3.72451
;WIDTH:0.48626
G1 X114.5 Y102.293 E3.75808
;WIDTH:0.475793
G1 X114.828 Y102.409 E3.77593
;WIDTH:0.45
G1 X114.98 Y102.547 E3.7858
G1 X115.15 Y102.884 E3.80395
G1 X115.15 Y104.274 E3.8708
G1 X115.07 Y104.569 E3.8855
G1 X114.908 Y104.756 E3.8974
G1 X114.741 Y104.872 E3.90718
G1 X114.5 Y104.924 E3.91904
G1 X113.384 Y104.906 E3.97272
G1 X113.626 Y105.14 E3.98891
G1 X113.48 Y105.37 F7800
;TYPE:External perimeter
G1 F900
G1 X113.576 Y105.467 E3.99547
G1 X113.576 Y108.972 E4.16405
G1 X113.545 Y109.078 E4.16936
G1 X113.427 Y109.165 E4.17641
G1 X111.899 Y109.165 E4.2499
G1 X107.013 Y109.165 E4.4849
G1 X106.855 Y109.082 E4.49348
G1 X106.82 Y108.972 E4.49903
G1 X106.82 Y105.467 E4.66761
G1 X107.013 Y105.274 E4.68074
G1 X113.384 Y105.274 E4.98716
G1 X113.438 Y105.328 E4.99083
G1 X113.568 Y105.706 F7800
G1 E2.99083 F2400
G92 E0
G1 X105.63 Y102.809 F7800
G1 E2 F2400
G1 F900
G1 X105.784 Y102.696 E2.00919
G1 X114.5 Y102.692 E2.4284
G1 X114.636 Y102.748 E2.43547
G1 X114.765 Y102.931 E2.44624
G1 X114.765 Y104.274 E2.51083
G1 X114.708 Y104.41 E2.51792
G1 X114.56 Y104.539 E2.52736
G1 X105.823 Y104.539 E2.94758
G1 X105.687 Y104.482 E2.95467
G1 X105.558 Y104.274 E2.96644
G1 X105.558 Y102.957 E3.02978
G1 X105.599 Y102.858 E3.03493
G1 X105.969 Y102.706 F7800
G1 X103.992 Y102.811
;TYPE:Perimeter
;WIDTH:0.622218
G1 F3600
G1 X104.383 Y102.78 E3.06222
G1 X104.315 Y102.957 E3.07541
G1 X104.336 Y103.678 E3.1256
;WIDTH:0.581565
G1 X104.356 Y104.274 E3.16407
;WIDTH:0.544262
G1 X104.431 Y104.731 E3.19179
G1 X104.651 Y105.017 E3.21339
;WIDTH:0.497131
G1 X104.871 Y105.302 E3.23282
;WIDTH:0.45
G1 X105.238 Y105.562 E3.25445
G1 X105.664 Y105.659 E3.27546
G1 X105.664 Y108.399 E3.40724
G1 X105.702 Y109.292 E3.45023
G1 X105.904 Y109.741 E3.47391
G1 X106.21 Y110.056 E3.49503
G1 X106.869 Y110.314 E3.52907
G1 X107.013 Y110.321 E3.536
G1 X113.275 Y110.321 E3.83718
G1 X113.762 Y110.267 E3.86075
G1 X114.169 Y110.07 E3.8825
;WIDTH:0.476644
G1 X114.522 Y109.721 E3.90802
;WIDTH:0.51642
G1 X114.638 Y109.555 E3.91944
G1 X114.714 Y109.328 E3.93294
;WIDTH:0.52775
G1 X114.772 Y108.972 E3.95379
G1 X114.753 Y108.603 E3.97514
;WIDTH:0.488875
G1 X114.733 Y108.235 E3.99465
;WIDTH:0.45
G1 X114.733 Y105.645 E4.11922
G1 X115.062 Y105.573 E4.13542
G1 X115.452 Y105.302 E4.15826
G1 X115.728 Y104.959 E4.17943
;WIDTH:0.438916
G1 X115.776 Y104.818 E4.18639
;WIDTH:0.409358
G1 X115.823 Y104.677 E4.19279
;WIDTH:0.379801
G1 X115.885 Y104.274 E4.20883
;WIDTH:0.421204
G1 X115.907 Y103.615 E4.23818
;WIDTH:0.466702
G1 X115.93 Y102.957 E4.27122
;WIDTH:0.467696
G1 X115.897 Y102.719 E4.28331
G1 X116.361 Y102.763 E4.30676
G1 X116.33 Y102.984 E4.31799
;WIDTH:0.466702
G1 X116.248 Y103.781 E4.35819
;WIDTH:0.421204
G1 X116.165 Y104.577 E4.39381
;WIDTH:0.412853
G1 X116.072 Y105.022 E4.41357
;WIDTH:0.45
G1 X115.651 Y107.314 E4.52565
G1 X115.439 Y108.316 E4.57491
;WIDTH:0.477161
G1 X115.289 Y108.879 E4.60491
;WIDTH:0.504322
G1 X115.019 Y109.943 E4.66514
;WIDTH:0.476644
G1 X114.867 Y110.56 E4.69781
;WIDTH:0.45
G1 X114.458 Y111.945 E4.76727
G1 X114.024 Y113.294 E4.83543
G1 X113.605 Y114.5 E4.89684
G1 X113.335 Y115.154 E4.93087
G1 X113.197 Y115.223 E4.93829
G1 X112.255 Y115.341 E4.98395
G1 X111.07 Y115.395 E5.041
G1 X109.621 Y115.408 E5.11069
G1 X108.355 Y115.376 E5.1716
G1 X107.293 Y115.298 E5.22282
G1 X106.688 Y115.186 E5.25241
G1 X106.615 Y115.056 E5.25958
G1 X106.376 Y114.447 E5.29105
G1 X105.934 Y113.169 E5.35609
G1 X105.537 Y111.93 E5.41867
G1 X105.19 Y110.762 E5.47727
G1 X104.857 Y109.541 E5.53814
G1 X104.607 Y108.519 E5.58874
G1 X104.347 Y107.305 E5.64845
G1 X104.044 Y105.617 E5.73093
;WIDTH:0.497131
G1 X104.006 Y105.233 E5.75176
;WIDTH:0.544262
G1 X103.968 Y104.848 E5.77492
G1 X103.882 Y104.306 E5.80777
;WIDTH:0.581565
G1 X103.806 Y103.569 E5.85556
;WIDTH:0.622218
G1 X103.731 Y102.832 E5.9071
G1 X103.933 Y102.816 E5.9212
G1 X103.354 Y102.398 F7800
;WIDTH:0.45
G1 F3600
G1 X103.388 Y102.392 E5.92286
G1 X104.116 Y102.323 E5.95803
G1 X105.069 Y102.272 E6.00393
G1 X105.032 Y102.314 E6.00662
G1 X104.787 Y102.957 E6.03971
G1 X104.787 Y104.274 E6.10305
G1 X104.84 Y104.59 E6.11846
G1 X105.071 Y104.957 E6.13932
G1 X105.313 Y105.163 E6.15461
G1 X105.823 Y105.31 E6.18014
G1 X106.181 Y105.31 E6.19736
G1 X106.049 Y105.467 E6.20723
G1 X106.049 Y108.399 E6.34825
G1 X106.077 Y109.201 E6.38685
G1 X106.221 Y109.521 E6.40373
G1 X106.44 Y109.747 E6.41887
G1 X106.91 Y109.93 E6.44313
G1 X107.013 Y109.936 E6.44809
G1 X113.275 Y109.936 E6.74927
G1 X113.654 Y109.897 E6.76759
G1 X113.944 Y109.756 E6.7831
G1 X114.189 Y109.502 E6.80007
G1 X114.315 Y109.221 E6.81488
G1 X114.348 Y108.972 E6.82696
G1 X114.348 Y105.467 E6.99554
G1 X114.194 Y105.31 E7.00612
G1 X114.5 Y105.31 E7.02084
G1 X114.901 Y105.222 E7.04059
G1 X115.18 Y105.029 E7.05691
G1 X115.401 Y104.765 E7.07347
G1 X115.49 Y104.569 E7.08382
G1 X115.536 Y104.274 E7.09818
G1 X115.536 Y102.835 E7.16739
G1 X115.259 Y102.287 E7.19692
G1 X116.191 Y102.35 E7.24185
G1 X116.806 Y102.425 E7.27165
G1 X116.43 Y105.136 E7.40329
G1 X116.03 Y107.387 E7.51325
G1 X115.816 Y108.398 E7.56295
G1 X115.569 Y109.43 E7.61399
G1 X115.051 Y111.298 E7.70722
G1 X114.389 Y113.421 E7.81418
G1 X113.964 Y114.639 E7.87623
G1 X113.715 Y115.257 E7.90828
G1 X113.568 Y115.471 E7.92077
G1 X113.283 Y115.601 E7.93584
G1 X112.289 Y115.725 E7.98402
G1 X111.129 Y115.78 E8.03987
G1 X109.617 Y115.793 E8.11259
G1 X108.342 Y115.761 E8.17393
G1 X107.299 Y115.69 E8.22421
G1 X106.78 Y115.606 E8.2495
G1 X106.452 Y115.503 E8.26604
G1 X106.266 Y115.222 E8.28225
G1 X106.014 Y114.581 E8.31538
G1 X105.568 Y113.29 E8.38107
G1 X105.169 Y112.044 E8.444
G1 X104.819 Y110.868 E8.50301
G1 X104.484 Y109.637 E8.56437
G1 X104.232 Y108.605 E8.61546
G1 X103.969 Y107.381 E8.67567
G1 X103.75 Y106.215 E8.73273
G1 X103.473 Y104.495 E8.81652
G1 X103.191 Y102.427 E8.9169
G1 X103.295 Y102.409 E8.92198
G1 X102.857 Y102.115 F7800
G1 F3600
G1 X103.35 Y102.008 E8.94624
G1 X104.093 Y101.938 E8.98213
G1 X105.159 Y101.881 E9.03347
;WIDTH:0.48037
G1 X105.817 Y101.875 E9.06761
;WIDTH:0.489294
G1 X106.396 Y101.862 E9.0983
;WIDTH:0.506687
G1 X110.287 Y101.836 E9.31296
G1 X113.865 Y101.866 E9.51035
;WIDTH:0.48626
G1 X114.533 Y101.883 E9.54551
;WIDTH:0.475578
G1 X115.269 Y101.901 E9.58327
;WIDTH:0.45
G1 X116.025 Y101.946 E9.6197
G1 X116.691 Y102.014 E9.6519
G1 X117.202 Y102.135 E9.67716
G1 X117.209 Y102.324 E9.68626
G1 X116.811 Y105.196 E9.82571
G1 X116.408 Y107.461 E9.93636
G1 X116.192 Y108.483 E9.9866
G1 X115.943 Y109.525 E10.03813
G1 X115.61 Y110.769 E10.10007
G1 X115.199 Y112.158 E10.16974
G1 X114.761 Y113.523 E10.23869
G1 X114.337 Y114.744 E10.30086
G1 X114.135 Y115.266 E10.32778
G1 X113.957 Y115.617 E10.34671
G1 X113.672 Y115.876 E10.36523
G1 X113.37 Y115.978 E10.38056
G1 X112.322 Y116.11 E10.43136
G1 X111.14 Y116.165 E10.48827
G1 X109.614 Y116.179 E10.56167
G1 X108.324 Y116.146 E10.62373
G1 X107.255 Y116.074 E10.67526
G1 X106.557 Y115.961 E10.70927
G1 X106.174 Y115.78 E10.72964
G1 X105.917 Y115.387 E10.75222
G1 X105.652 Y114.715 E10.78696
G1 X105.202 Y113.412 E10.85326
G1 X104.8 Y112.158 E10.9166
G1 X104.448 Y110.974 E10.97601
G1 X104.111 Y109.734 E11.03781
G1 X103.856 Y108.692 E11.08941
G1 X103.591 Y107.457 E11.15016
G1 X103.37 Y106.281 E11.20771
G1 X103.091 Y104.552 E11.29194
G1 X102.833 Y102.665 E11.38354
G1 X102.789 Y102.129 E11.40941
G1 X102.798 Y102.127 E11.40985
G1 X102.443 Y101.899 F7800
;TYPE:External perimeter
G1 F1800
G1 X102.461 Y101.86 E11.41192
G1 X102.768 Y101.721 E11.42813
G1 X103.272 Y101.628 E11.45278
G1 X103.961 Y101.559 E11.48608
G1 X104.978 Y101.5 E11.53508
G1 X106.385 Y101.457 E11.60278
G1 X110.288 Y101.422 E11.79051
G1 X113.876 Y101.463 E11.96309
G1 X115.292 Y101.516 E12.03124
G1 X116.268 Y101.582 E12.07829
G1 X117.071 Y101.689 E12.11725
G1 X117.544 Y101.862 E12.14147
G1 X117.58 Y101.914 E12.14451
G1 X117.596 Y102.344 E12.16521
G1 X117.191 Y105.256 E12.30662
G1 X116.787 Y107.535 E12.41794
G1 X116.568 Y108.568 E12.46873
G1 X116.317 Y109.62 E12.52075
G1 X115.791 Y111.517 E12.61543
G1 X115.118 Y113.673 E12.72406
G1 X114.684 Y114.917 E12.78743
G1 X114.438 Y115.535 E12.81942
G1 X114.172 Y115.98 E12.84436
G1 X113.855 Y116.221 E12.86351
G1 X113.457 Y116.356 E12.88372
G1 X112.355 Y116.494 E12.93714
G1 X111.151 Y116.551 E12.99511
G1 X109.611 Y116.565 E13.06918
G1 X108.306 Y116.532 E13.13197
G1 X107.211 Y116.457 E13.18476
G1 X106.586 Y116.356 E13.21521
G1 X106.111 Y116.206 E13.23917
G1 X105.838 Y115.982 E13.25615
G1 X105.568 Y115.553 E13.28053
G1 X105.29 Y114.848 E13.31698
G1 X104.836 Y113.534 E13.38384
G1 X104.432 Y112.271 E13.44762
G1 X104.077 Y111.079 E13.50744
G1 X103.737 Y109.83 E13.5697
G1 X103.48 Y108.778 E13.62179
G1 X103.213 Y107.533 E13.68303
G1 X102.99 Y106.348 E13.74102
G1 X102.71 Y104.609 E13.82574
G1 X102.4 Y102.276 E13.93894
G1 X102.415 Y101.96 E13.95416
G1 X102.418 Y101.954 E13.95448
G1 X102.755 Y101.738 F7800
G1 E11.95448 F2400
G92 E0
G1 X104.314 Y105.136 F7800
G1 E2 F2400
;TYPE:Solid infill
G1 F1200
G1 X104.615 Y105.452 E2.02099
G1 X105.073 Y105.798 E2.0486
G1 X105.374 Y105.885 E2.06367
G1 X105.383 Y108.966 E2.21186
;WIDTH:0.432724
G1 X105.451 Y109.387 E2.23145
;WIDTH:0.451333
G1 X105.684 Y109.927 E2.25983
G1 X106.08 Y110.309 E2.28639
;WIDTH:0.45
G1 X106.799 Y110.59 E2.32352
G1 X107.016 Y110.611 E2.33401
G1 X108.871 Y110.611 E2.42323
G1 X106.259 Y113.223 E2.60089
G1 X105.805 Y111.818 E2.67191
G1 X105.442 Y110.588 E2.73359
;WIDTH:0.451997
G1 X105.126 Y109.504 E2.78818
;WIDTH:0.432724
G1 X105.016 Y109.01 E2.81143
;WIDTH:0.45
G1 X104.631 Y107.248 E2.89818
G1 X104.338 Y105.619 E2.97779
G1 X104.323 Y105.328 E2.9918
G1 X104.977 Y106.221 F7800
;WIDTH:0.603931
G1 F1200
G1 X104.929 Y106.173 E2.99637
G1 X104.864 Y106.191 E3.00091
G1 X104.847 Y106.256 E3.00543
G1 X104.894 Y106.304 E3.00995
G1 X104.96 Y106.286 E3.01455
G1 E1.01455 F2400
G92 E0
G1 X105.852 Y110.62 F7800
G1 E2 F2400
;WIDTH:0.45
G1 F1200
G1 X106.659 Y110.949 E2.04192
G1 X107.016 Y110.996 E2.05924
G1 X107.94 Y110.996 E2.10368
G1 X106.431 Y112.506 E2.20635
G1 X105.907 Y110.805 E2.29196
G1 X106.417 Y111.245 E2.32436
;WIDTH:0.406647
G1 X106.704 Y111.338 E2.33724
G1 X107.062 Y111.36 E2.35255
G1 X106.595 Y111.827 E2.38074
G1 X106.474 Y111.43 E2.39846
G1 E.39846 F2400
G92 E0
G1 X106.399 Y113.628 F7800
G1 E2 F2400
;WIDTH:0.45
G1 F1200
G1 X109.417 Y110.611 E2.20525
G1 X109.962 Y110.611 E2.23146
G1 X106.539 Y114.034 E2.46429
G1 X106.683 Y114.435 E2.48478
G1 X110.507 Y110.611 E2.74488
G1 X111.053 Y110.611 E2.77114
G1 X106.841 Y114.823 E3.05764
G1 X106.833 Y115.051 E3.06861
;WIDTH:0.404381
G1 X106.762 Y115.032 E3.07173
G1 X106.781 Y115.103 E3.07485
G1 X106.822 Y115.092 E3.07665
;WIDTH:0.45
G1 X107.216 Y114.993 E3.09619
G1 X111.598 Y110.611 E3.39425
G1 X112.143 Y110.611 E3.42046
G1 X107.712 Y115.042 E3.72185
G1 X108.223 Y115.077 E3.74648
G1 X112.689 Y110.611 E4.05025
G1 X113.234 Y110.611 E4.07646
G1 X108.748 Y115.096 E4.38156
G1 X109.28 Y115.11 E4.40716
G1 X113.844 Y110.546 E4.7176
G1 X114.117 Y110.352 E4.73371
;WIDTH:0.404381
G1 X114.558 Y109.966 E4.75856
G1 X114.69 Y109.925 E4.76442
G1 X114.76 Y109.975 E4.76807
;WIDTH:0.45
G1 X114.628 Y110.308 E4.7853
G1 X109.819 Y115.117 E5.1124
G1 X110.369 Y115.112 E5.13885
G1 X114.417 Y111.064 E5.41419
G1 X114.604 Y110.821 E5.42894
;WIDTH:0.404381
G1 X114.563 Y110.832 E5.43074
G1 X114.544 Y110.761 E5.43386
G1 X114.615 Y110.78 E5.43698
G1 X114.388 Y111.554 F7800
G1 F1200
G1 X114.317 Y111.535 E5.4401
G1 X114.336 Y111.606 E5.44322
G1 X114.377 Y111.595 E5.44502
;WIDTH:0.45
G1 X114.188 Y111.838 E5.45983
G1 X110.919 Y115.107 E5.68218
G1 X111.484 Y115.088 E5.70937
G1 X113.93 Y112.641 E5.87578
G1 X114.123 Y112.398 E5.89071
;WIDTH:0.404381
G1 X114.082 Y112.409 E5.89251
G1 X114.063 Y112.338 E5.89563
G1 X114.134 Y112.357 E5.89875
G1 X113.868 Y113.171 F7800
G1 F1200
G1 X113.797 Y113.152 E5.90187
G1 X113.816 Y113.223 E5.90499
G1 X113.857 Y113.212 E5.90679
;WIDTH:0.45
G1 X113.662 Y113.455 E5.92178
G1 X112.056 Y115.061 E6.03102
G1 X113.305 Y114.312 F7800
;WIDTH:0.385383
G1 F1200
G1 X112.577 Y115.039 E6.07221
G1 X113.139 Y114.965 E6.09491
G1 X113.441 Y114.175 E6.12877
G1 E4.12877 F2400
G92 E0
G1 X115.624 Y105.581 F7800
G1 E2 F2400
;WIDTH:0.531752
G1 F1200
G1 X115.327 Y107.25 E2.09882
G1 X115.082 Y108.406 E2.1677
G1 X115.063 Y108.228 E2.17814
G1 X115.063 Y105.906 E2.3135
G1 X115.2 Y105.871 E2.32174
G1 X115.464 Y105.69 E2.3404
;LAYER_CHANGE
;Z:4.34444
;HEIGHT:0.0944443
G1 E.3404 F2400
G92 E0
G1 Z4.344 F7800
G1 X112.753 Y121.11
G1 E2 F2400
;TYPE:Support material
;WIDTH:0.35
;HEIGHT:0.294444
G1 F3600
G1 X107.247 Y121.11 E2.19332
G1 X107.247 Y118.389 E2.28886
G1 X112.753 Y118.389 E2.48218
G1 X112.753 Y121.067 E2.57621
G1 E.57621 F2400
G92 E0
G1 X112.718 Y108.537 F7800
G1 E2 F2400
G1 F3600
G1 X107.679 Y108.537 E2.17692
G1 X107.679 Y105.902 E2.26944
G1 X112.718 Y105.902 E2.44636
G1 X112.718 Y108.494 E2.53737
G1 X112.589 Y107.214 F7800
G1 F3600
G1 X107.808 Y107.214 E2.70523
G1 E.70523 F2400
G92 E0
G1 X107.182 Y103.914 F7800
G1 E2 F2400
G1 F3600
G1 X106.213 Y103.914 E2.03402
G1 X106.213 Y103.317 E2.05498
G1 X107.182 Y103.317 E2.089
G1 X107.182 Y103.871 E2.10845
G1 E.10845 F2400
G92 E0
G1 X114.111 Y103.406 F7800
G1 E2 F2400
G1 F3600
G1 X114.111 Y103.914 E2.01784
G1 X112.818 Y103.914 E2.06324
G1 X112.818 Y103.317 E2.0842
G1 X114.111 Y103.363 E2.12963
;LAYER_CHANGE
;Z:4.55
;HEIGHT:0.205556
G1 E.12963 F2400
G92 E0
G1 Z4.55 F7800
G1 X107.15 Y104.909
G1 E2 F2400
;TYPE:Perimeter
;WIDTH:0.419529
;HEIGHT:0.3
G1 F900
G1 X107.247 Y104.905 E2.0043
;WIDTH:0.411059
G1 X113.15 Y104.905 E2.25954
G1 X113.434 Y105.179 F7800
;WIDTH:0.45
G1 F900
G1 X113.728 Y105.464 E2.27923
G1 X113.728 Y108.975 E2.4481
G1 X113.66 Y109.248 E2.46163
G1 X113.53 Y109.41 E2.47162
G1 X113.371 Y109.509 E2.48063
G1 X113.15 Y109.553 E2.49147
G1 X107.247 Y109.553 E2.77538
G1 X106.958 Y109.476 E2.78976
G1 X106.821 Y109.367 E2.79818
G1 X106.669 Y109.08 E2.8138
G1 X106.669 Y105.464 E2.98772
G1 X107.15 Y104.909 E3.02304
G1 X106.129 Y104.924 E3.07215
G1 X105.65 Y104.888 E3.09525
G1 X105.372 Y104.684 E3.11183
G1 X105.202 Y104.372 E3.12892
G1 X105.202 Y103.005 E3.19467
G1 X105.372 Y102.547 E3.21817
;WIDTH:0.497318
G1 X105.729 Y102.296 E3.24174
;WIDTH:0.501958
G1 X106.482 Y102.28 E3.28285
;WIDTH:0.520434
G1 X113.519 Y102.28 E3.68312
;WIDTH:0.501956
G1 X114.471 Y102.288 E3.73508
;WIDTH:0.496884
G1 X114.623 Y102.303 E3.74332
G1 X114.951 Y102.547 E3.76537
;WIDTH:0.45
G1 X115.087 Y102.759 E3.77748
G1 X115.121 Y102.957 E3.78714
G1 X115.121 Y104.274 E3.85048
G1 X115.091 Y104.459 E3.85949
G1 X114.879 Y104.756 E3.87704
G1 X114.659 Y104.893 E3.88951
G1 X114.268 Y104.924 E3.90837
G1 X113.15 Y104.905 E3.96215
G1 X113.391 Y105.138 E3.97827
G1 X113.246 Y105.367 F7800
;TYPE:External perimeter
G1 F900
G1 X113.343 Y105.464 E3.98487
G1 X113.343 Y108.975 E4.15374
G1 X113.277 Y109.12 E4.1614
G1 X113.15 Y109.168 E4.16793
G1 X107.247 Y109.168 E4.45184
G1 X107.105 Y109.105 E4.45931
G1 X107.054 Y108.975 E4.46603
G1 X107.054 Y105.464 E4.6349
G1 X107.247 Y105.271 E4.64803
G1 X113.15 Y105.271 E4.93194
G1 X113.204 Y105.325 E4.93561
G1 X113.334 Y105.703 F7800
G1 E2.93561 F2400
G92 E0
G1 X105.658 Y102.81 F7800
G1 E2 F2400
G1 F900
G1 X105.813 Y102.696 E2.00925
G1 X114.471 Y102.692 E2.42567
G1 X114.607 Y102.748 E2.43274
G1 X114.724 Y102.891 E2.44163
G1 X114.736 Y104.274 E2.50815
G1 X114.679 Y104.41 E2.51524
G1 X114.52 Y104.539 E2.52509
G1 X105.853 Y104.539 E2.94194
G1 X105.717 Y104.482 E2.94903
G1 X105.588 Y104.296 E2.95992
G1 X105.588 Y103.005 E3.02201
G1 X105.632 Y102.861 E3.02925
G1 X106 Y102.705 F7800
G1 X104.145 Y102.759
;TYPE:Perimeter
;WIDTH:0.560304
G1 F3600
G1 X104.455 Y102.732 E3.0485
G1 X104.376 Y102.913 E3.06072
G1 X104.396 Y103.639 E3.10564
;WIDTH:0.519676
G1 X104.416 Y104.274 E3.14172
;WIDTH:0.48592
G1 X104.485 Y104.713 E3.16508
G1 X104.9 Y105.302 E3.20296
;WIDTH:0.45
G1 X105.381 Y105.61 E3.23043
G1 X105.897 Y105.695 E3.25558
G1 X105.897 Y108.698 E3.40001
G1 X105.935 Y109.29 E3.42854
G1 X106.009 Y109.512 E3.43979
G1 X106.254 Y109.889 E3.46141
G1 X106.574 Y110.145 E3.48112
G1 X106.924 Y110.285 E3.49925
G1 X107.247 Y110.324 E3.5149
G1 X113.15 Y110.324 E3.79881
G1 X113.665 Y110.222 E3.82406
G1 X114.038 Y109.991 E3.84516
;WIDTH:0.494515
G1 X114.175 Y109.839 E3.85614
;WIDTH:0.53903
G1 X114.313 Y109.687 E3.86829
;WIDTH:0.583545
G1 X114.451 Y109.535 E3.88158
;WIDTH:0.593742
G1 X114.572 Y108.975 E3.91941
G1 X114.548 Y108.829 E3.92918
;WIDTH:0.545828
G1 X114.524 Y108.683 E3.93806
;WIDTH:0.497914
G1 X114.5 Y108.537 E3.94606
;WIDTH:0.45
G1 X114.5 Y105.691 E4.08294
G1 X114.91 Y105.622 E4.10294
G1 X115.495 Y105.23 E4.13681
;WIDTH:0.493271
G1 X115.624 Y105.062 E4.14814
;WIDTH:0.536542
G1 X115.754 Y104.894 E4.16065
;WIDTH:0.579813
G1 X115.883 Y104.726 E4.17427
G1 X115.87 Y104.953 E4.18889
;WIDTH:0.536542
G1 X115.857 Y105.18 E4.20228
;WIDTH:0.493271
G1 X115.844 Y105.407 E4.21444
;WIDTH:0.45
G1 X115.663 Y106.593 E4.27214
G1 X115.268 Y108.611 E4.37104
;WIDTH:0.497914
G1 X115.21 Y108.753 E4.37933
;WIDTH:0.545828
G1 X115.152 Y108.894 E4.38849
;WIDTH:0.593742
G1 X115.094 Y109.036 E4.39862
G1 X115.012 Y109.443 E4.42603
;WIDTH:0.564803
G1 X114.93 Y109.85 E4.45194
;WIDTH:0.535865
G1 X114.869 Y110.161 E4.47058
;WIDTH:0.492932
G1 X114.809 Y110.472 E4.48751
;WIDTH:0.45
G1 X114.239 Y112.468 E4.58735
G1 X113.81 Y113.817 E4.65543
G1 X113.447 Y114.873 E4.70914
G1 X113.229 Y115.374 E4.73542
G1 X112.954 Y115.443 E4.74906
G1 X112.325 Y115.515 E4.77951
G1 X111.385 Y115.566 E4.82479
G1 X110 Y115.592 E4.89142
G1 X108.546 Y115.565 E4.96136
G1 X107.354 Y115.484 E5.01882
G1 X106.763 Y115.36 E5.04786
G1 X106.544 Y114.848 E5.07464
G1 X106.137 Y113.655 E5.13527
G1 X105.755 Y112.451 E5.19602
G1 X105.357 Y111.091 E5.26417
G1 X105.028 Y109.859 E5.3255
G1 X104.779 Y108.822 E5.37679
G1 X104.519 Y107.586 E5.43754
G1 X104.305 Y106.403 E5.49536
G1 X104.175 Y105.562 E5.53629
;WIDTH:0.48592
G1 X104.003 Y104.3 E5.60326
;WIDTH:0.519676
G1 X103.93 Y103.543 E5.64645
;WIDTH:0.560304
G1 X103.858 Y102.785 E5.69355
G1 X104.086 Y102.765 E5.70771
G1 E3.70771 F2400
G92 E0
G1 X115.861 Y103.187 F7800
G1 E2 F2400
;WIDTH:0.400791
G1 F900
G1 X115.868 Y102.957 E2.00966
;WIDTH:0.407411
G1 X115.827 Y102.676 E2.02181
G1 X116.232 Y102.716 E2.03922
G1 X116.203 Y102.977 E2.05046
;WIDTH:0.400791
G1 X116.154 Y103.503 E2.07263
;WIDTH:0.410756
G1 X116.125 Y103.567 E2.07567
;WIDTH:0.453219
G1 X116.096 Y103.63 E2.07903
;WIDTH:0.495682
G1 X116.067 Y103.694 E2.08281
;WIDTH:0.538145
G1 X116.037 Y103.757 E2.08693
;WIDTH:0.580608
G1 X116.008 Y103.821 E2.09145
;WIDTH:0.623071
G1 X115.979 Y103.884 E2.09628
G1 X115.958 Y103.818 E2.10111
;WIDTH:0.580608
G1 X115.937 Y103.751 E2.10563
;WIDTH:0.538145
G1 X115.915 Y103.684 E2.1098
;WIDTH:0.495682
G1 X115.894 Y103.618 E2.11353
;WIDTH:0.453219
G1 X115.873 Y103.551 E2.11694
;WIDTH:0.410756
G1 X115.852 Y103.485 E2.11993
;WIDTH:0.400791
G1 X115.859 Y103.247 E2.12992
G1 X115.979 Y103.884 F7800
;WIDTH:0.623071
G1 F900
G1 X115.955 Y104.185 E2.15096
;WIDTH:0.590806
G1 X115.931 Y104.486 E2.17079
;WIDTH:0.579813
G1 X115.883 Y104.726 E2.18652
G1 E.18652 F2400
G92 E0
G1 X103.545 Y102.375 F7800
G1 E2 F2400
;WIDTH:0.45
G1 F3600
G1 X103.548 Y102.375 E2.00014
G1 X104.164 Y102.308 E2.02994
G1 X105.126 Y102.248 E2.0763
G1 X105.1 Y102.274 E2.07807
G1 X104.816 Y102.957 E2.11365
G1 X104.816 Y104.274 E2.17699
G1 X104.867 Y104.583 E2.19205
G1 X105.1 Y104.957 E2.21324
G1 X105.48 Y105.235 E2.23589
G1 X105.853 Y105.31 E2.25419
G1 X106.412 Y105.31 E2.28108
G1 X106.283 Y105.464 E2.29074
G1 X106.283 Y108.975 E2.45961
G1 X106.363 Y109.359 E2.47848
G1 X106.538 Y109.628 E2.49391
G1 X106.766 Y109.81 E2.50794
G1 X107.016 Y109.911 E2.52091
G1 X107.247 Y109.939 E2.5321
G1 X113.15 Y109.939 E2.81601
G1 X113.518 Y109.866 E2.83405
G1 X113.784 Y109.701 E2.84911
G1 X114.035 Y109.356 E2.86963
G1 X114.114 Y108.975 E2.88834
G1 X114.114 Y105.464 E3.05721
G1 X113.96 Y105.31 E3.06768
G1 X114.268 Y105.31 E3.08249
G1 X114.784 Y105.257 E3.10744
G1 X115.151 Y105.029 E3.12822
G1 X115.456 Y104.582 E3.15425
G1 X115.507 Y104.274 E3.16927
G1 X115.507 Y102.957 E3.23261
G1 X115.449 Y102.628 E3.24868
G1 X115.224 Y102.272 E3.26894
G1 X116.093 Y102.336 E3.31085
G1 X116.637 Y102.41 E3.33726
G1 X116.4 Y104.326 E3.43012
G1 X116.043 Y106.659 E3.54364
G1 X115.644 Y108.7 E3.64366
G1 X115.347 Y109.95 E3.70545
G1 X115.014 Y111.195 E3.76744
G1 X114.607 Y112.585 E3.8371
G1 X114.176 Y113.939 E3.90544
G1 X113.806 Y115.015 E3.96017
G1 X113.554 Y115.585 E3.99014
G1 X113.436 Y115.708 E3.99834
G1 X112.999 Y115.826 E4.02011
G1 X112.347 Y115.899 E4.05166
G1 X111.392 Y115.952 E4.09766
G1 X110 Y115.977 E4.16462
G1 X108.521 Y115.95 E4.23577
G1 X107.049 Y115.836 E4.30678
G1 X106.542 Y115.7 E4.33203
G1 X106.377 Y115.466 E4.3458
G1 X106.182 Y114.983 E4.37085
G1 X105.77 Y113.776 E4.43219
G1 X105.387 Y112.563 E4.49337
G1 X104.986 Y111.195 E4.56193
G1 X104.654 Y109.954 E4.62372
G1 X104.402 Y108.907 E4.67552
G1 X104.141 Y107.66 E4.7368
G1 X103.924 Y106.467 E4.79512
G1 X103.65 Y104.689 E4.88165
G1 X103.361 Y102.412 E4.99204
G1 X103.486 Y102.387 E4.99817
G1 X103.03 Y102.102 F7800
G1 F3600
G1 X103.516 Y101.99 E5.02216
G1 X104.154 Y101.923 E5.05301
G1 X105.179 Y101.86 E5.1024
;WIDTH:0.491391
G1 X105.846 Y101.859 E5.13792
;WIDTH:0.501958
G1 X106.48 Y101.843 E5.17253
;WIDTH:0.520434
G1 X110.018 Y101.815 E5.37378
G1 X113.523 Y101.843 E5.57316
;WIDTH:0.501956
G1 X114.69 Y101.877 E5.63688
;WIDTH:0.496884
G1 X115.246 Y101.886 E5.66688
;WIDTH:0.45
G1 X116.131 Y101.953 E5.70957
G1 X116.835 Y102.053 E5.74377
G1 X117.035 Y102.129 E5.75406
G1 X117.042 Y102.276 E5.76114
G1 X116.782 Y104.379 E5.86306
G1 X116.423 Y106.725 E5.97721
G1 X116.021 Y108.782 E6.07802
G1 X115.721 Y110.045 E6.14046
G1 X115.386 Y111.299 E6.20289
G1 X114.982 Y112.676 E6.27191
G1 X114.275 Y114.838 E6.38131
G1 X114.027 Y115.506 E6.41558
G1 X113.796 Y115.906 E6.4378
G1 X113.551 Y116.087 E6.45245
G1 X113.044 Y116.209 E6.47753
G1 X112.369 Y116.284 E6.51019
G1 X111.399 Y116.337 E6.55691
G1 X110 Y116.363 E6.62421
G1 X108.512 Y116.336 E6.69579
G1 X107.264 Y116.25 E6.75596
G1 X106.625 Y116.122 E6.7873
G1 X106.278 Y115.99 E6.80516
G1 X106.031 Y115.638 E6.82584
G1 X105.821 Y115.118 E6.85281
G1 X105.404 Y113.896 E6.91491
G1 X105.018 Y112.676 E6.97645
G1 X104.614 Y111.299 E7.04547
G1 X104.28 Y110.048 E7.10775
G1 X104.026 Y108.992 E7.15999
G1 X103.763 Y107.734 E7.2218
G1 X103.544 Y106.531 E7.28061
G1 X103.268 Y104.743 E7.36763
G1 X102.998 Y102.646 E7.46932
G1 X102.963 Y102.117 E7.49482
G1 X102.971 Y102.115 E7.49522
G1 X102.591 Y101.913 F7800
;TYPE:External perimeter
G1 F1800
G1 X102.592 Y101.899 E7.4959
G1 X102.644 Y101.849 E7.49937
G1 X102.934 Y101.709 E7.51486
G1 X103.433 Y101.612 E7.53931
G1 X104.099 Y101.54 E7.57153
G1 X105.092 Y101.478 E7.61938
G1 X106.468 Y101.431 E7.6856
G1 X110.018 Y101.394 E7.85635
G1 X113.532 Y101.431 E8.02537
G1 X115.268 Y101.501 E8.10893
G1 X116.169 Y101.569 E8.15239
G1 X116.901 Y101.673 E8.18795
G1 X117.366 Y101.849 E8.21186
G1 X117.412 Y101.914 E8.21569
G1 X117.429 Y102.291 E8.23384
G1 X117.164 Y104.432 E8.3376
G1 X116.803 Y106.791 E8.45238
G1 X116.398 Y108.863 E8.55392
G1 X116.095 Y110.139 E8.617
G1 X115.757 Y111.403 E8.67993
G1 X115.341 Y112.819 E8.75091
G1 X114.908 Y114.182 E8.81969
G1 X114.523 Y115.297 E8.87642
G1 X114.231 Y115.953 E8.91096
G1 X113.967 Y116.291 E8.93159
G1 X113.7 Y116.446 E8.94644
G1 X113.206 Y116.578 E8.97103
G1 X112.467 Y116.665 E9.00682
G1 X111.493 Y116.721 E9.05374
G1 X110 Y116.749 E9.12556
G1 X108.508 Y116.721 E9.19733
G1 X107.453 Y116.657 E9.24817
G1 X106.903 Y116.596 E9.27479
G1 X106.232 Y116.415 E9.30822
G1 X105.959 Y116.215 E9.3245
G1 X105.684 Y115.809 E9.34809
G1 X105.459 Y115.252 E9.37698
G1 X105.038 Y114.017 E9.43974
G1 X104.649 Y112.788 E9.50174
G1 X104.243 Y111.403 E9.57116
G1 X103.906 Y110.143 E9.63389
G1 X103.65 Y109.076 E9.68667
G1 X103.384 Y107.809 E9.74894
G1 X103.164 Y106.595 E9.80828
G1 X102.886 Y104.797 E9.89579
G1 X102.573 Y102.277 E10.01792
G1 X102.588 Y101.973 E10.03256
G1 X102.906 Y101.729 F7800
G1 E8.03256 F2400
G92 E0
G1 X104.616 Y106.501 F7800
G1 E2 F2400
;TYPE:Solid infill
G1 F1200
G1 X104.803 Y107.531 E2.05035
G1 X105.06 Y108.755 E2.1105
G1 X105.215 Y109.4 E2.14241
G1 X105.452 Y109.166 E2.15843
G1 X105.634 Y109.2 E2.16734
G1 X105.608 Y108.698 E2.19152
G1 X105.608 Y105.94 E2.32417
G1 X105.187 Y105.838 E2.345
G1 X104.718 Y105.524 E2.37215
G1 X104.428 Y105.205 E2.39289
G1 X104.582 Y106.311 E2.4466
G1 X105.146 Y107.463 F7800
;WIDTH:0.377116
G1 F1200
G1 X104.891 Y106.06 E2.50222
G1 X104.992 Y106.128 E2.50697
G1 X105.259 Y106.224 E2.51804
G1 X105.259 Y108.002 E2.58739
G1 X105.185 Y107.652 E2.60134
G1 E.60134 F2400
G92 E0
G1 X106.803 Y114.713 F7800
G1 E2 F2400
;WIDTH:0.45
G1 F1200
G1 X107.273 Y115.183 E2.03197
G1 X106.913 Y115.171 E2.04929
;WIDTH:0.404381
G1 X106.924 Y115.212 E2.05109
G1 X106.853 Y115.231 E2.05421
G1 X106.872 Y115.16 E2.05733
G1 X107.868 Y115.233 F7800
;WIDTH:0.45
G1 F1200
G1 X106.521 Y113.886 E2.14895
G1 X106.382 Y113.586 E2.16485
;WIDTH:0.404381
G1 X106.393 Y113.627 E2.16665
G1 X106.322 Y113.646 E2.16977
G1 X106.341 Y113.575 E2.17289
;WIDTH:0.45
G1 X106.257 Y113.076 E2.19723
G1 X108.449 Y115.269 E2.34636
G1 X109.01 Y115.284 E2.37335
G1 X106.007 Y112.281 E2.57761
G1 X105.875 Y111.981 E2.59337
;WIDTH:0.404381
G1 X105.886 Y112.022 E2.59517
G1 X105.815 Y112.042 E2.5983
G1 X105.834 Y111.97 E2.60146
;WIDTH:0.45
G1 X105.781 Y111.51 E2.62373
G1 X109.566 Y115.294 E2.88115
G1 X110.117 Y115.3 E2.90765
G1 X105.565 Y110.748 E3.21727
G1 X105.366 Y110.004 E3.25431
G1 X110.652 Y115.29 E3.61386
G1 X111.188 Y115.281 E3.63964
G1 X105.524 Y109.617 E4.0249
G1 X106.758 Y110.398 F7800
;WIDTH:0.404381
G1 F1200
G1 X106.739 Y110.469 E4.02802
G1 X106.81 Y110.45 E4.03114
G1 X106.799 Y110.409 E4.03294
;WIDTH:0.45
G1 X107.042 Y110.589 E4.04748
G1 X111.713 Y115.26 E4.3652
G1 X112.228 Y115.23 E4.39001
G1 X107.612 Y110.614 E4.70398
G1 X108.157 Y110.614 E4.73019
G1 X112.722 Y115.179 E5.0407
G1 X113.161 Y115.21 E5.06187
;WIDTH:0.404381
G1 X113.172 Y115.251 E5.06367
G1 X113.101 Y115.27 E5.06679
G1 X113.12 Y115.199 E5.06991
;WIDTH:0.45
G1 X113.084 Y114.995 E5.07987
G1 X108.702 Y110.614 E5.37789
G1 X109.248 Y110.614 E5.40415
G1 X113.235 Y114.601 E5.67534
G1 X113.375 Y114.195 E5.696
G1 X109.793 Y110.614 E5.93961
G1 X110.338 Y110.614 E5.96582
G1 X113.514 Y113.789 E6.18181
G1 X113.647 Y113.377 E6.20263
G1 X110.884 Y110.614 E6.39057
G1 X111.429 Y110.614 E6.41678
G1 X113.778 Y112.963 E6.57656
G1 E4.57656 F2400
G92 E0
G1 X112.111 Y110.75 F7800
G1 E2 F2400
G1 F1200
G1 X113.91 Y112.549 E2.12237
G1 X114.527 Y110.403 E2.22977
G1 X114.597 Y109.859 E2.25615
G1 X114.222 Y110.213 E2.28095
G1 X113.776 Y110.488 E2.30615
G1 X113.16 Y110.614 E2.33639
G1 X111.974 Y110.614 E2.39343
G1 X113.043 Y111.056 F7800
;WIDTH:0.564191
G1 F1200
G1 X113.264 Y111.044 E2.40723
G1 X113.936 Y110.9 E2.45007
G1 X113.698 Y111.712 E2.50282
G1 X113.18 Y111.193 E2.54853
G1 E.54853 F2400
G92 E0
G1 X114.841 Y106.492 F7800
G1 E2 F2400
;WIDTH:0.57642
G1 F1200
G1 X114.852 Y105.986 E2.03232
G1 X114.98 Y105.965 E2.0406
G1 X115.443 Y105.699 E2.0747
G1 X115.327 Y106.534 E2.12854
;WIDTH:0.553816
G1 X114.939 Y108.515 E2.25177
G1 X114.877 Y108.623 E2.25937
G1 X114.841 Y108.513 E2.26644
G1 X114.841 Y106.685 E2.37803
;LAYER_CHANGE
;Z:4.63889
;HEIGHT:0.0888886
G1 E.37803 F2400
G92 E0
G1 Z4.639 F7800
G1 X112.753 Y121.11
G1 E2 F2400
;TYPE:Support material
;WIDTH:0.35
;HEIGHT:0.294444
G1 F3600
G1 X107.247 Y121.11 E2.19332
G1 X107.247 Y118.389 E2.28886
G1 X112.753 Y118.389 E2.48218
G1 X112.753 Y121.067 E2.57621
G1 E.57621 F2400
G92 E0
G1 X114.081 Y103.318 F7800
G1 E2 F2400
G1 F3600
G1 X114.081 Y103.914 E2.02093
G1 X112.818 Y103.914 E2.06527
G1 X112.818 Y103.317 E2.08623
G1 X114.039 Y103.317 E2.1291
G1 E.1291 F2400
G92 E0
G1 X112.591 Y108.54 F7800
G1 E2 F2400
G1 F3600
G1 X107.806 Y108.54 E2.168
G1 X107.806 Y105.899 E2.26073
G1 X112.591 Y105.899 E2.42873
G1 X112.591 Y108.497 E2.51995
G1 X112.462 Y107.214 F7800
G1 F3600
G1 X107.935 Y107.214 E2.67889
G1 E.67889 F2400
G92 E0
G1 X107.182 Y103.914 F7800
G1 E2 F2400
G1 F3600
G1 X106.242 Y103.914 E2.033
G1 X106.242 Y103.317 E2.05396
G1 X107.182 Y103.317 E2.08696
G1 X107.182 Y103.871 E2.10641
;LAYER_CHANGE
;Z:4.85
;HEIGHT:0.211111
G1 Z4.85 F7800
G1 X107.36 Y104.882
;TYPE:Perimeter
;WIDTH:0.365269
;HEIGHT:0.3
G1 F900
G1 X107.453 Y104.878 E2.1099
;WIDTH:0.357207
G1 X112.944 Y104.878 E2.31045
G1 X113.421 Y105.067 F7800
;WIDTH:0.45
G1 F900
G1 X113.428 Y105.074 E2.31093
G1 X113.602 Y105.487 E2.33248
G1 X113.602 Y108.951 E2.49909
G1 X113.553 Y109.183 E2.51049
G1 X113.32 Y109.468 E2.5282
G1 X113.142 Y109.572 E2.53812
G1 X112.944 Y109.607 E2.54779
G1 X107.453 Y109.607 E2.81189
G1 X107.15 Y109.521 E2.82704
G1 X106.969 Y109.364 E2.83856
G1 X106.795 Y109.055 E2.85562
G1 X106.795 Y105.487 E3.02723
G1 X106.969 Y105.075 E3.04874
G1 X107.051 Y105.001 E3.05405
;WIDTH:0.439958
G1 X107.206 Y104.941 E3.06184
;WIDTH:0.402613
G1 X107.36 Y104.882 E3.0688
;WIDTH:0.407634
G1 X107.134 Y104.903 E3.07852
;WIDTH:0.45
G1 X106.907 Y104.924 E3.08948
G1 X106.232 Y104.924 E3.12195
G1 X105.707 Y104.897 E3.14723
G1 X105.402 Y104.684 E3.16512
G1 X105.231 Y104.387 E3.1816
G1 X105.24 Y102.857 E3.25519
G1 X105.474 Y102.475 E3.27674
;WIDTH:0.479632
G1 X105.615 Y102.382 E3.28549
;WIDTH:0.509264
G1 X105.756 Y102.29 E3.29483
;WIDTH:0.515255
G1 X106.565 Y102.274 E3.34033
;WIDTH:0.534681
G1 X113.435 Y102.274 E3.74331
;WIDTH:0.515262
G1 X114.441 Y102.282 E3.79989
;WIDTH:0.505129
G1 X114.582 Y102.295 E3.80767
G1 X114.752 Y102.421 E3.8193
;WIDTH:0.477564
G1 X114.922 Y102.547 E3.8302
;WIDTH:0.45
G1 X115.034 Y102.705 E3.83951
G1 X115.092 Y102.957 E3.85195
G1 X115.092 Y104.274 E3.91529
G1 X115.067 Y104.441 E3.92341
G1 X114.922 Y104.684 E3.93702
G1 X114.599 Y104.902 E3.95576
G1 X113.49 Y104.924 E4.00911
G1 X113.217 Y104.901 E4.02229
;WIDTH:0.403603
G1 X112.944 Y104.878 E4.03388
G1 X113.147 Y104.937 E4.04282
;WIDTH:0.45
G1 X113.349 Y104.997 E4.05296
G1 X113.378 Y105.025 E4.0549
G1 X113.144 Y105.341 F7800
;TYPE:External perimeter
G1 F900
G1 X113.158 Y105.35 E4.0557
G1 X113.216 Y105.487 E4.06286
G1 X113.216 Y108.951 E4.22947
G1 X113.158 Y109.089 E4.23667
G1 X112.996 Y109.221 E4.24672
G1 X107.453 Y109.221 E4.51332
G1 X107.318 Y109.166 E4.52033
G1 X107.181 Y108.988 E4.53113
G1 X107.181 Y105.487 E4.69952
G1 X107.239 Y105.35 E4.70668
G1 X107.425 Y105.217 E4.71768
G1 X112.944 Y105.217 E4.98312
G1 X113.093 Y105.309 E4.99154
G1 X113.207 Y105.692 F7800
G1 E2.99154 F2400
G92 E0
G1 X105.689 Y102.809 F7800
G1 E2 F2400
G1 F900
G1 X105.842 Y102.696 E2.00915
G1 X114.441 Y102.692 E2.42273
G1 X114.577 Y102.748 E2.4298
G1 X114.706 Y102.895 E2.43921
G1 X114.706 Y104.274 E2.50554
G1 X114.65 Y104.41 E2.51261
G1 X114.494 Y104.531 E2.52211
G1 X106.232 Y104.539 E2.91948
G1 X105.82 Y104.528 E2.9393
G1 X105.674 Y104.41 E2.94833
G1 X105.617 Y104.274 E2.95542
G1 X105.617 Y102.953 E3.01896
G1 X105.657 Y102.858 E3.02392
G1 X106.027 Y102.706 F7800
G1 E1.02392 F2400
G92 E0
G1 X115.943 Y102.794 F7800
G1 E2 F2400
;TYPE:Perimeter
;WIDTH:0.628265
G1 F900
G1 X115.938 Y102.957 E2.01147
;WIDTH:0.599773
G1 X115.919 Y103.286 E2.03348
;WIDTH:0.560651
G1 X115.899 Y103.615 E2.05388
;WIDTH:0.52153
G1 X115.879 Y103.945 E2.07273
;WIDTH:0.482408
G1 X115.86 Y104.274 E2.08991
;WIDTH:0.454147
G1 X115.808 Y104.663 E2.10899
G1 E.10899 F2400
G92 E0
G1 X104.269 Y102.707 F7800
G1 E2 F2400
;WIDTH:0.497757
G1 F3600
G1 X104.475 Y102.685 E2.0112
G1 X104.436 Y102.933 E2.02477
G1 X104.456 Y103.604 E2.06106
;WIDTH:0.457711
G1 X104.476 Y104.274 E2.09394
;WIDTH:0.426078
G1 X104.539 Y104.691 E2.11297
;WIDTH:0.45
G1 X104.93 Y105.302 E2.14786
G1 X105.473 Y105.632 E2.17842
G1 X106.024 Y105.695 E2.20509
G1 X106.024 Y108.801 E2.35448
G1 X106.059 Y109.254 E2.37633
G1 X106.131 Y109.477 E2.3876
G1 X106.429 Y109.915 E2.41308
G1 X106.746 Y110.178 E2.43289
G1 X107.077 Y110.325 E2.45031
G1 X107.453 Y110.378 E2.46857
G1 X112.944 Y110.378 E2.73267
G1 X113.405 Y110.297 E2.75518
G1 X113.821 Y110.054 E2.77835
G1 X113.968 Y109.915 E2.78808
;WIDTH:0.488448
G1 X114.059 Y109.817 E2.79515
;WIDTH:0.526897
G1 X114.149 Y109.719 E2.80283
;WIDTH:0.565345
G1 X114.24 Y109.621 E2.81119
;WIDTH:0.603794
G1 X114.33 Y109.523 E2.82014
;WIDTH:0.610759
G1 X114.453 Y108.951 E2.86001
G1 X114.433 Y108.764 E2.87283
;WIDTH:0.570569
G1 X114.413 Y108.578 E2.88464
;WIDTH:0.530379
G1 X114.393 Y108.391 E2.89557
;WIDTH:0.490189
G1 X114.373 Y108.205 E2.90551
;WIDTH:0.45
G1 X114.373 Y105.695 E3.02623
G1 X114.81 Y105.644 E3.04739
G1 X115.394 Y105.302 E3.07994
G1 X115.641 Y105.015 E3.09815
;WIDTH:0.454147
G1 X115.808 Y104.663 E3.11709
G1 X115.763 Y105.061 E3.13656
;WIDTH:0.45
G1 X115.419 Y107.276 E3.24437
G1 X115.228 Y108.294 E3.29419
;WIDTH:0.490189
G1 X115.17 Y108.473 E3.30418
;WIDTH:0.530379
G1 X115.111 Y108.651 E3.31508
;WIDTH:0.570569
G1 X115.052 Y108.83 E3.32698
;WIDTH:0.610759
G1 X114.994 Y109.008 E3.33974
G1 X114.839 Y109.695 E3.38773
;WIDTH:0.603794
G1 X114.804 Y109.921 E3.40312
;WIDTH:0.565345
G1 X114.768 Y110.148 E3.41748
;WIDTH:0.526897
G1 X114.733 Y110.374 E3.43067
;WIDTH:0.488448
G1 X114.698 Y110.601 E3.44282
;WIDTH:0.45
G1 X114.31 Y112.024 E3.51376
G1 X113.925 Y113.321 E3.57883
G1 X113.435 Y114.833 E3.65528
G1 X113.143 Y115.569 E3.69336
G1 X112.852 Y115.631 E3.70767
G1 X112.154 Y115.703 E3.74142
G1 X111.197 Y115.754 E3.78751
G1 X109.816 Y115.773 E3.85394
G1 X108.577 Y115.747 E3.91354
G1 X107.475 Y115.675 E3.96666
G1 X106.846 Y115.551 E3.99749
G1 X106.618 Y114.993 E4.02648
G1 X106.193 Y113.701 E4.0919
G1 X105.797 Y112.397 E4.15745
G1 X105.446 Y111.147 E4.2199
G1 X105.144 Y109.972 E4.27825
G1 X104.902 Y108.92 E4.33017
G1 X104.651 Y107.668 E4.39159
G1 X104.445 Y106.469 E4.4501
G1 X104.124 Y104.295 E4.5558
;WIDTH:0.456848
G1 X104.055 Y103.516 E4.59408
;WIDTH:0.496032
G1 X103.985 Y102.738 E4.63614
;WIDTH:0.497757
G1 X104.209 Y102.714 E4.64832
G1 X103.707 Y102.357 F7800
;WIDTH:0.45
G1 F3600
G1 X104.392 Y102.28 E4.68147
G1 X105.173 Y102.23 E4.71911
G1 X105.129 Y102.274 E4.7221
G1 X104.86 Y102.79 E4.75009
G1 X104.846 Y102.957 E4.75815
G1 X104.846 Y104.274 E4.82149
G1 X104.877 Y104.518 E4.83332
G1 X105.129 Y104.957 E4.85767
G1 X105.572 Y105.259 E4.88346
G1 X105.882 Y105.31 E4.89857
G1 X106.484 Y105.31 E4.92752
G1 X106.41 Y105.487 E4.93675
G1 X106.41 Y108.951 E5.10336
G1 X106.486 Y109.327 E5.12181
G1 X106.699 Y109.639 E5.13998
G1 X106.948 Y109.85 E5.15568
G1 X107.184 Y109.955 E5.1681
G1 X107.453 Y109.993 E5.18117
G1 X112.944 Y109.993 E5.44527
G1 X113.274 Y109.935 E5.46139
G1 X113.571 Y109.761 E5.47795
G1 X113.906 Y109.338 E5.5039
G1 X113.987 Y108.951 E5.52292
G1 X113.987 Y105.487 E5.68953
G1 X113.913 Y105.31 E5.69876
G1 X114.705 Y105.273 E5.73689
G1 X115.122 Y105.029 E5.76013
G1 X115.319 Y104.803 E5.77455
G1 X115.437 Y104.552 E5.78789
G1 X115.478 Y104.274 E5.80141
G1 X115.478 Y102.957 E5.86475
G1 X115.382 Y102.537 E5.88547
G1 X115.194 Y102.274 E5.90102
G1 X115.565 Y102.276 E5.91886
G1 X116.469 Y102.393 E5.9627
G1 X116.145 Y105.113 E6.09445
G1 X115.801 Y107.332 E6.20245
G1 X115.607 Y108.366 E6.25305
G1 X115.381 Y109.424 E6.30508
G1 X115.071 Y110.697 E6.3681
G1 X114.681 Y112.13 E6.43953
G1 X114.11 Y114.005 E6.5338
G1 X113.798 Y114.962 E6.58221
G1 X113.519 Y115.698 E6.62007
G1 X113.337 Y115.912 E6.63358
G1 X112.897 Y116.014 E6.6553
G1 X112.176 Y116.088 E6.69016
G1 X111.203 Y116.139 E6.73702
G1 X109.814 Y116.158 E6.80383
G1 X108.549 Y116.132 E6.86468
G1 X107.173 Y116.027 E6.93105
G1 X106.627 Y115.892 E6.9581
G1 X106.461 Y115.655 E6.97202
G1 X106.255 Y115.123 E6.99946
G1 X105.826 Y113.817 E7.06558
G1 X105.427 Y112.505 E7.13154
G1 X105.074 Y111.248 E7.19434
G1 X104.77 Y110.063 E7.25318
G1 X104.525 Y109.001 E7.3056
G1 X104.272 Y107.738 E7.36755
G1 X104.064 Y106.529 E7.42655
G1 X103.804 Y104.728 E7.51407
G1 X103.53 Y102.394 E7.6271
G1 X103.648 Y102.369 E7.6329
G1 X103.199 Y102.091 F7800
G1 F3600
G1 X103.68 Y101.972 E7.65673
G1 X104.378 Y101.895 E7.69051
;WIDTH:0.456819
G1 X105.354 Y101.836 E7.73837
;WIDTH:0.503273
G1 X105.874 Y101.841 E7.76684
;WIDTH:0.515255
G1 X106.562 Y101.823 E7.80554
;WIDTH:0.534681
G1 X110.187 Y101.794 E8.01818
G1 X113.438 Y101.823 E8.20889
;WIDTH:0.515262
G1 X114.449 Y101.849 E8.26576
;WIDTH:0.505129
G1 X114.937 Y101.865 E8.2926
;WIDTH:0.477564
G1 X115.226 Y101.869 E8.30749
;WIDTH:0.45
G1 X116.034 Y101.939 E8.3465
G1 X116.642 Y102.033 E8.37609
G1 X116.859 Y102.118 E8.3873
G1 X116.867 Y102.313 E8.39669
G1 X116.527 Y105.166 E8.53488
G1 X116.181 Y107.397 E8.64347
G1 X115.986 Y108.441 E8.69455
G1 X115.757 Y109.51 E8.74713
G1 X115.445 Y110.793 E8.81064
G1 X115.052 Y112.235 E8.88252
G1 X114.662 Y113.549 E8.94844
G1 X114.162 Y115.09 E9.02636
G1 X113.966 Y115.636 E9.05426
G1 X113.726 Y116.091 E9.079
G1 X113.447 Y116.288 E9.09543
G1 X112.943 Y116.397 E9.12023
G1 X112.197 Y116.473 E9.1563
G1 X111.208 Y116.525 E9.20393
G1 X109.813 Y116.544 E9.27103
G1 X108.531 Y116.517 E9.3327
G1 X107.128 Y116.41 E9.40038
G1 X106.552 Y116.271 E9.42888
G1 X106.351 Y116.174 E9.43961
G1 X106.112 Y115.822 E9.46007
G1 X105.892 Y115.253 E9.48941
G1 X105.458 Y113.933 E9.55624
G1 X105.057 Y112.613 E9.62259
G1 X104.702 Y111.348 E9.68578
G1 X104.395 Y110.154 E9.74508
G1 X104.148 Y109.083 E9.79794
G1 X103.893 Y107.809 E9.86043
G1 X103.683 Y106.589 E9.91997
G1 X103.437 Y104.882 E10.00292
G1 X103.163 Y102.611 E10.11294
G1 X103.136 Y102.106 E10.13726
G1 X103.14 Y102.105 E10.13746
G1 X102.763 Y101.921 F7800
;TYPE:External perimeter
G1 F1800
G1 X102.764 Y101.898 E10.13857
G1 X102.825 Y101.838 E10.14269
G1 X103.075 Y101.712 E10.15615
G1 X103.585 Y101.595 E10.18132
G1 X104.324 Y101.512 E10.21709
G1 X105.33 Y101.448 E10.26557
G1 X106.55 Y101.405 E10.32428
G1 X110.187 Y101.366 E10.49922
G1 X113.45 Y101.405 E10.65617
G1 X115.25 Y101.484 E10.74283
G1 X116.075 Y101.555 E10.78266
G1 X116.713 Y101.654 E10.81371
G1 X117.186 Y101.843 E10.83821
G1 X117.236 Y101.916 E10.84247
G1 X117.254 Y102.327 E10.86226
G1 X116.909 Y105.218 E11.00229
G1 X116.561 Y107.462 E11.11151
G1 X116.364 Y108.517 E11.16313
G1 X116.133 Y109.596 E11.2162
G1 X115.818 Y110.89 E11.28025
G1 X115.423 Y112.341 E11.35258
G1 X115.03 Y113.663 E11.41891
G1 X114.526 Y115.218 E11.49753
G1 X114.294 Y115.85 E11.52991
G1 X114.019 Y116.348 E11.55727
G1 X113.64 Y116.624 E11.57982
G1 X113.153 Y116.76 E11.60414
G1 X112.426 Y116.847 E11.63936
G1 X111.292 Y116.909 E11.69398
G1 X109.811 Y116.93 E11.76522
G1 X108.532 Y116.903 E11.82675
G1 X107.495 Y116.839 E11.87672
G1 X106.955 Y116.778 E11.90286
G1 X106.317 Y116.607 E11.93463
G1 X106.024 Y116.388 E11.95222
G1 X105.764 Y115.989 E11.97513
G1 X105.528 Y115.383 E12.00641
G1 X105.09 Y114.049 E12.07394
G1 X104.687 Y112.722 E12.14064
G1 X104.329 Y111.448 E12.20429
G1 X104.02 Y110.246 E12.26398
G1 X103.771 Y109.164 E12.31738
G1 X103.514 Y107.879 E12.38041
G1 X103.302 Y106.649 E12.44044
G1 X103.039 Y104.829 E12.52888
G1 X102.745 Y102.277 E12.65243
G1 X102.76 Y101.981 E12.66668
G1 X103.068 Y101.725 F7800
G1 E10.66668 F2400
G92 E0
G1 X104.584 Y105.342 F7800
G1 E2 F2400
;TYPE:Solid infill
G1 F1200
G1 X104.752 Y105.526 E2.01198
G1 X105.319 Y105.878 E2.04408
G1 X105.735 Y105.962 E2.06449
G1 X105.735 Y107.543 E2.14053
;WIDTH:0.493845
G1 X105.713 Y108.801 E2.20793
;WIDTH:0.495774
G1 X105.751 Y109.3 E2.23486
;WIDTH:0.521703
G1 X105.884 Y109.712 E2.25955
G1 X106.047 Y109.906 E2.274
;WIDTH:0.485851
G1 X106.209 Y110.1 E2.28729
;WIDTH:0.45
G1 X106.573 Y110.408 E2.31022
G1 X106.972 Y110.593 E2.33137
G1 X107.46 Y110.668 E2.35512
G1 X108.717 Y110.667 E2.41558
G1 X106.306 Y113.078 E2.57957
G1 X106.075 Y112.316 E2.61787
G1 X105.556 Y110.412 E2.71279
;WIDTH:0.482236
G1 X105.506 Y110.153 E2.72654
;WIDTH:0.514472
G1 X105.326 Y109.373 E2.77148
;WIDTH:0.495774
G1 X105.205 Y108.851 E2.80031
;WIDTH:0.493845
G1 X104.936 Y107.618 E2.86791
;WIDTH:0.45
G1 X104.611 Y105.532 E2.96945
G1 X105.237 Y106.38 F7800
;WIDTH:0.674183
G1 F1200
G1 X105.261 Y106.671 E2.99166
;WIDTH:0.626735
G1 X105.285 Y106.962 E3.01214
;WIDTH:0.579287
G1 X105.308 Y107.252 E3.03082
;WIDTH:0.531839
G1 X105.332 Y107.543 E3.04784
G1 E1.04784 F2400
G92 E0
G1 X105.946 Y110.379 F7800
G1 E2 F2400
;WIDTH:0.45
G1 F1200
G1 X106.393 Y110.752 E2.028
G1 X106.875 Y110.968 E2.0534
G1 X107.378 Y111.047 E2.07789
G1 X107.786 Y111.053 E2.09752
G1 X106.488 Y112.351 E2.18581
G1 X105.994 Y110.565 E2.27494
G1 X106.798 Y111.409 F7800
;WIDTH:0.645001
G1 F1200
G1 X106.747 Y111.358 E2.28016
G1 X106.677 Y111.377 E2.28541
G1 X106.658 Y111.447 E2.29066
G1 X106.709 Y111.498 E2.29588
G1 X106.779 Y111.479 E2.30113
G1 E.30113 F2400
G92 E0
G1 X106.433 Y113.496 F7800
G1 E2 F2400
;WIDTH:0.45
G1 F1200
G1 X109.263 Y110.667 E2.19246
G1 X109.808 Y110.667 E2.21867
G1 X106.566 Y113.909 E2.43919
G1 X106.701 Y114.319 E2.45995
G1 X110.354 Y110.667 E2.70839
G1 X110.899 Y110.666 E2.7346
G1 X106.836 Y114.73 E3.01099
G1 X106.981 Y115.447 E3.04617
;WIDTH:0.404381
G1 X106.94 Y115.458 E3.04797
G1 X106.921 Y115.387 E3.05109
G1 X106.992 Y115.406 E3.05421
;WIDTH:0.45
G1 X106.981 Y115.13 E3.0675
G1 X111.445 Y110.666 E3.37114
G1 X111.99 Y110.666 E3.39735
G1 X107.294 Y115.362 E3.71677
G1 X107.794 Y115.408 E3.74092
G1 X112.536 Y110.666 E4.06346
G1 X113.096 Y110.652 E4.0904
G1 X108.307 Y115.44 E4.41611
G1 E2.41611 F2400
G92 E0
G1 X114.488 Y109.955 F7800
G1 E2 F2400
;WIDTH:0.507153
G1 F1200
G1 X114.434 Y109.969 E2.00308
G1 X114.395 Y109.93 E2.00613
G1 X114.409 Y109.877 E2.00916
G1 X114.463 Y109.862 E2.01226
G1 X114.502 Y109.901 E2.01531
;WIDTH:0.45
G1 X114.104 Y110.189 E2.03894
G1 X108.83 Y115.463 E2.39767
G1 X109.364 Y115.474 E2.42336
G1 X114.452 Y110.385 E2.76947
G1 X114.254 Y111.129 E2.8065
G1 X109.901 Y115.482 E3.10259
G1 X110.454 Y115.475 E3.12919
G1 X114.05 Y111.878 E3.37382
G1 X114.239 Y111.639 E3.38848
;WIDTH:0.404381
G1 X114.198 Y111.65 E3.39028
G1 X114.179 Y111.578 E3.39344
G1 X114.25 Y111.598 E3.39657
G1 X114.022 Y112.368 F7800
G1 F1200
G1 X113.951 Y112.349 E3.39969
G1 X113.97 Y112.42 E3.40281
G1 X114.011 Y112.409 E3.40461
;WIDTH:0.45
G1 X113.822 Y112.652 E3.41942
G1 X111.007 Y115.467 E3.61089
G1 X111.574 Y115.446 E3.63818
G1 X113.585 Y113.434 E3.775
G1 X113.776 Y113.192 E3.78983
;WIDTH:0.404381
G1 X113.735 Y113.203 E3.79163
G1 X113.716 Y113.132 E3.79475
G1 X113.787 Y113.151 E3.79787
G1 X113.288 Y114.302 F7800
;WIDTH:0.485364
G1 F1200
G1 X112.933 Y115.299 E3.85344
G1 X112.196 Y115.394 E3.89246
G1 X113.151 Y114.438 E3.96341
G1 E1.96341 F2400
G92 E0
G1 X115.302 Y105.753 F7800
G1 E2 F2400
;WIDTH:0.569449
G1 F1200
G1 X115.168 Y106.739 E2.06268
;WIDTH:0.532586
G1 X115.113 Y107.218 E2.09084
;WIDTH:0.495723
G1 X114.925 Y108.219 E2.14563
G1 X114.767 Y108.571 E2.16639
G1 X114.685 Y108.192 E2.18725
G1 X114.685 Y107.178 E2.2418
;WIDTH:0.532586
G1 X114.703 Y106.593 E2.27598
;WIDTH:0.569449
G1 X114.722 Y106.007 E2.31291
G1 X114.865 Y105.987 E2.32201
G1 X115.132 Y105.844 E2.34109
;LAYER_CHANGE
;Z:4.93333
;HEIGHT:0.0833335
G1 E.34109 F2400
G92 E0
G1 Z4.933 F7800
G1 X112.753 Y121.11
G1 E2 F2400
;TYPE:Support material
;WIDTH:0.35
;HEIGHT:0.294444
G1 F3600
G1 X107.247 Y121.11 E2.19332
G1 X107.247 Y118.389 E2.28886
G1 X112.753 Y118.389 E2.48218
G1 X112.753 Y121.067 E2.57621
G1 E.57621 F2400
G92 E0
G1 X112.489 Y108.543 F7800
G1 E2 F2400
G1 F3600
G1 X107.908 Y108.543 E2.16084
G1 X107.908 Y105.896 E2.25378
G1 X112.489 Y105.896 E2.41462
G1 X112.489 Y108.5 E2.50605
G1 X112.36 Y107.214 F7800
G1 F3600
G1 X108.037 Y107.214 E2.65783
G1 E.65783 F2400
G92 E0
G1 X107.182 Y103.914 F7800
G1 E2 F2400
G1 F3600
G1 X106.271 Y103.914 E2.03199
G1 X106.271 Y103.317 E2.05295
G1 X107.182 Y103.317 E2.08494
G1 X107.182 Y103.871 E2.10439
G1 E.10439 F2400
G92 E0
G1 X114.052 Y103.334 F7800
G1 E2 F2400
G1 F3600
G1 X114.052 Y103.914 E2.02036
G1 X112.818 Y103.914 E2.06369
G1 X112.818 Y103.317 E2.08465
G1 X114.026 Y103.317 E2.12706
;LAYER_CHANGE
;Z:5.15
;HEIGHT:0.216667
G1 E.12706 F2400
G92 E0
G1 Z5.15 F7800
G1 X107.462 Y104.882
G1 E2 F2400
;TYPE:Perimeter
;WIDTH:0.365269
;HEIGHT:0.3
G1 F900
G1 X107.555 Y104.878 E2.00349
;WIDTH:0.357207
G1 X112.842 Y104.878 E2.19659
G1 X113.319 Y105.067 F7800
;WIDTH:0.45
G1 F900
G1 X113.326 Y105.075 E2.1971
G1 X113.499 Y105.487 E2.21859
G1 X113.499 Y108.951 E2.3852
G1 X113.452 Y109.181 E2.39649
G1 X113.247 Y109.442 E2.41245
G1 X112.953 Y109.607 E2.42867
G1 X111.344 Y109.607 E2.50606
G1 X107.555 Y109.607 E2.6883
G1 X107.253 Y109.522 E2.70339
G1 X106.977 Y109.243 E2.72227
G1 X106.898 Y108.951 E2.73682
G1 X106.898 Y105.487 E2.90343
G1 X107.071 Y105.075 E2.92492
G1 X107.153 Y105.001 E2.93023
;WIDTH:0.439948
G1 X107.308 Y104.941 E2.93802
;WIDTH:0.402608
G1 X107.462 Y104.882 E2.94498
;WIDTH:0.407634
G1 X107.236 Y104.903 E2.9547
;WIDTH:0.45
G1 X107.009 Y104.924 E2.96566
G1 X105.911 Y104.924 E3.01847
G1 X105.759 Y104.904 E3.02584
G1 X105.431 Y104.684 E3.04484
G1 X105.261 Y104.397 E3.06088
G1 X105.261 Y102.957 E3.13014
G1 X105.286 Y102.787 E3.1384
G1 X105.503 Y102.475 E3.15668
;WIDTH:0.485425
G1 X105.644 Y102.38 E3.16561
;WIDTH:0.52085
G1 X105.784 Y102.284 E3.17527
;WIDTH:0.53207
G1 X106.898 Y102.265 E3.24026
;WIDTH:0.549211
G1 X113.352 Y102.267 E3.63054
;WIDTH:0.528798
G1 X114.412 Y102.277 E3.69194
;WIDTH:0.51515
G1 X114.557 Y102.291 E3.70013
G1 X114.725 Y102.419 E3.712
;WIDTH:0.482575
G1 X114.892 Y102.547 E3.72297
;WIDTH:0.45
G1 X114.975 Y102.651 E3.72937
G1 X115.063 Y102.957 E3.74468
G1 X115.063 Y104.274 E3.80802
G1 X115.038 Y104.441 E3.81614
G1 X114.82 Y104.756 E3.83456
G1 X114.546 Y104.908 E3.84963
G1 X113.388 Y104.924 E3.90533
G1 X113.115 Y104.901 E3.91851
;WIDTH:0.403603
G1 X112.842 Y104.878 E3.9301
G1 X113.045 Y104.937 E3.93904
;WIDTH:0.45
G1 X113.247 Y104.997 E3.94918
G1 X113.276 Y105.025 E3.95112
G1 X113.042 Y105.341 F7800
;TYPE:External perimeter
G1 F900
G1 X113.056 Y105.35 E3.95192
G1 X113.114 Y105.487 E3.95908
G1 X113.114 Y108.951 E4.12569
G1 X113.056 Y109.089 E4.13289
G1 X112.882 Y109.221 E4.14339
G1 X111.344 Y109.221 E4.21736
G1 X107.555 Y109.221 E4.3996
G1 X107.42 Y109.166 E4.40661
G1 X107.283 Y108.987 E4.41745
G1 X107.283 Y105.487 E4.58579
G1 X107.341 Y105.35 E4.59295
G1 X107.526 Y105.217 E4.60391
G1 X112.842 Y105.217 E4.85959
G1 X112.991 Y105.309 E4.86801
G1 X113.105 Y105.692 F7800
G1 E2.86801 F2400
G92 E0
G1 X105.717 Y102.81 F7800
G1 E2 F2400
G1 F900
G1 X105.871 Y102.696 E2.00922
G1 X114.412 Y102.692 E2.42001
G1 X114.548 Y102.748 E2.42708
G1 X114.674 Y102.924 E2.43749
G1 X114.677 Y104.274 E2.50242
G1 X114.62 Y104.41 E2.50951
G1 X114.457 Y104.533 E2.51933
G1 X105.911 Y104.539 E2.93036
G1 X105.775 Y104.482 E2.93745
G1 X105.646 Y104.318 E2.94749
G1 X105.646 Y102.957 E3.01295
G1 X105.686 Y102.86 E3.018
G1 X106.056 Y102.706 F7800
G1 E1.018 F2400
G92 E0
G1 X115.846 Y102.723 F7800
G1 E2 F2400
;TYPE:Perimeter
;WIDTH:0.513845
G1 F900
G1 X115.832 Y103.06 E2.01891
;WIDTH:0.471989
G1 X115.817 Y103.397 E2.03606
;WIDTH:0.430133
G1 X115.803 Y103.734 E2.05145
G1 E.05145 F2400
G92 E0
G1 X104.377 Y102.658 F7800
G1 E2 F2400
;WIDTH:0.436039
G1 F3600
G1 X104.541 Y102.639 E2.00765
G1 X104.5 Y102.957 E2.02251
;WIDTH:0.428503
G1 X104.518 Y103.615 E2.0524
;WIDTH:0.392072
G1 X104.537 Y104.274 E2.07935
;WIDTH:0.395769
G1 X104.615 Y104.774 E2.10027
;WIDTH:0.422884
G1 X104.787 Y105.038 E2.11436
;WIDTH:0.45
G1 X104.959 Y105.302 E2.12951
G1 X105.555 Y105.648 E2.16266
G1 X106.126 Y105.695 E2.19022
G1 X106.126 Y108.82 E2.34052
G1 X106.158 Y109.241 E2.36083
G1 X106.228 Y109.464 E2.37207
G1 X106.531 Y109.915 E2.3982
G1 X106.85 Y110.18 E2.41815
G1 X107.184 Y110.326 E2.43568
G1 X107.555 Y110.378 E2.4537
G1 X112.842 Y110.378 E2.70799
G1 X113.176 Y110.336 E2.72418
G1 X113.533 Y110.188 E2.74277
G1 X113.866 Y109.915 E2.76348
;WIDTH:0.488492
G1 X113.962 Y109.803 E2.77128
;WIDTH:0.526984
G1 X114.059 Y109.691 E2.77983
;WIDTH:0.565476
G1 X114.155 Y109.579 E2.78905
;WIDTH:0.603968
G1 X114.251 Y109.467 E2.79898
;WIDTH:0.607566
G1 X114.349 Y108.951 E2.83456
G1 X114.33 Y108.628 E2.85648
;WIDTH:0.568174
G1 X114.31 Y108.305 E2.87681
;WIDTH:0.528783
G1 X114.29 Y107.981 E2.89561
;WIDTH:0.489391
G1 X114.271 Y107.658 E2.91276
;WIDTH:0.45
G1 X114.271 Y105.695 E3.00717
G1 X114.724 Y105.659 E3.02903
G1 X115.365 Y105.302 E3.06432
G1 X115.635 Y104.9 E3.08761
G1 X115.415 Y106.536 E3.167
G1 X115.218 Y107.748 E3.22606
;WIDTH:0.489391
G1 X115.135 Y108.062 E3.24328
;WIDTH:0.528783
G1 X115.053 Y108.376 E3.26208
;WIDTH:0.568174
G1 X114.97 Y108.69 E3.28249
;WIDTH:0.607566
G1 X114.887 Y109.004 E3.30449
;WIDTH:0.609453
G1 X114.728 Y109.86 E3.36368
;WIDTH:0.569589
G1 X114.708 Y110.029 E3.3744
;WIDTH:0.529726
G1 X114.688 Y110.199 E3.38433
;WIDTH:0.489863
G1 X114.668 Y110.368 E3.39336
;WIDTH:0.45
G1 X114.201 Y112.185 E3.48359
G1 X113.768 Y113.682 E3.55854
G1 X113.337 Y115.049 E3.62748
G1 X113.07 Y115.751 E3.6636
G1 X112.886 Y115.799 E3.67275
G1 X112.285 Y115.871 E3.70186
G1 X111.231 Y115.93 E3.75263
G1 X109.819 Y115.949 E3.82055
G1 X108.605 Y115.924 E3.87895
G1 X107.598 Y115.861 E3.92748
G1 X106.992 Y115.771 E3.95695
G1 X106.899 Y115.686 E3.96301
G1 X106.718 Y115.213 E3.98737
G1 X106.258 Y113.766 E4.0604
G1 X105.867 Y112.431 E4.12731
G1 X105.525 Y111.159 E4.19066
G1 X105.253 Y110.053 E4.24544
G1 X105.007 Y108.934 E4.30055
G1 X104.796 Y107.83 E4.35461
G1 X104.383 Y105.15 E4.48503
;WIDTH:0.422884
G1 X104.328 Y104.847 E4.4988
;WIDTH:0.395769
G1 X104.246 Y104.29 E4.52207
;WIDTH:0.392072
G1 X104.18 Y103.489 E4.55492
;WIDTH:0.428503
G1 X104.113 Y102.688 E4.59142
;WIDTH:0.436039
G1 X104.318 Y102.665 E4.60098
G1 X103.87 Y102.343 F7800
;WIDTH:0.45
G1 F3600
G1 X103.95 Y102.326 E4.60491
G1 X104.578 Y102.254 E4.63531
G1 X105.221 Y102.211 E4.66631
G1 X104.918 Y102.673 E4.69288
G1 X104.875 Y102.957 E4.7067
G1 X104.875 Y104.274 E4.77004
G1 X104.914 Y104.544 E4.78316
G1 X105.159 Y104.957 E4.80626
G1 X105.657 Y105.276 E4.8347
G1 X105.911 Y105.31 E4.84703
G1 X106.586 Y105.31 E4.8795
G1 X106.512 Y105.487 E4.88873
G1 X106.512 Y108.951 E5.05534
G1 X106.584 Y109.318 E5.07333
G1 X106.801 Y109.639 E5.09197
G1 X107.051 Y109.851 E5.10774
G1 X107.29 Y109.955 E5.12028
G1 X107.555 Y109.993 E5.13316
G1 X112.842 Y109.993 E5.38745
G1 X113.08 Y109.963 E5.39899
G1 X113.336 Y109.857 E5.41232
G1 X113.517 Y109.717 E5.42333
G1 X113.806 Y109.334 E5.44641
G1 X113.885 Y108.951 E5.46522
G1 X113.885 Y105.487 E5.63183
G1 X113.811 Y105.31 E5.64106
G1 X114.635 Y105.284 E5.68071
G1 X115.094 Y105.028 E5.70599
;WIDTH:0.495464
G1 X115.22 Y104.876 E5.71661
;WIDTH:0.540928
G1 X115.346 Y104.725 E5.7283
;WIDTH:0.586393
G1 X115.472 Y104.573 E5.74115
G1 X115.514 Y104.274 E5.76081
;WIDTH:0.581329
G1 X115.492 Y104.094 E5.7725
;WIDTH:0.537552
G1 X115.47 Y103.914 E5.7832
;WIDTH:0.493776
G1 X115.448 Y103.734 E5.79291
;WIDTH:0.45
G1 X115.434 Y102.794 E5.83813
G1 X115.303 Y102.448 E5.85592
G1 X115.125 Y102.234 E5.86931
G1 X115.425 Y102.254 E5.88377
G1 X116.302 Y102.376 E5.92636
G1 X116.156 Y103.771 E5.99382
;WIDTH:0.496598
G1 X116.118 Y103.902 E6.00117
;WIDTH:0.543196
G1 X116.08 Y104.034 E6.00937
;WIDTH:0.589795
G1 X116.042 Y104.165 E6.01831
G1 X115.981 Y104.68 E6.0523
;WIDTH:0.586393
G1 X115.973 Y104.938 E6.06911
;WIDTH:0.540928
G1 X115.965 Y105.196 E6.08445
;WIDTH:0.495464
G1 X115.956 Y105.454 E6.09833
;WIDTH:0.45
G1 X115.797 Y106.588 E6.1534
G1 X115.598 Y107.811 E6.213
G1 X115.213 Y109.745 E6.30784
G1 X114.907 Y111.026 E6.37119
G1 X114.58 Y112.264 E6.43278
G1 X114.155 Y113.731 E6.50624
G1 X113.701 Y115.174 E6.579
G1 X113.419 Y115.914 E6.61709
G1 X113.261 Y116.098 E6.62875
G1 X112.957 Y116.179 E6.64388
G1 X112.318 Y116.256 E6.67484
G1 X111.245 Y116.315 E6.72653
G1 X109.817 Y116.335 E6.79522
G1 X108.589 Y116.309 E6.8543
G1 X107.558 Y116.244 E6.90399
G1 X106.975 Y116.159 E6.93233
G1 X106.709 Y116.082 E6.94565
G1 X106.542 Y115.838 E6.95987
G1 X106.353 Y115.34 E6.98549
G1 X105.889 Y113.879 E7.05922
G1 X105.496 Y112.536 E7.12652
G1 X105.151 Y111.256 E7.19028
G1 X104.877 Y110.14 E7.24555
G1 X104.629 Y109.011 E7.30115
G1 X104.417 Y107.897 E7.35569
G1 X104.207 Y106.613 E7.41827
G1 X103.973 Y104.893 E7.50176
G1 X103.699 Y102.378 E7.62344
G1 X103.811 Y102.355 E7.62894
G1 X103.365 Y102.079 F7800
G1 F3600
G1 X103.888 Y101.945 E7.65491
G1 X104.543 Y101.87 E7.68662
G1 X105.21 Y101.826 E7.71877
;WIDTH:0.482387
G1 X105.556 Y101.825 E7.73681
;WIDTH:0.514774
G1 X105.903 Y101.824 E7.7563
;WIDTH:0.53207
G1 X106.896 Y101.798 E7.81424
;WIDTH:0.549211
G1 X110.258 Y101.772 E8.01755
G1 X113.355 Y101.803 E8.20484
;WIDTH:0.528798
G1 X114.42 Y101.832 E8.26655
;WIDTH:0.51515
G1 X115.047 Y101.859 E8.30183
;WIDTH:0.482575
G1 X115.469 Y101.871 E8.32385
;WIDTH:0.45
G1 X116.141 Y101.951 E8.3564
G1 X116.692 Y102.09 E8.38373
G1 X116.695 Y102.33 E8.39527
G1 X116.514 Y104.055 E8.47869
G1 X116.178 Y106.646 E8.60435
G1 X115.978 Y107.88 E8.66448
G1 X115.59 Y109.827 E8.75997
G1 X115.281 Y111.121 E8.82396
G1 X114.951 Y112.367 E8.88595
G1 X114.515 Y113.875 E8.96145
G1 X113.922 Y115.717 E9.05452
G1 X113.715 Y116.177 E9.07878
G1 X113.468 Y116.428 E9.09572
G1 X113.029 Y116.558 E9.11774
G1 X112.352 Y116.64 E9.15054
G1 X111.258 Y116.701 E9.20324
G1 X109.816 Y116.721 E9.2726
G1 X108.572 Y116.694 E9.33245
G1 X107.518 Y116.628 E9.38324
G1 X106.809 Y116.524 E9.41771
G1 X106.427 Y116.358 E9.43774
G1 X106.191 Y116.001 E9.45832
G1 X105.989 Y115.467 E9.48578
G1 X105.52 Y113.991 E9.56027
G1 X105.125 Y112.64 E9.62797
G1 X104.778 Y111.352 E9.69213
G1 X104.501 Y110.228 E9.74781
G1 X104.251 Y109.089 E9.8039
G1 X104.037 Y107.964 E9.85898
G1 X103.826 Y106.67 E9.92204
G1 X103.59 Y104.94 E10.00602
G1 X103.335 Y102.648 E10.11694
G1 X103.309 Y102.096 E10.14352
G1 X102.935 Y101.923 F7800
;TYPE:External perimeter
G1 F1800
G1 X102.936 Y101.896 E10.14482
G1 X103.007 Y101.825 E10.14965
G1 X103.307 Y101.672 E10.16585
G1 X103.827 Y101.564 E10.19139
G1 X104.508 Y101.486 E10.22436
G1 X105.513 Y101.419 E10.2728
G1 X106.883 Y101.371 E10.33873
G1 X110.258 Y101.337 E10.50106
G1 X113.368 Y101.378 E10.65065
G1 X114.486 Y101.419 E10.70446
G1 X115.47 Y101.484 E10.75189
G1 X115.981 Y101.542 E10.77663
G1 X116.521 Y101.633 E10.80297
G1 X116.868 Y101.744 E10.82049
G1 X117.055 Y101.873 E10.83142
G1 X117.081 Y102.348 E10.8543
G1 X116.897 Y104.098 E10.93893
G1 X116.559 Y106.703 E11.06527
G1 X116.357 Y107.949 E11.12598
G1 X115.967 Y109.91 E11.22214
G1 X115.655 Y111.215 E11.28667
G1 X115.323 Y112.47 E11.34911
G1 X114.896 Y113.945 E11.42297
G1 X114.43 Y115.425 E11.4976
G1 X114.197 Y116.062 E11.53022
G1 X113.948 Y116.525 E11.5555
G1 X113.677 Y116.757 E11.57266
G1 X113.1 Y116.938 E11.60175
G1 X112.386 Y117.024 E11.63634
G1 X111.271 Y117.086 E11.69005
G1 X109.814 Y117.107 E11.76013
G1 X108.556 Y117.08 E11.82065
G1 X107.478 Y117.012 E11.8726
G1 X106.863 Y116.922 E11.90249
G1 X106.368 Y116.78 E11.92726
G1 X106.096 Y116.568 E11.94385
G1 X105.841 Y116.164 E11.96683
G1 X105.625 Y115.594 E11.99615
G1 X105.151 Y114.104 E12.07135
G1 X104.754 Y112.744 E12.13949
G1 X104.404 Y111.448 E12.20406
G1 X104.126 Y110.315 E12.26017
G1 X103.873 Y109.166 E12.31676
G1 X103.657 Y108.032 E12.37228
G1 X103.444 Y106.728 E12.43583
G1 X103.207 Y104.988 E12.52029
G1 X102.986 Y103 E12.61649
G1 X102.916 Y102.277 E12.65143
G1 X102.932 Y101.983 E12.66559
G1 X103.231 Y101.718 F7800
G1 E10.66559 F2400
G92 E0
G1 X114.558 Y107.641 F7800
G1 E2 F2400
;TYPE:Solid infill
;WIDTH:0.484217
G1 F1200
G1 X114.58 Y107.099 E2.0284
;WIDTH:0.521365
G1 X114.601 Y106.557 E2.05932
;WIDTH:0.558513
G1 X114.623 Y106.015 E2.09275
G1 X114.768 Y105.998 E2.10175
G1 X115.172 Y105.794 E2.12964
G1 X115.049 Y106.743 E2.18862
;WIDTH:0.521365
G1 X114.993 Y107.215 E2.21571
;WIDTH:0.484217
G1 X114.937 Y107.687 E2.2406
;WIDTH:0.44707
G1 X114.688 Y108.445 E2.27868
G1 X114.653 Y108.425 E2.2806
G1 X114.581 Y107.832 E2.30911
G1 E.30911 F2400
G92 E0
G1 X106.995 Y115.128 F7800
G1 E2 F2400
;WIDTH:0.45
G1 F1200
G1 X107.406 Y115.54 E2.02799
G1 X107.045 Y115.553 E2.04536
;WIDTH:0.404381
G1 X107.026 Y115.624 E2.04848
G1 X107.097 Y115.605 E2.0516
G1 X107.086 Y115.564 E2.0534
G1 X108.008 Y115.597 F7800
;WIDTH:0.45
G1 F1200
G1 X106.74 Y114.328 E2.13968
G1 X106.603 Y114.028 E2.15554
;WIDTH:0.404381
G1 X106.614 Y114.069 E2.15734
G1 X106.543 Y114.088 E2.16046
G1 X106.562 Y114.017 E2.16358
G1 X106.318 Y113.223 F7800
G1 F1200
G1 X106.299 Y113.294 E2.1667
G1 X106.37 Y113.275 E2.16982
G1 X106.359 Y113.234 E2.17162
;WIDTH:0.45
G1 X106.491 Y113.534 E2.18738
G1 X108.59 Y115.633 E2.33015
G1 X109.149 Y115.646 E2.35704
G1 X106.266 Y112.763 E2.55314
G1 X106.052 Y112.004 F7800
G1 F1200
G1 X109.706 Y115.658 E2.80168
G1 X110.247 Y115.654 E2.8277
G1 X105.851 Y111.258 E3.12671
G1 X105.668 Y110.529 E3.16286
G1 X110.785 Y115.647 E3.51095
G1 X111.319 Y115.635 E3.53664
G1 X105.79 Y110.106 E3.91272
G1 E1.91272 F2400
G92 E0
G1 X105.122 Y107.97 F7800
G1 E2 F2400
;WIDTH:0.497771
G1 F1200
G1 X105.313 Y108.867 E2.04957
;WIDTH:0.498647
G1 X105.42 Y109.356 E2.07668
;WIDTH:0.508629
G1 X105.533 Y109.844 E2.10444
G1 X105.693 Y109.751 E2.11469
G1 X106.05 Y109.815 E2.13479
G1 X105.861 Y109.342 E2.16301
;WIDTH:0.500003
G1 X105.809 Y108.995 E2.18207
;WIDTH:0.497771
G1 X105.837 Y107.713 E2.25138
;WIDTH:0.45
G1 X105.837 Y105.973 E2.33507
G1 X105.439 Y105.907 E2.35447
G1 X104.736 Y105.5 E2.39354
G1 X104.874 Y106.513 E2.44271
G1 X105.082 Y107.782 E2.50456
G1 X105.456 Y107.713 E2.52285
;WIDTH:0.481638
G1 X105.436 Y107.459 E2.53611
;WIDTH:0.52292
G1 X105.415 Y107.205 E2.55069
;WIDTH:0.564201
G1 X105.394 Y106.95 E2.56664
;WIDTH:0.605483
G1 X105.374 Y106.696 E2.58384
;WIDTH:0.646765
G1 X105.353 Y106.442 E2.60235
;WIDTH:0.65315
G1 X105.35 Y106.395 E2.60581
G1 E.60581 F2400
G92 E0
G1 X106.457 Y110.227 F7800
G1 E2 F2400
;WIDTH:0.45
G1 F1200
G1 X111.836 Y115.607 E2.36591
G1 X112.346 Y115.571 E2.3905
G1 X107.425 Y110.65 E2.72522
G1 X107.182 Y110.484 E2.73937
;WIDTH:0.404381
G1 X107.193 Y110.525 E2.74117
G1 X107.122 Y110.544 E2.74429
G1 X107.141 Y110.473 E2.74741
G1 X107.987 Y110.668 F7800
;WIDTH:0.45
G1 F1200
G1 X112.825 Y115.505 E3.07645
G1 X112.997 Y115.131 E3.09625
G1 X108.533 Y110.668 E3.39985
G1 X109.078 Y110.667 E3.42606
G1 X113.136 Y114.726 E3.70211
G1 X113.267 Y114.311 E3.72304
G1 X109.623 Y110.667 E3.9709
G1 X110.169 Y110.667 E3.99716
G1 X113.397 Y113.896 E4.21676
G1 X113.526 Y113.479 E4.23775
G1 X110.714 Y110.667 E4.42902
G1 X111.26 Y110.667 E4.45528
G1 X113.648 Y113.056 E4.61774
G1 E2.61774 F2400
G92 E0
G1 X111.941 Y110.804 F7800
G1 E2 F2400
G1 F1200
G1 X113.77 Y112.633 E2.12441
G1 X114.253 Y110.862 E2.2127
G1 X114.384 Y110.312 E2.23989
G1 X114.386 Y109.835 E2.26283
G1 X113.709 Y110.416 E2.30574
G1 X113.246 Y110.616 E2.33
G1 X112.841 Y110.667 E2.34963
G1 X111.805 Y110.667 E2.39946
G1 X112.878 Y111.11 F7800
;WIDTH:0.56934
G1 F1200
G1 X113.279 Y111.062 E2.4249
G1 X113.788 Y110.875 E2.45905
G1 X113.549 Y111.781 E2.51806
G1 X113.014 Y111.247 E2.56567
;LAYER_CHANGE
;Z:5.22778
;HEIGHT:0.0777779
G1 E.56567 F2400
G92 E0
G1 Z5.228 F7800
G1 X112.753 Y121.11
G1 E2 F2400
;TYPE:Support material
;WIDTH:0.35
;HEIGHT:0.294444
G1 F3600
G1 X107.247 Y121.11 E2.19332
G1 X107.247 Y118.389 E2.28886
G1 X112.753 Y118.389 E2.48218
G1 X112.753 Y121.067 E2.57621
G1 E.57621 F2400
G92 E0
G1 X112.387 Y108.596 F7800
G1 E2 F2400
G1 F3600
G1 X108.01 Y108.596 E2.15368
G1 X108.01 Y105.842 E2.25037
G1 X112.387 Y105.842 E2.40405
G1 X112.387 Y108.553 E2.49923
G1 X112.258 Y107.214 F7800
G1 F3600
G1 X108.139 Y107.214 E2.64385
G1 E.64385 F2400
G92 E0
G1 X107.182 Y103.914 F7800
G1 E2 F2400
G1 F3600
G1 X106.3 Y103.914 E2.03097
G1 X106.3 Y103.317 E2.05193
G1 X107.182 Y103.317 E2.0829
G1 X107.182 Y103.871 E2.10235
G1 E.10235 F2400
G92 E0
G1 X114.023 Y103.357 F7800
G1 E2 F2400
G1 F3600
G1 X114.023 Y103.914 E2.01956
G1 X112.818 Y103.914 E2.06187
G1 X112.818 Y103.317 E2.08283
G1 X114.019 Y103.317 E2.125
;LAYER_CHANGE
;Z:5.45
;HEIGHT:0.222222
G1 E.125 F2400
G92 E0
G1 Z5.45 F7800
G1 X107.565 Y104.882
G1 E2 F2400
;TYPE:Perimeter
;WIDTH:0.365269
;HEIGHT:0.3
G1 F900
G1 X107.657 Y104.878 E2.00346
;WIDTH:0.357207
G1 X112.74 Y104.878 E2.18911
G1 X113.217 Y105.068 F7800
;WIDTH:0.45
G1 F900
G1 X113.224 Y105.075 E2.18959
G1 X113.397 Y105.487 E2.21108
G1 X113.397 Y108.951 E2.37769
G1 X113.341 Y109.2 E2.38997
G1 X113.145 Y109.441 E2.40491
G1 X113.009 Y109.541 E2.41303
G1 X112.637 Y109.607 E2.4312
G1 X107.657 Y109.607 E2.67072
G1 X107.428 Y109.56 E2.68196
G1 X107.173 Y109.364 E2.69743
G1 X107.042 Y109.167 E2.70881
G1 X107 Y108.951 E2.71939
G1 X107 Y105.487 E2.886
G1 X107.173 Y105.075 E2.90749
G1 X107.256 Y105.001 E2.91284
;WIDTH:0.439955
G1 X107.41 Y104.941 E2.92058
;WIDTH:0.402612
G1 X107.565 Y104.882 E2.92758
;WIDTH:0.407634
G1 X107.338 Y104.903 E2.93734
;WIDTH:0.45
G1 X107.112 Y104.924 E2.94826
G1 X105.94 Y104.924 E3.00463
G1 X105.811 Y104.909 E3.01088
G1 X105.46 Y104.684 E3.03093
G1 X105.312 Y104.432 E3.04499
G1 X105.29 Y102.93 E3.11724
G1 X105.334 Y102.735 E3.12685
G1 X105.532 Y102.475 E3.14257
;WIDTH:0.488086
G1 X105.678 Y102.372 E3.15201
;WIDTH:0.526173
G1 X105.824 Y102.269 E3.1623
;WIDTH:0.545661
G1 X106.975 Y102.259 E3.23139
;WIDTH:0.563646
G1 X113.269 Y102.26 E3.62332
;WIDTH:0.542226
G1 X114.343 Y102.271 E3.68733
;WIDTH:0.524724
G1 X114.532 Y102.287 E3.69822
G1 X114.721 Y102.444 E3.71233
;WIDTH:0.487362
G1 X114.91 Y102.6 E3.72526
;WIDTH:0.45
G1 X115.033 Y102.856 E3.73892
G1 X115.033 Y104.012 E3.79452
G1 X115.01 Y104.436 E3.81494
G1 X114.791 Y104.756 E3.83359
G1 X114.491 Y104.914 E3.8499
G1 X113.175 Y104.924 E3.9132
G1 X112.957 Y104.901 E3.92374
;WIDTH:0.403603
G1 X112.74 Y104.878 E3.93297
G1 X112.942 Y104.937 E3.94187
;WIDTH:0.45
G1 X113.145 Y104.997 E3.95205
G1 X113.174 Y105.026 E3.95402
G1 X112.939 Y105.341 F7800
;TYPE:External perimeter
G1 F900
G1 X112.954 Y105.35 E3.95486
G1 X113.012 Y105.487 E3.96202
G1 X113.012 Y108.951 E4.12863
G1 X112.954 Y109.089 E4.13583
G1 X112.805 Y109.221 E4.1454
G1 X107.657 Y109.221 E4.393
G1 X107.522 Y109.166 E4.40001
G1 X107.385 Y108.986 E4.41089
G1 X107.385 Y105.487 E4.57918
G1 X107.443 Y105.35 E4.58634
G1 X107.628 Y105.217 E4.5973
G1 X112.74 Y105.217 E4.84317
G1 X112.888 Y105.309 E4.85155
G1 X113.003 Y105.692 F7800
G1 E2.85155 F2400
G92 E0
G1 X105.747 Y102.809 F7800
G1 E2 F2400
G1 F900
G1 X105.906 Y102.692 E2.00949
G1 X114.383 Y102.692 E2.4172
G1 X114.519 Y102.748 E2.42427
G1 X114.648 Y102.919 E2.43457
G1 X114.64 Y104.328 E2.50234
G1 X114.509 Y104.492 E2.51244
G1 X114.383 Y104.539 E2.51891
G1 X105.94 Y104.539 E2.92499
G1 X105.804 Y104.482 E2.93208
G1 X105.683 Y104.327 E2.94154
G1 X105.676 Y102.948 E3.00787
G1 X105.715 Y102.858 E3.01259
G1 X106.084 Y102.702 F7800
G1 E1.01259 F2400
G92 E0
G1 X104.527 Y104.655 F7800
G1 E2 F2400
;TYPE:Perimeter
;WIDTH:0.538993
G1 F3600
G1 X104.624 Y104.82 E2.01133
;WIDTH:0.494496
G1 X104.721 Y104.985 E2.0216
;WIDTH:0.45
G1 X104.988 Y105.302 E2.04153
G1 X105.638 Y105.661 E2.07724
G1 X106.228 Y105.695 E2.10566
G1 X106.228 Y108.986 E2.26395
G1 X106.326 Y109.455 E2.28699
G1 X106.464 Y109.713 E2.30106
G1 X106.633 Y109.915 E2.31373
G1 X107.123 Y110.268 E2.34278
G1 X107.657 Y110.378 E2.369
G1 X112.74 Y110.378 E2.61347
G1 X113.367 Y110.224 E2.64452
G1 X113.764 Y109.914 E2.66875
;WIDTH:0.489012
G1 X113.862 Y109.8 E2.67671
;WIDTH:0.528024
G1 X113.959 Y109.685 E2.68541
;WIDTH:0.567035
G1 X114.057 Y109.57 E2.69488
;WIDTH:0.606048
G1 X114.154 Y109.456 E2.70499
;WIDTH:0.608205
G1 X114.248 Y108.951 E2.73983
G1 X114.228 Y108.649 E2.76036
;WIDTH:0.568654
G1 X114.208 Y108.347 E2.7794
;WIDTH:0.529103
G1 X114.188 Y108.045 E2.79694
;WIDTH:0.489551
G1 X114.168 Y107.743 E2.81299
;WIDTH:0.45
G1 X114.168 Y105.695 E2.91149
G1 X114.636 Y105.671 E2.93403
G1 X115.266 Y105.366 E2.96769
G1 X115.464 Y105.134 E2.98236
G1 X115.278 Y106.599 E3.05339
G1 X115.091 Y107.827 E3.11313
;WIDTH:0.489551
G1 X115.015 Y108.12 E3.12918
;WIDTH:0.529103
G1 X114.939 Y108.414 E3.14678
;WIDTH:0.568654
G1 X114.863 Y108.708 E3.16588
;WIDTH:0.608205
G1 X114.787 Y109.002 E3.18648
G1 X114.729 Y109.381 E3.21249
;WIDTH:0.578977
G1 X114.672 Y109.76 E3.23709
;WIDTH:0.549748
G1 X114.627 Y110.066 E3.25581
;WIDTH:0.499874
G1 X114.582 Y110.373 E3.27266
;WIDTH:0.45
G1 X114.108 Y112.295 E3.36787
G1 X113.686 Y113.805 E3.44328
G1 X113.243 Y115.249 E3.51593
G1 X112.993 Y115.927 E3.55069
G1 X112.833 Y115.969 E3.55865
G1 X112.243 Y116.041 E3.58724
G1 X111.374 Y116.093 E3.62911
G1 X110.178 Y116.118 E3.68665
G1 X108.789 Y116.099 E3.75346
G1 X107.76 Y116.041 E3.80303
G1 X107.101 Y115.955 E3.83499
G1 X106.996 Y115.88 E3.8412
G1 X106.8 Y115.385 E3.86681
G1 X106.398 Y114.089 E3.93207
G1 X106.019 Y112.765 E3.99831
G1 X105.683 Y111.493 E4.06159
G1 X105.371 Y110.19 E4.12603
G1 X105.142 Y109.11 E4.17913
G1 X104.945 Y108.04 E4.23146
G1 X104.753 Y106.819 E4.29091
G1 X104.524 Y105.056 E4.37642
;WIDTH:0.494496
G1 X104.526 Y104.855 E4.3872
;WIDTH:0.538993
G1 X104.527 Y104.715 E4.39549
G1 E2.39549 F2400
G92 E0
G1 X104.618 Y102.596 F7800
G1 E2 F2400
;WIDTH:0.377343
G1 F900
G1 X104.565 Y102.798 E2.00815
;WIDTH:0.427262
G1 X104.538 Y102.897 E2.01279
;WIDTH:0.477182
G1 X104.511 Y102.995 E2.01802
;WIDTH:0.527101
G1 X104.484 Y103.093 E2.02389
;WIDTH:0.577021
G1 X104.457 Y103.191 E2.03039
;WIDTH:0.626941
G1 X104.43 Y103.29 E2.03759
G1 X104.402 Y103.226 E2.04249
;WIDTH:0.584055
G1 X104.374 Y103.162 E2.04702
;WIDTH:0.541169
G1 X104.346 Y103.098 E2.05117
;WIDTH:0.498283
G1 X104.317 Y103.034 E2.05497
;WIDTH:0.455397
G1 X104.289 Y102.97 E2.05838
;WIDTH:0.412511
G1 X104.24 Y102.643 E2.07274
;WIDTH:0.377343
G1 X104.558 Y102.603 E2.08525
G1 E.08525 F2400
G92 E0
G1 X104.527 Y104.655 F7800
G1 E2 F2400
;WIDTH:0.582967
G1 F900
G1 X104.479 Y103.972 E2.04429
;WIDTH:0.626941
G1 X104.43 Y103.29 E2.09227
G1 X104.029 Y102.325 F7800
;WIDTH:0.45
G1 F3600
G1 X104.12 Y102.305 E2.09675
G1 X104.721 Y102.232 E2.12587
G1 X105.257 Y102.198 E2.1517
G1 X104.978 Y102.587 E2.17472
G1 X104.911 Y102.84 E2.18731
G1 X104.909 Y104.373 E2.26104
G1 X105.049 Y104.782 E2.28183
G1 X105.26 Y105.029 E2.29745
G1 X105.724 Y105.285 E2.32294
G1 X105.94 Y105.31 E2.3334
G1 X106.689 Y105.31 E2.36942
G1 X106.614 Y105.487 E2.37867
G1 X106.614 Y108.951 E2.54528
G1 X106.684 Y109.311 E2.56292
G1 X106.903 Y109.639 E2.58189
G1 X107.275 Y109.914 E2.60414
G1 X107.657 Y109.993 E2.6229
G1 X112.637 Y109.993 E2.86242
G1 X113.188 Y109.882 E2.88945
G1 X113.494 Y109.639 E2.90824
G1 X113.721 Y109.292 E2.92818
G1 X113.783 Y108.951 E2.94485
G1 X113.783 Y105.487 E3.11146
G1 X113.708 Y105.31 E3.12071
G1 X114.564 Y105.293 E3.16189
G1 X115.063 Y105.029 E3.18904
;WIDTH:0.488307
G1 X115.24 Y104.792 E3.20468
;WIDTH:0.526614
G1 X115.417 Y104.556 E3.22169
;WIDTH:0.53573
G1 X115.462 Y104.012 E3.25378
;WIDTH:0.561022
G1 X115.477 Y103.381 E3.29288
;WIDTH:0.586314
G1 X115.492 Y102.751 E3.3339
;WIDTH:0.618497
G1 X115.283 Y102.317 E3.36719
G1 X116.045 Y102.426 E3.42039
G1 X116.008 Y102.982 E3.4589
;WIDTH:0.586314
G1 X115.97 Y103.508 E3.49323
;WIDTH:0.561022
G1 X115.932 Y104.034 E3.5259
;WIDTH:0.53573
G1 X115.868 Y104.646 E3.56208
;WIDTH:0.526614
G1 X115.84 Y105.073 E3.58675
;WIDTH:0.488307
G1 X115.812 Y105.5 E3.60938
;WIDTH:0.45
G1 X115.661 Y106.648 E3.66507
G1 X115.471 Y107.886 E3.72531
G1 X115.1 Y109.844 E3.82116
G1 X114.801 Y111.142 E3.88522
G1 X114.481 Y112.394 E3.94737
G1 X114.056 Y113.913 E4.02323
G1 X113.609 Y115.371 E4.09658
G1 X113.341 Y116.094 E4.13367
G1 X113.189 Y116.275 E4.14504
G1 X112.905 Y116.349 E4.15916
G1 X112.278 Y116.425 E4.18954
G1 X111.39 Y116.478 E4.23233
G1 X110.18 Y116.504 E4.29054
G1 X108.776 Y116.484 E4.35807
G1 X107.724 Y116.425 E4.40875
G1 X107.109 Y116.345 E4.43858
G1 X106.799 Y116.253 E4.45413
G1 X106.611 Y115.989 E4.46972
G1 X106.434 Y115.508 E4.49437
G1 X106.028 Y114.199 E4.56029
G1 X105.647 Y112.867 E4.62692
G1 X105.309 Y111.587 E4.69059
G1 X104.995 Y110.275 E4.75547
G1 X104.764 Y109.185 E4.80906
G1 X104.565 Y108.105 E4.86188
G1 X104.371 Y106.874 E4.92182
G1 X104.141 Y105.099 E5.00791
G1 X103.866 Y102.361 E5.14026
G1 X103.97 Y102.338 E5.14538
G1 X103.53 Y102.068 F7800
G1 F3600
G1 X104.041 Y101.927 E5.17088
G1 X104.678 Y101.848 E5.20175
G1 X105.229 Y101.809 E5.22832
;WIDTH:0.488086
G1 X105.58 Y101.808 E5.24687
;WIDTH:0.526173
G1 X105.932 Y101.807 E5.26714
;WIDTH:0.545661
G1 X106.969 Y101.777 E5.32941
;WIDTH:0.563646
G1 X110.269 Y101.75 E5.53491
G1 X113.273 Y101.782 E5.72198
;WIDTH:0.542226
G1 X114.352 Y101.815 E5.78632
;WIDTH:0.524724
G1 X114.969 Y101.842 E5.82178
;WIDTH:0.487362
G1 X115.334 Y101.85 E5.84104
;WIDTH:0.45
G1 X115.989 Y101.933 E5.8728
G1 X116.523 Y102.078 E5.89941
G1 X116.526 Y102.333 E5.91168
G1 X116.358 Y104.08 E5.99609
G1 X116.043 Y106.702 E6.12311
G1 X115.852 Y107.952 E6.18393
G1 X115.477 Y109.923 E6.28043
G1 X115.176 Y111.233 E6.34508
G1 X114.853 Y112.494 E6.40769
G1 X114.426 Y114.021 E6.48395
G1 X113.843 Y115.887 E6.57798
G1 X113.642 Y116.349 E6.60221
G1 X113.401 Y116.601 E6.61898
G1 X112.977 Y116.728 E6.64027
G1 X112.313 Y116.809 E6.67244
G1 X111.464 Y116.86 E6.71335
G1 X110.117 Y116.889 E6.77815
G1 X108.745 Y116.869 E6.84415
G1 X107.469 Y116.781 E6.90567
G1 X106.765 Y116.659 E6.94003
G1 X106.466 Y116.491 E6.95653
G1 X106.262 Y116.158 E6.97531
G1 X106.069 Y115.632 E7.00226
G1 X105.659 Y114.309 E7.06888
G1 X105.275 Y112.97 E7.13588
G1 X104.935 Y111.681 E7.2
G1 X104.619 Y110.36 E7.26533
G1 X104.385 Y109.26 E7.31942
G1 X104.185 Y108.17 E7.37272
G1 X103.99 Y106.929 E7.43314
G1 X103.758 Y105.144 E7.51971
G1 X103.501 Y102.627 E7.6414
G1 X103.48 Y102.09 E7.66725
G1 X103.104 Y101.929 F7800
;TYPE:External perimeter
G1 F1800
G1 X103.105 Y101.892 E7.66903
G1 X103.176 Y101.819 E7.67393
G1 X103.47 Y101.659 E7.69003
G1 X103.976 Y101.546 E7.71497
G1 X104.64 Y101.464 E7.74715
G1 X105.916 Y101.383 E7.80864
G1 X106.958 Y101.344 E7.85879
G1 X110.27 Y101.308 E8.0181
G1 X113.288 Y101.351 E8.16327
G1 X114.391 Y101.395 E8.21636
G1 X115.382 Y101.467 E8.26415
G1 X116.341 Y101.614 E8.31081
G1 X116.699 Y101.733 E8.32895
G1 X116.886 Y101.869 E8.34007
G1 X116.912 Y102.349 E8.36319
G1 X116.742 Y104.12 E8.44876
G1 X116.577 Y105.593 E8.52005
G1 X116.425 Y106.756 E8.57646
G1 X116.232 Y108.017 E8.63782
G1 X115.855 Y110.002 E8.735
G1 X115.551 Y111.324 E8.80024
G1 X115.226 Y112.594 E8.86329
G1 X114.796 Y114.129 E8.93996
G1 X114.341 Y115.615 E9.01471
G1 X114.115 Y116.244 E9.04686
G1 X113.879 Y116.696 E9.07138
G1 X113.614 Y116.928 E9.08832
G1 X113.05 Y117.108 E9.11679
G1 X112.348 Y117.194 E9.15081
G1 X111.421 Y117.249 E9.19547
G1 X110.183 Y117.275 E9.25503
G1 X108.749 Y117.255 E9.32401
G1 X107.653 Y117.194 E9.37681
G1 X107.009 Y117.11 E9.40805
G1 X106.495 Y116.98 E9.43355
G1 X106.18 Y116.761 E9.452
G1 X105.913 Y116.327 E9.47651
G1 X105.703 Y115.756 E9.50577
G1 X105.289 Y114.419 E9.57309
G1 X104.904 Y113.072 E9.64047
G1 X104.561 Y111.775 E9.705
G1 X104.243 Y110.445 E9.77077
G1 X104.007 Y109.335 E9.82535
G1 X103.805 Y108.235 E9.87914
G1 X103.608 Y106.983 E9.9401
G1 X103.375 Y105.188 E10.02716
G1 X103.086 Y102.294 E10.16704
G1 X103.101 Y101.989 E10.18173
G1 X103.388 Y101.711 F7800
G1 E8.18173 F2400
G92 E0
G1 X104.882 Y105.565 F7800
G1 E2 F2400
;TYPE:Solid infill
G1 F1200
G1 X105.53 Y105.923 E2.03561
G1 X105.939 Y105.976 E2.05545
G1 X105.939 Y107.931 E2.14948
;WIDTH:0.485793
G1 X105.921 Y108.444 E2.17646
;WIDTH:0.521587
G1 X105.903 Y108.957 E2.20573
G1 X106.022 Y109.556 E2.24056
;WIDTH:0.512953
G1 X106.117 Y109.707 E2.25054
;WIDTH:0.484198
G1 X106.213 Y109.859 E2.25995
;WIDTH:0.455444
G1 X106.534 Y110.217 E2.2834
;WIDTH:0.45
G1 X106.977 Y110.514 E2.30905
G1 X107.667 Y110.668 E2.34305
G1 X109.102 Y110.668 E2.41207
G1 X106.472 Y113.297 E2.59093
G1 X105.964 Y111.422 E2.68436
G1 X105.669 Y110.192 E2.7452
;WIDTH:0.481476
G1 X105.629 Y109.93 E2.75899
;WIDTH:0.512953
G1 X105.588 Y109.668 E2.77383
;WIDTH:0.521587
G1 X105.34 Y108.491 E2.84242
;WIDTH:0.485793
G1 X105.231 Y107.994 E2.86916
;WIDTH:0.45
G1 X105.039 Y106.778 E2.92837
G1 X104.907 Y105.756 E2.97793
G1 X105.467 Y106.401 F7800
;WIDTH:0.623605
G1 F1200
G1 X105.487 Y106.713 E2.99974
;WIDTH:0.583215
G1 X105.511 Y107.018 E3.01954
;WIDTH:0.535561
G1 X105.535 Y107.322 E3.03746
;WIDTH:0.487908
G1 X105.558 Y107.627 E3.05362
;WIDTH:0.440254
G1 X105.582 Y107.931 E3.06792
G1 E1.06792 F2400
G92 E0
G1 X106.094 Y110.312 F7800
G1 E2 F2400
;WIDTH:0.45
G1 F1200
G1 X106.319 Y110.537 E2.0153
G1 X106.762 Y110.835 E2.04098
G1 X107.066 Y110.941 E2.05646
G1 X107.667 Y111.053 E2.08586
G1 X108.171 Y111.053 E2.1101
G1 X106.663 Y112.561 E2.21267
G1 X106.139 Y110.499 E2.315
G1 X106.709 Y111.23 F7800
;WIDTH:0.426824
G1 F1200
G1 X107.319 Y111.375 E2.34334
G1 X106.859 Y111.836 E2.37278
G1 X106.755 Y111.417 E2.3923
G1 E.3923 F2400
G92 E0
G1 X106.594 Y113.721 F7800
G1 E2 F2400
;WIDTH:0.45
G1 F1200
G1 X109.647 Y110.668 E2.20766
G1 X110.192 Y110.668 E2.23387
G1 X106.717 Y114.142 E2.4702
G1 X106.846 Y114.559 E2.49119
G1 X110.738 Y110.668 E2.75589
G1 X111.283 Y110.668 E2.7821
G1 X106.975 Y114.975 E3.07509
G1 X107.11 Y115.386 E3.0959
G1 X111.828 Y110.668 E3.41681
G1 X112.374 Y110.668 E3.44307
G1 X107.346 Y115.695 E3.78503
G1 X107.165 Y115.796 E3.795
;WIDTH:0.404381
G1 X107.094 Y115.777 E3.79812
G1 X107.113 Y115.848 E3.80124
G1 X107.154 Y115.837 E3.80304
;WIDTH:0.45
G1 X107.831 Y115.755 E3.83584
G1 X112.974 Y110.613 E4.18563
G1 X114.442 Y109.605 F7800
;WIDTH:0.404381
G1 F1200
G1 X114.371 Y109.586 E4.18875
G1 X114.39 Y109.657 E4.19187
G1 X114.431 Y109.646 E4.19367
;WIDTH:0.45
G1 X114.225 Y109.907 E4.20966
G1 X108.348 Y115.784 E4.60941
G1 X108.867 Y115.811 E4.63441
G1 X114.28 Y110.397 E5.00263
G1 X114.113 Y111.11 E5.03785
G1 X109.404 Y115.818 E5.35812
G1 X109.942 Y115.826 E5.384
G1 X113.925 Y111.842 E5.65495
G1 X113.726 Y112.587 E5.69204
G1 X110.491 Y115.822 E5.91208
G1 X111.048 Y115.81 E5.93888
G1 X113.514 Y113.344 E6.10661
G1 X113.7 Y113.102 E6.12129
;WIDTH:0.404381
G1 X113.659 Y113.113 E6.12309
G1 X113.64 Y113.042 E6.12621
G1 X113.711 Y113.061 E6.12933
G1 X113.489 Y113.831 F7800
G1 F1200
G1 X113.418 Y113.812 E6.13245
G1 X113.437 Y113.883 E6.13557
G1 X113.478 Y113.872 E6.13737
;WIDTH:0.45
G1 X113.289 Y114.115 E6.15218
G1 X111.615 Y115.789 E6.26604
G1 X112.935 Y114.996 F7800
;WIDTH:0.423506
G1 F1200
G1 X112.161 Y115.769 E6.31504
G1 X112.791 Y115.689 E6.34349
G1 X113.071 Y114.86 E6.38268
G1 E4.38268 F2400
G92 E0
G1 X115.038 Y105.843 F7800
G1 E2 F2400
;WIDTH:0.544298
G1 F1200
G1 X114.926 Y106.772 E2.05601
;WIDTH:0.507508
G1 X114.871 Y107.272 E2.08381
;WIDTH:0.470718
G1 X114.815 Y107.772 E2.10931
;WIDTH:0.433929
G1 X114.566 Y108.46 E2.14303
G1 X114.541 Y108.436 E2.14463
G1 X114.45 Y107.725 E2.17767
;WIDTH:0.470718
G1 X114.471 Y107.156 E2.20653
;WIDTH:0.507508
G1 X114.492 Y106.588 E2.23794
;WIDTH:0.544298
G1 X114.513 Y106.019 E2.27202
G1 X114.668 Y106.005 E2.28134
G1 X114.862 Y105.92 E2.29402
M106 S214.2
;LAYER_CHANGE
;Z:5.52222
;HEIGHT:0.0722222
G1 E.29402 F2400
G92 E0
G1 Z5.522 F7800
G1 X112.753 Y121.11
G1 E2 F2400
;TYPE:Support material
;WIDTH:0.35
;HEIGHT:0.294444
G1 F3600
G1 X107.247 Y121.11 E2.19332
G1 X107.247 Y118.389 E2.28886
G1 X112.753 Y118.389 E2.48218
G1 X112.753 Y121.067 E2.57621
G1 E.57621 F2400
G92 E0
G1 X112.284 Y108.596 F7800
G1 E2 F2400
G1 F3600
G1 X108.112 Y108.596 E2.14648
G1 X108.112 Y105.842 E2.24317
G1 X112.284 Y105.842 E2.38965
G1 X112.284 Y108.553 E2.48483
G1 X112.155 Y107.214 F7800
G1 F3600
G1 X108.241 Y107.214 E2.62225
G1 E.62225 F2400
G92 E0
G1 X107.182 Y103.914 F7800
G1 E2 F2400
G1 F3600
G1 X106.33 Y103.914 E2.02991
G1 X106.33 Y103.317 E2.05087
G1 X107.182 Y103.317 E2.08078
G1 X107.182 Y103.871 E2.10023
G1 E.10023 F2400
G92 E0
G1 X113.994 Y103.379 F7800
G1 E2 F2400
G1 F3600
G1 X113.994 Y103.914 E2.01878
G1 X112.818 Y103.914 E2.06007
G1 X112.818 Y103.317 E2.08103
G1 X113.994 Y103.336 E2.12233
;LAYER_CHANGE
;Z:5.75
;HEIGHT:0.227778
G1 E.12233 F2400
G92 E0
G1 Z5.75 F7800
G1 X107.667 Y104.882
G1 E2 F2400
;TYPE:Perimeter
;WIDTH:0.365269
;HEIGHT:0.3
G1 F900
G1 X107.759 Y104.878 E2.00346
;WIDTH:0.357207
G1 X112.638 Y104.878 E2.18166
G1 X113.115 Y105.068 F7800
;WIDTH:0.45
G1 F900
G1 X113.122 Y105.074 E2.1821
G1 X113.295 Y105.487 E2.20364
G1 X113.295 Y108.951 E2.37025
G1 X113.255 Y109.163 E2.38063
G1 X113.043 Y109.442 E2.39748
G1 X112.777 Y109.59 E2.41212
G1 X111.827 Y109.607 E2.45782
G1 X107.759 Y109.607 E2.65348
G1 X107.491 Y109.541 E2.66675
G1 X107.275 Y109.364 E2.68018
G1 X107.111 Y109.054 E2.69705
G1 X107.102 Y105.487 E2.86861
G1 X107.275 Y105.074 E2.89015
G1 X107.358 Y105 E2.8955
;WIDTH:0.439935
G1 X107.512 Y104.941 E2.90322
;WIDTH:0.402602
G1 X107.667 Y104.882 E2.91022
;WIDTH:0.407634
G1 X107.44 Y104.903 E2.91998
;WIDTH:0.45
G1 X107.214 Y104.924 E2.9309
G1 X105.97 Y104.924 E2.99073
G1 X105.863 Y104.914 E2.9959
G1 X105.562 Y104.756 E3.01225
G1 X105.341 Y104.431 E3.03115
G1 X105.319 Y102.957 E3.10205
G1 X105.387 Y102.685 E3.11553
G1 X105.562 Y102.475 E3.12868
;WIDTH:0.496733
G1 X105.699 Y102.375 E3.13783
;WIDTH:0.543467
G1 X105.836 Y102.274 E3.148
;WIDTH:0.555371
G1 X106.814 Y102.254 E3.2079
;WIDTH:0.572242
G1 X108.335 Y102.245 E3.30425
;WIDTH:0.577817
G1 X113.189 Y102.254 E3.61509
;WIDTH:0.555298
G1 X114.298 Y102.266 E3.683
;WIDTH:0.53114
G1 X114.401 Y102.269 E3.689
;WIDTH:0.527723
G1 X114.618 Y102.408 E3.70389
;WIDTH:0.488861
G1 X114.834 Y102.547 E3.71749
;WIDTH:0.45
G1 X115.004 Y102.83 E3.73337
G1 X115.004 Y104.274 E3.80282
G1 X114.984 Y104.426 E3.81019
G1 X114.762 Y104.756 E3.82932
G1 X114.436 Y104.918 E3.84683
G1 X113.072 Y104.924 E3.91243
G1 X112.855 Y104.901 E3.92293
;WIDTH:0.403603
G1 X112.638 Y104.878 E3.93216
G1 X112.84 Y104.937 E3.94106
;WIDTH:0.45
G1 X113.043 Y104.997 E3.95124
G1 X113.072 Y105.026 E3.95321
G1 X112.837 Y105.341 F7800
;TYPE:External perimeter
G1 F900
G1 X112.852 Y105.35 E3.95405
G1 X112.909 Y105.487 E3.96119
G1 X112.909 Y108.951 E4.1278
G1 X112.852 Y109.089 E4.13498
G1 X112.684 Y109.216 E4.14511
G1 X107.759 Y109.221 E4.38199
G1 X107.624 Y109.166 E4.389
G1 X107.491 Y108.986 E4.39976
G1 X107.487 Y105.487 E4.56805
G1 X107.545 Y105.35 E4.57521
G1 X107.73 Y105.217 E4.58617
G1 X112.638 Y105.217 E4.82223
G1 X112.786 Y105.309 E4.83061
G1 X112.901 Y105.692 F7800
G1 E2.83061 F2400
G92 E0
G1 X105.776 Y102.809 F7800
G1 E2 F2400
G1 F900
G1 X105.928 Y102.696 E2.00911
G1 X114.354 Y102.692 E2.41437
G1 X114.49 Y102.748 E2.42144
G1 X114.619 Y102.911 E2.43144
G1 X114.619 Y104.274 E2.497
G1 X114.562 Y104.41 E2.50409
G1 X114.381 Y104.537 E2.51472
G1 X105.97 Y104.539 E2.91926
G1 X105.834 Y104.482 E2.92635
G1 X105.706 Y104.293 E2.93733
G1 X105.705 Y102.957 E3.00159
G1 X105.746 Y102.858 E3.00674
G1 X106.115 Y102.706 F7800
G1 E1.00674 F2400
G92 E0
G1 X104.611 Y104.637 F7800
G1 E2 F2400
;TYPE:Perimeter
G1 F3600
G1 X104.945 Y105.23 E2.03273
G1 X105.098 Y105.376 E2.0429
G1 X105.72 Y105.672 E2.07603
G1 X106.331 Y105.695 E2.10544
G1 X106.331 Y108.231 E2.22741
G1 X106.352 Y109.192 E2.27364
G1 X106.428 Y109.454 E2.28676
G1 X106.735 Y109.914 E2.31336
G1 X107.133 Y110.224 E2.33762
G1 X107.46 Y110.345 E2.35439
G1 X107.759 Y110.378 E2.36886
G1 X112.638 Y110.378 E2.60352
G1 X112.964 Y110.338 E2.61932
G1 X113.583 Y109.992 E2.65343
G1 X113.707 Y109.868 E2.66186
;WIDTH:0.490814
G1 X113.792 Y109.77 E2.66876
;WIDTH:0.531628
G1 X113.878 Y109.671 E2.6764
;WIDTH:0.572442
G1 X113.963 Y109.573 E2.68462
;WIDTH:0.613257
G1 X114.049 Y109.475 E2.69355
G1 X114.113 Y109.235 E2.71055
;WIDTH:0.629808
G1 X114.156 Y108.759 E2.74426
G1 X114.134 Y108.659 E2.75148
;WIDTH:0.584855
G1 X114.111 Y108.559 E2.75814
;WIDTH:0.539904
G1 X114.089 Y108.46 E2.76415
;WIDTH:0.494952
G1 X114.066 Y108.36 E2.76966
;WIDTH:0.45
G1 X114.066 Y105.695 E2.89784
G1 X114.547 Y105.682 E2.92098
G1 X115.307 Y105.303 E2.96183
G1 X115.063 Y107.269 E3.05711
G1 X114.872 Y108.426 E3.11351
;WIDTH:0.494952
G1 X114.833 Y108.521 E3.11902
;WIDTH:0.539904
G1 X114.795 Y108.615 E3.12503
;WIDTH:0.584855
G1 X114.756 Y108.71 E3.1317
;WIDTH:0.629808
G1 X114.718 Y108.805 E3.13892
G1 X114.694 Y108.996 E3.1525
;WIDTH:0.614005
G1 X114.573 Y109.63 E3.19675
;WIDTH:0.613257
G1 X114.56 Y109.796 E3.20815
;WIDTH:0.572442
G1 X114.547 Y109.961 E3.21864
;WIDTH:0.531628
G1 X114.534 Y110.127 E3.22834
;WIDTH:0.490814
G1 X114.521 Y110.293 E3.2372
;WIDTH:0.45
G1 X114.222 Y111.59 E3.30122
G1 X113.855 Y113.022 E3.37232
G1 X113.115 Y115.57 E3.49993
G1 X112.916 Y116.095 E3.52693
G1 X112.325 Y116.191 E3.55573
G1 X111.509 Y116.246 E3.59507
G1 X110.349 Y116.277 E3.65088
G1 X109.26 Y116.267 E3.70326
G1 X107.882 Y116.207 E3.7696
G1 X107.082 Y116.095 E3.80845
G1 X106.933 Y115.72 E3.82786
G1 X106.612 Y114.678 E3.8803
G1 X106.201 Y113.228 E3.95279
G1 X105.871 Y111.968 E4.01544
G1 X105.551 Y110.619 E4.08212
G1 X105.309 Y109.474 E4.13841
G1 X105.102 Y108.334 E4.19414
G1 X104.931 Y107.226 E4.24806
G1 X104.618 Y104.696 E4.37067
G1 X104.611 Y104.637 F7800
;WIDTH:0.462043
G1 F900
G1 X104.542 Y103.767 E4.41396
;WIDTH:0.496837
G1 X104.524 Y103.362 E4.43583
;WIDTH:0.531631
G1 X104.507 Y102.957 E4.45945
;WIDTH:0.575093
G1 X104.507 Y102.708 E4.47531
G1 X104.165 Y102.317 F7800
;WIDTH:0.45
G1 F3600
G1 X104.449 Y102.263 E4.48921
G1 X105.34 Y102.173 E4.53228
G1 X105.289 Y102.202 E4.5351
G1 X105.046 Y102.505 E4.55378
G1 X104.949 Y102.787 E4.56812
G1 X104.934 Y102.957 E4.57633
G1 X104.934 Y104.274 E4.63967
G1 X104.97 Y104.536 E4.65239
G1 X105.289 Y105.029 E4.68063
G1 X105.791 Y105.293 E4.70791
G1 X105.97 Y105.31 E4.71656
G1 X106.791 Y105.31 E4.75605
G1 X106.716 Y105.487 E4.7653
G1 X106.716 Y108.951 E4.93191
G1 X106.786 Y109.31 E4.9495
G1 X107.005 Y109.639 E4.96851
G1 X107.312 Y109.883 E4.98737
G1 X107.546 Y109.969 E4.99936
G1 X107.759 Y109.993 E5.00967
G1 X111.827 Y109.993 E5.20533
G1 X112.871 Y109.964 E5.25556
G1 X113.313 Y109.717 E5.27991
G1 X113.614 Y109.304 E5.30449
G1 X113.681 Y108.951 E5.32177
G1 X113.681 Y105.487 E5.48838
G1 X113.606 Y105.31 E5.49763
G1 X114.491 Y105.3 E5.5402
G1 X115.034 Y105.029 E5.56939
G1 X115.106 Y104.957 E5.57429
;WIDTH:0.466003
G1 X115.364 Y104.529 E5.59932
G1 X115.395 Y104.274 E5.61219
;WIDTH:0.489948
G1 X115.413 Y103.49 E5.65382
;WIDTH:0.520248
G1 X115.431 Y102.706 E5.69841
;WIDTH:0.564907
G1 X115.174 Y102.272 E5.7299
G1 X115.912 Y102.386 E5.77652
G1 X115.88 Y102.978 E5.81353
;WIDTH:0.520248
G1 X115.834 Y103.635 E5.85098
;WIDTH:0.489948
G1 X115.789 Y104.292 E5.88593
;WIDTH:0.466003
G1 X115.712 Y105.183 E5.93073
;WIDTH:0.45
G1 X115.445 Y107.324 E6.0345
G1 X115.122 Y109.277 E6.12971
G1 X114.898 Y110.374 E6.18356
G1 X114.597 Y111.681 E6.24807
G1 X114.228 Y113.122 E6.31961
G1 X113.92 Y114.221 E6.3745
G1 X113.347 Y116.079 E6.46802
G1 X113.176 Y116.403 E6.48564
G1 X112.925 Y116.496 E6.49851
G1 X112.364 Y116.575 E6.52576
G1 X111.527 Y116.631 E6.56611
G1 X110.352 Y116.663 E6.62264
G1 X108.961 Y116.65 E6.68955
G1 X107.946 Y116.599 E6.73843
G1 X107.438 Y116.544 E6.76301
G1 X106.912 Y116.448 E6.78873
G1 X106.765 Y116.316 E6.79823
G1 X106.569 Y115.846 E6.82272
G1 X106.242 Y114.788 E6.87598
G1 X105.828 Y113.329 E6.94892
G1 X105.497 Y112.061 E7.01195
G1 X105.174 Y110.704 E7.07904
G1 X104.931 Y109.548 E7.13585
G1 X104.722 Y108.398 E7.19207
G1 X104.549 Y107.28 E7.24648
G1 X104.337 Y105.623 E7.32683
G1 X104.152 Y103.804 E7.41477
G1 X104.026 Y102.344 E7.48525
G1 X104.106 Y102.329 E7.48916
G1 X103.689 Y102.053 F7800
G1 F3600
G1 X103.869 Y101.985 E7.49841
G1 X104.398 Y101.881 E7.52434
G1 X105.249 Y101.793 E7.56549
;WIDTH:0.493678
G1 X105.604 Y101.792 E7.5845
;WIDTH:0.537356
G1 X105.96 Y101.79 E7.6055
;WIDTH:0.555371
G1 X106.806 Y101.763 E7.65733
;WIDTH:0.572242
G1 X108.333 Y101.737 E7.75407
;WIDTH:0.577817
G1 X110.099 Y101.729 E7.86716
G1 X113.194 Y101.763 E8.06537
;WIDTH:0.555298
G1 X114.308 Y101.799 E8.13362
;WIDTH:0.53114
G1 X114.437 Y101.807 E8.14114
;WIDTH:0.527723
G1 X114.82 Y101.818 E8.16328
;WIDTH:0.488861
G1 X115.203 Y101.828 E8.18356
;WIDTH:0.45
G1 X115.842 Y101.916 E8.21458
G1 X116.341 Y102.057 E8.23952
G1 X116.363 Y102.315 E8.25197
G1 X116.095 Y105.225 E8.39252
G1 X115.826 Y107.38 E8.49697
G1 X115.501 Y109.346 E8.59281
G1 X115.275 Y110.456 E8.64729
G1 X114.972 Y111.772 E8.71224
G1 X114.6 Y113.222 E8.78424
G1 X113.844 Y115.823 E8.91452
G1 X113.552 Y116.552 E8.95229
G1 X113.356 Y116.746 E8.96555
G1 X113.009 Y116.874 E8.98334
G1 X112.404 Y116.958 E9.01272
G1 X111.545 Y117.017 E9.05413
G1 X110.356 Y117.048 E9.11134
G1 X109.253 Y117.038 E9.16439
G1 X107.793 Y116.973 E9.23468
G1 X106.912 Y116.847 E9.27748
G1 X106.571 Y116.695 E9.29544
G1 X106.402 Y116.459 E9.3094
G1 X106.204 Y115.971 E9.33473
G1 X105.873 Y114.897 E9.38878
G1 X105.456 Y113.43 E9.46213
G1 X105.123 Y112.155 E9.52551
G1 X104.798 Y110.788 E9.59309
G1 X104.552 Y109.622 E9.65041
G1 X104.341 Y108.462 E9.70712
G1 X104.167 Y107.334 E9.76201
G1 X103.954 Y105.667 E9.84284
G1 X103.662 Y102.603 E9.99088
G1 X103.646 Y102.083 E10.0159
G1 X103.267 Y101.944 F7800
;TYPE:External perimeter
G1 F1800
G1 X103.269 Y101.892 E10.0184
G1 X103.376 Y101.774 E10.02606
G1 X103.78 Y101.61 E10.04703
G1 X104.348 Y101.499 E10.07487
G1 X105.22 Y101.409 E10.11703
G1 X105.941 Y101.361 E10.15178
G1 X108.325 Y101.291 E10.26649
G1 X110.101 Y101.279 E10.35191
G1 X113.209 Y101.325 E10.50141
G1 X114.344 Y101.374 E10.55605
G1 X115.253 Y101.446 E10.59991
G1 X116.176 Y101.597 E10.64489
G1 X116.526 Y101.717 E10.66269
G1 X116.71 Y101.854 E10.67372
G1 X116.751 Y102.316 E10.69603
G1 X116.479 Y105.266 E10.83852
G1 X116.208 Y107.435 E10.94365
G1 X115.88 Y109.416 E11.04023
G1 X115.652 Y110.538 E11.0953
G1 X115.346 Y111.864 E11.16075
G1 X114.972 Y113.321 E11.2331
G1 X114.452 Y115.15 E11.32455
G1 X114.208 Y115.95 E11.36478
G1 X113.932 Y116.652 E11.40106
G1 X113.695 Y116.987 E11.4208
G1 X113.453 Y117.141 E11.4346
G1 X113.093 Y117.251 E11.45271
G1 X112.444 Y117.342 E11.48423
G1 X111.563 Y117.402 E11.5267
G1 X110.359 Y117.434 E11.58463
G1 X108.938 Y117.421 E11.65298
G1 X107.828 Y117.365 E11.70644
G1 X107.097 Y117.281 E11.74183
G1 X106.611 Y117.167 E11.76584
G1 X106.299 Y116.982 E11.78329
G1 X106.018 Y116.567 E11.8074
G1 X105.839 Y116.097 E11.83159
G1 X105.503 Y115.006 E11.8865
G1 X105.084 Y113.532 E11.9602
G1 X104.749 Y112.248 E12.02402
G1 X104.422 Y110.872 E12.09204
G1 X104.174 Y109.697 E12.1498
G1 X103.961 Y108.526 E12.20705
G1 X103.785 Y107.388 E12.26243
G1 X103.571 Y105.711 E12.34374
G1 X103.384 Y103.876 E12.43245
G1 X103.252 Y102.34 E12.5066
G1 X103.265 Y102.004 E12.52277
G1 X103.54 Y101.714 F7800
G1 E10.52277 F2400
G92 E0
G1 X114.365 Y107.197 F7800
G1 E2 F2400
;TYPE:Solid infill
;WIDTH:0.498669
G1 F1200
G1 X114.38 Y106.607 E2.03197
;WIDTH:0.528578
G1 X114.395 Y106.017 E2.06614
G1 X114.561 Y106.009 E2.07576
G1 X114.908 Y105.857 E2.09769
G1 X114.812 Y106.747 E2.14952
;WIDTH:0.498669
G1 X114.767 Y107.23 E2.1758
;WIDTH:0.46876
G1 X114.698 Y107.785 E2.20401
;WIDTH:0.422953
G1 X114.63 Y108.339 E2.22897
;WIDTH:0.377146
G1 X114.449 Y108.635 E2.2425
G1 X114.319 Y108.313 E2.25605
;WIDTH:0.415046
G1 X114.338 Y107.852 E2.27623
;WIDTH:0.452947
G1 X114.357 Y107.39 E2.29864
G1 E.29864 F2400
G92 E0
G1 X107.165 Y115.489 F7800
G1 E2 F2400
;WIDTH:0.45
G1 F1200
G1 X107.551 Y115.875 E2.02626
G1 X107.201 Y115.898 E2.04313
;WIDTH:0.404381
G1 X107.182 Y115.969 E2.04625
G1 X107.253 Y115.95 E2.04937
G1 X107.242 Y115.909 E2.05117
G1 X108.155 Y115.934 F7800
;WIDTH:0.45
G1 F1200
G1 X106.921 Y114.7 E2.13511
G1 X106.702 Y113.935 F7800
G1 F1200
G1 X108.729 Y115.962 E2.27298
G1 X109.29 Y115.978 E2.29997
G1 X106.486 Y113.174 E2.49069
G1 X106.292 Y112.435 E2.52744
G1 X109.841 Y115.983 E2.7688
G1 X110.39 Y115.987 E2.79521
G1 X106.105 Y111.703 E3.08664
G1 X105.935 Y110.987 E3.12203
G1 X110.921 Y115.973 E3.46117
G1 X111.452 Y115.958 E3.48672
G1 X105.775 Y110.281 E3.87286
G1 X105.629 Y109.59 E3.90683
G1 X111.964 Y115.925 E4.33773
G1 X112.792 Y115.919 F7800
;WIDTH:0.404381
G1 F1200
G1 X112.773 Y115.99 E4.34085
G1 X112.844 Y115.971 E4.34397
G1 X112.833 Y115.93 E4.34577
;WIDTH:0.45
G1 X112.464 Y115.879 E4.36369
G1 X107.104 Y110.52 E4.72824
G1 X106.832 Y110.304 E4.74495
;WIDTH:0.404381
G1 X106.564 Y110.064 E4.76021
G1 E2.76021 F2400
G92 E0
G1 X105.382 Y108.049 F7800
G1 E2 F2400
;WIDTH:0.548621
G1 F1200
G1 X105.418 Y108.164 E2.00728
;WIDTH:0.586488
G1 X105.455 Y108.278 E2.01508
G1 X105.603 Y109.094 E2.06908
G1 X105.748 Y109.085 E2.07854
G1 X106.025 Y109.344 E2.10324
G1 X105.973 Y108.875 E2.13397
G1 X105.973 Y108.231 E2.17591
G1 X105.996 Y108.091 E2.18515
;WIDTH:0.540992
G1 X106.019 Y107.951 E2.19358
;WIDTH:0.495496
G1 X106.041 Y107.81 E2.20125
;WIDTH:0.45
G1 X106.041 Y105.979 E2.28931
G1 X105.626 Y105.941 E2.30935
G1 X105.024 Y105.654 E2.34143
G1 X105.217 Y107.186 E2.4157
G1 X105.322 Y107.866 E2.44879
G1 X105.68 Y107.81 E2.46622
;WIDTH:0.436999
G1 X105.662 Y107.583 E2.4768
;WIDTH:0.471945
G1 X105.645 Y107.356 E2.48837
;WIDTH:0.506891
G1 X105.627 Y107.128 E2.50099
;WIDTH:0.552361
G1 X105.605 Y106.767 E2.523
;WIDTH:0.597831
G1 X105.582 Y106.406 E2.54707
G1 E.54707 F2400
G92 E0
G1 X107.797 Y110.668 F7800
G1 E2 F2400
;WIDTH:0.45
G1 F1200
G1 X112.779 Y115.65 E2.33887
G1 X112.914 Y115.239 E2.35968
G1 X108.342 Y110.668 E2.67063
G1 X108.888 Y110.668 E2.69689
G1 X113.041 Y114.82 E2.97934
G1 X113.167 Y114.402 E3.00034
G1 X109.433 Y110.668 E3.25432
G1 X109.979 Y110.668 E3.28058
G1 X113.287 Y113.976 E3.50559
G1 X113.407 Y113.55 E3.52688
G1 X110.524 Y110.668 E3.72294
G1 X111.069 Y110.668 E3.74915
G1 X113.526 Y113.124 E3.91624
G1 X113.641 Y112.694 E3.93765
G1 X111.615 Y110.668 E4.07546
G1 X112.632 Y110.668 E4.12437
G1 X113.003 Y110.623 E4.14234
G1 X113.135 Y110.566 E4.14926
G1 X113.793 Y110.192 E4.18566
G1 X114.217 Y109.79 E4.21376
G1 X114.237 Y110.239 E4.23538
G1 X113.752 Y112.259 E4.3353
G1 X112.296 Y110.804 E4.4343
G1 X113.064 Y111.012 F7800
;WIDTH:0.469882
G1 F1200
G1 X113.267 Y110.945 E4.44511
G1 X113.727 Y110.688 E4.47176
G1 X113.541 Y111.489 E4.51335
G1 X113.2 Y111.148 E4.53774
;LAYER_CHANGE
;Z:5.81667
;HEIGHT:0.0666666
G1 E2.53774 F2400
G92 E0
G1 Z5.817 F7800
G1 X112.753 Y121.11
G1 E2 F2400
;TYPE:Support material
;WIDTH:0.35
;HEIGHT:0.294444
G1 F3600
G1 X107.247 Y121.11 E2.19332
G1 X107.247 Y118.389 E2.28886
G1 X112.753 Y118.389 E2.48218
G1 X112.753 Y121.067 E2.57621
G1 E.57621 F2400
G92 E0
G1 X112.182 Y108.596 F7800
G1 E2 F2400
G1 F3600
G1 X108.215 Y108.596 E2.13928
G1 X108.215 Y105.842 E2.23597
G1 X112.182 Y105.842 E2.37525
G1 X112.182 Y108.553 E2.47043
G1 X112.053 Y107.214 F7800
G1 F3600
G1 X108.344 Y107.214 E2.60065
G1 E.60065 F2400
G92 E0
G1 X107.182 Y103.914 F7800
G1 E2 F2400
G1 F3600
G1 X106.359 Y103.914 E2.0289
G1 X106.359 Y103.317 E2.04986
G1 X107.182 Y103.317 E2.07876
G1 X107.182 Y103.871 E2.09821
G1 E.09821 F2400
G92 E0
G1 X113.964 Y103.402 F7800
G1 E2 F2400
G1 F3600
G1 X113.964 Y103.914 E2.01798
G1 X112.818 Y103.914 E2.05822
G1 X112.818 Y103.317 E2.07918
G1 X113.964 Y103.359 E2.11944
;LAYER_CHANGE
;Z:6.05
;HEIGHT:0.233334
G1 E.11944 F2400
G92 E0
G1 Z6.05 F7800
G1 X107.769 Y104.882
G1 E2 F2400
;TYPE:Perimeter
;WIDTH:0.365269
;HEIGHT:0.3
G1 F900
G1 X107.861 Y104.878 E2.00346
;WIDTH:0.357207
G1 X112.535 Y104.878 E2.17417
G1 X113.013 Y105.068 F7800
;WIDTH:0.45
G1 F900
G1 X113.02 Y105.074 E2.17461
G1 X113.193 Y105.487 E2.19615
G1 X113.193 Y108.951 E2.36276
G1 X113.154 Y109.158 E2.37289
G1 X112.941 Y109.441 E2.38993
G1 X112.653 Y109.595 E2.40564
G1 X107.862 Y109.607 E2.63607
G1 X107.589 Y109.539 E2.6496
G1 X107.377 Y109.364 E2.66282
G1 X107.221 Y109.09 E2.67798
G1 X107.204 Y108.313 E2.71536
G1 X107.204 Y105.487 E2.85128
G1 X107.377 Y105.074 E2.87282
G1 X107.46 Y105 E2.87817
;WIDTH:0.439935
G1 X107.614 Y104.941 E2.88589
;WIDTH:0.402602
G1 X107.769 Y104.882 E2.89289
;WIDTH:0.407634
G1 X107.542 Y104.903 E2.90265
;WIDTH:0.45
G1 X107.316 Y104.924 E2.91357
G1 X105.999 Y104.924 E2.97691
G1 X105.617 Y104.78 E2.99654
G1 X105.519 Y104.684 E3.00314
G1 X105.369 Y104.426 E3.01749
G1 X105.348 Y103.748 E3.05012
G1 X105.364 Y102.823 E3.09462
G1 X105.519 Y102.547 E3.10984
;WIDTH:0.484188
G1 X105.633 Y102.455 E3.11751
;WIDTH:0.518377
G1 X105.747 Y102.363 E3.12581
;WIDTH:0.552566
G1 X105.86 Y102.271 E3.13468
;WIDTH:0.568047
G1 X106.892 Y102.247 E3.19953
;WIDTH:0.585612
G1 X108.375 Y102.239 E3.29594
;WIDTH:0.591486
G1 X111.625 Y102.239 E3.50961
;WIDTH:0.585613
G1 X113.109 Y102.247 E3.60609
;WIDTH:0.568034
G1 X114.134 Y102.259 E3.67048
;WIDTH:0.544644
G1 X114.375 Y102.266 E3.68492
;WIDTH:0.535471
G1 X114.59 Y102.406 E3.69999
;WIDTH:0.492735
G1 X114.805 Y102.547 E3.71373
;WIDTH:0.45
G1 X114.938 Y102.752 E3.72548
G1 X114.975 Y102.957 E3.7355
G1 X114.975 Y104.274 E3.79884
G1 X114.956 Y104.421 E3.80597
G1 X114.732 Y104.756 E3.82535
G1 X114.324 Y104.924 E3.84657
G1 X112.97 Y104.924 E3.91169
G1 X112.753 Y104.901 E3.92219
;WIDTH:0.403603
G1 X112.535 Y104.878 E3.93146
G1 X112.738 Y104.937 E3.9404
;WIDTH:0.45
G1 X112.941 Y104.997 E3.95058
G1 X112.97 Y105.026 E3.95255
G1 X112.735 Y105.341 F7800
;TYPE:External perimeter
G1 F900
G1 X112.75 Y105.35 E3.95339
G1 X112.807 Y105.487 E3.96053
G1 X112.807 Y108.951 E4.12714
G1 X112.746 Y109.092 E4.13453
G1 X112.575 Y109.217 E4.14472
G1 X107.862 Y109.221 E4.3714
G1 X107.726 Y109.166 E4.37846
G1 X107.592 Y108.984 E4.38933
G1 X107.59 Y105.487 E4.55752
G1 X107.647 Y105.35 E4.56466
G1 X107.834 Y105.217 E4.5757
G1 X112.535 Y105.217 E4.8018
G1 X112.684 Y105.309 E4.81022
G1 X112.799 Y105.692 F7800
G1 E2.81022 F2400
G92 E0
G1 X105.811 Y102.816 F7800
G1 E2 F2400
G1 F900
G1 X105.933 Y102.704 E2.00797
G1 X114.324 Y102.692 E2.41155
G1 X114.469 Y102.757 E2.41919
G1 X114.589 Y102.904 E2.42832
G1 X114.589 Y104.274 E2.49421
G1 X114.514 Y104.429 E2.50249
G1 X114.324 Y104.539 E2.51305
G1 X105.999 Y104.539 E2.91345
G1 X105.863 Y104.482 E2.92054
G1 X105.735 Y104.292 E2.93156
G1 X105.734 Y103.748 E2.95772
G1 X105.756 Y102.867 E3.00011
G1 X105.767 Y102.857 E3.00083
G1 X106.141 Y102.714 F7800
G1 X104.613 Y103.349
;TYPE:Perimeter
;WIDTH:0.424692
G1 F900
G1 X104.608 Y102.996 E3.0167
;WIDTH:0.470293
G1 X104.604 Y102.643 E3.03457
G1 E1.03457 F2400
G92 E0
G1 X104.786 Y104.906 F7800
G1 E2 F2400
;WIDTH:0.45
G1 F3600
G1 X104.974 Y105.23 E2.01802
G1 X105.109 Y105.36 E2.02703
G1 X105.801 Y105.681 E2.06372
G1 X106.433 Y105.695 E2.09412
G1 X106.433 Y108.313 E2.22004
G1 X106.452 Y109.18 E2.26175
G1 X106.525 Y109.442 E2.27483
G1 X106.837 Y109.915 E2.30208
G1 X107.225 Y110.219 E2.32579
G1 X107.542 Y110.34 E2.34211
G1 X107.862 Y110.378 E2.35761
G1 X111.625 Y110.378 E2.5386
G1 X112.81 Y110.35 E2.59561
G1 X113.149 Y110.231 E2.61289
G1 X113.56 Y109.914 E2.63785
;WIDTH:0.492194
G1 X113.658 Y109.802 E2.64579
;WIDTH:0.534389
G1 X113.757 Y109.69 E2.65455
;WIDTH:0.576583
G1 X113.855 Y109.578 E2.66406
;WIDTH:0.618778
G1 X113.953 Y109.465 E2.6744
G1 X114.016 Y109.225 E2.69156
;WIDTH:0.630208
G1 X114.054 Y108.775 E2.72343
G1 X114.032 Y108.676 E2.73059
;WIDTH:0.585156
G1 X114.009 Y108.576 E2.73725
;WIDTH:0.540104
G1 X113.987 Y108.476 E2.74333
;WIDTH:0.495052
G1 X113.964 Y108.377 E2.74879
;WIDTH:0.45
G1 X113.964 Y105.695 E2.87778
G1 X114.459 Y105.689 E2.90159
G1 X115.171 Y105.352 E2.93948
G1 X114.941 Y107.334 E3.03545
G1 X114.768 Y108.439 E3.08924
;WIDTH:0.495052
G1 X114.73 Y108.534 E3.09474
;WIDTH:0.540104
G1 X114.692 Y108.629 E3.10081
;WIDTH:0.585156
G1 X114.654 Y108.724 E3.10746
;WIDTH:0.630208
G1 X114.617 Y108.819 E3.11465
G1 X114.596 Y108.994 E3.12709
;WIDTH:0.618778
G1 X114.484 Y109.618 E3.17093
G1 X114.468 Y109.811 E3.18432
;WIDTH:0.576583
G1 X114.452 Y110.004 E3.19669
;WIDTH:0.534389
G1 X114.435 Y110.197 E3.20805
;WIDTH:0.492194
G1 X114.419 Y110.39 E3.21838
;WIDTH:0.45
G1 X114.127 Y111.702 E3.28303
G1 X113.768 Y113.149 E3.35474
G1 X113.484 Y114.193 E3.40678
G1 X112.919 Y116.09 E3.50198
G1 X112.791 Y116.271 E3.51264
G1 X112.287 Y116.343 E3.53713
G1 X111.486 Y116.397 E3.57574
G1 X110.344 Y116.428 E3.63069
G1 X108.777 Y116.405 E3.70607
G1 X107.916 Y116.359 E3.74754
G1 X107.165 Y116.256 E3.784
G1 X106.985 Y115.812 E3.80704
G1 X106.662 Y114.724 E3.86163
G1 X106.254 Y113.231 E3.93607
G1 X105.931 Y111.945 E3.99984
G1 X105.628 Y110.611 E4.06564
G1 X105.406 Y109.506 E4.11985
G1 X105.216 Y108.409 E4.1734
G1 X105.034 Y107.147 E4.23473
G1 X104.793 Y104.966 E4.34027
G1 E2.34027 F2400
G92 E0
G1 X104.338 Y102.284 F7800
G1 E2 F2400
G1 F3600
G1 X104.341 Y102.283 E2.00015
G1 X104.86 Y102.203 E2.02541
G1 X105.391 Y102.156 E2.05105
G1 X105.319 Y102.202 E2.05516
G1 X105.072 Y102.51 E2.07415
G1 X104.989 Y102.734 E2.08564
G1 X104.963 Y103.349 E2.11525
;WIDTH:0.49721
G1 X104.939 Y103.482 E2.12255
;WIDTH:0.54442
G1 X104.916 Y103.615 E2.13063
;WIDTH:0.59163
G1 X104.892 Y103.748 E2.13952
G1 X104.936 Y104.543 E2.19188
;WIDTH:0.574452
G1 X105.079 Y104.719 E2.20631
;WIDTH:0.532968
G1 X105.221 Y104.894 E2.21948
;WIDTH:0.491484
G1 X105.363 Y105.07 E2.23153
;WIDTH:0.45
G1 X105.858 Y105.299 E2.25776
G1 X106.893 Y105.31 E2.30754
G1 X106.818 Y105.487 E2.31679
G1 X106.818 Y108.951 E2.4834
G1 X106.884 Y109.301 E2.50053
G1 X107.107 Y109.639 E2.52001
G1 X107.407 Y109.879 E2.53849
G1 X107.634 Y109.965 E2.55017
G1 X107.862 Y109.993 E2.56122
G1 X111.625 Y109.993 E2.74221
G1 X112.732 Y109.972 E2.79546
G1 X112.973 Y109.887 E2.80775
G1 X113.211 Y109.717 E2.82182
G1 X113.514 Y109.297 E2.84673
G1 X113.579 Y108.951 E2.86366
G1 X113.579 Y105.487 E3.03027
G1 X113.504 Y105.31 E3.03952
G1 X114.421 Y105.305 E3.08363
G1 X115.005 Y105.029 E3.1147
G1 X115.077 Y104.957 E3.1196
G1 X115.31 Y104.514 E3.14367
;WIDTH:0.410361
G1 X115.337 Y104.274 E3.15409
;WIDTH:0.431523
G1 X115.351 Y103.615 E3.18427
;WIDTH:0.459136
G1 X115.365 Y102.957 E3.21667
;WIDTH:0.487857
G1 X115.347 Y102.781 E3.22601
;WIDTH:0.516579
G1 X115.33 Y102.605 E3.23598
G1 X115.108 Y102.235 E3.26032
G1 X115.783 Y102.35 E3.29894
G1 X115.771 Y102.662 E3.31655
;WIDTH:0.487857
G1 X115.759 Y102.973 E3.33299
;WIDTH:0.459136
G1 X115.714 Y103.684 E3.36807
;WIDTH:0.431523
G1 X115.67 Y104.394 E3.40064
;WIDTH:0.45
G1 X115.323 Y107.386 E3.54551
G1 X115.014 Y109.359 E3.64156
G1 X114.796 Y110.469 E3.69597
G1 X114.502 Y111.79 E3.76106
G1 X114.141 Y113.246 E3.83321
G1 X113.624 Y115.116 E3.92652
G1 X113.294 Y116.185 E3.98033
G1 X113.091 Y116.581 E4.00173
G1 X112.876 Y116.649 E4.01258
G1 X112.328 Y116.726 E4.0392
G1 X111.504 Y116.783 E4.07893
G1 X110.347 Y116.814 E4.1346
G1 X108.976 Y116.801 E4.20054
G1 X107.924 Y116.748 E4.2512
G1 X107.231 Y116.667 E4.28476
G1 X106.946 Y116.585 E4.29902
G1 X106.81 Y116.417 E4.30942
G1 X106.619 Y115.933 E4.33445
G1 X106.291 Y114.83 E4.3898
G1 X105.88 Y113.329 E4.46465
G1 X105.556 Y112.035 E4.52881
G1 X105.25 Y110.691 E4.59511
G1 X105.027 Y109.577 E4.64975
G1 X104.836 Y108.469 E4.70383
G1 X104.652 Y107.197 E4.76565
G1 X104.441 Y105.399 E4.85272
;WIDTH:0.489166
G1 X104.428 Y105.032 E4.87218
;WIDTH:0.528332
G1 X104.415 Y104.664 E4.89349
;WIDTH:0.567498
G1 X104.402 Y104.297 E4.91653
;WIDTH:0.59163
G1 X104.366 Y103.772 E4.95114
G1 X104.332 Y103.64 E4.9601
;WIDTH:0.54442
G1 X104.298 Y103.508 E4.96826
;WIDTH:0.49721
G1 X104.263 Y103.376 E4.97563
;WIDTH:0.45
G1 X104.182 Y102.327 E5.02623
G1 X104.281 Y102.299 E5.03118
G1 X103.854 Y102.033 F7800
G1 F3600
G1 X103.915 Y102 E5.03452
G1 X104.485 Y101.871 E5.06263
G1 X105.266 Y101.78 E5.10045
;WIDTH:0.49825
G1 X105.627 Y101.778 E5.11999
;WIDTH:0.5465
G1 X105.987 Y101.776 E5.14164
;WIDTH:0.568047
G1 X106.883 Y101.744 E5.19796
;WIDTH:0.585612
G1 X108.371 Y101.717 E5.29471
;WIDTH:0.591486
G1 X111.627 Y101.717 E5.50877
;WIDTH:0.585613
G1 X113.115 Y101.744 E5.60552
;WIDTH:0.568034
G1 X114.145 Y101.779 E5.67026
;WIDTH:0.544644
G1 X114.413 Y101.796 E5.68635
;WIDTH:0.535471
G1 X114.789 Y101.808 E5.70845
;WIDTH:0.492735
G1 X115.166 Y101.821 E5.7286
;WIDTH:0.45
G1 X115.699 Y101.899 E5.75451
G1 X116.18 Y102.043 E5.77866
G1 X116.206 Y102.319 E5.79199
G1 X115.959 Y105.26 E5.93394
G1 X115.705 Y107.438 E6.0394
G1 X115.393 Y109.426 E6.13619
G1 X115.174 Y110.548 E6.19117
G1 X114.878 Y111.878 E6.2567
G1 X114.514 Y113.343 E6.3293
G1 X113.994 Y115.224 E6.42316
G1 X113.659 Y116.308 E6.47773
G1 X113.52 Y116.6 E6.49328
G1 X113.322 Y116.896 E6.51041
G1 X112.961 Y117.026 E6.52886
G1 X112.368 Y117.11 E6.55767
G1 X111.522 Y117.168 E6.59846
G1 X110.35 Y117.2 E6.65485
G1 X108.738 Y117.175 E6.73239
G1 X107.522 Y117.089 E6.79102
G1 X106.916 Y116.988 E6.82057
G1 X106.622 Y116.836 E6.83649
G1 X106.43 Y116.54 E6.85346
G1 X106.253 Y116.055 E6.87829
G1 X105.92 Y114.935 E6.93449
G1 X105.507 Y113.426 E7.00974
G1 X105.181 Y112.125 E7.07425
G1 X104.873 Y110.772 E7.14099
G1 X104.647 Y109.648 E7.19613
G1 X104.455 Y108.53 E7.25069
G1 X104.269 Y107.247 E7.31304
G1 X104.074 Y105.579 E7.39381
G1 X103.907 Y103.772 E7.48109
G1 X103.825 Y102.703 E7.53266
G1 X103.804 Y102.062 E7.56351
G1 X103.427 Y101.932 F7800
;TYPE:External perimeter
G1 F1800
G1 X103.427 Y101.885 E7.56577
G1 X103.48 Y101.82 E7.5698
G1 X103.682 Y101.684 E7.58151
G1 X103.921 Y101.599 E7.59371
G1 X104.427 Y101.489 E7.61862
G1 X105.232 Y101.396 E7.6576
G1 X105.966 Y101.343 E7.69299
G1 X106.876 Y101.299 E7.73681
G1 X108.364 Y101.264 E7.8084
G1 X110.008 Y101.252 E7.88747
G1 X111.636 Y101.264 E7.96577
G1 X113.133 Y101.299 E8.03779
G1 X114.229 Y101.349 E8.09056
G1 X115.22 Y101.439 E8.13842
G1 X116.005 Y101.576 E8.17675
G1 X116.363 Y101.702 E8.195
G1 X116.549 Y101.845 E8.20628
G1 X116.593 Y102.317 E8.22908
G1 X116.342 Y105.298 E8.37296
G1 X116.087 Y107.49 E8.4791
G1 X115.773 Y109.493 E8.57661
G1 X115.551 Y110.627 E8.63219
G1 X115.253 Y111.967 E8.69821
G1 X114.887 Y113.44 E8.77121
G1 X114.486 Y114.914 E8.84468
G1 X114.151 Y116.055 E8.90187
G1 X113.983 Y116.554 E8.92719
G1 X113.704 Y117.069 E8.95536
G1 X113.549 Y117.21 E8.96544
G1 X113.046 Y117.403 E8.99135
G1 X112.408 Y117.494 E9.02235
G1 X111.541 Y117.553 E9.06415
G1 X110.354 Y117.585 E9.12126
G1 X108.953 Y117.572 E9.18865
G1 X107.86 Y117.517 E9.24129
G1 X107.141 Y117.433 E9.27611
G1 X106.666 Y117.32 E9.29959
G1 X106.344 Y117.117 E9.3179
G1 X106.083 Y116.713 E9.34103
G1 X105.886 Y116.176 E9.36854
G1 X105.55 Y115.041 E9.42547
G1 X105.134 Y113.524 E9.50113
G1 X104.806 Y112.214 E9.56608
G1 X104.496 Y110.853 E9.63322
G1 X104.268 Y109.719 E9.68885
G1 X104.074 Y108.59 E9.74395
G1 X103.887 Y107.297 E9.80679
G1 X103.69 Y105.619 E9.88805
G1 X103.425 Y102.539 E10.03673
G1 X103.427 Y101.992 E10.06304
G1 X103.692 Y101.692 F7800
G1 E8.06304 F2400
G92 E0
G1 X105.155 Y105.691 F7800
G1 E2 F2400
;TYPE:Solid infill
G1 F1200
G1 X105.715 Y105.951 E2.0297
G1 X106.144 Y105.981 E2.05038
G1 X106.144 Y107.792 E2.13748
;WIDTH:0.493304
G1 X106.122 Y107.966 E2.14686
;WIDTH:0.536608
G1 X106.1 Y108.139 E2.15713
;WIDTH:0.579912
G1 X106.079 Y108.313 E2.1684
G1 X106.095 Y108.65 E2.19009
;WIDTH:0.551183
G1 X106.111 Y108.987 E2.21057
;WIDTH:0.522455
G1 X106.248 Y109.592 E2.24601
;WIDTH:0.507724
G1 X106.454 Y109.867 E2.26501
;WIDTH:0.478862
G1 X106.659 Y110.143 E2.28278
;WIDTH:0.45
G1 X107.063 Y110.456 E2.30736
G1 X107.451 Y110.613 E2.32749
G1 X107.867 Y110.668 E2.34767
G1 X108.97 Y110.668 E2.40072
G1 X106.523 Y113.115 E2.56716
G1 X106.212 Y111.878 E2.62851
G1 X105.88 Y110.4 E2.70137
;WIDTH:0.486772
G1 X105.818 Y109.999 E2.72275
;WIDTH:0.523545
G1 X105.757 Y109.598 E2.74598
;WIDTH:0.525795
G1 X105.648 Y108.984 E2.78187
;WIDTH:0.552853
G1 X105.607 Y108.667 E2.80134
;WIDTH:0.579912
G1 X105.566 Y108.35 E2.82189
G1 X105.519 Y108.181 E2.83317
;WIDTH:0.536608
G1 X105.473 Y108.013 E2.84343
;WIDTH:0.493304
G1 X105.427 Y107.844 E2.8528
;WIDTH:0.45
G1 X105.177 Y105.883 E2.94788
G1 X105.693 Y106.411 E2.98339
;WIDTH:0.580323
G1 X105.712 Y106.734 E3.00421
;WIDTH:0.542666
G1 X105.73 Y107.056 E3.02345
;WIDTH:0.505009
G1 X105.748 Y107.302 E3.03701
;WIDTH:0.469705
G1 X105.766 Y107.547 E3.04943
;WIDTH:0.434401
G1 X105.783 Y107.792 E3.06076
G1 E1.06076 F2400
G92 E0
G1 X106.238 Y110.224 F7800
G1 E2 F2400
;WIDTH:0.45
G1 F1200
G1 X106.423 Y110.448 E2.01397
G1 X106.975 Y110.844 E2.04664
G1 X107.451 Y111.007 E2.07084
G1 X108.039 Y111.053 E2.09921
G1 X106.731 Y112.361 E2.18818
G1 X106.28 Y110.413 E2.28435
G1 X106.791 Y111.132 F7800
;WIDTH:0.367616
G1 F1200
G1 X107.287 Y111.319 E2.3044
G1 X106.918 Y111.688 E2.32414
G1 X106.834 Y111.32 E2.33842
G1 E.33842 F2400
G92 E0
G1 X106.639 Y113.544 F7800
G1 E2 F2400
;WIDTH:0.45
G1 F1200
G1 X109.516 Y110.668 E2.19566
G1 X110.061 Y110.668 E2.22187
G1 X106.756 Y113.972 E2.44664
G1 X106.873 Y114.4 E2.46798
G1 X110.606 Y110.668 E2.72186
G1 X111.152 Y110.668 E2.74812
G1 X106.994 Y114.825 E3.03091
G1 X107.119 Y115.246 E3.05203
G1 X111.697 Y110.668 E3.36342
G1 X112.242 Y110.668 E3.38963
G1 X107.244 Y115.666 E3.72959
G1 X107.444 Y116.011 E3.74877
G1 X112.816 Y110.639 E4.11417
G1 X113.089 Y110.475 E4.12949
;WIDTH:0.404381
G1 X113.499 Y110.157 E4.15149
G1 X114.255 Y109.55 F7800
G1 F1200
G1 X114.184 Y109.53 E4.15462
G1 X114.203 Y109.602 E4.15778
G1 X114.244 Y109.591 E4.15958
;WIDTH:0.45
G1 X114.124 Y109.877 E4.1745
G1 X107.931 Y116.069 E4.59571
G1 X108.447 Y116.099 E4.62057
G1 X114.113 Y110.433 E5.00596
G1 X113.957 Y111.134 E5.0405
G1 X108.967 Y116.125 E5.37995
G1 X109.506 Y116.131 E5.40588
G1 X113.794 Y111.843 E5.69754
G1 X113.614 Y112.568 E5.73347
G1 X110.046 Y116.136 E5.97616
G1 X110.595 Y116.132 E6.00257
G1 X113.427 Y113.301 E6.19517
G1 X113.423 Y113.769 E6.21768
;WIDTH:0.404381
G1 X113.352 Y113.75 E6.2208
G1 X113.371 Y113.821 E6.22392
G1 X113.412 Y113.81 E6.22572
;WIDTH:0.45
G1 X113.223 Y114.05 E6.24041
G1 X111.156 Y116.117 E6.381
G1 X111.727 Y116.091 E6.40849
G1 X113.011 Y114.807 E6.49583
G1 X113.197 Y114.565 E6.51051
;WIDTH:0.404381
G1 X113.156 Y114.576 E6.51231
G1 X113.137 Y114.505 E6.51543
G1 X113.208 Y114.524 E6.51855
G1 X112.636 Y115.899 F7800
;WIDTH:0.623151
G1 F1200
G1 X112.587 Y115.85 E6.52338
G1 X112.519 Y115.868 E6.52828
G1 X112.501 Y115.935 E6.53311
G1 X112.551 Y115.985 E6.53804
G1 X112.618 Y115.967 E6.54287
G1 E4.54287 F2400
G92 E0
G1 X114.784 Y105.88 F7800
G1 E2 F2400
;WIDTH:0.518425
G1 F1200
G1 X114.696 Y106.773 E2.05082
;WIDTH:0.488511
G1 X114.651 Y107.285 E2.07801
;WIDTH:0.458597
G1 X114.588 Y107.82 E2.1045
;WIDTH:0.417152
G1 X114.526 Y108.354 E2.12815
;WIDTH:0.375707
G1 X114.347 Y108.653 E2.14168
G1 X114.216 Y108.33 E2.15521
;WIDTH:0.417152
G1 X114.237 Y107.799 E2.17859
;WIDTH:0.458597
G1 X114.258 Y107.267 E2.20477
;WIDTH:0.488511
G1 X114.276 Y106.641 E2.2379
;WIDTH:0.518425
G1 X114.294 Y106.016 E2.27331
G1 X114.461 Y106.012 E2.28277
G1 X114.606 Y105.953 E2.29164
;LAYER_CHANGE
;Z:6.11111
;HEIGHT:0.061111
G1 E.29164 F2400
G92 E0
G1 Z6.111 F7800
G1 X112.753 Y121.11
G1 E2 F2400
;TYPE:Support material
;WIDTH:0.35
;HEIGHT:0.294444
G1 F3600
G1 X107.247 Y121.11 E2.19332
G1 X107.247 Y118.389 E2.28886
G1 X112.753 Y118.389 E2.48218
G1 X112.753 Y121.067 E2.57621
G1 E.57621 F2400
G92 E0
G1 X112.121 Y108.596 F7800
G1 E2 F2400
G1 F3600
G1 X108.276 Y108.596 E2.135
G1 X108.276 Y105.842 E2.23169
G1 X112.121 Y105.842 E2.36669
G1 X112.121 Y108.553 E2.46187
G1 X111.992 Y107.214 F7800
G1 F3600
G1 X108.405 Y107.214 E2.58781
G1 E.58781 F2400
G92 E0
G1 X107.182 Y103.914 F7800
G1 E2 F2400
G1 F3600
G1 X106.388 Y103.914 E2.02788
G1 X106.388 Y103.317 E2.04884
G1 X107.182 Y103.317 E2.07672
G1 X107.182 Y103.871 E2.09617
G1 E.09617 F2400
G92 E0
G1 X113.935 Y103.425 F7800
G1 E2 F2400
G1 F3600
G1 X113.935 Y103.914 E2.01717
G1 X112.818 Y103.914 E2.05639
G1 X112.818 Y103.317 E2.07735
G1 X113.935 Y103.317 E2.11657
G1 X113.935 Y103.382 E2.11885
;LAYER_CHANGE
;Z:6.35
;HEIGHT:0.238889
G1 E.11885 F2400
G92 E0
G1 Z6.35 F7800
G1 X107.826 Y104.882
G1 E2 F2400
;TYPE:Perimeter
;WIDTH:0.365269
;HEIGHT:0.3
G1 F900
G1 X107.919 Y104.878 E2.00349
;WIDTH:0.357207
G1 X112.478 Y104.878 E2.17
G1 X112.953 Y105.068 F7800
;WIDTH:0.45
G1 F900
G1 X112.969 Y105.085 E2.17112
G1 X113.132 Y105.488 E2.19203
G1 X113.132 Y108.951 E2.35859
G1 X113.097 Y109.149 E2.36826
G1 X112.893 Y109.431 E2.385
G1 X112.669 Y109.574 E2.39778
G1 X112.044 Y109.607 E2.42788
G1 X107.919 Y109.607 E2.62628
G1 X107.77 Y109.587 E2.63351
G1 X107.504 Y109.431 E2.64834
G1 X107.303 Y109.156 E2.66472
G1 X107.265 Y108.95 E2.6748
G1 X107.265 Y105.488 E2.84131
G1 X107.428 Y105.085 E2.86222
G1 X107.506 Y105.009 E2.86746
;WIDTH:0.443484
G1 X107.666 Y104.946 E2.87559
;WIDTH:0.404376
G1 X107.826 Y104.882 E2.8829
;WIDTH:0.407634
G1 X107.593 Y104.903 E2.89292
;WIDTH:0.45
G1 X107.36 Y104.924 E2.90417
G1 X106.028 Y104.924 E2.96823
G1 X105.683 Y104.81 E2.98571
G1 X105.548 Y104.684 E2.99459
G1 X105.397 Y104.422 E3.00913
G1 X105.378 Y103.895 E3.03449
G1 X105.378 Y102.957 E3.0796
G1 X105.402 Y102.791 E3.08767
G1 X105.548 Y102.547 E3.10135
;WIDTH:0.485787
G1 X105.66 Y102.449 E3.10917
;WIDTH:0.521575
G1 X105.772 Y102.352 E3.11762
;WIDTH:0.557363
G1 X105.884 Y102.254 E3.12677
;WIDTH:0.584094
G1 X107.193 Y102.239 E3.21163
;WIDTH:0.600327
G1 X108.673 Y102.231 E3.31056
;WIDTH:0.604403
G1 X113.038 Y102.241 E3.60456
;WIDTH:0.580115
G1 X114.031 Y102.253 E3.66844
;WIDTH:0.556038
G1 X114.349 Y102.262 E3.68795
;WIDTH:0.542983
G1 X114.526 Y102.369 E3.7003
;WIDTH:0.496491
G1 X114.703 Y102.475 E3.71142
;WIDTH:0.45
G1 X114.894 Y102.719 E3.72632
G1 X114.946 Y102.957 E3.73804
G1 X114.946 Y104.274 E3.80138
G1 X114.926 Y104.424 E3.80866
G1 X114.703 Y104.756 E3.8279
G1 X114.506 Y104.884 E3.8392
G1 X114.295 Y104.924 E3.84953
G1 X112.928 Y104.924 E3.91528
G1 X112.703 Y104.901 E3.92616
;WIDTH:0.403603
G1 X112.478 Y104.878 E3.93573
G1 X112.685 Y104.942 E3.9449
;WIDTH:0.45
G1 X112.893 Y105.007 E3.95538
G1 X112.911 Y105.025 E3.9566
G1 X112.665 Y105.354 F7800
;TYPE:External perimeter
G1 F900
G1 X112.746 Y105.488 E3.96413
G1 X112.746 Y108.951 E4.13069
G1 X112.692 Y109.085 E4.13764
G1 X112.529 Y109.221 E4.14785
G1 X107.919 Y109.221 E4.36957
G1 X107.781 Y109.163 E4.37677
G1 X107.653 Y108.981 E4.38747
G1 X107.651 Y108.285 E4.42095
G1 X107.651 Y105.488 E4.55548
G1 X107.781 Y105.276 E4.56744
G1 X107.919 Y105.217 E4.57466
G1 X112.478 Y105.217 E4.79393
G1 X112.616 Y105.276 E4.80115
G1 X112.633 Y105.303 E4.80268
G1 X112.735 Y105.69 F7800
G1 E2.80268 F2400
G92 E0
G1 X105.836 Y102.81 F7800
G1 E2 F2400
G1 F900
G1 X106.013 Y102.692 E2.01023
G1 X114.295 Y102.692 E2.40857
G1 X114.418 Y102.736 E2.41485
G1 X114.56 Y102.897 E2.42518
G1 X114.56 Y104.258 E2.49064
G1 X114.503 Y104.41 E2.49845
G1 X114.365 Y104.525 E2.50709
G1 X106.028 Y104.539 E2.90807
G1 X105.892 Y104.482 E2.91516
G1 X105.77 Y104.323 E2.9248
G1 X105.763 Y102.957 E2.9905
G1 X105.804 Y102.858 E2.99565
G1 X106.173 Y102.703 F7800
G1 E.99565 F2400
G92 E0
G1 X104.934 Y105.109 F7800
G1 E2 F2400
;TYPE:Perimeter
G1 F3600
G1 X105.004 Y105.23 E2.00672
G1 X105.223 Y105.429 E2.02095
G1 X105.866 Y105.686 E2.05425
G1 X106.494 Y105.695 E2.08446
G1 X106.494 Y108.285 E2.20903
G1 X106.511 Y109.167 E2.25146
G1 X106.582 Y109.431 E2.26461
G1 X106.874 Y109.89 E2.29077
G1 X106.988 Y110.006 E2.29859
G1 X107.57 Y110.332 E2.33067
G1 X107.919 Y110.378 E2.3476
G1 X112.478 Y110.378 E2.56687
G1 X112.925 Y110.302 E2.58868
G1 X113.522 Y109.89 E2.62357
;WIDTH:0.488513
G1 X113.615 Y109.778 E2.63127
;WIDTH:0.527027
G1 X113.708 Y109.666 E2.63967
;WIDTH:0.565541
G1 X113.801 Y109.553 E2.64882
;WIDTH:0.604055
G1 X113.893 Y109.441 E2.65858
G1 X113.952 Y109.201 E2.67522
;WIDTH:0.630367
G1 X113.993 Y108.59 E2.71845
G1 X113.971 Y108.49 E2.72568
;WIDTH:0.585275
G1 X113.948 Y108.391 E2.73228
;WIDTH:0.540183
G1 X113.926 Y108.291 E2.73836
;WIDTH:0.495091
G1 X113.903 Y108.191 E2.74387
;WIDTH:0.45
G1 X113.903 Y105.695 E2.86392
G1 X114.295 Y105.695 E2.88277
G1 X114.787 Y105.603 E2.90684
G1 X115.037 Y105.44 E2.92119
G1 X114.716 Y108.227 E3.05612
;WIDTH:0.495091
G1 X114.676 Y108.328 E3.06196
;WIDTH:0.540183
G1 X114.636 Y108.43 E3.06846
;WIDTH:0.585275
G1 X114.596 Y108.531 E3.07552
;WIDTH:0.630367
G1 X114.556 Y108.633 E3.08325
G1 X114.515 Y108.991 E3.10869
;WIDTH:0.604055
G1 X114.412 Y109.582 E3.14907
G1 X114.412 Y109.695 E3.15668
;WIDTH:0.565541
G1 X114.411 Y109.807 E3.16368
;WIDTH:0.527027
G1 X114.41 Y109.92 E3.1702
;WIDTH:0.488513
G1 X114.41 Y110.033 E3.17618
;WIDTH:0.45
G1 X114.134 Y111.371 E3.24189
G1 X113.836 Y112.658 E3.30543
G1 X113.487 Y114.035 E3.37375
G1 X113.21 Y115.039 E3.42384
G1 X112.991 Y115.798 E3.46183
G1 X112.803 Y116.369 E3.49074
G1 X112.689 Y116.427 E3.49689
G1 X112.138 Y116.496 E3.5236
G1 X111.312 Y116.547 E3.5634
G1 X110.17 Y116.572 E3.61834
G1 X108.796 Y116.55 E3.68443
G1 X107.827 Y116.492 E3.73112
G1 X107.229 Y116.404 E3.76019
G1 X107.052 Y115.953 E3.78349
G1 X106.7 Y114.725 E3.84493
G1 X106.294 Y113.184 E3.92158
G1 X105.977 Y111.868 E3.98669
G1 X105.724 Y110.707 E4.04384
G1 X105.499 Y109.538 E4.1011
G1 X105.31 Y108.372 E4.15791
G1 X105.149 Y107.186 E4.21548
G1 X104.94 Y105.168 E4.31306
G1 E2.31306 F2400
G92 E0
G1 X104.57 Y102.334 F7800
G1 E2 F2400
;WIDTH:0.604681
G1 F3600
G1 X104.66 Y102.314 E2.00621
G1 X105.203 Y102.239 E2.04315
G1 X104.958 Y102.659 E2.07592
G1 X104.935 Y102.957 E2.09606
;WIDTH:0.564058
G1 X104.952 Y103.895 E2.15453
;WIDTH:0.53103
G1 X104.989 Y104.529 E2.19149
;WIDTH:0.522
G1 X105.133 Y104.743 E2.20621
;WIDTH:0.486
G1 X105.276 Y104.957 E2.21974
;WIDTH:0.45
G1 X105.453 Y105.119 E2.23128
G1 X105.912 Y105.303 E2.25506
G1 X106.951 Y105.31 E2.30503
G1 X106.879 Y105.488 E2.31427
G1 X106.879 Y108.95 E2.48078
G1 X106.942 Y109.294 E2.4976
G1 X107.227 Y109.7 E2.52146
G1 X107.67 Y109.96 E2.54617
G1 X107.919 Y109.993 E2.55825
G1 X112.478 Y109.993 E2.77752
G1 X112.797 Y109.938 E2.79309
G1 X113.246 Y109.622 E2.8195
G1 X113.459 Y109.282 E2.8388
G1 X113.518 Y108.951 E2.85497
G1 X113.518 Y105.488 E3.02153
G1 X113.445 Y105.31 E3.03078
G1 X114.295 Y105.31 E3.07166
G1 X114.646 Y105.243 E3.08885
G1 X115.047 Y104.957 E3.11254
G1 X115.151 Y104.734 E3.12437
;WIDTH:0.405442
G1 X115.255 Y104.512 E3.1348
;WIDTH:0.360884
G1 X115.284 Y104.258 E3.14425
;WIDTH:0.402679
G1 X115.308 Y102.957 E3.19915
;WIDTH:0.437469
G1 X115.282 Y102.756 E3.20858
;WIDTH:0.472259
G1 X115.256 Y102.556 E3.21884
G1 X114.983 Y102.194 E3.24191
G1 X115.652 Y102.316 E3.27651
G1 X115.65 Y102.665 E3.29426
;WIDTH:0.437469
G1 X115.645 Y102.969 E3.30841
;WIDTH:0.402679
G1 X115.565 Y104.449 E3.37095
;WIDTH:0.40281
G1 X115.508 Y104.797 E3.38584
;WIDTH:0.45
G1 X115.45 Y105.145 E3.40281
G1 X115.391 Y105.81 E3.43492
G1 X115.119 Y108.101 E3.54588
G1 X114.949 Y109.209 E3.59979
G1 X114.788 Y110.106 E3.64362
G1 X114.511 Y111.454 E3.70981
G1 X114.211 Y112.749 E3.77374
G1 X113.86 Y114.133 E3.84241
G1 X113.581 Y115.141 E3.89271
G1 X113.185 Y116.447 E3.95835
G1 X113.047 Y116.702 E3.9723
G1 X112.764 Y116.806 E3.9868
G1 X112.174 Y116.88 E4.0154
G1 X111.328 Y116.932 E4.05617
G1 X110.172 Y116.957 E4.11178
G1 X108.83 Y116.938 E4.17633
G1 X107.824 Y116.88 E4.2248
G1 X107.276 Y116.811 E4.25137
G1 X106.984 Y116.733 E4.26591
G1 X106.852 Y116.543 E4.27704
G1 X106.685 Y116.07 E4.30117
G1 X106.328 Y114.827 E4.36337
G1 X105.92 Y113.278 E4.44041
G1 X105.601 Y111.954 E4.50591
G1 X105.346 Y110.784 E4.5635
G1 X105.119 Y109.605 E4.62125
G1 X104.928 Y108.429 E4.67855
G1 X104.766 Y107.233 E4.7366
G1 X104.562 Y105.29 E4.83057
;WIDTH:0.486
G1 X104.551 Y104.948 E4.84856
;WIDTH:0.522
G1 X104.54 Y104.607 E4.86803
;WIDTH:0.53103
G1 X104.486 Y103.913 E4.90854
;WIDTH:0.564058
G1 X104.436 Y102.974 E4.96714
;WIDTH:0.604681
G1 X104.414 Y102.369 E5.00794
G1 X104.511 Y102.347 E5.01464
G1 X103.994 Y102.028 F7800
;WIDTH:0.45
G1 F3600
G1 X104.099 Y101.974 E5.02032
G1 X104.591 Y101.856 E5.04465
G1 X105.291 Y101.766 E5.07859
;WIDTH:0.485787
G1 X105.533 Y101.764 E5.09131
;WIDTH:0.521575
G1 X105.775 Y101.762 E5.10511
;WIDTH:0.557363
G1 X106.017 Y101.76 E5.11999
;WIDTH:0.584094
G1 X107.186 Y101.72 E5.19581
;WIDTH:0.600327
G1 X108.671 Y101.695 E5.29509
;WIDTH:0.604403
G1 X110.239 Y101.689 E5.4007
G1 X113.045 Y101.726 E5.58971
;WIDTH:0.580115
G1 X114.39 Y101.785 E5.67631
;WIDTH:0.542983
G1 X114.667 Y101.786 E5.69285
;WIDTH:0.496491
G1 X114.944 Y101.787 E5.70778
;WIDTH:0.45
G1 X115.53 Y101.874 E5.73627
G1 X116.029 Y102.032 E5.76144
G1 X116.053 Y102.357 E5.77711
G1 X115.912 Y104.297 E5.87066
G1 X115.775 Y105.85 E5.94564
G1 X115.501 Y108.153 E6.05719
G1 X115.33 Y109.272 E6.11163
G1 X115.167 Y110.179 E6.15595
G1 X114.888 Y111.536 E6.22258
G1 X114.586 Y112.84 E6.28696
G1 X114.232 Y114.232 E6.35604
G1 X113.827 Y115.7 E6.42928
G1 X113.629 Y116.356 E6.46224
G1 X113.429 Y116.832 E6.48707
G1 X113.221 Y117.067 E6.50216
G1 X112.839 Y117.185 E6.52139
G1 X112.21 Y117.264 E6.55188
G1 X111.344 Y117.317 E6.59361
G1 X110.173 Y117.343 E6.64994
G1 X108.816 Y117.323 E6.71521
G1 X107.789 Y117.264 E6.76469
G1 X107.161 Y117.185 E6.79513
G1 X106.724 Y117.03 E6.81743
G1 X106.499 Y116.702 E6.83656
G1 X106.317 Y116.188 E6.86279
G1 X105.956 Y114.929 E6.92578
G1 X105.546 Y113.373 E7.00317
G1 X105.225 Y112.041 E7.06907
G1 X104.969 Y110.862 E7.1271
G1 X104.74 Y109.673 E7.18534
G1 X104.547 Y108.486 E7.24318
G1 X104.384 Y107.28 E7.30171
G1 X104.205 Y105.645 E7.38082
G1 X104.061 Y103.946 E7.46283
G1 X103.962 Y102.55 E7.53014
G1 X103.956 Y102.065 E7.55347
G1 X103.579 Y101.942 F7800
;TYPE:External perimeter
G1 F1800
G1 X103.579 Y101.886 E7.55616
G1 X103.687 Y101.757 E7.56425
G1 X103.999 Y101.602 E7.58101
G1 X104.534 Y101.475 E7.60746
G1 X105.258 Y101.382 E7.64257
G1 X105.997 Y101.321 E7.67823
G1 X107.169 Y101.267 E7.73466
G1 X108.663 Y101.235 E7.80653
G1 X110.242 Y101.226 E7.88248
G1 X113.064 Y101.275 E8.01823
G1 X114.428 Y101.355 E8.08395
G1 X115.099 Y101.42 E8.11637
G1 X115.689 Y101.517 E8.14513
G1 X116.207 Y101.689 E8.17138
G1 X116.402 Y101.848 E8.18348
G1 X116.439 Y102.357 E8.20803
G1 X116.297 Y104.328 E8.30307
G1 X116.158 Y105.89 E8.37849
G1 X115.884 Y108.205 E8.49061
G1 X115.71 Y109.335 E8.5456
G1 X115.546 Y110.252 E8.5904
G1 X115.264 Y111.618 E8.65749
G1 X114.961 Y112.931 E8.7223
G1 X114.605 Y114.331 E8.79178
G1 X114.188 Y115.838 E8.86699
G1 X113.964 Y116.566 E8.90362
G1 X113.69 Y117.157 E8.93495
G1 X113.443 Y117.387 E8.95118
G1 X112.914 Y117.564 E8.97801
G1 X112.246 Y117.648 E9.01039
G1 X111.36 Y117.703 E9.05309
G1 X110.175 Y117.729 E9.1101
G1 X108.802 Y117.709 E9.17614
G1 X107.754 Y117.648 E9.22663
G1 X107.086 Y117.564 E9.25901
G1 X106.614 Y117.409 E9.2829
G1 X106.397 Y117.247 E9.29592
G1 X106.146 Y116.86 E9.31811
G1 X105.95 Y116.306 E9.34637
G1 X105.584 Y115.032 E9.41012
G1 X105.172 Y113.467 E9.48796
G1 X104.849 Y112.127 E9.55426
G1 X104.591 Y110.939 E9.61273
G1 X104.36 Y109.74 E9.67146
G1 X104.165 Y108.543 E9.72979
G1 X104.001 Y107.326 E9.78885
G1 X103.821 Y105.682 E9.86839
G1 X103.676 Y103.976 E9.95074
G1 X103.578 Y102.577 E10.01819
G1 X103.579 Y102.002 E10.04585
G1 X103.833 Y101.693 F7800
G1 E8.04585 F2400
G92 E0
G1 X114.155 Y108.145 F7800
G1 E2 F2400
;TYPE:Solid infill
;WIDTH:0.413425
G1 F1200
G1 X114.176 Y107.431 E2.0311
;WIDTH:0.452492
G1 X114.198 Y106.717 E2.06568
;WIDTH:0.491559
G1 X114.22 Y106.003 E2.10374
;WIDTH:0.491833
G1 X114.665 Y105.946 E2.12766
G1 X114.639 Y106.246 E2.14371
;WIDTH:0.491559
G1 X114.58 Y106.885 E2.1779
;WIDTH:0.452492
G1 X114.522 Y107.525 E2.20901
;WIDTH:0.413425
G1 X114.463 Y108.164 E2.23695
;WIDTH:0.374358
G1 X114.286 Y108.468 E2.25055
G1 X114.227 Y108.324 E2.25657
G1 E.25657 F2400
G92 E0
G1 X107.311 Y115.805 F7800
G1 E2 F2400
;WIDTH:0.45
G1 F1200
G1 X107.688 Y116.183 E2.02568
G1 X107.337 Y116.205 E2.0426
;WIDTH:0.404381
G1 X107.318 Y116.276 E2.04572
G1 X107.389 Y116.257 E2.04884
G1 X107.378 Y116.216 E2.05064
G1 X108.281 Y116.23 F7800
;WIDTH:0.45
G1 F1200
G1 X107.091 Y115.04 E2.13158
G1 X106.883 Y114.287 F7800
G1 F1200
G1 X108.86 Y116.263 E2.26602
G1 X109.413 Y116.271 E2.29262
G1 X106.688 Y113.546 E2.47797
G1 X106.502 Y112.815 E2.51425
G1 X109.966 Y116.279 E2.74987
G1 X110.507 Y116.275 E2.77589
G1 X106.33 Y112.097 E3.06004
G1 X106.169 Y111.392 E3.09482
G1 X111.041 Y116.263 E3.42617
G1 X111.564 Y116.241 E3.45135
G1 X106.018 Y110.694 E3.82862
G1 X105.886 Y110.018 E3.86175
G1 X112.078 Y116.21 E4.28292
G1 X112.565 Y116.151 E4.30651
G1 X105.761 Y109.347 E4.76931
G1 X105.725 Y108.862 E4.7927
;WIDTH:0.53506
G1 X105.728 Y108.879 E4.79371
G1 X105.844 Y108.854 E4.80068
G1 X106.201 Y109.182 E4.82914
G1 X106.162 Y108.634 E4.86139
;WIDTH:0.562087
G1 X106.148 Y108.267 E4.88419
;WIDTH:0.589115
G1 X106.135 Y107.901 E4.90816
G1 X106.158 Y107.768 E4.91699
;WIDTH:0.542743
G1 X106.181 Y107.635 E4.92504
;WIDTH:0.496371
G1 X106.204 Y107.502 E4.93231
;WIDTH:0.45
G1 X106.204 Y105.982 E5.00542
G1 X105.791 Y105.96 E5.02531
G1 X105.284 Y105.758 E5.05156
G1 X105.49 Y107.55 E5.13832
;WIDTH:0.496371
G1 X105.531 Y107.679 E5.14561
;WIDTH:0.542743
G1 X105.572 Y107.807 E5.15363
;WIDTH:0.589115
G1 X105.613 Y107.936 E5.16249
G1 X105.653 Y108.304 E5.18672
;WIDTH:0.562087
G1 X105.694 Y108.672 E5.20971
G1 X105.846 Y107.502 F7800
;WIDTH:0.423067
G1 F1200
G1 X105.832 Y107.303 E5.21863
;WIDTH:0.449813
G1 X105.819 Y107.104 E5.22822
;WIDTH:0.488518
G1 X105.8 Y106.748 E5.24708
;WIDTH:0.527223
G1 X105.78 Y106.393 E5.26761
G1 E3.26761 F2400
G92 E0
G1 X106.763 Y109.995 F7800
G1 E2 F2400
;WIDTH:0.404381
G1 F1200
G1 X107.311 Y110.44 E2.02994
;WIDTH:0.45
G1 X107.583 Y110.624 E2.04573
G1 X112.702 Y115.742 E2.39388
G1 X112.83 Y115.326 E2.41481
G1 X108.172 Y110.668 E2.73164
G1 X108.717 Y110.668 E2.75785
G1 X112.948 Y114.898 E3.0456
G1 X113.066 Y114.471 E3.06691
G1 X109.263 Y110.668 E3.32559
G1 X109.808 Y110.668 E3.3518
G1 X113.184 Y114.044 E3.58143
G1 X113.296 Y113.61 E3.60299
G1 X110.353 Y110.668 E3.80314
G1 X110.899 Y110.668 E3.8294
G1 X113.407 Y113.175 E3.99996
G1 X113.517 Y112.741 E4.02149
G1 X111.444 Y110.668 E4.16249
G1 X112.502 Y110.665 E4.21338
G1 X113.057 Y110.555 E4.24059
G1 X113.667 Y110.155 E4.27567
G1 X114.08 Y109.725 E4.30435
G1 X114.123 Y109.992 E4.31736
G1 X113.852 Y111.31 E4.38208
G1 X113.622 Y112.3 E4.43096
G1 X112.126 Y110.804 E4.53272
G1 X112.883 Y111.001 F7800
;WIDTH:0.470166
G1 F1200
G1 X113.197 Y110.928 E4.54904
G1 X113.574 Y110.694 E4.5715
G1 X113.398 Y111.516 E4.61405
G1 X113.019 Y111.138 E4.64114
M106 S211.65
;LAYER_CHANGE
;Z:6.40556
;HEIGHT:0.0555558
G1 E2.64114 F2400
G92 E0
G1 Z6.406 F7800
G1 X107.57 Y118.39
G1 E2 F2400
;TYPE:Support material
;WIDTH:0.35
;HEIGHT:0.294444
G1 F3600
G1 X110 Y118.488 E2.08539
G1 X112.753 Y118.389 E2.18211
G1 X112.753 Y121.11 E2.27765
G1 X107.247 Y121.11 E2.47097
G1 X107.247 Y118.389 E2.56651
G1 X107.527 Y118.389 E2.57634
G1 E.57634 F2400
G92 E0
G1 X112.121 Y108.596 F7800
G1 E2 F2400
G1 F3600
G1 X108.276 Y108.596 E2.135
G1 X108.276 Y105.842 E2.23169
G1 X112.121 Y105.842 E2.36669
G1 X112.121 Y108.553 E2.46187
G1 X111.992 Y107.214 F7800
G1 F3600
G1 X108.405 Y107.214 E2.58781
G1 E.58781 F2400
G92 E0
G1 X107.182 Y103.914 F7800
G1 E2 F2400
G1 F3600
G1 X106.418 Y103.914 E2.02682
G1 X106.418 Y103.317 E2.04778
G1 X107.182 Y103.317 E2.0746
G1 X107.182 Y103.871 E2.09405
G1 E.09405 F2400
G92 E0
G1 X113.906 Y103.447 F7800
G1 E2 F2400
G1 F3600
G1 X113.906 Y103.914 E2.0164
G1 X112.818 Y103.914 E2.0546
G1 X112.818 Y103.317 E2.07556
G1 X113.906 Y103.317 E2.11376
G1 X113.906 Y103.404 E2.11681
;LAYER_CHANGE
;Z:6.65
;HEIGHT:0.244444
G1 E.11681 F2400
G92 E0
G1 Z6.65 F7800
G1 X107.826 Y104.882
G1 E2 F2400
;TYPE:Perimeter
;WIDTH:0.365269
;HEIGHT:0.3
G1 F900
G1 X107.919 Y104.878 E2.00349
;WIDTH:0.357207
G1 X112.478 Y104.878 E2.17
G1 X112.953 Y105.068 F7800
;WIDTH:0.45
G1 F900
G1 X112.969 Y105.085 E2.17112
G1 X113.132 Y105.488 E2.19203
G1 X113.132 Y108.95 E2.35854
G1 X113.097 Y109.149 E2.36826
G1 X112.893 Y109.431 E2.385
G1 X112.737 Y109.546 E2.39432
G1 X112.478 Y109.607 E2.40712
G1 X107.919 Y109.607 E2.62639
G1 X107.806 Y109.596 E2.63185
G1 X107.504 Y109.431 E2.6484
G1 X107.295 Y109.134 E2.66587
G1 X107.265 Y108.367 E2.70279
G1 X107.265 Y105.488 E2.84126
G1 X107.428 Y105.085 E2.86217
G1 X107.506 Y105.009 E2.86741
;WIDTH:0.443496
G1 X107.666 Y104.946 E2.87554
;WIDTH:0.404382
G1 X107.826 Y104.882 E2.88285
;WIDTH:0.407634
G1 X107.593 Y104.903 E2.89287
;WIDTH:0.45
G1 X107.36 Y104.924 E2.90412
G1 X106.058 Y104.924 E2.96674
G1 X105.807 Y104.867 E2.97912
G1 X105.577 Y104.684 E2.99326
G1 X105.407 Y104.386 E3.00976
G1 X105.407 Y102.957 E3.07849
G1 X105.442 Y102.76 E3.08811
G1 X105.649 Y102.475 E3.10505
;WIDTH:0.48895
G1 X105.737 Y102.4 E3.11117
;WIDTH:0.5279
G1 X105.824 Y102.325 E3.11781
;WIDTH:0.56685
G1 X105.911 Y102.25 E3.12501
;WIDTH:0.595919
G1 X107.259 Y102.233 E3.21438
;WIDTH:0.612724
G1 X108.704 Y102.225 E3.31321
;WIDTH:0.616942
G1 X112.966 Y102.235 E3.60694
;WIDTH:0.591787
G1 X113.934 Y102.248 E3.67062
;WIDTH:0.566909
G1 X114.323 Y102.259 E3.69501
;WIDTH:0.54986
G1 X114.499 Y102.367 E3.70751
;WIDTH:0.49993
G1 X114.674 Y102.475 E3.71868
;WIDTH:0.45
G1 X114.849 Y102.685 E3.73183
G1 X114.916 Y102.957 E3.7453
G1 X114.916 Y104.274 E3.80864
G1 X114.897 Y104.421 E3.81577
G1 X114.674 Y104.756 E3.83513
G1 X114.301 Y104.923 E3.85479
G1 X112.928 Y104.924 E3.92083
G1 X112.703 Y104.901 E3.93171
;WIDTH:0.403603
G1 X112.478 Y104.878 E3.94128
G1 X112.686 Y104.943 E3.9505
;WIDTH:0.45
G1 X112.893 Y105.007 E3.96092
G1 X112.911 Y105.025 E3.96214
G1 X112.665 Y105.354 F7800
;TYPE:External perimeter
G1 F900
G1 X112.746 Y105.488 E3.96967
G1 X112.746 Y108.95 E4.13618
G1 X112.692 Y109.085 E4.14317
G1 X112.512 Y109.218 E4.15393
G1 X107.919 Y109.221 E4.37484
G1 X107.781 Y109.163 E4.38204
G1 X107.653 Y108.98 E4.39278
G1 X107.651 Y108.367 E4.42226
G1 X107.651 Y105.488 E4.56073
G1 X107.781 Y105.276 E4.57269
G1 X107.919 Y105.217 E4.57991
G1 X112.478 Y105.217 E4.79918
G1 X112.616 Y105.276 E4.8064
G1 X112.633 Y105.303 E4.80793
G1 X112.735 Y105.69 F7800
G1 E2.80793 F2400
G92 E0
G1 X105.865 Y102.81 F7800
G1 E2 F2400
G1 F900
G1 X106.041 Y102.692 E2.01019
G1 X107.259 Y102.692 E2.06877
G1 X114.266 Y102.692 E2.40578
G1 X114.402 Y102.748 E2.41285
G1 X114.531 Y102.891 E2.42211
G1 X114.531 Y104.274 E2.48863
G1 X114.474 Y104.41 E2.49572
G1 X114.277 Y104.538 E2.50702
G1 X106.058 Y104.539 E2.90233
G1 X105.922 Y104.482 E2.90942
G1 X105.793 Y104.314 E2.91961
G1 X105.793 Y102.957 E2.98488
G1 X105.834 Y102.858 E2.99003
G1 X106.202 Y102.703 F7800
G1 E.99003 F2400
G92 E0
G1 X106.494 Y105.695 F7800
G1 E2 F2400
;TYPE:Perimeter
G1 F3600
G1 X106.494 Y108.95 E2.15655
G1 X106.579 Y109.422 E2.17962
G1 X106.874 Y109.89 E2.20623
G1 X107.053 Y110.063 E2.2182
G1 X107.655 Y110.352 E2.25032
G1 X107.919 Y110.378 E2.26308
G1 X111.657 Y110.378 E2.44286
G1 X112.715 Y110.357 E2.49376
G1 X113.083 Y110.235 E2.51241
G1 X113.523 Y109.89 E2.5393
;WIDTH:0.487558
G1 X113.64 Y109.737 E2.54947
;WIDTH:0.525117
G1 X113.757 Y109.585 E2.56049
;WIDTH:0.562676
G1 X113.875 Y109.432 E2.5725
G1 X113.957 Y108.95 E2.60289
;WIDTH:0.594434
G1 X113.975 Y108.425 E2.63762
;WIDTH:0.631663
G1 X113.994 Y107.9 E2.67479
G1 X113.971 Y107.8 E2.68205
;WIDTH:0.586247
G1 X113.949 Y107.7 E2.68871
;WIDTH:0.540831
G1 X113.926 Y107.601 E2.69475
;WIDTH:0.495415
G1 X113.903 Y107.501 E2.70027
;WIDTH:0.45
G1 X113.903 Y105.695 E2.78713
G1 X114.5 Y105.675 E2.81586
G1 X114.913 Y105.461 E2.83823
G1 X114.709 Y107.525 E2.93798
;WIDTH:0.495415
G1 X114.671 Y107.628 E2.94388
;WIDTH:0.540831
G1 X114.634 Y107.73 E2.95033
;WIDTH:0.586247
G1 X114.597 Y107.833 E2.95745
;WIDTH:0.631663
G1 X114.559 Y107.936 E2.96522
G1 X114.523 Y108.318 E2.99237
;WIDTH:0.607893
G1 X114.485 Y108.653 E3.01523
;WIDTH:0.582548
G1 X114.447 Y108.987 E3.03696
;WIDTH:0.562676
G1 X114.327 Y109.821 E3.08933
;WIDTH:0.525117
G1 X114.3 Y110.082 E3.10441
;WIDTH:0.487558
G1 X114.272 Y110.342 E3.11821
;WIDTH:0.45
G1 X113.999 Y111.688 E3.18427
G1 X113.706 Y112.974 E3.24771
G1 X113.127 Y115.216 E3.35908
G1 X112.919 Y115.962 E3.39633
G1 X112.726 Y116.539 E3.42559
G1 X112.107 Y116.63 E3.45568
G1 X111.294 Y116.68 E3.49486
G1 X110.168 Y116.705 E3.54903
G1 X108.813 Y116.683 E3.61421
G1 X107.859 Y116.626 E3.66018
G1 X107.285 Y116.542 E3.68808
G1 X107.117 Y116.091 E3.71123
G1 X106.726 Y114.683 E3.78151
G1 X106.375 Y113.307 E3.84981
G1 X106.065 Y111.978 E3.91545
G1 X105.816 Y110.796 E3.97355
G1 X105.598 Y109.622 E4.03098
G1 X105.415 Y108.443 E4.08836
G1 X105.268 Y107.301 E4.14374
G1 X105.071 Y105.268 E4.24198
G1 X105.472 Y105.562 E4.2659
G1 X105.907 Y105.687 E4.28767
G1 X106.434 Y105.695 E4.31302
G1 E2.31302 F2400
G92 E0
G1 X104.673 Y102.301 F7800
G1 E2 F2400
;WIDTH:0.560233
G1 F3600
G1 X104.755 Y102.28 E2.00523
G1 X105.303 Y102.198 E2.0395
G1 X105.027 Y102.609 E2.07012
G1 X105.01 Y102.783 E2.08093
;WIDTH:0.534406
G1 X104.992 Y102.957 E2.09119
;WIDTH:0.508579
G1 X105.016 Y104.476 E2.17536
;WIDTH:0.473221
G1 X105.305 Y104.957 E2.20397
;WIDTH:0.45
G1 X105.639 Y105.214 E2.22424
G1 X106.058 Y105.31 E2.24491
G1 X106.951 Y105.31 E2.28786
G1 X106.879 Y105.488 E2.2971
G1 X106.879 Y108.95 E2.46361
G1 X106.94 Y109.287 E2.48008
G1 X107.227 Y109.7 E2.50427
G1 X107.731 Y109.974 E2.53186
G1 X107.919 Y109.993 E2.54095
G1 X112.478 Y109.993 E2.76022
G1 X112.91 Y109.89 E2.78158
G1 X113.17 Y109.7 E2.79707
G1 X113.459 Y109.281 E2.82155
G1 X113.518 Y108.95 E2.83772
G1 X113.518 Y105.488 E3.00423
G1 X113.445 Y105.31 E3.01348
G1 X114.433 Y105.295 E3.061
G1 X114.946 Y105.029 E3.08879
G1 X115.018 Y104.957 E3.09369
;WIDTH:0.486087
G1 X115.12 Y104.815 E3.10289
;WIDTH:0.522175
G1 X115.221 Y104.674 E3.11279
;WIDTH:0.558263
G1 X115.323 Y104.532 E3.12356
G1 X115.325 Y104.722 E3.13526
;WIDTH:0.522175
G1 X115.327 Y104.912 E3.14611
;WIDTH:0.486087
G1 X115.33 Y105.102 E3.1561
;WIDTH:0.45
G1 X115.122 Y107.285 E3.26157
G1 X114.983 Y108.379 E3.31461
G1 X114.812 Y109.507 E3.36948
G1 X114.651 Y110.414 E3.41379
G1 X114.376 Y111.769 E3.48029
G1 X114.081 Y113.063 E3.54412
G1 X113.738 Y114.435 E3.61214
G1 X113.191 Y116.4 E3.71024
G1 X112.996 Y116.835 E3.73317
G1 X112.722 Y116.941 E3.7473
G1 X112.143 Y117.014 E3.77537
G1 X111.31 Y117.065 E3.81551
G1 X110.17 Y117.091 E3.87035
G1 X108.79 Y117.068 E3.93673
G1 X107.688 Y116.992 E3.98986
G1 X107.05 Y116.878 E4.02103
G1 X106.913 Y116.683 E4.03249
G1 X106.749 Y116.206 E4.05675
G1 X106.353 Y114.782 E4.12784
G1 X106 Y113.399 E4.19649
G1 X105.688 Y112.061 E4.26257
G1 X105.437 Y110.871 E4.32106
G1 X105.218 Y109.687 E4.37897
G1 X105.033 Y108.498 E4.43684
G1 X104.885 Y107.346 E4.4927
G1 X104.682 Y105.245 E4.59422
;WIDTH:0.471987
G1 X104.641 Y104.585 E4.62784
;WIDTH:0.473221
G1 X104.601 Y104.081 E4.65362
;WIDTH:0.508579
G1 X104.548 Y102.971 E4.71519
;WIDTH:0.534406
G1 X104.541 Y102.654 E4.73378
;WIDTH:0.560233
G1 X104.534 Y102.336 E4.75345
G1 X104.615 Y102.316 E4.75861
G1 E2.75861 F2400
G92 E0
G1 X115.303 Y102.773 F7800
G1 E2 F2400
;WIDTH:0.580237
G1 F900
G1 X115.272 Y102.708 E2.00463
;WIDTH:0.530505
G1 X115.212 Y102.583 E2.01269
;WIDTH:0.480773
G1 X115.152 Y102.459 E2.01984
;WIDTH:0.431042
G1 X114.876 Y102.156 E2.03858
G1 X115.523 Y102.282 E2.06872
G1 X115.526 Y102.435 E2.07572
;WIDTH:0.480773
G1 X115.492 Y102.566 E2.08275
;WIDTH:0.530505
G1 X115.459 Y102.696 E2.09055
;WIDTH:0.580237
G1 X115.425 Y102.826 E2.0992
;WIDTH:0.629969
G1 X115.392 Y102.957 E2.10873
G1 X115.332 Y102.832 E2.11851
;WIDTH:0.580237
G1 X115.329 Y102.827 E2.11889
G1 X115.392 Y102.957 F7800
;WIDTH:0.629969
G1 F900
G1 X115.37 Y103.615 E2.16533
;WIDTH:0.586743
G1 X115.349 Y104.274 E2.20829
;WIDTH:0.558263
G1 X115.323 Y104.532 E2.22426
G1 E.22426 F2400
G92 E0
G1 X104.128 Y102.02 F7800
G1 E2 F2400
;WIDTH:0.45
G1 F3600
G1 X104.196 Y101.98 E2.00379
G1 X104.686 Y101.845 E2.02824
G1 X105.313 Y101.755 E2.05871
;WIDTH:0.48895
G1 X105.559 Y101.752 E2.07174
;WIDTH:0.5279
G1 X105.806 Y101.749 E2.08602
;WIDTH:0.56685
G1 X106.053 Y101.746 E2.1015
;WIDTH:0.595919
G1 X107.253 Y101.702 E2.18111
;WIDTH:0.612724
G1 X108.703 Y101.677 E2.28029
;WIDTH:0.616942
G1 X110.238 Y101.67 E2.38608
G1 X112.974 Y101.708 E2.57466
;WIDTH:0.591787
G1 X114.288 Y101.769 E2.66119
;WIDTH:0.55169
G1 X114.468 Y101.769 E2.67213
;WIDTH:0.517793
G1 X114.647 Y101.768 E2.68225
;WIDTH:0.483896
G1 X114.827 Y101.768 E2.69167
;WIDTH:0.45
G1 X115.397 Y101.858 E2.71942
G1 X115.884 Y102.021 E2.74412
G1 X115.906 Y102.382 E2.76152
G1 X115.769 Y104.474 E2.86235
G1 X115.635 Y106.085 E2.9401
G1 X115.505 Y107.329 E3.00026
G1 X115.365 Y108.432 E3.05374
G1 X115.193 Y109.57 E3.1091
G1 X115.03 Y110.486 E3.15385
G1 X114.753 Y111.851 E3.22084
G1 X114.456 Y113.153 E3.28507
G1 X114.111 Y114.532 E3.35344
G1 X113.723 Y115.964 E3.4248
G1 X113.57 Y116.48 E3.45069
G1 X113.387 Y116.949 E3.4749
G1 X113.168 Y117.204 E3.49107
G1 X112.798 Y117.32 E3.50972
G1 X112.179 Y117.398 E3.53973
G1 X111.326 Y117.451 E3.58084
G1 X110.171 Y117.476 E3.6364
G1 X108.832 Y117.457 E3.70081
G1 X107.82 Y117.398 E3.74957
G1 X107.202 Y117.32 E3.77953
G1 X106.781 Y117.169 E3.80104
G1 X106.559 Y116.838 E3.82021
G1 X106.38 Y116.321 E3.84652
G1 X105.98 Y114.882 E3.91836
G1 X105.626 Y113.49 E3.98744
G1 X105.312 Y112.145 E4.05387
G1 X105.059 Y110.946 E4.11281
G1 X104.838 Y109.752 E4.17121
G1 X104.651 Y108.552 E4.22962
G1 X104.502 Y107.39 E4.28597
G1 X104.346 Y105.881 E4.35893
G1 X104.205 Y104.109 E4.44443
G1 X104.107 Y102.569 E4.51865
G1 X104.103 Y102.066 E4.54284
G1 X103.724 Y101.957 F7800
;TYPE:External perimeter
G1 F1800
G1 X103.725 Y101.884 E4.54635
G1 X103.847 Y101.737 E4.55554
G1 X104.137 Y101.59 E4.57118
G1 X104.626 Y101.464 E4.59547
G1 X105.277 Y101.371 E4.6271
G1 X106.031 Y101.302 E4.66352
G1 X107.233 Y101.244 E4.7214
G1 X108.693 Y101.21 E4.79164
G1 X110.242 Y101.201 E4.86614
G1 X112.994 Y101.252 E4.99852
G1 X114.328 Y101.335 E5.0628
G1 X114.899 Y101.389 E5.09039
G1 X115.527 Y101.494 E5.12101
G1 X116.058 Y101.677 E5.14802
G1 X116.259 Y101.848 E5.16071
G1 X116.293 Y102.382 E5.18645
G1 X116.153 Y104.502 E5.28864
G1 X116.019 Y106.121 E5.36677
G1 X115.888 Y107.373 E5.42732
G1 X115.747 Y108.485 E5.48123
G1 X115.573 Y109.633 E5.53708
G1 X115.409 Y110.558 E5.58226
G1 X115.13 Y111.932 E5.64969
G1 X114.831 Y113.243 E5.71436
G1 X114.485 Y114.63 E5.78311
G1 X114.086 Y116.096 E5.85618
G1 X113.901 Y116.702 E5.88665
G1 X113.636 Y117.291 E5.91771
G1 X113.393 Y117.523 E5.93387
G1 X112.874 Y117.699 E5.96023
G1 X112.216 Y117.782 E5.99213
G1 X111.342 Y117.836 E6.03425
G1 X110.172 Y117.862 E6.09054
G1 X108.818 Y117.842 E6.15567
G1 X107.784 Y117.782 E6.20549
G1 X107.126 Y117.699 E6.23739
G1 X106.662 Y117.544 E6.26092
G1 X106.451 Y117.383 E6.27369
G1 X106.205 Y116.994 E6.29583
G1 X106.012 Y116.435 E6.32427
G1 X105.608 Y114.981 E6.39685
G1 X105.251 Y113.582 E6.46629
G1 X104.935 Y112.228 E6.53316
G1 X104.681 Y111.02 E6.59253
G1 X104.458 Y109.816 E6.65142
G1 X104.269 Y108.606 E6.71032
G1 X104.119 Y107.434 E6.76715
G1 X103.962 Y105.916 E6.84055
G1 X103.821 Y104.137 E6.92638
G1 X103.719 Y102.55 E7.00287
G1 X103.724 Y102.017 E7.02851
G1 X103.957 Y101.692 F7800
G1 E5.02851 F2400
G92 E0
G1 X105.412 Y105.859 F7800
G1 E2 F2400
;TYPE:Solid infill
G1 F1200
G1 X105.853 Y105.97 E2.02187
G1 X106.204 Y105.982 E2.03876
G1 X106.204 Y106.671 E2.0719
;WIDTH:0.494204
G1 X106.182 Y106.858 E2.08199
;WIDTH:0.538408
G1 X106.16 Y107.044 E2.09306
;WIDTH:0.582613
G1 X106.138 Y107.231 E2.10523
G1 X106.156 Y107.799 E2.14196
;WIDTH:0.546302
G1 X106.174 Y108.367 E2.17612
;WIDTH:0.509992
G1 X106.201 Y108.979 E2.21017
;WIDTH:0.464722
G1 X106.3 Y109.508 E2.23704
G1 X106.647 Y110.064 E2.26977
;WIDTH:0.45
G1 X106.901 Y110.305 E2.28661
G1 X107.561 Y110.621 E2.3218
G1 X107.924 Y110.668 E2.3394
G1 X109.401 Y110.668 E2.41044
G1 X106.691 Y113.378 E2.59477
G1 X106.347 Y111.915 E2.66705
G1 X106.019 Y110.304 E2.74612
;WIDTH:0.464263
G1 X105.879 Y109.498 E2.78692
;WIDTH:0.465252
G1 X105.798 Y108.978 E2.81323
;WIDTH:0.509992
G1 X105.731 Y108.396 E2.84579
;WIDTH:0.546302
G1 X105.676 Y107.827 E2.88015
;WIDTH:0.582613
G1 X105.621 Y107.258 E2.9171
G1 X105.581 Y107.074 E2.92927
;WIDTH:0.538408
G1 X105.54 Y106.891 E2.94036
;WIDTH:0.494204
G1 X105.499 Y106.707 E2.95047
;WIDTH:0.45
G1 X105.432 Y106.051 E2.98219
G1 E.98219 F2400
G92 E0
G1 X106.428 Y110.397 F7800
G1 E2 F2400
G1 F1200
G1 X106.735 Y110.653 E2.01923
G1 X107.432 Y110.985 E2.05636
G1 X107.924 Y111.053 E2.08025
G1 X108.47 Y111.053 E2.10651
G1 X106.907 Y112.617 E2.21286
G1 X106.467 Y110.586 E2.31281
G1 X106.971 Y111.183 F7800
;WIDTH:0.431041
G1 F1200
G1 X107.231 Y111.308 E2.326
G1 X107.59 Y111.401 E2.34296
G1 X107.119 Y111.872 E2.37342
G1 X107.011 Y111.372 E2.39681
G1 E.39681 F2400
G92 E0
G1 X106.802 Y113.812 F7800
G1 E2 F2400
;WIDTH:0.45
G1 F1200
G1 X109.947 Y110.668 E2.21388
G1 X110.492 Y110.668 E2.24009
G1 X106.913 Y114.247 E2.48353
G1 X107.025 Y114.68 E2.50504
G1 X111.037 Y110.668 E2.77793
G1 X111.583 Y110.668 E2.80419
G1 X107.144 Y115.107 E3.10613
G1 X107.262 Y115.533 E3.12739
G1 X112.128 Y110.668 E3.45834
G1 X113.252 Y110.29 F7800
;WIDTH:0.404381
G1 F1200
G1 X112.965 Y110.491 E3.4732
;WIDTH:0.45
G1 X112.692 Y110.649 E3.48837
G1 X107.381 Y115.96 E3.84962
G1 X107.587 Y116.299 E3.8687
G1 X114.005 Y109.881 E4.30524
G1 X114.127 Y109.578 E4.32095
;WIDTH:0.404381
G1 X114.086 Y109.589 E4.32275
G1 X114.067 Y109.518 E4.32587
G1 X114.138 Y109.537 E4.32899
G1 X113.947 Y110.485 F7800
;WIDTH:0.45
G1 F1200
G1 X108.081 Y116.351 E4.72799
G1 X108.596 Y116.381 E4.7528
G1 X113.809 Y111.168 E5.10738
G1 X113.663 Y111.859 E5.14135
G1 X109.122 Y116.401 E5.45026
G1 X109.659 Y116.408 E5.47609
G1 X113.502 Y112.565 E5.73749
G1 X113.33 Y113.283 E5.773
G1 X110.198 Y116.415 E5.98603
G1 X110.756 Y116.403 E6.01287
G1 X113.149 Y114.009 E6.17567
G1 X112.953 Y114.75 E6.21254
G1 X111.315 Y116.389 E6.32399
G1 X112.623 Y115.615 F7800
;WIDTH:0.434455
G1 F1200
G1 X111.876 Y116.362 E6.37275
G1 X112.515 Y116.294 E6.40241
G1 X112.759 Y115.479 E6.44168
G1 E4.44168 F2400
G92 E0
G1 X114.586 Y105.954 F7800
G1 E2 F2400
;WIDTH:0.440779
G1 F1200
G1 X114.51 Y106.823 E2.04095
;WIDTH:0.405413
G1 X114.457 Y107.472 E2.06865
;WIDTH:0.370047
G1 X114.285 Y107.78 E2.0821
G1 X114.152 Y107.456 E2.09545
;WIDTH:0.405413
G1 X114.173 Y106.715 E2.12698
;WIDTH:0.440779
G1 X114.193 Y105.975 E2.16173
G1 X114.394 Y105.964 E2.17118
M106 S214.2
;LAYER_CHANGE
;Z:6.7
;HEIGHT:0.0499997
G1 E.17118 F2400
G92 E0
G1 Z6.7 F7800
G1 X112.753 Y121.11
G1 E2 F2400
;TYPE:Support material
;WIDTH:0.35
;HEIGHT:0.294444
G1 F3600
G1 X107.247 Y121.11 E2.19332
G1 X107.247 Y118.472 E2.28594
G1 X110 Y118.612 E2.38272
G1 X112.753 Y118.472 E2.4795
G1 X112.753 Y121.067 E2.57061
G1 E.57061 F2400
G92 E0
G1 X112.121 Y108.596 F7800
G1 E2 F2400
G1 F3600
G1 X108.276 Y108.596 E2.135
G1 X108.276 Y105.842 E2.23169
G1 X112.121 Y105.842 E2.36669
G1 X112.121 Y108.553 E2.46187
G1 X111.992 Y107.214 F7800
G1 F3600
G1 X108.405 Y107.214 E2.58781
G1 E.58781 F2400
G92 E0
G1 X107.182 Y103.914 F7800
G1 E2 F2400
G1 F3600
G1 X106.447 Y103.914 E2.02581
G1 X106.447 Y103.317 E2.04677
G1 X107.182 Y103.317 E2.07258
G1 X107.182 Y103.871 E2.09203
G1 E.09203 F2400
G92 E0
G1 X113.876 Y103.47 F7800
G1 E2 F2400
G1 F3600
G1 X113.876 Y103.914 E2.01559
G1 X112.818 Y103.914 E2.05274
G1 X112.818 Y103.317 E2.0737
G1 X113.876 Y103.317 E2.11085
G1 X113.876 Y103.427 E2.11471
;LAYER_CHANGE
;Z:6.95
;HEIGHT:0.25
G1 E.11471 F2400
G92 E0
G1 Z6.95 F7800
G1 X107.826 Y104.882
G1 E2 F2400
;TYPE:Perimeter
;WIDTH:0.365269
;HEIGHT:0.3
G1 F900
G1 X107.919 Y104.878 E2.00349
;WIDTH:0.357207
G1 X112.478 Y104.878 E2.17
G1 X112.953 Y105.068 F7800
;WIDTH:0.45
G1 F900
G1 X112.969 Y105.085 E2.17112
G1 X113.132 Y105.488 E2.19203
G1 X113.132 Y108.95 E2.35854
G1 X113.068 Y109.216 E2.3717
G1 X112.893 Y109.431 E2.38503
G1 X112.586 Y109.607 E2.40205
G1 X107.919 Y109.607 E2.62652
G1 X107.627 Y109.528 E2.64107
G1 X107.428 Y109.353 E2.65382
G1 X107.295 Y109.136 E2.66606
G1 X107.265 Y108.653 E2.68934
G1 X107.265 Y105.488 E2.84157
G1 X107.428 Y105.085 E2.86248
G1 X107.506 Y105.009 E2.86772
;WIDTH:0.443481
G1 X107.666 Y104.946 E2.87585
;WIDTH:0.404375
G1 X107.826 Y104.882 E2.88316
;WIDTH:0.407634
G1 X107.593 Y104.903 E2.89318
;WIDTH:0.45
G1 X107.36 Y104.924 E2.90443
G1 X106.087 Y104.924 E2.96566
G1 X105.927 Y104.902 E2.97343
G1 X105.606 Y104.684 E2.99209
G1 X105.436 Y104.324 E3.01124
G1 X105.436 Y102.957 E3.07699
G1 X105.483 Y102.728 E3.08823
G1 X105.679 Y102.475 E3.10362
;WIDTH:0.49283
G1 X105.757 Y102.405 E3.10922
;WIDTH:0.53566
G1 X105.836 Y102.335 E3.11542
;WIDTH:0.57849
G1 X105.915 Y102.265 E3.12219
;WIDTH:0.603088
G1 X107.107 Y102.23 E3.20232
;WIDTH:0.622599
G1 X108.488 Y102.22 E3.29847
;WIDTH:0.629116
G1 X111.512 Y102.22 E3.51147
;WIDTH:0.622599
G1 X112.893 Y102.23 E3.60762
;WIDTH:0.603088
G1 X113.848 Y102.243 E3.67179
;WIDTH:0.577052
G1 X114.298 Y102.256 E3.70058
;WIDTH:0.556152
G1 X114.413 Y102.329 E3.70893
;WIDTH:0.520768
G1 X114.529 Y102.402 E3.71673
;WIDTH:0.485384
G1 X114.645 Y102.475 E3.72393
;WIDTH:0.45
G1 X114.8 Y102.652 E3.73525
G1 X114.887 Y102.957 E3.7505
G1 X114.887 Y104.274 E3.81384
G1 X114.871 Y104.41 E3.82043
G1 X114.645 Y104.756 E3.84031
G1 X114.439 Y104.888 E3.85208
G1 X114.236 Y104.924 E3.862
G1 X112.928 Y104.924 E3.92491
G1 X112.703 Y104.901 E3.93579
;WIDTH:0.403603
G1 X112.478 Y104.878 E3.94536
G1 X112.686 Y104.943 E3.95458
;WIDTH:0.45
G1 X112.893 Y105.007 E3.965
G1 X112.911 Y105.025 E3.96622
G1 X112.665 Y105.354 F7800
;TYPE:External perimeter
G1 F900
G1 X112.746 Y105.488 E3.97375
G1 X112.746 Y108.95 E4.14026
G1 X112.692 Y109.085 E4.14725
G1 X112.516 Y109.221 E4.15795
G1 X107.919 Y109.221 E4.37905
G1 X107.781 Y109.163 E4.38625
G1 X107.651 Y108.977 E4.39716
G1 X107.651 Y105.488 E4.56497
G1 X107.781 Y105.276 E4.57693
G1 X107.919 Y105.217 E4.58415
G1 X112.478 Y105.217 E4.80342
G1 X112.616 Y105.276 E4.81064
G1 X112.633 Y105.303 E4.81217
G1 X112.735 Y105.69 F7800
G1 E2.81217 F2400
G92 E0
G1 X105.894 Y102.81 F7800
G1 E2 F2400
G1 F900
G1 X106.068 Y102.693 E2.01008
G1 X114.236 Y102.692 E2.40293
G1 X114.372 Y102.748 E2.41
G1 X114.473 Y102.855 E2.41708
G1 X114.501 Y102.957 E2.42217
G1 X114.501 Y104.274 E2.48551
G1 X114.445 Y104.41 E2.49258
G1 X114.304 Y104.526 E2.50136
G1 X106.087 Y104.539 E2.89657
G1 X105.879 Y104.41 E2.90834
G1 X105.822 Y104.274 E2.91543
G1 X105.822 Y102.957 E2.97877
G1 X105.863 Y102.858 E2.98392
G1 X106.232 Y102.704 F7800
G1 E.98392 F2400
G92 E0
G1 X106.494 Y105.695 F7800
G1 E2 F2400
;TYPE:Perimeter
G1 F3600
G1 X106.494 Y108.653 E2.14227
G1 X106.509 Y109.156 E2.16647
G1 X106.656 Y109.593 E2.18865
G1 X106.874 Y109.89 E2.20637
G1 X107.239 Y110.194 E2.22922
G1 X107.919 Y110.378 E2.2631
G1 X112.336 Y110.378 E2.47554
G1 X112.797 Y110.34 E2.49779
G1 X113.148 Y110.2 E2.51597
G1 X113.523 Y109.89 E2.53937
;WIDTH:0.482235
G1 X113.696 Y109.633 E2.55552
;WIDTH:0.51447
G1 X113.869 Y109.375 E2.57296
G1 X113.933 Y108.95 E2.59709
;WIDTH:0.554082
G1 X113.955 Y108.317 E2.63578
;WIDTH:0.598083
G1 X113.977 Y107.683 E2.67801
;WIDTH:0.633028
G1 X113.995 Y106.97 E2.7286
G1 X113.972 Y106.87 E2.73588
;WIDTH:0.58727
G1 X113.949 Y106.77 E2.74257
;WIDTH:0.541514
G1 X113.926 Y106.67 E2.74868
;WIDTH:0.495757
G1 X113.903 Y106.57 E2.7542
;WIDTH:0.45
G1 X113.903 Y105.695 E2.79628
G1 X114.236 Y105.695 E2.8123
G1 X114.708 Y105.61 E2.83537
G1 X114.792 Y105.557 E2.84015
G1 X114.692 Y106.609 E2.89098
;WIDTH:0.495757
G1 X114.66 Y106.706 E2.89648
;WIDTH:0.541514
G1 X114.627 Y106.803 E2.90258
;WIDTH:0.58727
G1 X114.595 Y106.9 E2.90924
;WIDTH:0.633028
G1 X114.562 Y106.997 E2.91651
G1 X114.508 Y107.72 E2.96793
;WIDTH:0.598083
G1 X114.443 Y108.351 E3.01016
;WIDTH:0.554082
G1 X114.377 Y108.981 E3.04885
;WIDTH:0.510081
G1 X114.35 Y109.201 E3.06117
;WIDTH:0.502386
G1 X114.29 Y109.742 E3.09091
;WIDTH:0.471158
G1 X114.212 Y110.243 E3.11663
;WIDTH:0.45
G1 X113.822 Y112.221 E3.2136
G1 X113.533 Y113.487 E3.27606
G1 X113.16 Y114.98 E3.35008
G1 X112.847 Y116.133 E3.40754
G1 X112.647 Y116.679 E3.43551
G1 X112.297 Y116.733 E3.45254
G1 X111.566 Y116.791 E3.48781
G1 X110.492 Y116.827 E3.53949
G1 X108.95 Y116.81 E3.61366
G1 X108.131 Y116.77 E3.6531
G1 X107.341 Y116.66 E3.69146
G1 X107.185 Y116.244 E3.71283
G1 X106.882 Y115.14 E3.76789
G1 X106.496 Y113.608 E3.84388
G1 X106.191 Y112.284 E3.90923
G1 X105.947 Y111.112 E3.96681
G1 X105.727 Y109.913 E4.02544
G1 X105.544 Y108.719 E4.08354
G1 X105.393 Y107.509 E4.14219
G1 X105.194 Y105.337 E4.24709
G1 X105.715 Y105.643 E4.27615
G1 X105.947 Y105.688 E4.28752
G1 X106.434 Y105.695 E4.31095
G1 E2.31095 F2400
G92 E0
G1 X104.787 Y102.266 F7800
G1 E2 F2400
;WIDTH:0.519423
G1 F3600
G1 X104.85 Y102.248 E2.00372
G1 X105.382 Y102.177 E2.03418
G1 X105.097 Y102.562 E2.06137
G1 X105.072 Y102.76 E2.0727
;WIDTH:0.487569
G1 X105.048 Y102.957 E2.08318
;WIDTH:0.455715
G1 X105.069 Y104.466 E2.15684
;WIDTH:0.45
G1 X105.334 Y104.957 E2.18368
G1 X105.821 Y105.272 E2.21158
G1 X106.087 Y105.31 E2.2245
G1 X106.951 Y105.31 E2.26606
G1 X106.879 Y105.488 E2.2753
G1 X106.879 Y108.95 E2.44181
G1 X106.93 Y109.259 E2.45687
G1 X107.151 Y109.622 E2.47731
G1 X107.433 Y109.861 E2.49509
G1 X107.919 Y109.993 E2.51931
G1 X112.637 Y109.993 E2.74623
G1 X112.957 Y109.865 E2.76281
G1 X113.246 Y109.622 E2.78097
G1 X113.471 Y109.247 E2.802
G1 X113.518 Y108.95 E2.81646
G1 X113.518 Y105.488 E2.98297
G1 X113.445 Y105.31 E2.99222
G1 X114.236 Y105.31 E3.03026
G1 X114.573 Y105.249 E3.04673
G1 X114.989 Y104.957 E3.07118
G1 X115.245 Y104.5 E3.09637
G1 X115.169 Y105.699 E3.15415
G1 X114.966 Y107.769 E3.25419
G1 X114.681 Y109.81 E3.35331
G1 X114.477 Y110.951 E3.40906
G1 X114.199 Y112.303 E3.47545
G1 X113.908 Y113.577 E3.5383
G1 X113.533 Y115.077 E3.61267
G1 X113.156 Y116.44 E3.68069
G1 X112.918 Y116.997 E3.70982
G1 X112.342 Y117.117 E3.73812
G1 X111.588 Y117.176 E3.7745
G1 X110.498 Y117.212 E3.82695
G1 X109.177 Y117.206 E3.89049
G1 X108.139 Y117.159 E3.94047
G1 X107.464 Y117.087 E3.97312
G1 X107.081 Y116.987 E3.99216
G1 X106.997 Y116.852 E3.99981
G1 X106.816 Y116.358 E4.02511
G1 X106.509 Y115.238 E4.08097
G1 X106.121 Y113.699 E4.15731
G1 X105.815 Y112.366 E4.22309
G1 X105.569 Y111.186 E4.28106
G1 X105.347 Y109.977 E4.34018
G1 X105.162 Y108.772 E4.39882
G1 X105.009 Y107.552 E4.45796
G1 X104.862 Y106.063 E4.52992
G1 X104.714 Y104.284 E4.61578
;WIDTH:0.455715
G1 X104.657 Y102.968 E4.68007
;WIDTH:0.487569
G1 X104.654 Y102.637 E4.69754
;WIDTH:0.519423
G1 X104.65 Y102.305 E4.71638
G1 X104.73 Y102.283 E4.72109
G1 E2.72109 F2400
G92 E0
G1 X115.248 Y102.823 F7800
G1 E2 F2400
;WIDTH:0.520655
G1 F900
G1 X115.224 Y102.77 E2.00331
;WIDTH:0.47817
G1 X115.141 Y102.583 E2.01387
;WIDTH:0.435685
G1 X115.057 Y102.395 E2.02341
;WIDTH:0.393201
G1 X114.758 Y102.119 E2.0401
G1 X115.404 Y102.253 E2.06716
G1 X115.408 Y102.388 E2.0727
;WIDTH:0.435685
G1 X115.375 Y102.578 E2.08163
;WIDTH:0.47817
G1 X115.341 Y102.767 E2.09154
;WIDTH:0.520655
G1 X115.308 Y102.957 E2.10251
G1 X115.273 Y102.878 E2.10743
G1 X115.308 Y102.957 F7800
G1 F900
G1 X115.287 Y103.615 E2.1449
;WIDTH:0.47879
G1 X115.266 Y104.274 E2.17898
;WIDTH:0.449485
G1 X115.245 Y104.5 E2.18988
G1 E.18988 F2400
G92 E0
G1 X104.27 Y102.01 F7800
G1 E2 F2400
;WIDTH:0.45
G1 F3600
G1 X104.338 Y101.968 E2.00384
G1 X104.781 Y101.834 E2.0261
G1 X105.335 Y101.745 E2.05309
;WIDTH:0.492443
G1 X105.605 Y101.74 E2.06751
;WIDTH:0.534886
G1 X105.875 Y101.735 E2.08336
;WIDTH:0.57733
G1 X106.145 Y101.73 E2.10064
;WIDTH:0.603088
G1 X107.099 Y101.691 E2.16479
;WIDTH:0.622599
G1 X108.485 Y101.662 E2.26131
;WIDTH:0.629116
G1 X111.516 Y101.662 E2.4748
;WIDTH:0.622599
G1 X112.901 Y101.691 E2.57125
;WIDTH:0.603088
G1 X113.873 Y101.731 E2.63661
;WIDTH:0.577052
G1 X114.157 Y101.74 E2.65478
;WIDTH:0.538562
G1 X114.441 Y101.748 E2.67158
;WIDTH:0.500073
G1 X114.725 Y101.757 E2.68702
;WIDTH:0.461584
G1 X115.269 Y101.842 E2.7143
;WIDTH:0.45
G1 X115.742 Y102.013 E2.73849
G1 X115.769 Y102.34 E2.75427
G1 X115.553 Y105.73 E2.91765
G1 X115.349 Y107.815 E3.01841
G1 X115.062 Y109.871 E3.11826
G1 X114.855 Y111.024 E3.1746
G1 X114.576 Y112.385 E3.24142
G1 X114.283 Y113.667 E3.30467
G1 X113.906 Y115.174 E3.37939
G1 X113.601 Y116.303 E3.43564
G1 X113.446 Y116.806 E3.46096
G1 X113.188 Y117.281 E3.48696
G1 X112.889 Y117.412 E3.50266
G1 X112.387 Y117.5 E3.52717
G1 X111.61 Y117.561 E3.56466
G1 X110.503 Y117.598 E3.61793
G1 X109.168 Y117.591 E3.68214
G1 X108.11 Y117.544 E3.73308
G1 X107.332 Y117.461 E3.77071
G1 X106.851 Y117.302 E3.79508
G1 X106.621 Y116.979 E3.81415
G1 X106.447 Y116.472 E3.83993
G1 X106.136 Y115.336 E3.89658
G1 X105.746 Y113.789 E3.97331
G1 X105.438 Y112.449 E4.03944
G1 X105.191 Y111.26 E4.09785
G1 X104.967 Y110.041 E4.15746
G1 X104.78 Y108.825 E4.21663
G1 X104.626 Y107.595 E4.27625
G1 X104.477 Y106.096 E4.3487
G1 X104.351 Y104.42 E4.42954
G1 X104.269 Y102.99 E4.49843
G1 X104.243 Y102.055 E4.54342
G1 X103.863 Y101.945 F7800
;TYPE:External perimeter
G1 F1800
G1 X103.864 Y101.884 E4.54635
G1 X103.933 Y101.793 E4.55184
G1 X104.202 Y101.598 E4.56782
G1 X104.718 Y101.453 E4.5936
G1 X105.297 Y101.361 E4.6218
G1 X106.121 Y101.282 E4.66161
G1 X107.086 Y101.229 E4.70809
G1 X108.474 Y101.19 E4.77487
G1 X110.016 Y101.177 E4.84904
G1 X111.526 Y101.19 E4.92167
G1 X112.924 Y101.23 E4.98894
G1 X113.917 Y101.284 E5.03677
G1 X114.789 Y101.371 E5.07892
G1 X115.495 Y101.506 E5.11349
G1 X115.92 Y101.667 E5.13535
G1 X116.115 Y101.838 E5.14782
G1 X116.156 Y102.336 E5.17185
G1 X115.938 Y105.761 E5.33691
G1 X115.732 Y107.86 E5.43835
G1 X115.443 Y109.931 E5.53892
G1 X115.234 Y111.097 E5.59589
G1 X114.953 Y112.466 E5.66311
G1 X114.658 Y113.756 E5.72676
G1 X114.28 Y115.271 E5.80186
G1 X113.841 Y116.835 E5.87999
G1 X113.594 Y117.37 E5.90833
G1 X113.395 Y117.617 E5.92359
G1 X113.008 Y117.778 E5.94375
G1 X112.432 Y117.883 E5.97191
G1 X111.631 Y117.946 E6.01055
G1 X110.509 Y117.984 E6.06455
G1 X109.158 Y117.977 E6.12953
G1 X108.081 Y117.928 E6.18138
G1 X107.258 Y117.841 E6.22118
G1 X106.724 Y117.686 E6.24792
G1 X106.513 Y117.534 E6.26043
G1 X106.271 Y117.146 E6.28242
G1 X106.079 Y116.585 E6.31094
G1 X105.763 Y115.434 E6.36835
G1 X105.371 Y113.879 E6.44548
G1 X105.061 Y112.531 E6.51201
G1 X104.812 Y111.334 E6.57081
G1 X104.586 Y110.105 E6.63091
G1 X104.398 Y108.878 E6.69061
G1 X104.243 Y107.638 E6.75071
G1 X104.093 Y106.13 E6.8236
G1 X103.967 Y104.445 E6.90487
G1 X103.856 Y102.525 E6.99737
G1 X103.862 Y102.005 E7.02238
G1 X104.1 Y101.683 F7800
G1 E5.02238 F2400
G92 E0
G1 X105.854 Y108.868 F7800
G1 E2 F2400
;TYPE:Solid infill
;WIDTH:0.439875
G1 F1200
G1 X105.938 Y109.471 E2.02851
;WIDTH:0.469635
G1 X105.972 Y109.54 E2.0324
;WIDTH:0.516332
G1 X106.007 Y109.609 E2.03676
G1 X106.042 Y109.837 E2.04976
G1 X106.232 Y109.64 E2.06519
;WIDTH:0.511492
G1 X106.289 Y109.652 E2.06844
;WIDTH:0.476001
G1 X106.346 Y109.664 E2.07143
;WIDTH:0.44051
G1 X106.402 Y109.676 E2.07412
;WIDTH:0.438418
G1 X106.357 Y109.612 E2.07777
;WIDTH:0.471818
G1 X106.311 Y109.548 E2.08178
;WIDTH:0.505218
G1 X106.265 Y109.485 E2.08607
G1 X106.279 Y109.449 E2.08819
;WIDTH:0.464078
G1 X106.292 Y109.414 E2.09005
;WIDTH:0.445238
G1 X106.207 Y108.653 E2.12642
;WIDTH:0.482719
G1 X106.188 Y108.051 E2.15785
;WIDTH:0.5202
G1 X106.169 Y107.449 E2.19209
;WIDTH:0.547549
G1 X106.156 Y106.87 E2.22699
;WIDTH:0.574899
G1 X106.142 Y106.044 E2.27959
G1 X105.608 Y105.973 E2.31389
G1 X105.661 Y106.719 E2.36151
;WIDTH:0.547549
G1 X105.714 Y107.465 E2.40658
;WIDTH:0.5202
G1 X105.771 Y108.071 E2.44118
;WIDTH:0.482719
G1 X105.827 Y108.677 E2.47293
G1 E.47293 F2400
G92 E0
G1 X107.439 Y116.076 F7800
G1 E2 F2400
;WIDTH:0.45
G1 F1200
G1 X107.803 Y116.44 E2.02476
G1 X107.455 Y116.466 E2.04154
;WIDTH:0.404381
G1 X107.436 Y116.537 E2.04466
G1 X107.507 Y116.518 E2.04778
G1 X107.496 Y116.477 E2.04958
G1 X108.403 Y116.495 F7800
;WIDTH:0.45
G1 F1200
G1 X107.233 Y115.325 E2.12916
G1 X107.041 Y114.588 E2.16579
G1 X108.974 Y116.521 E2.29727
G1 X109.531 Y116.533 E2.32407
G1 X106.857 Y113.859 E2.50595
G1 X106.685 Y113.142 E2.54141
G1 X110.079 Y116.535 E2.77223
G1 X110.622 Y116.533 E2.79835
G1 X106.523 Y112.433 E3.07719
G1 X106.373 Y111.739 E3.11134
G1 X111.15 Y116.515 E3.43623
G1 X111.672 Y116.492 E3.46136
G1 X106.23 Y111.051 E3.83148
G1 X106.108 Y110.383 E3.86414
G1 X112.178 Y116.453 E4.27701
G1 X112.532 Y116.488 E4.29412
;WIDTH:0.404381
G1 X112.513 Y116.559 E4.29724
G1 X112.584 Y116.54 E4.30036
G1 X112.573 Y116.499 E4.30216
;WIDTH:0.45
G1 X112.507 Y116.237 E4.31515
G1 X106.364 Y110.093 E4.73302
G1 X106.402 Y109.676 E4.75316
;WIDTH:0.405019
G1 X107.064 Y110.339 E4.79297
;WIDTH:0.404381
G1 X107.231 Y110.34 E4.80005
;WIDTH:0.45
G1 X107.337 Y110.521 E4.81014
G1 X112.634 Y115.818 E5.17044
G1 X112.75 Y115.389 E5.19181
G1 X108.029 Y110.668 E5.51293
G1 X108.574 Y110.668 E5.53914
G1 X112.866 Y114.959 E5.83104
G1 X112.976 Y114.524 E5.85262
G1 X109.119 Y110.668 E6.11493
G1 X109.665 Y110.668 E6.14119
G1 X113.085 Y114.088 E6.37381
G1 X113.194 Y113.651 E6.39547
G1 X110.21 Y110.668 E6.5984
G1 X110.755 Y110.668 E6.62461
G1 X113.299 Y113.212 E6.79765
G1 X113.401 Y112.768 E6.81956
G1 X111.301 Y110.668 E6.9624
G1 X112.472 Y110.668 E7.01872
G1 X112.842 Y110.625 E7.03664
G1 X113.267 Y110.462 E7.05853
G1 X113.636 Y110.185 E7.08072
G1 X113.964 Y109.817 E7.10443
G1 X113.927 Y110.193 E7.1226
G1 X113.502 Y112.324 E7.22711
G1 X111.982 Y110.804 E7.3305
G1 X112.755 Y111.026 F7800
;WIDTH:0.455948
G1 F1200
G1 X112.888 Y111.01 E7.33704
G1 X113.406 Y110.825 E7.3639
G1 X113.266 Y111.538 E7.39939
G1 X112.891 Y111.163 E7.42529
G1 E5.42529 F2400
G92 E0
G1 X114.15 Y106.525 F7800
G1 E2 F2400
;WIDTH:0.385849
G1 F1200
G1 X114.16 Y105.952 E2.02298
G1 X114.502 Y105.918 E2.03676
G1 X114.451 Y106.54 E2.06178
;WIDTH:0.365563
G1 X114.285 Y106.852 E2.07506
G1 X114.224 Y106.704 E2.08107
;LAYER_CHANGE
;Z:6.99444
;HEIGHT:0.0444446
G1 E.08107 F2400
G92 E0
G1 Z6.994 F7800
G1 X112.753 Y121.11
G1 E2 F2400
;TYPE:Support material
;WIDTH:0.35
;HEIGHT:0.294444
G1 F3600
G1 X107.247 Y121.11 E2.19332
G1 X107.247 Y118.584 E2.28201
G1 X110 Y118.729 E2.3788
G1 X112.753 Y118.584 E2.47559
G1 X112.753 Y121.067 E2.56277
G1 E.56277 F2400
G92 E0
G1 X112.121 Y108.596 F7800
G1 E2 F2400
G1 F3600
G1 X108.276 Y108.596 E2.135
G1 X108.276 Y105.842 E2.23169
G1 X112.121 Y105.842 E2.36669
G1 X112.121 Y108.553 E2.46187
G1 X111.992 Y107.214 F7800
G1 F3600
G1 X108.405 Y107.214 E2.58781
G1 E.58781 F2400
G92 E0
G1 X107.182 Y103.914 F7800
G1 E2 F2400
G1 F3600
G1 X106.476 Y103.914 E2.02479
G1 X106.476 Y103.317 E2.04575
G1 X107.182 Y103.317 E2.07054
G1 X107.182 Y103.871 E2.08999
G1 E.08999 F2400
G92 E0
G1 X113.847 Y103.493 F7800
G1 E2 F2400
G1 F3600
G1 X113.847 Y103.914 E2.01478
G1 X112.818 Y103.914 E2.05091
G1 X112.818 Y103.317 E2.07187
G1 X113.847 Y103.317 E2.108
G1 X113.847 Y103.45 E2.11267
;LAYER_CHANGE
;Z:7.25
;HEIGHT:0.255556
G1 E.11267 F2400
G92 E0
G1 Z7.25 F7800
G1 X107.826 Y104.882
G1 E2 F2400
;TYPE:Perimeter
;WIDTH:0.365269
;HEIGHT:0.3
G1 F900
G1 X107.919 Y104.878 E2.00349
;WIDTH:0.357207
G1 X112.478 Y104.878 E2.17
G1 X112.953 Y105.068 F7800
;WIDTH:0.45
G1 F900
G1 X112.969 Y105.085 E2.17112
G1 X113.132 Y105.488 E2.19203
G1 X113.132 Y108.95 E2.35854
G1 X113.102 Y109.135 E2.36755
G1 X112.893 Y109.431 E2.38498
G1 X112.674 Y109.573 E2.39753
G1 X111.96 Y109.607 E2.43191
G1 X107.919 Y109.607 E2.62627
G1 X107.646 Y109.539 E2.6398
G1 X107.428 Y109.353 E2.65358
G1 X107.294 Y109.132 E2.66601
G1 X107.265 Y108.675 E2.68803
G1 X107.265 Y105.488 E2.84131
G1 X107.428 Y105.085 E2.86222
G1 X107.506 Y105.01 E2.86742
;WIDTH:0.443514
G1 X107.666 Y104.946 E2.87557
;WIDTH:0.404391
G1 X107.826 Y104.882 E2.88288
;WIDTH:0.407634
G1 X107.593 Y104.903 E2.8929
;WIDTH:0.45
G1 X107.36 Y104.924 E2.90415
G1 X106.116 Y104.924 E2.96398
G1 X105.975 Y104.907 E2.97081
G1 X105.636 Y104.684 E2.99033
G1 X105.465 Y104.322 E3.00959
G1 X105.465 Y102.957 E3.07524
G1 X105.531 Y102.689 E3.08851
G1 X105.729 Y102.455 E3.10325
;WIDTH:0.495004
G1 X105.8 Y102.391 E3.10838
;WIDTH:0.540009
G1 X105.87 Y102.327 E3.11401
;WIDTH:0.585014
G1 X105.94 Y102.263 E3.12017
;WIDTH:0.613782
G1 X107.173 Y102.224 E3.2047
;WIDTH:0.633867
G1 X108.522 Y102.214 E3.30052
;WIDTH:0.640535
G1 X111.478 Y102.214 E3.51294
;WIDTH:0.633873
G1 X112.826 Y102.224 E3.60869
;WIDTH:0.613788
G1 X113.799 Y102.239 E3.67537
;WIDTH:0.585428
G1 X114.46 Y102.292 E3.71846
;WIDTH:0.58213
G1 X114.558 Y102.403 E3.72802
;WIDTH:0.538086
G1 X114.656 Y102.515 E3.73681
;WIDTH:0.494043
G1 X114.754 Y102.626 E3.74475
;WIDTH:0.45
G1 X114.858 Y102.957 E3.76144
G1 X114.858 Y104.274 E3.82478
G1 X114.841 Y104.413 E3.83152
G1 X114.615 Y104.756 E3.85128
G1 X114.228 Y104.924 E3.87157
G1 X112.928 Y104.924 E3.9341
G1 X112.703 Y104.901 E3.94498
;WIDTH:0.403603
G1 X112.478 Y104.878 E3.95455
G1 X112.685 Y104.942 E3.96372
;WIDTH:0.45
G1 X112.893 Y105.007 E3.9742
G1 X112.911 Y105.025 E3.97542
G1 X112.665 Y105.354 F7800
;TYPE:External perimeter
G1 F900
G1 X112.746 Y105.488 E3.98295
G1 X112.746 Y108.95 E4.14946
G1 X112.692 Y109.085 E4.15645
G1 X112.543 Y109.21 E4.1658
G1 X107.919 Y109.221 E4.3882
G1 X107.78 Y109.163 E4.39544
G1 X107.651 Y108.975 E4.40641
G1 X107.651 Y105.488 E4.57412
G1 X107.781 Y105.276 E4.58608
G1 X107.919 Y105.217 E4.5933
G1 X112.478 Y105.217 E4.81257
G1 X112.616 Y105.276 E4.81979
G1 X112.633 Y105.303 E4.82132
G1 X112.735 Y105.69 F7800
G1 E2.82132 F2400
G92 E0
G1 X105.923 Y102.81 F7800
G1 E2 F2400
G1 F900
G1 X106.097 Y102.693 E2.01008
G1 X114.207 Y102.692 E2.40014
G1 X114.343 Y102.748 E2.40721
G1 X114.438 Y102.847 E2.41381
G1 X114.472 Y102.957 E2.41935
G1 X114.472 Y104.274 E2.48269
G1 X114.415 Y104.41 E2.48978
G1 X114.235 Y104.539 E2.50043
G1 X106.116 Y104.539 E2.89093
G1 X105.98 Y104.482 E2.89802
G1 X105.851 Y104.29 E2.90915
G1 X105.851 Y102.957 E2.97326
G1 X105.892 Y102.858 E2.97841
G1 X106.261 Y102.704 F7800
G1 E.97841 F2400
G92 E0
G1 X106.494 Y105.695 F7800
G1 E2 F2400
;TYPE:Perimeter
G1 F3600
G1 X106.494 Y109.105 E2.16401
G1 X106.675 Y109.626 E2.19054
G1 X106.874 Y109.889 E2.2064
G1 X107.283 Y110.219 E2.23168
G1 X107.919 Y110.378 E2.26321
G1 X112.478 Y110.378 E2.48248
G1 X112.934 Y110.299 E2.50474
G1 X113.523 Y109.89 E2.53923
;WIDTH:0.478348
G1 X113.846 Y109.386 E2.57014
G1 X113.915 Y108.95 E2.59293
;WIDTH:0.50439
G1 X113.93 Y108.463 E2.61967
;WIDTH:0.535183
G1 X113.946 Y107.975 E2.64834
;WIDTH:0.580458
G1 X113.972 Y106.879 E2.71891
;WIDTH:0.625733
G1 X113.998 Y105.783 E2.79567
G1 X114.44 Y105.764 E2.82665
G1 X114.584 Y105.691 E2.83795
G1 X114.484 Y107.041 E2.93273
;WIDTH:0.580458
G1 X114.416 Y107.993 E2.99416
;WIDTH:0.535183
G1 X114.369 Y108.484 E3.02312
;WIDTH:0.50439
G1 X114.323 Y108.976 E3.05024
;WIDTH:0.478348
G1 X114.177 Y110.04 E3.10569
;WIDTH:0.45
G1 X113.973 Y111.186 E3.16168
G1 X113.7 Y112.53 E3.22764
G1 X113.416 Y113.789 E3.28972
G1 X112.911 Y115.796 E3.38926
G1 X112.611 Y116.794 E3.43938
G1 X112.267 Y116.85 E3.45614
G1 X111.547 Y116.907 E3.49088
G1 X110.486 Y116.943 E3.54194
G1 X109.148 Y116.934 E3.60629
G1 X108.156 Y116.887 E3.65406
G1 X107.393 Y116.781 E3.69111
G1 X107.234 Y116.339 E3.7137
G1 X106.891 Y115.047 E3.77799
G1 X106.556 Y113.672 E3.84606
G1 X106.258 Y112.331 E3.91213
G1 X106.02 Y111.146 E3.97026
G1 X105.807 Y109.935 E4.0294
G1 X105.631 Y108.731 E4.08792
G1 X105.493 Y107.56 E4.14463
G1 X105.309 Y105.384 E4.24966
G1 X105.787 Y105.655 E4.27609
G1 X105.988 Y105.689 E4.28589
G1 X106.434 Y105.695 E4.30734
G1 E2.30734 F2400
G92 E0
G1 X104.904 Y102.241 F7800
G1 E2 F2400
;WIDTH:0.481747
G1 F3600
G1 X104.965 Y102.215 E2.00345
G1 X105.522 Y102.122 E2.03285
G1 X105.461 Y102.156 E2.03649
G1 X105.176 Y102.502 E2.05982
G1 X105.139 Y102.73 E2.07184
;WIDTH:0.443909
G1 X105.102 Y102.957 E2.08273
;WIDTH:0.406071
G1 X105.121 Y104.453 E2.14649
;WIDTH:0.411267
G1 X105.242 Y104.705 E2.15858
;WIDTH:0.45
G1 X105.364 Y104.957 E2.17205
G1 X105.436 Y105.029 E2.17695
G1 X105.881 Y105.281 E2.20155
G1 X106.116 Y105.31 E2.21294
G1 X106.951 Y105.31 E2.2531
G1 X106.879 Y105.488 E2.26234
G1 X106.879 Y108.95 E2.42885
G1 X106.928 Y109.252 E2.44357
G1 X107.151 Y109.621 E2.46431
G1 X107.465 Y109.879 E2.48386
G1 X107.919 Y109.993 E2.50637
G1 X112.478 Y109.993 E2.72564
G1 X112.804 Y109.936 E2.74156
G1 X113.246 Y109.622 E2.76764
G1 X113.467 Y109.258 E2.78812
G1 X113.518 Y108.95 E2.80314
G1 X113.518 Y105.488 E2.96965
G1 X113.445 Y105.31 E2.9789
G1 X114.364 Y105.297 E3.02311
G1 X114.887 Y105.029 E3.05137
G1 X115.128 Y104.66 E3.07257
G1 X115.043 Y105.923 E3.13345
G1 X114.841 Y108.048 E3.23612
G1 X114.697 Y109.182 E3.2911
G1 X114.557 Y110.102 E3.33586
G1 X114.352 Y111.258 E3.39233
G1 X114.077 Y112.611 E3.45874
G1 X113.791 Y113.877 E3.52116
G1 X113.429 Y115.352 E3.59421
G1 X113.127 Y116.479 E3.65033
G1 X112.926 Y117.035 E3.67877
G1 X112.814 Y117.135 E3.68599
G1 X112.312 Y117.233 E3.71059
G1 X111.568 Y117.293 E3.74649
G1 X110.492 Y117.329 E3.79827
G1 X109.187 Y117.322 E3.86104
G1 X108.162 Y117.276 E3.91039
G1 X107.501 Y117.205 E3.94236
G1 X107.129 Y117.105 E3.96089
G1 X107.022 Y116.927 E3.97088
G1 X106.864 Y116.449 E3.99509
G1 X106.518 Y115.142 E4.06012
G1 X106.181 Y113.76 E4.12854
G1 X105.88 Y112.411 E4.19502
G1 X105.641 Y111.217 E4.25359
G1 X105.426 Y109.997 E4.31317
G1 X105.249 Y108.782 E4.37222
G1 X105.11 Y107.6 E4.42946
G1 X104.859 Y104.723 E4.56836
;WIDTH:0.411267
G1 X104.811 Y104.282 E4.58755
;WIDTH:0.406071
G1 X104.76 Y102.965 E4.64372
;WIDTH:0.443909
G1 X104.762 Y102.632 E4.65948
;WIDTH:0.481747
G1 X104.764 Y102.299 E4.67682
G1 X104.849 Y102.264 E4.68161
G1 E2.68161 F2400
G92 E0
G1 X115.198 Y102.87 F7800
G1 E2 F2400
;WIDTH:0.424879
G1 F900
G1 X115.132 Y102.694 E2.00845
;WIDTH:0.39206
G1 X115.033 Y102.432 E2.0199
;WIDTH:0.379483
G1 X114.871 Y102.218 E2.03045
G1 X114.727 Y102.121 E2.03727
G1 X115.01 Y102.148 E2.04844
;WIDTH:0.359242
G1 X115.285 Y102.224 E2.05893
G1 X115.295 Y102.357 E2.06384
;WIDTH:0.39206
G1 X115.263 Y102.657 E2.07617
;WIDTH:0.424879
G1 X115.231 Y102.957 E2.08974
G1 X115.219 Y102.926 E2.09123
G1 X115.231 Y102.957 F7800
G1 F900
G1 X115.214 Y103.615 E2.12083
;WIDTH:0.390903
G1 X115.197 Y104.274 E2.14768
;WIDTH:0.369597
G1 X115.18 Y104.48 E2.15555
G1 E.15555 F2400
G92 E0
G1 X104.408 Y102.001 F7800
G1 E2 F2400
;WIDTH:0.45
G1 F3600
G1 X104.82 Y101.838 E2.02131
G1 X105.328 Y101.743 E2.04617
;WIDTH:0.495004
G1 X105.5 Y101.747 E2.05541
;WIDTH:0.540009
G1 X105.671 Y101.75 E2.06556
;WIDTH:0.585014
G1 X105.843 Y101.754 E2.07673
;WIDTH:0.587297
G1 X106.228 Y101.716 E2.10196
;WIDTH:0.613782
G1 X107.162 Y101.675 E2.16602
;WIDTH:0.633867
G1 X108.517 Y101.645 E2.26229
;WIDTH:0.640535
G1 X111.483 Y101.645 E2.47543
;WIDTH:0.633873
G1 X112.838 Y101.675 E2.5717
;WIDTH:0.613788
G1 X113.82 Y101.718 E2.63906
;WIDTH:0.585428
G1 X114.324 Y101.759 E2.67192
;WIDTH:0.561974
G1 X114.645 Y101.78 E2.69188
;WIDTH:0.511986
G1 X114.967 Y101.801 E2.70989
;WIDTH:0.461999
G1 X115.457 Y101.921 E2.73491
;WIDTH:0.45
G1 X115.61 Y102.012 E2.74347
G1 X115.636 Y102.343 E2.75944
G1 X115.524 Y104.517 E2.86414
G1 X115.427 Y105.954 E2.93341
G1 X115.224 Y108.091 E3.03665
G1 X115.079 Y109.235 E3.09211
G1 X114.938 Y110.165 E3.13735
G1 X114.731 Y111.33 E3.19426
G1 X114.454 Y112.692 E3.26111
G1 X114.167 Y113.966 E3.32392
G1 X113.656 Y115.995 E3.42456
G1 X113.459 Y116.705 E3.46
G1 X113.276 Y117.198 E3.48529
G1 X113.112 Y117.419 E3.49853
G1 X112.853 Y117.528 E3.51205
G1 X112.357 Y117.617 E3.53629
G1 X111.59 Y117.678 E3.5733
G1 X110.497 Y117.714 E3.6259
G1 X109.177 Y117.708 E3.68939
G1 X108.133 Y117.66 E3.73966
G1 X107.368 Y117.578 E3.77666
G1 X106.891 Y117.417 E3.80087
G1 X106.669 Y117.089 E3.81992
G1 X106.494 Y116.559 E3.84676
G1 X106.144 Y115.237 E3.91253
G1 X105.805 Y113.848 E3.9813
G1 X105.503 Y112.491 E4.04816
G1 X105.262 Y111.289 E4.10712
G1 X105.045 Y110.058 E4.16724
G1 X104.866 Y108.832 E4.22683
G1 X104.726 Y107.64 E4.28456
G1 X104.583 Y106.084 E4.35971
G1 X104.469 Y104.403 E4.44075
G1 X104.37 Y102.458 E4.53442
G1 X104.386 Y102.046 E4.55425
G1 X104.005 Y101.869 F7800
;TYPE:External perimeter
G1 F1800
G1 X104.077 Y101.777 E4.55987
G1 X104.331 Y101.587 E4.57513
G1 X104.829 Y101.44 E4.6001
G1 X105.369 Y101.347 E4.62645
G1 X106.208 Y101.262 E4.66701
G1 X107.151 Y101.208 E4.71244
G1 X108.507 Y101.167 E4.77769
G1 X110.079 Y101.154 E4.8533
G1 X111.493 Y101.167 E4.92131
G1 X112.859 Y101.208 E4.98704
G1 X113.873 Y101.268 E5.0359
G1 X114.685 Y101.354 E5.07517
G1 X115.399 Y101.5 E5.11022
G1 X115.785 Y101.656 E5.13024
G1 X115.982 Y101.835 E5.14304
G1 X116.023 Y102.337 E5.16726
G1 X115.909 Y104.54 E5.27336
G1 X115.811 Y105.985 E5.34302
G1 X115.608 Y108.133 E5.44679
G1 X115.461 Y109.288 E5.50279
G1 X115.318 Y110.228 E5.54852
G1 X115.109 Y111.402 E5.60587
G1 X114.831 Y112.773 E5.67315
G1 X114.542 Y114.054 E5.73631
G1 X114.176 Y115.543 E5.81006
G1 X113.827 Y116.822 E5.87382
G1 X113.567 Y117.487 E5.90816
G1 X113.345 Y117.738 E5.92428
G1 X112.974 Y117.895 E5.94366
G1 X112.403 Y118 E5.97158
G1 X111.612 Y118.063 E6.00974
G1 X110.503 Y118.1 E6.06311
G1 X109.168 Y118.093 E6.12732
G1 X108.104 Y118.045 E6.17855
G1 X107.292 Y117.958 E6.21783
G1 X106.757 Y117.799 E6.24467
G1 X106.553 Y117.646 E6.25693
G1 X106.317 Y117.25 E6.2791
G1 X106.124 Y116.669 E6.30855
G1 X105.77 Y115.332 E6.37507
G1 X105.43 Y113.935 E6.44422
G1 X105.126 Y112.571 E6.51143
G1 X104.883 Y111.36 E6.57084
G1 X104.664 Y110.119 E6.63145
G1 X104.484 Y108.882 E6.69157
G1 X104.343 Y107.68 E6.74978
G1 X104.199 Y106.115 E6.82537
G1 X104.085 Y104.425 E6.90684
G1 X103.985 Y102.478 E7.00061
G1 X103.997 Y101.927 E7.02712
G1 X104.274 Y101.638 F7800
G1 E5.02712 F2400
G92 E0
G1 X105.687 Y105.957 F7800
G1 E2 F2400
;TYPE:Solid infill
;WIDTH:0.525956
G1 F1200
G1 X106.166 Y106.009 E2.02774
G1 X106.181 Y106.866 E2.07709
;WIDTH:0.497709
G1 X106.195 Y107.508 E2.1118
;WIDTH:0.469462
G1 X106.212 Y108.091 E2.14127
;WIDTH:0.435298
G1 X106.229 Y108.675 E2.1683
;WIDTH:0.401135
G1 X106.313 Y109.427 E2.20008
;WIDTH:0.41648
G1 X106.377 Y109.61 E2.20859
;WIDTH:0.45
G1 X106.44 Y109.793 E2.2179
G1 X106.762 Y110.186 E2.24234
G1 X107.186 Y110.487 E2.26735
G1 X107.891 Y110.667 E2.30235
G1 X109.103 Y110.667 E2.36064
G1 X106.715 Y113.055 E2.52307
G1 X106.304 Y111.093 E2.61948
G1 X106.09 Y109.937 E2.67602
;WIDTH:0.41648
G1 X105.998 Y109.476 E2.69666
;WIDTH:0.401135
G1 X105.893 Y108.694 E2.7298
;WIDTH:0.435298
G1 X105.842 Y108.108 E2.75701
;WIDTH:0.469462
G1 X105.79 Y107.522 E2.78673
;WIDTH:0.519008
G1 X105.7 Y106.15 E2.86469
G1 E.86469 F2400
G92 E0
G1 X106.599 Y110.546 F7800
G1 E2 F2400
;WIDTH:0.45
G1 F1200
G1 X106.887 Y110.762 E2.01731
G1 X107.087 Y110.86 E2.02802
G1 X107.743 Y111.033 E2.06065
G1 X108.172 Y111.053 E2.08131
G1 X106.939 Y112.285 E2.16514
G1 X106.634 Y110.735 E2.24112
G1 X107.279 Y111.348 F7800
;WIDTH:0.588949
G1 F1200
G1 X107.233 Y111.301 E2.24542
G1 X107.17 Y111.318 E2.24969
G1 X107.153 Y111.382 E2.25402
G1 X107.199 Y111.428 E2.25828
G1 X107.262 Y111.411 E2.26255
G1 E.26255 F2400
G92 E0
G1 X106.815 Y113.501 F7800
G1 E2 F2400
;WIDTH:0.45
G1 F1200
G1 X109.648 Y110.667 E2.19273
G1 X110.193 Y110.667 E2.21894
G1 X106.92 Y113.941 E2.4416
G1 X107.026 Y114.379 E2.46327
G1 X110.738 Y110.667 E2.71576
G1 X111.284 Y110.667 E2.74202
G1 X107.133 Y114.818 E3.02437
G1 X107.245 Y115.252 E3.04593
G1 X111.829 Y110.667 E3.35776
G1 X112.374 Y110.667 E3.38397
G1 X107.359 Y115.683 E3.72512
G1 X107.473 Y116.114 E3.74656
G1 X113.011 Y110.576 E4.12325
G1 X113.284 Y110.362 E4.13993
;WIDTH:0.404381
G1 X113.609 Y110.095 E4.15777
G1 X113.839 Y109.869 E4.17144
G1 X113.938 Y109.904 E4.17589
;WIDTH:0.45
G1 X113.837 Y110.295 E4.19531
G1 X107.602 Y116.531 E4.61944
G1 X108.09 Y116.588 E4.64307
G1 X113.719 Y110.958 E5.02598
G1 X113.586 Y111.637 E5.05926
G1 X108.603 Y116.62 E5.3982
G1 X109.125 Y116.644 E5.42333
G1 X113.447 Y112.322 E5.71731
G1 X113.293 Y113.021 E5.75174
G1 X109.664 Y116.65 E5.99858
G1 X110.207 Y116.652 E6.0247
G1 X113.134 Y113.725 E6.22379
G1 X112.956 Y114.449 E6.25965
G1 X110.76 Y116.644 E6.40899
G1 X111.324 Y116.626 E6.43613
G1 X112.778 Y115.172 E6.53503
G1 X112.621 Y115.837 E6.56789
;WIDTH:0.396363
G1 X112.421 Y116.554 E6.59871
G1 X111.844 Y116.613 E6.62273
G1 X112.485 Y115.973 E6.66024
;LAYER_CHANGE
;Z:7.28889
;HEIGHT:0.0388889
G1 E4.66024 F2400
G92 E0
G1 Z7.289 F7800
G1 X112.753 Y121.11
G1 E2 F2400
;TYPE:Support material
;WIDTH:0.35
;HEIGHT:0.294444
G1 F3600
G1 X107.247 Y121.11 E2.19332
G1 X107.247 Y118.688 E2.27836
G1 X110 Y118.837 E2.37516
G1 X112.753 Y118.688 E2.47196
G1 X112.753 Y121.067 E2.55549
G1 E.55549 F2400
G92 E0
G1 X112.121 Y108.596 F7800
G1 E2 F2400
G1 F3600
G1 X108.276 Y108.596 E2.135
G1 X108.276 Y105.842 E2.23169
G1 X112.121 Y105.842 E2.36669
G1 X112.121 Y108.553 E2.46187
G1 X111.992 Y107.214 F7800
G1 F3600
G1 X108.405 Y107.214 E2.58781
G1 E.58781 F2400
G92 E0
G1 X107.182 Y103.914 F7800
G1 E2 F2400
G1 F3600
G1 X106.505 Y103.914 E2.02377
G1 X106.505 Y103.317 E2.04473
G1 X107.182 Y103.317 E2.0685
G1 X107.182 Y103.871 E2.08795
G1 E.08795 F2400
G92 E0
G1 X113.818 Y103.515 F7800
G1 E2 F2400
G1 F3600
G1 X113.818 Y103.914 E2.01401
G1 X112.818 Y103.914 E2.04912
G1 X112.818 Y103.317 E2.07008
G1 X113.818 Y103.317 E2.10519
G1 X113.818 Y103.472 E2.11063
;LAYER_CHANGE
;Z:7.55
;HEIGHT:0.261111
G1 E.11063 F2400
G92 E0
G1 Z7.55 F7800
G1 X107.826 Y104.882
G1 E2 F2400
;TYPE:Perimeter
;WIDTH:0.365269
;HEIGHT:0.3
G1 F900
G1 X107.919 Y104.878 E2.00349
;WIDTH:0.357207
G1 X112.478 Y104.878 E2.17
G1 X112.953 Y105.068 F7800
;WIDTH:0.45
G1 F900
G1 X112.969 Y105.085 E2.17112
G1 X113.132 Y105.488 E2.19203
G1 X113.132 Y108.951 E2.35859
G1 X113.102 Y109.135 E2.36756
G1 X112.879 Y109.445 E2.38593
G1 X112.583 Y109.597 E2.40193
G1 X107.919 Y109.607 E2.62625
G1 X107.631 Y109.53 E2.64059
G1 X107.428 Y109.353 E2.65354
G1 X107.292 Y109.127 E2.66623
G1 X107.265 Y108.542 E2.6944
G1 X107.265 Y105.488 E2.84129
G1 X107.428 Y105.085 E2.8622
G1 X107.506 Y105.009 E2.86744
;WIDTH:0.443474
G1 X107.666 Y104.946 E2.87557
;WIDTH:0.404371
G1 X107.826 Y104.882 E2.88288
;WIDTH:0.407634
G1 X107.593 Y104.903 E2.8929
;WIDTH:0.45
G1 X107.36 Y104.924 E2.90415
G1 X106.138 Y104.924 E2.96292
G1 X106.01 Y104.91 E2.96911
G1 X105.665 Y104.691 E2.98876
G1 X105.509 Y104.406 E3.00439
G1 X105.496 Y102.927 E3.07553
G1 X105.584 Y102.648 E3.0896
;WIDTH:0.496989
G1 X105.711 Y102.519 E3.09937
;WIDTH:0.543978
G1 X105.838 Y102.39 E3.1102
;WIDTH:0.590968
G1 X105.966 Y102.261 E3.12214
;WIDTH:0.624001
G1 X107.237 Y102.219 E3.2109
;WIDTH:0.64463
G1 X108.555 Y102.209 E3.30629
;WIDTH:0.651424
G1 X111.444 Y102.209 E3.51782
;WIDTH:0.644649
G1 X112.763 Y102.219 E3.61328
;WIDTH:0.624
G1 X113.665 Y102.233 E3.67625
;WIDTH:0.596847
G1 X114.179 Y102.247 E3.7104
;WIDTH:0.579334
G1 X114.403 Y102.282 E3.72496
G1 X114.509 Y102.395 E3.73491
;WIDTH:0.536222
G1 X114.615 Y102.508 E3.74403
;WIDTH:0.493111
G1 X114.721 Y102.621 E3.75231
;WIDTH:0.494473
G1 X114.779 Y102.733 E3.75908
;WIDTH:0.538947
G1 X114.837 Y102.845 E3.76655
;WIDTH:0.583421
G1 X114.895 Y102.957 E3.77472
G1 X114.88 Y104.274 E3.85998
;WIDTH:0.553473
G1 X114.851 Y104.447 E3.87068
;WIDTH:0.544716
G1 X114.718 Y104.602 E3.88292
;WIDTH:0.497358
G1 X114.585 Y104.757 E3.89395
;WIDTH:0.45
G1 X114.178 Y104.924 E3.91511
G1 X112.928 Y104.924 E3.97523
G1 X112.703 Y104.901 E3.98611
;WIDTH:0.403603
G1 X112.478 Y104.878 E3.99568
G1 X112.686 Y104.943 E4.0049
;WIDTH:0.45
G1 X112.893 Y105.007 E4.01532
G1 X112.911 Y105.025 E4.01654
G1 X112.665 Y105.354 F7800
;TYPE:External perimeter
G1 F900
G1 X112.746 Y105.488 E4.02407
G1 X112.746 Y108.951 E4.19063
G1 X112.692 Y109.085 E4.19758
G1 X112.513 Y109.218 E4.20831
G1 X107.919 Y109.221 E4.42927
G1 X107.781 Y109.163 E4.43647
G1 X107.651 Y108.974 E4.4475
G1 X107.651 Y107.494 E4.51868
G1 X107.651 Y105.488 E4.61516
G1 X107.781 Y105.276 E4.62712
G1 X107.919 Y105.217 E4.63434
G1 X112.478 Y105.217 E4.85361
G1 X112.616 Y105.276 E4.86083
G1 X112.633 Y105.303 E4.86236
G1 X112.735 Y105.69 F7800
G1 E2.86236 F2400
G92 E0
G1 X105.951 Y102.809 F7800
G1 E2 F2400
G1 F900
G1 X106.092 Y102.7 E2.00857
G1 X114.179 Y102.692 E2.39753
G1 X114.316 Y102.749 E2.40467
G1 X114.407 Y102.845 E2.41103
G1 X114.443 Y102.957 E2.41669
G1 X114.443 Y104.274 E2.48003
G1 X114.386 Y104.411 E2.48717
G1 X114.178 Y104.539 E2.49892
G1 X106.138 Y104.539 E2.88562
G1 X106.002 Y104.482 E2.89271
G1 X105.885 Y104.323 E2.9022
G1 X105.881 Y102.947 E2.96838
G1 X105.92 Y102.858 E2.97305
G1 X106.291 Y102.709 F7800
G1 E.97305 F2400
G92 E0
G1 X115.112 Y102.296 F7800
G1 E2 F2400
;TYPE:Perimeter
;WIDTH:0.590881
G1 F900
G1 X115.079 Y102.353 E2.00433
G1 X115.013 Y102.353 E2.00866
G1 X114.98 Y102.296 E2.01299
G1 X115.013 Y102.239 E2.01732
G1 X115.079 Y102.239 E2.02165
G1 E.02165 F2400
G92 E0
G1 X105.414 Y102.277 F7800
G1 E2 F2400
;WIDTH:0.447343
G1 F900
G1 X105.259 Y102.443 E2.01085
G1 X105.208 Y102.677 E2.02229
;WIDTH:0.400935
G1 X105.158 Y102.91 E2.03229
;WIDTH:0.401817
G1 X105.134 Y102.975 E2.03521
;WIDTH:0.449107
G1 X105.11 Y103.04 E2.03853
;WIDTH:0.496398
G1 X105.087 Y103.106 E2.0423
;WIDTH:0.543688
G1 X105.063 Y103.171 E2.04644
;WIDTH:0.590978
G1 X105.039 Y103.236 E2.05099
;WIDTH:0.638269
G1 X105.015 Y103.302 E2.05602
G1 X104.99 Y103.236 E2.06107
;WIDTH:0.590978
G1 X104.965 Y103.171 E2.06564
;WIDTH:0.543688
G1 X104.941 Y103.105 E2.06984
;WIDTH:0.496398
G1 X104.916 Y103.04 E2.07359
;WIDTH:0.449107
G1 X104.891 Y102.974 E2.07698
;WIDTH:0.401817
G1 X104.866 Y102.909 E2.07991
;WIDTH:0.400935
G1 X104.872 Y102.578 E2.09381
;WIDTH:0.447343
G1 X104.878 Y102.248 E2.10958
G1 X105.082 Y102.182 E2.11982
G1 X105.562 Y102.119 E2.14294
G1 X105.455 Y102.233 E2.15041
G1 E.15041 F2400
G92 E0
G1 X106.494 Y105.695 F7800
G1 E2 F2400
;WIDTH:0.45
G1 F3600
G1 X106.494 Y108.542 E2.13693
;WIDTH:0.495137
G1 X106.471 Y108.644 E2.14255
;WIDTH:0.540275
G1 X106.449 Y108.746 E2.14874
;WIDTH:0.585413
G1 X106.426 Y108.848 E2.15554
;WIDTH:0.630551
G1 X106.403 Y108.95 E2.16292
;WIDTH:0.635592
G1 X106.469 Y109.39 E2.19462
G1 X106.571 Y109.515 E2.20611
;WIDTH:0.589194
G1 X106.672 Y109.64 E2.21663
;WIDTH:0.542796
G1 X106.773 Y109.765 E2.22622
;WIDTH:0.496398
G1 X106.874 Y109.89 E2.23488
;WIDTH:0.45
G1 X107.246 Y110.199 E2.25814
G1 X107.599 Y110.34 E2.27642
G1 X107.919 Y110.378 E2.29192
G1 X111.593 Y110.378 E2.46863
G1 X112.723 Y110.356 E2.52299
G1 X113.414 Y110.001 E2.56035
G1 X113.523 Y109.89 E2.56783
G1 X113.829 Y109.379 E2.59648
;WIDTH:0.44124
G1 X113.895 Y108.951 E2.61684
;WIDTH:0.475943
G1 X113.916 Y108.259 E2.65238
;WIDTH:0.525514
G1 X113.945 Y107.009 E2.72429
;WIDTH:0.575086
G1 X113.974 Y105.759 E2.80393
;WIDTH:0.577768
G1 X114.178 Y105.759 E2.81699
G1 X114.505 Y105.636 E2.83936
G1 X114.475 Y106.125 E2.87073
;WIDTH:0.575086
G1 X114.401 Y107.202 E2.93949
;WIDTH:0.525514
G1 X114.327 Y108.278 E3.00152
;WIDTH:0.475943
G1 X114.194 Y109.468 E3.06299
;WIDTH:0.45
G1 X113.854 Y111.49 E3.16161
G1 X113.583 Y112.834 E3.22755
G1 X113.305 Y114.084 E3.28914
G1 X112.848 Y115.935 E3.38084
G1 X112.564 Y116.907 E3.42954
G1 X112.238 Y116.959 E3.44542
G1 X111.528 Y117.016 E3.47968
G1 X110.533 Y117.049 E3.52756
G1 X109.158 Y117.043 E3.59369
G1 X108.179 Y116.996 E3.64083
G1 X107.427 Y116.889 E3.67736
G1 X107.282 Y116.435 E3.70028
G1 X106.939 Y115.103 E3.76643
G1 X106.609 Y113.71 E3.83528
G1 X106.316 Y112.352 E3.9021
G1 X105.968 Y110.464 E3.99444
;WIDTH:0.473292
G1 X105.883 Y109.882 E4.02444
;WIDTH:0.513867
G1 X105.891 Y109.79 E4.02962
;WIDTH:0.554442
G1 X105.899 Y109.699 E4.0352
;WIDTH:0.595017
G1 X105.907 Y109.607 E4.04131
;WIDTH:0.635592
G1 X105.914 Y109.516 E4.04781
G1 X105.84 Y108.989 E4.08572
;WIDTH:0.630551
G1 X105.804 Y108.888 E4.09329
;WIDTH:0.585413
G1 X105.768 Y108.787 E4.10026
;WIDTH:0.540275
G1 X105.733 Y108.687 E4.10655
;WIDTH:0.495137
G1 X105.697 Y108.586 E4.11231
;WIDTH:0.45
G1 X105.582 Y107.538 E4.16302
G1 X105.418 Y105.43 E4.26471
G1 X105.839 Y105.662 E4.28783
G1 X106.434 Y105.692 E4.31648
G1 X105.057 Y104.524 F7800
;WIDTH:0.611477
G1 F3600
G1 X105.157 Y104.65 E4.32746
;WIDTH:0.571107
G1 X105.258 Y104.776 E4.33767
;WIDTH:0.530738
G1 X105.358 Y104.903 E4.34707
;WIDTH:0.490369
G1 X105.458 Y105.029 E4.35562
;WIDTH:0.45
G1 X105.925 Y105.286 E4.38126
G1 X106.138 Y105.31 E4.39157
G1 X106.951 Y105.31 E4.43067
G1 X106.879 Y105.488 E4.43991
G1 X106.879 Y108.95 E4.60642
G1 X106.925 Y109.244 E4.62073
G1 X107.151 Y109.621 E4.64187
G1 X107.438 Y109.864 E4.65996
G1 X107.69 Y109.965 E4.67302
G1 X107.919 Y109.993 E4.68412
G1 X112.653 Y109.977 E4.91181
G1 X113.17 Y109.7 E4.94002
G1 X113.467 Y109.258 E4.96563
G1 X113.518 Y108.951 E4.9806
G1 X113.518 Y105.488 E5.14716
G1 X113.445 Y105.31 E5.15641
G1 X114.204 Y105.309 E5.19292
G1 X114.857 Y105.03 E5.22707
G1 X115.005 Y104.83 E5.23904
G1 X114.923 Y106.156 E5.30294
G1 X114.723 Y108.324 E5.40766
G1 X114.579 Y109.471 E5.46326
G1 X114.438 Y110.4 E5.50845
G1 X114.233 Y111.562 E5.5652
G1 X113.961 Y112.914 E5.63153
G1 X113.681 Y114.171 E5.69347
G1 X113.221 Y116.032 E5.78567
G1 X112.96 Y116.96 E5.83204
G1 X112.818 Y117.231 E5.84676
G1 X112.284 Y117.342 E5.87299
G1 X111.55 Y117.401 E5.90841
G1 X110.486 Y117.437 E5.95961
G1 X109.197 Y117.43 E6.02161
G1 X108.184 Y117.384 E6.07038
G1 X107.537 Y117.314 E6.10168
G1 X107.153 Y117.208 E6.12084
G1 X107.074 Y117.052 E6.12925
G1 X106.911 Y116.542 E6.155
G1 X106.565 Y115.196 E6.22184
G1 X106.233 Y113.795 E6.29109
G1 X105.938 Y112.429 E6.3583
G1 X105.682 Y111.099 E6.42344
G1 X105.489 Y109.936 E6.48014
G1 X105.329 Y108.765 E6.53698
G1 X105.198 Y107.576 E6.59451
G1 X105.068 Y106.023 E6.66947
G1 X105.013 Y105.136 E6.71221
;WIDTH:0.490369
G1 X105.024 Y104.983 E6.72036
;WIDTH:0.530738
G1 X105.035 Y104.83 E6.72928
;WIDTH:0.571107
G1 X105.046 Y104.677 E6.73897
;WIDTH:0.611477
G1 X105.053 Y104.583 E6.7454
G1 X105.057 Y104.524 F7800
;WIDTH:0.638269
G1 F900
G1 X105.015 Y103.302 E6.83292
G1 X104.536 Y101.989 F7800
;WIDTH:0.45
G1 F3600
G1 X104.975 Y101.811 E6.8557
G1 X105.482 Y101.718 E6.88049
;WIDTH:0.496989
G1 X105.609 Y101.727 E6.88736
;WIDTH:0.543978
G1 X105.737 Y101.737 E6.89504
;WIDTH:0.590968
G1 X105.865 Y101.746 E6.90347
;WIDTH:0.596844
G1 X106.319 Y101.701 E6.93377
;WIDTH:0.624001
G1 X107.228 Y101.66 E6.99728
;WIDTH:0.64463
G1 X108.552 Y101.629 E7.09313
;WIDTH:0.651424
G1 X111.448 Y101.629 E7.30517
;WIDTH:0.644649
G1 X112.772 Y101.66 E7.40102
;WIDTH:0.624
G1 X113.694 Y101.702 E7.46544
;WIDTH:0.596847
G1 X114.3 Y101.752 E7.50582
;WIDTH:0.566802
G1 X114.517 Y101.767 E7.51945
;WIDTH:0.527868
G1 X114.733 Y101.782 E7.53197
;WIDTH:0.488934
G1 X114.949 Y101.797 E7.54344
;WIDTH:0.45
G1 X115.327 Y101.907 E7.56237
G1 X115.483 Y102.014 E7.57147
G1 X115.507 Y102.39 E7.58959
;WIDTH:0.494473
G1 X115.476 Y102.583 E7.60008
;WIDTH:0.538947
G1 X115.445 Y102.776 E7.61165
;WIDTH:0.583421
G1 X115.414 Y102.969 E7.6243
G1 X115.36 Y104.546 E7.72645
;WIDTH:0.553473
G1 X115.367 Y104.702 E7.73598
;WIDTH:0.518982
G1 X115.373 Y104.857 E7.74478
;WIDTH:0.484491
G1 X115.38 Y105.013 E7.75296
;WIDTH:0.45
G1 X115.307 Y106.186 E7.80949
G1 X115.106 Y108.366 E7.91479
G1 X114.961 Y109.524 E7.97092
G1 X114.818 Y110.463 E8.0166
G1 X114.611 Y111.633 E8.07375
G1 X114.338 Y112.994 E8.14051
G1 X114.056 Y114.258 E8.2028
G1 X113.595 Y116.13 E8.29553
G1 X113.404 Y116.83 E8.33043
G1 X113.227 Y117.312 E8.35513
G1 X113.067 Y117.533 E8.36825
G1 X112.894 Y117.612 E8.3774
G1 X112.33 Y117.725 E8.40507
G1 X111.572 Y117.786 E8.44165
G1 X110.491 Y117.822 E8.49367
G1 X109.187 Y117.816 E8.55639
G1 X108.155 Y117.769 E8.60608
G1 X107.402 Y117.687 E8.64251
G1 X106.907 Y117.514 E8.66773
G1 X106.716 Y117.198 E8.68549
G1 X106.541 Y116.648 E8.71325
G1 X106.19 Y115.289 E8.78076
G1 X105.857 Y113.88 E8.85039
G1 X105.56 Y112.506 E8.918
G1 X105.303 Y111.167 E8.98358
G1 X105.108 Y109.993 E9.04082
G1 X104.946 Y108.813 E9.09811
G1 X104.814 Y107.613 E9.15617
G1 X104.683 Y106.05 E9.23161
G1 X104.495 Y102.412 E9.40682
G1 X104.519 Y102.039 E9.4248
G1 X104.132 Y101.867 F7800
;TYPE:External perimeter
G1 F1800
G1 X104.204 Y101.772 E9.43053
G1 X104.454 Y101.577 E9.44578
G1 X104.942 Y101.425 E9.47036
G1 X105.47 Y101.33 E9.49616
G1 X106.291 Y101.243 E9.53587
G1 X107.214 Y101.187 E9.58034
G1 X108.539 Y101.146 E9.6441
G1 X110.16 Y101.132 E9.72207
G1 X111.46 Y101.146 E9.7846
G1 X112.798 Y101.188 E9.84898
G1 X113.743 Y101.246 E9.89452
G1 X114.621 Y101.345 E9.93702
G1 X115.214 Y101.466 E9.96613
G1 X115.655 Y101.645 E9.98902
G1 X115.857 Y101.836 E10.00239
G1 X115.895 Y102.359 E10.02761
G1 X115.795 Y104.557 E10.13344
G1 X115.692 Y106.215 E10.21334
G1 X115.49 Y108.408 E10.31926
G1 X115.343 Y109.577 E10.37593
G1 X115.199 Y110.525 E10.42205
G1 X114.99 Y111.705 E10.47969
G1 X114.715 Y113.074 E10.54685
G1 X114.432 Y114.346 E10.60952
G1 X113.968 Y116.228 E10.70275
G1 X113.772 Y116.944 E10.73845
G1 X113.521 Y117.597 E10.7721
G1 X113.303 Y117.848 E10.78809
G1 X112.939 Y118.004 E10.80714
G1 X112.375 Y118.109 E10.83473
G1 X111.594 Y118.171 E10.87241
G1 X110.497 Y118.208 E10.9252
G1 X109.177 Y118.202 E10.98869
G1 X108.125 Y118.153 E11.03934
G1 X107.324 Y118.067 E11.07809
G1 X106.78 Y117.9 E11.10546
G1 X106.611 Y117.774 E11.1156
G1 X106.358 Y117.345 E11.13955
G1 X106.17 Y116.755 E11.16933
G1 X105.816 Y115.381 E11.23757
G1 X105.481 Y113.965 E11.30755
G1 X105.182 Y112.583 E11.37556
G1 X104.923 Y111.235 E11.44158
G1 X104.726 Y110.051 E11.49931
G1 X104.563 Y108.86 E11.55713
G1 X104.431 Y107.65 E11.61567
G1 X104.298 Y106.078 E11.69155
G1 X104.109 Y102.43 E11.86724
G1 X104.124 Y101.925 E11.89154
G1 X104.396 Y101.631 F7800
G1 E9.89154 F2400
G92 E0
G1 X105.857 Y107.506 F7800
G1 E2 F2400
;TYPE:Solid infill
;WIDTH:0.451099
G1 F1200
G1 X105.81 Y106.731 E2.03745
;WIDTH:0.477385
G1 X105.763 Y105.956 E2.07745
G1 X106.191 Y105.996 E2.09959
G1 X106.204 Y106.847 E2.14343
;WIDTH:0.451099
G1 X106.217 Y107.495 E2.17469
;WIDTH:0.424813
G1 X106.231 Y107.996 E2.19722
;WIDTH:0.397382
G1 X106.244 Y108.496 E2.21799
;WIDTH:0.369951
G1 X106.113 Y108.828 E2.23159
G1 X105.94 Y108.513 E2.24529
;WIDTH:0.414343
G1 X105.873 Y107.698 E2.28098
G1 E.28098 F2400
G92 E0
G1 X107.552 Y116.322 F7800
G1 E2 F2400
;WIDTH:0.45
G1 F1200
G1 X107.903 Y116.673 E2.02387
G1 X107.558 Y116.701 E2.04052
;WIDTH:0.404381
G1 X107.539 Y116.772 E2.04364
G1 X107.61 Y116.753 E2.04676
G1 X107.599 Y116.712 E2.04856
G1 X108.498 Y116.723 F7800
;WIDTH:0.45
G1 F1200
G1 X107.362 Y115.587 E2.12583
G1 X107.178 Y114.858 E2.16199
G1 X109.069 Y116.749 E2.29061
G1 X109.623 Y116.758 E2.31726
G1 X107.009 Y114.143 E2.4951
G1 X106.845 Y113.434 E2.5301
G1 X110.171 Y116.76 E2.75633
G1 X110.71 Y116.754 E2.78226
G1 X106.695 Y112.739 E3.05536
G1 X106.553 Y112.051 E3.08915
G1 X111.238 Y116.736 E3.40782
G1 X111.755 Y116.708 E3.43272
G1 X106.423 Y111.376 E3.7954
G1 X106.302 Y110.709 E3.828
G1 X112.256 Y116.663 E4.23298
G1 X112.442 Y116.304 E4.25243
G1 X106.207 Y110.069 E4.67653
G1 X106.239 Y109.621 E4.69813
;WIDTH:0.422477
G1 X106.421 Y109.766 E4.70852
;WIDTH:0.410055
G1 X106.761 Y110.133 E4.73009
;WIDTH:0.404381
G1 X106.882 Y110.241 E4.73697
;WIDTH:0.45
G1 X107.154 Y110.471 E4.7541
G1 X112.559 Y115.876 E5.12174
G1 X112.677 Y115.448 E5.14309
G1 X107.894 Y110.665 E5.46842
G1 X108.441 Y110.668 E5.49473
G1 X112.783 Y115.009 E5.79003
G1 X112.89 Y114.57 E5.81176
G1 X108.987 Y110.668 E6.0772
G1 X109.532 Y110.668 E6.10341
G1 X112.996 Y114.132 E6.33903
G1 X113.097 Y113.687 E6.36098
G1 X110.077 Y110.668 E6.56636
G1 X110.623 Y110.668 E6.59262
G1 X113.196 Y113.241 E6.76763
G1 X113.296 Y112.795 E6.78961
G1 X111.168 Y110.668 E6.93432
G1 X112.473 Y110.668 E6.99709
G1 X112.819 Y110.623 E7.01387
G1 X113.578 Y110.232 E7.05493
G1 X113.814 Y110.015 E7.07035
G1 X113.569 Y111.437 E7.13975
G1 X113.387 Y112.341 E7.1841
G1 X111.85 Y110.804 E7.28864
G1 X112.633 Y111.041 F7800
;WIDTH:0.450806
G1 F1200
G1 X112.954 Y110.985 E7.30434
G1 X113.284 Y110.818 E7.32217
G1 X113.151 Y111.559 E7.35845
G1 X112.769 Y111.178 E7.38445
M106 S211.65
;LAYER_CHANGE
;Z:7.58333
;HEIGHT:0.0333333
G1 E5.38445 F2400
G92 E0
G1 Z7.583 F7800
G1 X112.753 Y121.11
G1 E2 F2400
;TYPE:Support material
;WIDTH:0.35
;HEIGHT:0.294444
G1 F3600
G1 X107.247 Y121.11 E2.19332
G1 X107.247 Y118.785 E2.27495
G1 X110 Y118.937 E2.37176
G1 X112.753 Y118.785 E2.46857
G1 X112.753 Y121.067 E2.54869
G1 E.54869 F2400
G92 E0
G1 X112.098 Y108.596 F7800
G1 E2 F2400
G1 F3600
G1 X108.301 Y108.596 E2.13331
G1 X108.301 Y105.842 E2.23
G1 X112.098 Y105.842 E2.36331
G1 X112.098 Y108.553 E2.45849
G1 X111.969 Y107.214 F7800
G1 F3600
G1 X108.43 Y107.214 E2.58275
G1 E.58275 F2400
G92 E0
G1 X107.182 Y103.914 F7800
G1 E2 F2400
G1 F3600
G1 X106.535 Y103.914 E2.02272
G1 X106.535 Y103.317 E2.04368
G1 X107.182 Y103.317 E2.0664
G1 X107.182 Y103.871 E2.08585
G1 E.08585 F2400
G92 E0
G1 X113.789 Y103.538 F7800
G1 E2 F2400
G1 F3600
G1 X113.789 Y103.914 E2.0132
G1 X112.818 Y103.914 E2.04729
G1 X112.818 Y103.317 E2.06825
G1 X113.789 Y103.317 E2.10234
G1 X113.789 Y103.495 E2.10859
;LAYER_CHANGE
;Z:7.85
;HEIGHT:0.266666
G1 E.10859 F2400
G92 E0
G1 Z7.85 F7800
G1 X112.753 Y121.11
G1 E2 F2400
G1 F3600
G1 X107.247 Y121.11 E2.17872
G1 X107.247 Y118.873 E2.25133
G1 X110 Y119.03 E2.34083
G1 X112.753 Y118.873 E2.43033
G1 X112.753 Y121.066 E2.50151
G1 E.50151 F2400
G92 E0
G1 X112.055 Y108.596 F7800
G1 E2 F2400
G1 F3600
G1 X108.344 Y108.596 E2.12045
G1 X108.344 Y105.842 E2.20984
G1 X112.055 Y105.842 E2.33029
G1 X112.055 Y108.553 E2.41829
G1 X111.923 Y107.214 F7800
G1 F3600
G1 X108.475 Y107.214 E2.53021
G1 E.53021 F2400
G92 E0
G1 X107.182 Y103.914 F7800
G1 E2 F2400
G1 F3600
G1 X106.564 Y103.914 E2.02006
G1 X106.564 Y103.317 E2.03944
G1 X107.182 Y103.317 E2.0595
G1 X107.182 Y103.87 E2.07745
G1 E.07745 F2400
G92 E0
G1 X113.759 Y103.56 F7800
G1 E2 F2400
G1 F3600
G1 X113.759 Y103.914 E2.01149
G1 X112.818 Y103.914 E2.04203
G1 X112.818 Y103.317 E2.06141
G1 X113.759 Y103.317 E2.09195
G1 X113.759 Y103.517 E2.09844
G1 E.09844 F2400
G92 E0
G1 X107.853 Y104.882 F7800
G1 E2 F2400
;TYPE:Perimeter
;WIDTH:0.365269
;HEIGHT:0.3
G1 F900
G1 X107.945 Y104.878 E2.00346
;WIDTH:0.357207
G1 X112.454 Y104.878 E2.16814
G1 X112.929 Y105.068 F7800
;WIDTH:0.45
G1 F900
G1 X112.943 Y105.083 E2.16913
G1 X113.108 Y105.488 E2.19016
G1 X113.108 Y108.951 E2.35672
G1 X113.083 Y109.119 E2.36489
G1 X112.943 Y109.355 E2.37809
G1 X112.649 Y109.573 E2.39569
G1 X112.453 Y109.607 E2.40526
G1 X107.945 Y109.607 E2.62208
G1 X107.746 Y109.572 E2.6318
G1 X107.455 Y109.355 E2.64926
G1 X107.318 Y109.127 E2.66205
G1 X107.29 Y108.465 E2.69392
G1 X107.29 Y105.488 E2.8371
G1 X107.456 Y105.083 E2.85815
G1 X107.534 Y105.008 E2.86335
;WIDTH:0.442811
G1 X107.694 Y104.945 E2.87147
;WIDTH:0.40404
G1 X107.853 Y104.882 E2.87872
;WIDTH:0.407634
G1 X107.621 Y104.903 E2.88869
;WIDTH:0.45
G1 X107.389 Y104.924 E2.89989
G1 X106.175 Y104.924 E2.95828
G1 X105.766 Y104.756 E2.97955
G1 X105.561 Y104.478 E2.99616
G1 X105.524 Y104.274 E3.00613
G1 X105.524 Y102.957 E3.06947
G1 X105.639 Y102.611 E3.08701
;WIDTH:0.4988
G1 X105.756 Y102.494 E3.09598
;WIDTH:0.547601
G1 X105.874 Y102.377 E3.106
;WIDTH:0.596402
G1 X105.991 Y102.26 E3.11698
;WIDTH:0.633771
G1 X107.298 Y102.214 E3.20986
;WIDTH:0.654925
G1 X108.587 Y102.204 E3.30481
;WIDTH:0.662001
G1 X111.414 Y102.204 E3.51553
;WIDTH:0.654921
G1 X112.509 Y102.212 E3.59618
;WIDTH:0.638091
G1 X113.429 Y102.225 E3.66202
;WIDTH:0.612045
G1 X114.149 Y102.244 E3.71122
;WIDTH:0.579018
G1 X114.369 Y102.281 E3.72554
G1 X114.471 Y102.387 E3.73498
;WIDTH:0.536012
G1 X114.574 Y102.493 E3.74367
;WIDTH:0.493006
G1 X114.676 Y102.6 E3.75157
;WIDTH:0.494548
G1 X114.76 Y102.778 E3.76213
;WIDTH:0.539096
G1 X114.844 Y102.957 E3.77384
G1 X114.831 Y104.274 E3.85182
;WIDTH:0.513373
G1 X114.795 Y104.465 E3.8627
;WIDTH:0.503438
G1 X114.676 Y104.61 E3.87297
;WIDTH:0.476719
G1 X114.557 Y104.756 E3.88266
;WIDTH:0.45
G1 X114.149 Y104.924 E3.90388
G1 X112.901 Y104.924 E3.9639
G1 X112.677 Y104.901 E3.97473
;WIDTH:0.403603
G1 X112.454 Y104.878 E3.98422
G1 X112.66 Y104.942 E3.99335
;WIDTH:0.45
G1 X112.867 Y105.005 E4.00376
G1 X112.887 Y105.025 E4.00512
G1 X112.65 Y105.342 F7800
;TYPE:External perimeter
G1 F900
G1 X112.668 Y105.353 E4.00613
G1 X112.723 Y105.488 E4.01314
G1 X112.723 Y108.951 E4.1797
G1 X112.668 Y109.085 E4.18667
G1 X112.519 Y109.21 E4.19602
G1 X107.945 Y109.221 E4.41601
G1 X107.807 Y109.163 E4.42321
G1 X107.678 Y108.977 E4.4341
G1 X107.676 Y108.465 E4.45873
G1 X107.676 Y105.488 E4.60191
G1 X107.807 Y105.275 E4.61394
G1 X107.945 Y105.217 E4.62114
G1 X112.454 Y105.217 E4.83801
G1 X112.599 Y105.31 E4.8463
G1 X112.714 Y105.693 F7800
G1 E2.8463 F2400
G92 E0
G1 X105.981 Y102.809 F7800
G1 E2 F2400
G1 F900
G1 X106.12 Y102.7 E2.0085
G1 X114.149 Y102.692 E2.39467
G1 X114.285 Y102.748 E2.40174
G1 X114.373 Y102.838 E2.40779
G1 X114.414 Y102.957 E2.41384
G1 X114.414 Y104.274 E2.47718
G1 X114.357 Y104.41 E2.48427
G1 X114.149 Y104.539 E2.49604
G1 X106.175 Y104.539 E2.87956
G1 X106.039 Y104.482 E2.88665
G1 X105.91 Y104.309 E2.89703
G1 X105.91 Y102.957 E2.96206
G1 X105.95 Y102.859 E2.96715
G1 X106.321 Y102.709 F7800
G1 E.96715 F2400
G92 E0
G1 X115.009 Y102.261 F7800
G1 E2 F2400
;TYPE:Perimeter
;WIDTH:0.536877
G1 F900
G1 X114.979 Y102.312 E2.00349
G1 X114.92 Y102.312 E2.00697
G1 X114.891 Y102.261 E2.01043
G1 X114.92 Y102.21 E2.01389
G1 X114.979 Y102.21 E2.01737
G1 E.01737 F2400
G92 E0
G1 X106.519 Y105.695 F7800
G1 E2 F2400
;WIDTH:0.45
G1 F3600
G1 X106.519 Y108.066 E2.11404
;WIDTH:0.495641
G1 X106.496 Y108.166 E2.11956
;WIDTH:0.541282
G1 X106.474 Y108.265 E2.12559
;WIDTH:0.586923
G1 X106.451 Y108.365 E2.13228
;WIDTH:0.632565
G1 X106.428 Y108.465 E2.13955
G1 X106.441 Y108.951 E2.174
;WIDTH:0.611768
G1 X106.506 Y109.386 E2.20403
G1 X106.625 Y109.533 E2.21694
;WIDTH:0.571326
G1 X106.744 Y109.68 E2.2289
;WIDTH:0.530884
G1 X106.862 Y109.826 E2.23982
;WIDTH:0.490442
G1 X106.981 Y109.973 E2.24987
;WIDTH:0.45
G1 X107.479 Y110.295 E2.27839
G1 X107.945 Y110.378 E2.30116
G1 X112.453 Y110.378 E2.51798
G1 X112.91 Y110.299 E2.54029
G1 X113.418 Y109.973 E2.56932
G1 X113.609 Y109.762 E2.58301
G1 X113.801 Y109.338 E2.6054
;WIDTH:0.408531
G1 X113.856 Y108.951 E2.62218
;WIDTH:0.429473
G1 X113.869 Y108.516 E2.642
;WIDTH:0.456116
G1 X113.883 Y108.08 E2.66331
;WIDTH:0.499077
G1 X113.907 Y106.911 E2.7267
;WIDTH:0.542039
G1 X113.93 Y105.741 E2.79642
G1 X114.149 Y105.741 E2.80947
G1 X114.423 Y105.642 E2.82683
G1 X114.338 Y107.048 E2.91075
;WIDTH:0.499077
G1 X114.274 Y108.097 E2.96773
;WIDTH:0.456116
G1 X114.136 Y109.409 E3.03219
;WIDTH:0.45
G1 X113.864 Y111.1 E3.11457
G1 X113.608 Y112.473 E3.18174
G1 X113.336 Y113.767 E3.24534
G1 X112.978 Y115.312 E3.32162
G1 X112.688 Y116.467 E3.3789
G1 X112.519 Y117.009 E3.40621
G1 X112.3 Y117.049 E3.41692
G1 X111.643 Y117.109 E3.44865
G1 X110.631 Y117.149 E3.49736
G1 X109.079 Y117.138 E3.57201
G1 X108.326 Y117.106 E3.60826
G1 X107.481 Y117.008 E3.64917
G1 X107.364 Y116.657 E3.66697
G1 X107.066 Y115.494 E3.72471
G1 X106.743 Y114.122 E3.7925
G1 X106.435 Y112.688 E3.86304
G1 X106.183 Y111.368 E3.92767
G1 X105.98 Y110.144 E3.98734
;WIDTH:0.490442
G1 X105.979 Y109.984 E3.99584
;WIDTH:0.530884
G1 X105.977 Y109.825 E4.00509
;WIDTH:0.571326
G1 X105.976 Y109.666 E4.01514
;WIDTH:0.611768
G1 X105.975 Y109.507 E4.026
G1 X105.902 Y109 E4.06097
;WIDTH:0.632565
G1 X105.861 Y108.496 E4.0968
G1 X105.828 Y108.399 E4.10406
;WIDTH:0.586923
G1 X105.795 Y108.302 E4.11074
;WIDTH:0.541282
G1 X105.761 Y108.205 E4.11685
;WIDTH:0.495641
G1 X105.728 Y108.108 E4.12236
;WIDTH:0.45
G1 X105.561 Y106.158 E4.21649
G1 X105.521 Y105.443 E4.25093
G1 X106.044 Y105.689 E4.27873
G1 X106.459 Y105.695 E4.29869
G1 X105.122 Y104.486 F7800
;WIDTH:0.527987
G1 F3600
G1 X105.178 Y104.623 E4.30725
;WIDTH:0.498471
G1 X105.494 Y105.029 E4.33511
;WIDTH:0.45
G1 X106.081 Y105.305 E4.36631
G1 X106.977 Y105.31 E4.40941
G1 X106.905 Y105.488 E4.41865
G1 X106.905 Y108.951 E4.58521
G1 X106.951 Y109.244 E4.59947
G1 X107.18 Y109.625 E4.62085
G1 X107.613 Y109.933 E4.64641
G1 X107.945 Y109.993 E4.66264
G1 X112.453 Y109.993 E4.87946
G1 X112.78 Y109.936 E4.89542
G1 X113.219 Y109.625 E4.9213
G1 X113.452 Y109.232 E4.94327
G1 X113.494 Y108.951 E4.95694
G1 X113.494 Y105.488 E5.1235
G1 X113.421 Y105.31 E5.13275
G1 X114.181 Y105.309 E5.1693
G1 X114.829 Y105.029 E5.20325
G1 X114.892 Y104.966 E5.20754
G1 X114.837 Y105.987 E5.25672
G1 X114.66 Y108.14 E5.36062
G1 X114.432 Y109.999 E5.4507
G1 X114.244 Y111.166 E5.50755
G1 X113.986 Y112.548 E5.57517
G1 X113.713 Y113.85 E5.63915
G1 X113.358 Y115.381 E5.71474
G1 X112.963 Y116.902 E5.79032
G1 X112.789 Y117.329 E5.8125
G1 X112.352 Y117.432 E5.83409
G1 X111.669 Y117.494 E5.86707
G1 X110.639 Y117.535 E5.91665
G1 X110 Y117.535 E5.94738
G1 X109.064 Y117.523 E5.9924
G1 X108.289 Y117.489 E6.02971
G1 X107.525 Y117.412 E6.06664
G1 X107.193 Y117.302 E6.08346
G1 X106.994 Y116.766 E6.11096
G1 X106.691 Y115.586 E6.16956
G1 X106.374 Y114.237 E6.23621
G1 X106.059 Y112.771 E6.30833
G1 X105.805 Y111.448 E6.37312
G1 X105.6 Y110.208 E6.43357
G1 X105.443 Y109.06 E6.4893
G1 X105.303 Y107.765 E6.55195
G1 X105.176 Y106.184 E6.62824
G1 X105.115 Y105.095 E6.6807
;WIDTH:0.488993
G1 X105.118 Y104.79 E6.69685
;WIDTH:0.527987
G1 X105.121 Y104.546 E6.71096
G1 E4.71096 F2400
G92 E0
G1 X105.448 Y102.281 F7800
G1 E2 F2400
;WIDTH:0.416051
G1 F900
G1 X105.306 Y102.444 E2.00948
;WIDTH:0.465759
G1 X105.231 Y102.615 E2.01883
;WIDTH:0.515467
G1 X105.156 Y102.786 E2.02934
;WIDTH:0.565175
G1 X105.081 Y102.957 E2.041
G1 X105.049 Y102.712 E2.05643
;WIDTH:0.515467
G1 X105.017 Y102.467 E2.07033
;WIDTH:0.465759
G1 X104.985 Y102.223 E2.08265
;WIDTH:0.416051
G1 X105.194 Y102.152 E2.09233
G1 X105.738 Y102.054 E2.11658
G1 X105.506 Y102.214 E2.12894
G1 X105.487 Y102.235 E2.13018
G1 E.13018 F2400
G92 E0
G1 X105.122 Y104.486 F7800
G1 E2 F2400
;WIDTH:0.527987
G1 F900
G1 X105.107 Y104.274 E2.01229
;WIDTH:0.539419
G1 X105.094 Y103.615 E2.05134
;WIDTH:0.565175
G1 X105.081 Y102.957 E2.09245
G1 X104.66 Y101.977 F7800
;WIDTH:0.45
G1 F3600
G1 X105.088 Y101.797 E2.11478
G1 X105.581 Y101.702 E2.13893
;WIDTH:0.4988
G1 X105.683 Y101.715 E2.1445
;WIDTH:0.547601
G1 X105.785 Y101.727 E2.15069
;WIDTH:0.596402
G1 X105.886 Y101.74 E2.15745
;WIDTH:0.605974
G1 X106.4 Y101.687 E2.19236
;WIDTH:0.633771
G1 X107.289 Y101.645 E2.25556
;WIDTH:0.654925
G1 X108.584 Y101.613 E2.35097
;WIDTH:0.662001
G1 X111.418 Y101.613 E2.56221
;WIDTH:0.654921
G1 X112.517 Y101.639 E2.64318
;WIDTH:0.638091
G1 X113.457 Y101.679 E2.7105
;WIDTH:0.612045
G1 X114.349 Y101.755 E2.77165
;WIDTH:0.57225
G1 X114.55 Y101.775 E2.78445
;WIDTH:0.5315
G1 X114.752 Y101.794 E2.79627
;WIDTH:0.49075
G1 X114.953 Y101.814 E2.80701
;WIDTH:0.45
G1 X115.32 Y101.957 E2.82595
G1 X115.361 Y102.019 E2.82953
G1 X115.386 Y102.37 E2.84645
;WIDTH:0.494548
G1 X115.352 Y102.668 E2.86254
;WIDTH:0.539096
G1 X115.318 Y102.966 E2.8803
G1 X115.271 Y104.565 E2.97502
;WIDTH:0.513373
G1 X115.275 Y104.77 E2.9865
;WIDTH:0.481686
G1 X115.278 Y104.974 E2.99712
;WIDTH:0.45
G1 X115.221 Y106.013 E3.04717
G1 X115.044 Y108.179 E3.15169
G1 X114.813 Y110.053 E3.24251
G1 X114.624 Y111.232 E3.29994
G1 X114.365 Y112.623 E3.36799
G1 X114.089 Y113.933 E3.43238
G1 X113.733 Y115.471 E3.50831
G1 X113.436 Y116.654 E3.56697
G1 X113.292 Y117.153 E3.59195
G1 X113.086 Y117.576 E3.61458
G1 X112.96 Y117.676 E3.62232
G1 X112.405 Y117.814 E3.64983
G1 X111.694 Y117.879 E3.68417
G1 X110.647 Y117.92 E3.73457
G1 X109.354 Y117.92 E3.79676
G1 X108.308 Y117.879 E3.84711
G1 X107.778 Y117.828 E3.87272
G1 X107.275 Y117.752 E3.89719
G1 X106.923 Y117.594 E3.91575
G1 X106.786 Y117.362 E3.92871
G1 X106.624 Y116.875 E3.95339
G1 X106.317 Y115.678 E4.01282
G1 X105.997 Y114.321 E4.07988
G1 X105.681 Y112.848 E4.15234
G1 X105.426 Y111.516 E4.21757
G1 X105.218 Y110.266 E4.27852
G1 X105.06 Y109.107 E4.33478
G1 X104.919 Y107.801 E4.39796
G1 X104.792 Y106.21 E4.47472
G1 X104.704 Y104.656 E4.54958
G1 X104.612 Y102.301 E4.66293
G1 X104.647 Y102.032 E4.67598
G1 X104.256 Y101.866 F7800
;TYPE:External perimeter
G1 F1800
G1 X104.325 Y101.77 E4.68167
G1 X104.502 Y101.615 E4.69299
G1 X104.811 Y101.485 E4.70911
G1 X105.305 Y101.363 E4.73358
G1 X106.371 Y101.225 E4.78528
G1 X107.273 Y101.168 E4.82875
G1 X108.571 Y101.125 E4.89121
G1 X110.012 Y101.111 E4.96052
G1 X111.43 Y101.125 E5.02872
G1 X112.543 Y101.16 E5.08228
G1 X113.504 Y101.215 E5.12858
G1 X114.427 Y101.315 E5.17323
G1 X115.066 Y101.445 E5.20459
G1 X115.509 Y101.62 E5.2275
G1 X115.732 Y101.827 E5.24213
G1 X115.773 Y102.338 E5.26679
G1 X115.686 Y104.573 E5.37437
G1 X115.606 Y106.039 E5.44498
G1 X115.427 Y108.219 E5.55018
G1 X115.195 Y110.107 E5.64167
G1 X115.004 Y111.298 E5.69968
G1 X114.743 Y112.698 E5.76818
G1 X114.466 Y114.016 E5.83296
G1 X113.883 Y116.458 E5.95371
G1 X113.704 Y117.116 E5.98651
G1 X113.509 Y117.645 E6.01363
G1 X113.264 Y117.942 E6.03215
G1 X112.987 Y118.079 E6.04701
G1 X112.457 Y118.196 E6.07311
G1 X111.719 Y118.264 E6.10876
G1 X110.654 Y118.306 E6.16002
G1 X109.346 Y118.306 E6.22293
G1 X108.282 Y118.264 E6.27414
G1 X107.741 Y118.211 E6.30028
G1 X107.043 Y118.097 E6.3343
G1 X106.674 Y117.898 E6.35446
G1 X106.431 Y117.518 E6.37615
G1 X106.253 Y116.983 E6.40327
G1 X105.942 Y115.77 E6.4635
G1 X105.621 Y114.406 E6.5309
G1 X105.303 Y112.924 E6.6038
G1 X105.046 Y111.584 E6.66942
G1 X104.837 Y110.323 E6.7309
G1 X104.677 Y109.154 E6.78765
G1 X104.535 Y107.837 E6.85136
G1 X104.407 Y106.237 E6.92856
G1 X104.319 Y104.675 E7.00381
G1 X104.229 Y102.385 E7.11404
G1 X104.245 Y101.923 E7.13627
G1 X104.516 Y101.629 F7800
G1 E5.13627 F2400
G92 E0
G1 X105.841 Y105.896 F7800
G1 E2 F2400
;TYPE:Solid infill
;WIDTH:0.441275
G1 F1200
G1 X105.967 Y105.956 E2.00656
G1 X106.234 Y105.978 E2.01915
G1 X106.253 Y107.092 E2.07152
;WIDTH:0.403926
G1 X106.272 Y108.021 E2.11087
;WIDTH:0.366578
G1 X106.138 Y108.347 E2.12416
G1 X105.97 Y108.033 E2.13758
;WIDTH:0.400562
G1 X105.911 Y107.061 E2.17841
;WIDTH:0.434547
G1 X105.853 Y106.089 E2.22337
G1 E.22337 F2400
G92 E0
G1 X106.318 Y109.688 F7800
G1 E2 F2400
;WIDTH:0.45
G1 F1200
G1 X106.8 Y110.195 E2.03365
G1 X107.415 Y110.575 E2.06842
G1 X107.954 Y110.668 E2.09473
G1 X109.218 Y110.668 E2.15552
G1 X106.814 Y113.072 E2.31904
G1 X106.47 Y111.33 E2.40444
G1 X106.273 Y110.141 E2.46241
G1 X106.299 Y109.88 E2.47503
G1 X106.742 Y110.617 F7800
G1 F1200
G1 X107.135 Y110.87 E2.49751
G1 X107.348 Y110.954 E2.50852
G1 X107.852 Y111.044 E2.53314
G1 X108.287 Y111.053 E2.55407
G1 X107.047 Y112.294 E2.63845
G1 X106.774 Y110.807 E2.71116
G1 X107.382 Y111.38 F7800
;WIDTH:0.557929
G1 F1200
G1 X107.339 Y111.337 E2.7149
G1 X107.279 Y111.353 E2.71872
G1 X107.263 Y111.412 E2.72248
G1 X107.307 Y111.456 E2.72631
G1 X107.366 Y111.44 E2.73007
G1 E.73007 F2400
G92 E0
G1 X106.91 Y113.521 F7800
G1 E2 F2400
;WIDTH:0.45
G1 F1200
G1 X109.764 Y110.668 E2.19409
G1 X110.309 Y110.668 E2.2203
G1 X107.007 Y113.97 E2.4449
G1 X107.109 Y114.413 E2.46676
G1 X110.854 Y110.668 E2.72149
G1 X111.4 Y110.668 E2.74775
G1 X107.213 Y114.855 E3.03254
G1 X107.317 Y115.296 E3.05433
G1 X111.945 Y110.668 E3.36912
G1 X112.497 Y110.661 E3.39567
G1 X107.426 Y115.732 E3.74059
G1 X107.537 Y116.166 E3.76214
G1 X113.348 Y110.356 E4.15736
G1 X113.747 Y110.153 E4.17889
;WIDTH:0.488591
G1 X113.696 Y110.167 E4.18169
G1 X113.659 Y110.129 E4.1845
G1 X113.672 Y110.078 E4.18728
G1 X113.724 Y110.064 E4.19013
G1 X113.761 Y110.102 E4.19294
;WIDTH:0.45
G1 X113.652 Y110.596 E4.21727
G1 X107.65 Y116.599 E4.62555
G1 X107.652 Y116.854 E4.63781
;WIDTH:0.404381
G1 X107.58 Y116.835 E4.64097
G1 X107.599 Y116.907 E4.64413
G1 X107.641 Y116.896 E4.64597
;WIDTH:0.45
G1 X108.011 Y116.783 E4.66458
G1 X113.542 Y111.252 E5.04079
G1 X113.417 Y111.923 E5.07362
G1 X108.514 Y116.826 E5.40712
G1 X109.038 Y116.846 E5.43234
G1 X113.286 Y112.599 E5.72125
G1 X113.141 Y113.289 E5.75516
G1 X109.57 Y116.86 E5.99805
G1 X110.116 Y116.86 E6.02431
G1 X112.988 Y113.987 E6.21969
G1 X112.824 Y114.697 E6.25474
G1 X110.662 Y116.858 E6.40176
G1 X111.23 Y116.836 E6.4291
G1 X112.655 Y115.411 E6.52603
G1 X112.51 Y116.065 E6.55825
;WIDTH:0.398878
G1 X112.324 Y116.772 E6.58875
G1 X111.742 Y116.833 E6.61316
G1 X112.374 Y116.201 E6.65045
M106 S216.75
;LAYER_CHANGE
;Z:8.15
;HEIGHT:0.3
G1 E4.65045 F2400
G92 E0
G1 Z8.15 F7800
G1 X112.753 Y121.11
G1 E2 F2400
;TYPE:Support material
;WIDTH:0.35
G1 F3600
G1 X107.247 Y121.11 E2.19615
G1 X107.247 Y118.954 E2.27296
G1 X108.417 Y119.074 E2.31486
G1 X110 Y119.115 E2.37127
G1 X111.583 Y119.074 E2.42768
G1 X112.753 Y118.954 E2.46958
G1 X112.753 Y121.067 E2.54485
G1 E.54485 F2400
G92 E0
G1 X112.012 Y108.596 F7800
G1 E2 F2400
G1 F3600
G1 X108.387 Y108.596 E2.12914
G1 X108.387 Y105.842 E2.22725
G1 X112.012 Y105.842 E2.35639
G1 X112.012 Y108.554 E2.453
G1 X111.883 Y107.214 F7800
G1 F3600
G1 X108.515 Y107.214 E2.57298
G1 E.57298 F2400
G92 E0
G1 X107.182 Y103.914 F7800
G1 E2 F2400
G1 F3600
G1 X106.593 Y103.914 E2.02098
G1 X106.593 Y103.317 E2.04225
G1 X107.182 Y103.317 E2.06323
G1 X107.182 Y103.871 E2.08297
G1 E.08297 F2400
G92 E0
G1 X113.73 Y103.583 F7800
G1 E2 F2400
G1 F3600
G1 X113.73 Y103.914 E2.01179
G1 X112.818 Y103.914 E2.04428
G1 X112.818 Y103.317 E2.06555
G1 X113.73 Y103.317 E2.09804
G1 X113.73 Y103.54 E2.10598
G1 E.10598 F2400
G92 E0
G1 X107.896 Y104.882 F7800
G1 E2 F2400
;TYPE:Perimeter
;WIDTH:0.365269
G1 F900
G1 X107.988 Y104.878 E2.00346
;WIDTH:0.357207
G1 X112.411 Y104.878 E2.165
G1 X112.886 Y105.068 F7800
;WIDTH:0.45
G1 F900
G1 X112.9 Y105.083 E2.16599
G1 X113.065 Y105.488 E2.18702
G1 X113.065 Y108.951 E2.35358
G1 X113.039 Y109.122 E2.3619
G1 X112.824 Y109.433 E2.38008
G1 X112.463 Y109.607 E2.39935
G1 X107.988 Y109.607 E2.61458
G1 X107.796 Y109.574 E2.62395
G1 X107.477 Y109.332 E2.64321
G1 X107.338 Y109.026 E2.65937
G1 X107.333 Y108.137 E2.70213
G1 X107.333 Y105.488 E2.82954
G1 X107.498 Y105.083 E2.85057
G1 X107.577 Y105.008 E2.85581
;WIDTH:0.442862
G1 X107.736 Y104.945 E2.86388
;WIDTH:0.404065
G1 X107.896 Y104.882 E2.87117
;WIDTH:0.407634
G1 X107.663 Y104.903 E2.88119
;WIDTH:0.45
G1 X107.431 Y104.924 E2.89239
G1 X106.204 Y104.924 E2.9514
G1 X105.796 Y104.756 E2.97262
G1 X105.677 Y104.631 E2.98092
G1 X105.553 Y104.293 E2.99824
G1 X105.553 Y102.957 E3.0625
G1 X105.696 Y102.577 E3.08203
;WIDTH:0.48783
G1 X105.776 Y102.497 E3.08801
;WIDTH:0.52566
G1 X105.856 Y102.417 E3.09452
;WIDTH:0.56349
G1 X105.936 Y102.338 E3.10152
;WIDTH:0.601321
G1 X106.016 Y102.258 E3.1091
;WIDTH:0.643037
G1 X107.357 Y102.21 E3.20595
;WIDTH:0.66467
G1 X108.617 Y102.199 E3.30029
;WIDTH:0.671821
G1 X111.382 Y102.199 E3.50978
;WIDTH:0.664687
G1 X112.643 Y102.21 E3.6042
;WIDTH:0.643036
G1 X113.504 Y102.224 E3.66635
;WIDTH:0.614653
G1 X114.119 Y102.242 E3.70858
;WIDTH:0.582258
G1 X114.354 Y102.284 E3.724
G1 X114.453 Y102.392 E3.73346
;WIDTH:0.538172
G1 X114.552 Y102.499 E3.74207
;WIDTH:0.494086
G1 X114.652 Y102.606 E3.74992
;WIDTH:0.497615
G1 X114.794 Y102.957 E3.77038
G1 X114.783 Y104.274 E3.84155
;WIDTH:0.481053
G1 X114.773 Y104.396 E3.84791
G1 X114.599 Y104.684 E3.8654
;WIDTH:0.45
G1 X114.527 Y104.756 E3.8703
G1 X114.095 Y104.924 E3.89259
G1 X112.858 Y104.924 E3.95209
G1 X112.634 Y104.901 E3.96292
;WIDTH:0.403603
G1 X112.411 Y104.878 E3.97241
G1 X112.617 Y104.942 E3.98154
;WIDTH:0.45
G1 X112.824 Y105.005 E3.99195
G1 X112.844 Y105.026 E3.99334
G1 X112.607 Y105.342 F7800
;TYPE:External perimeter
G1 F900
G1 X112.625 Y105.353 E3.99435
G1 X112.68 Y105.488 E4.00136
G1 X112.68 Y108.951 E4.16792
G1 X112.625 Y109.086 E4.17493
G1 X112.429 Y109.221 E4.18638
G1 X107.988 Y109.221 E4.39998
G1 X107.85 Y109.163 E4.40718
G1 X107.721 Y108.976 E4.41811
G1 X107.719 Y108.137 E4.45846
G1 X107.719 Y105.488 E4.58587
G1 X107.85 Y105.275 E4.5979
G1 X107.988 Y105.217 E4.6051
G1 X112.411 Y105.217 E4.81783
G1 X112.557 Y105.31 E4.82616
G1 X112.671 Y105.693 F7800
G1 E2.82616 F2400
G92 E0
G1 X106.01 Y102.809 F7800
G1 E2 F2400
G1 F900
G1 X106.149 Y102.7 E2.0085
G1 X114.119 Y102.692 E2.39183
G1 X114.255 Y102.748 E2.3989
G1 X114.345 Y102.84 E2.40509
G1 X114.384 Y102.957 E2.41102
G1 X114.384 Y104.274 E2.47436
G1 X114.327 Y104.411 E2.4815
G1 X114.119 Y104.539 E2.49325
G1 X106.204 Y104.539 E2.87393
G1 X106.068 Y104.482 E2.88102
G1 X105.939 Y104.308 E2.89144
G1 X105.939 Y102.957 E2.95642
G1 X105.98 Y102.859 E2.96153
G1 X106.35 Y102.709 F7800
G1 E.96153 F2400
G92 E0
G1 X114.906 Y102.228 F7800
G1 E2 F2400
;TYPE:Perimeter
;WIDTH:0.488289
G1 F900
G1 X114.88 Y102.274 E2.00279
G1 X114.827 Y102.274 E2.00559
G1 X114.8 Y102.228 E2.00841
G1 X114.827 Y102.182 E2.01123
G1 X114.88 Y102.182 E2.01403
G1 E.01403 F2400
G92 E0
G1 X106.562 Y105.695 F7800
G1 E2 F2400
;WIDTH:0.45
G1 F3600
G1 X106.562 Y107.737 E2.09821
;WIDTH:0.495689
G1 X106.539 Y107.837 E2.10373
;WIDTH:0.541379
G1 X106.516 Y107.937 E2.10983
;WIDTH:0.587069
G1 X106.494 Y108.037 E2.11651
;WIDTH:0.632758
G1 X106.471 Y108.137 E2.12378
G1 X106.492 Y108.951 E2.1815
;WIDTH:0.597897
G1 X106.554 Y109.378 E2.21021
G1 X106.71 Y109.576 E2.22698
;WIDTH:0.548598
G1 X106.867 Y109.774 E2.24224
;WIDTH:0.499299
G1 X107.023 Y109.972 E2.25591
;WIDTH:0.45
G1 X107.54 Y110.302 E2.28541
G1 X107.988 Y110.378 E2.30727
G1 X112.53 Y110.378 E2.52572
G1 X113.246 Y110.088 E2.56287
G1 X113.451 Y109.895 E2.57641
G1 X113.6 Y109.619 E2.5915
;WIDTH:0.422161
G1 X113.749 Y109.343 E2.6055
;WIDTH:0.394322
G1 X113.792 Y109.118 E2.61493
;WIDTH:0.41244
G1 X113.818 Y108.587 E2.63801
;WIDTH:0.458644
G1 X113.841 Y107.484 E2.69226
;WIDTH:0.504848
G1 X113.864 Y106.382 E2.75281
;WIDTH:0.516011
G1 X113.87 Y105.728 E2.78965
G1 X114.095 Y105.728 E2.80232
G1 X114.338 Y105.638 E2.81692
G1 X114.304 Y106.401 E2.85994
;WIDTH:0.504848
G1 X114.234 Y107.502 E2.92055
;WIDTH:0.458644
G1 X114.165 Y108.603 E2.9748
;WIDTH:0.41244
G1 X114.07 Y109.413 E3.0102
;WIDTH:0.422161
G1 X113.988 Y109.942 E3.03409
;WIDTH:0.45
G1 X113.715 Y111.63 E3.11633
G1 X113.457 Y112.991 E3.18296
G1 X113.19 Y114.256 E3.24514
G1 X112.853 Y115.713 E3.31707
G1 X112.479 Y117.104 E3.38635
G1 X112.274 Y117.142 E3.39638
G1 X111.626 Y117.201 E3.42768
G1 X110.624 Y117.241 E3.47591
G1 X109.016 Y117.227 E3.55325
G1 X108.344 Y117.198 E3.5856
G1 X107.523 Y117.104 E3.62535
G1 X107.409 Y116.754 E3.64305
G1 X107.141 Y115.688 E3.69592
G1 X106.786 Y114.146 E3.77202
G1 X106.504 Y112.796 E3.83835
G1 X106.242 Y111.385 E3.90737
G1 X106.057 Y110.223 E3.96396
;WIDTH:0.499299
G1 X106.049 Y109.98 E3.97715
;WIDTH:0.548598
G1 X106.042 Y109.736 E3.99189
;WIDTH:0.597897
G1 X106.035 Y109.493 E4.00807
G1 X105.967 Y108.978 E4.04264
;WIDTH:0.632758
G1 X105.904 Y108.166 E4.10038
G1 X105.872 Y108.067 E4.10776
;WIDTH:0.587069
G1 X105.839 Y107.967 E4.11463
;WIDTH:0.541379
G1 X105.807 Y107.868 E4.12082
;WIDTH:0.495689
G1 X105.774 Y107.768 E4.12648
;WIDTH:0.45
G1 X105.677 Y106.527 E4.18635
G1 X105.619 Y105.465 E4.2375
G1 X106.133 Y105.694 E4.26456
G1 X106.502 Y105.695 E4.28231
G1 X105.188 Y104.473 F7800
;WIDTH:0.450469
G1 F3600
G1 X105.373 Y104.869 E4.30336
;WIDTH:0.45
G1 X105.524 Y105.029 E4.31394
G1 X106.204 Y105.31 E4.34933
G1 X107.02 Y105.31 E4.38858
G1 X106.948 Y105.488 E4.39782
G1 X106.948 Y108.951 E4.56438
G1 X106.992 Y109.24 E4.57844
G1 X107.223 Y109.625 E4.60003
G1 X107.668 Y109.938 E4.6262
G1 X107.988 Y109.993 E4.64182
G1 X112.496 Y109.993 E4.85864
G1 X113.007 Y109.786 E4.88516
G1 X113.099 Y109.703 E4.89112
G1 X113.408 Y109.237 E4.91801
G1 X113.451 Y108.951 E4.93192
G1 X113.451 Y105.488 E5.09848
G1 X113.378 Y105.31 E5.10773
G1 X114.119 Y105.31 E5.14337
G1 X114.789 Y105.034 E5.17822
G1 X114.716 Y106.425 E5.24521
G1 X114.53 Y108.644 E5.35231
G1 X114.288 Y110.526 E5.44357
G1 X114.095 Y111.697 E5.50065
G1 X113.835 Y113.067 E5.56772
G1 X113.566 Y114.339 E5.63025
G1 X112.982 Y116.783 E5.75111
G1 X112.765 Y117.41 E5.78302
G1 X112.327 Y117.524 E5.80479
G1 X111.651 Y117.586 E5.83744
G1 X110.632 Y117.627 E5.88649
G1 X109.368 Y117.627 E5.94728
G1 X108.397 Y117.588 E5.99402
G1 X107.854 Y117.538 E6.02025
G1 X107.333 Y117.457 E6.04561
G1 X107.22 Y117.373 E6.05238
G1 X107.038 Y116.861 E6.07851
G1 X106.766 Y115.778 E6.13222
G1 X106.41 Y114.229 E6.20866
G1 X106.126 Y112.871 E6.27539
G1 X105.864 Y111.463 E6.34427
G1 X105.676 Y110.285 E6.40164
G1 X105.527 Y109.159 E6.45627
G1 X105.401 Y107.938 E6.51531
G1 X105.292 Y106.553 E6.58213
G1 X105.211 Y105.065 E6.6538
;WIDTH:0.450469
G1 X105.191 Y104.533 E6.67944
G1 E4.67944 F2400
G92 E0
G1 X105.485 Y102.29 F7800
G1 E2 F2400
;WIDTH:0.38808
G1 F900
G1 X105.376 Y102.41 E2.00655
;WIDTH:0.434922
G1 X105.264 Y102.683 E2.02019
;WIDTH:0.481765
G1 X105.152 Y102.957 E2.0356
G1 X105.12 Y102.578 E2.0554
;WIDTH:0.434922
G1 X105.089 Y102.199 E2.07297
;WIDTH:0.38808
G1 X105.374 Y102.109 E2.08504
G1 X105.866 Y102.02 E2.10523
G1 X105.545 Y102.224 E2.12059
G1 X105.526 Y102.245 E2.12173
G1 E.12173 F2400
G92 E0
G1 X105.188 Y104.473 F7800
G1 E2 F2400
;WIDTH:0.450469
G1 F900
G1 X105.174 Y104.274 E2.00961
;WIDTH:0.481765
G1 X105.152 Y102.957 E2.07818
G1 X104.772 Y101.972 F7800
;WIDTH:0.45
G1 F3600
G1 X105.162 Y101.795 E2.09878
G1 X105.675 Y101.687 E2.12399
;WIDTH:0.48783
G1 X105.734 Y101.699 E2.12717
;WIDTH:0.52566
G1 X105.792 Y101.711 E2.13058
;WIDTH:0.56349
G1 X105.85 Y101.722 E2.13425
;WIDTH:0.601321
G1 X105.908 Y101.734 E2.13822
;WIDTH:0.61465
G1 X106.478 Y101.674 E2.17756
;WIDTH:0.643037
G1 X107.347 Y101.631 E2.24036
;WIDTH:0.66467
G1 X108.614 Y101.599 E2.33525
;WIDTH:0.671821
G1 X111.386 Y101.599 E2.54527
;WIDTH:0.664687
G1 X112.653 Y101.631 E2.64016
;WIDTH:0.643036
G1 X113.536 Y101.676 E2.70397
;WIDTH:0.614653
G1 X114.254 Y101.74 E2.75344
;WIDTH:0.575507
G1 X114.517 Y101.77 E2.77032
;WIDTH:0.53262
G1 X114.779 Y101.799 E2.78571
;WIDTH:0.489734
G1 X115.111 Y101.889 E2.80396
;WIDTH:0.45
G1 X115.244 Y102.009 E2.81258
G1 X115.27 Y102.409 E2.83186
;WIDTH:0.497615
G1 X115.227 Y102.964 E2.86194
G1 X115.192 Y104.33 E2.93578
;WIDTH:0.47525
G1 X115.18 Y104.943 E2.9672
;WIDTH:0.45
G1 X115.101 Y106.451 E3.03983
G1 X114.913 Y108.685 E3.14766
G1 X114.67 Y110.582 E3.23964
G1 X114.474 Y111.765 E3.29731
G1 X114.213 Y113.143 E3.36477
G1 X113.943 Y114.423 E3.42769
G1 X113.603 Y115.893 E3.50026
G1 X113.239 Y117.274 E3.56895
G1 X113.056 Y117.666 E3.58976
G1 X112.891 Y117.784 E3.59952
G1 X112.38 Y117.907 E3.6248
G1 X111.677 Y117.971 E3.65875
G1 X110.64 Y118.013 E3.70867
G1 X108.986 Y117.998 E3.78822
G1 X108.269 Y117.966 E3.82274
G1 X107.472 Y117.882 E3.86129
G1 X107.026 Y117.744 E3.88374
G1 X106.828 Y117.458 E3.90047
G1 X106.668 Y116.967 E3.92531
G1 X106.391 Y115.869 E3.97977
G1 X106.033 Y114.312 E4.05661
G1 X105.748 Y112.945 E4.12377
G1 X105.484 Y111.529 E4.19305
G1 X105.294 Y110.341 E4.25091
G1 X105.144 Y109.204 E4.30607
G1 X105.017 Y107.973 E4.36559
G1 X104.907 Y106.578 E4.43289
G1 X104.818 Y104.949 E4.51136
G1 X104.729 Y102.332 E4.6373
G1 X104.76 Y102.027 E4.65205
G1 X104.372 Y101.864 F7800
;TYPE:External perimeter
G1 F1800
G1 X104.487 Y101.7 E4.66168
G1 X104.769 Y101.527 E4.67759
G1 X105.327 Y101.364 E4.70555
G1 X105.854 Y101.276 E4.73125
G1 X106.447 Y101.207 E4.75996
G1 X107.331 Y101.15 E4.80257
G1 X108.6 Y101.106 E4.86364
G1 X110.126 Y101.091 E4.93704
G1 X111.4 Y101.106 E4.99832
G1 X112.682 Y101.15 E5.06002
G1 X113.591 Y101.211 E5.10384
G1 X114.436 Y101.316 E5.14479
G1 X115.058 Y101.463 E5.17553
G1 X115.415 Y101.625 E5.19439
G1 X115.618 Y101.829 E5.20823
G1 X115.656 Y102.385 E5.23503
G1 X115.576 Y104.755 E5.34908
G1 X115.486 Y106.478 E5.43206
G1 X115.297 Y108.725 E5.54051
G1 X115.051 Y110.638 E5.63328
G1 X114.854 Y111.832 E5.69148
G1 X114.591 Y113.219 E5.75938
G1 X114.319 Y114.506 E5.82265
G1 X113.829 Y116.578 E5.92505
G1 X113.651 Y117.24 E5.95802
G1 X113.438 Y117.798 E5.98675
G1 X113.234 Y118.032 E6.00168
G1 X112.956 Y118.173 E6.01667
G1 X112.433 Y118.289 E6.04244
G1 X111.702 Y118.356 E6.07775
G1 X110.648 Y118.398 E6.12848
G1 X109.352 Y118.398 E6.19081
G1 X108.299 Y118.356 E6.2415
G1 X107.779 Y118.305 E6.26663
G1 X107.22 Y118.222 E6.29381
G1 X106.804 Y118.067 E6.31516
G1 X106.624 Y117.893 E6.3272
G1 X106.472 Y117.611 E6.34261
G1 X106.297 Y117.074 E6.36977
G1 X106.017 Y115.959 E6.42506
G1 X105.656 Y114.394 E6.50231
G1 X105.369 Y113.02 E6.56982
G1 X105.104 Y111.595 E6.63953
G1 X104.913 Y110.397 E6.69788
G1 X104.761 Y109.25 E6.75353
G1 X104.633 Y108.008 E6.81358
G1 X104.522 Y106.604 E6.88132
G1 X104.433 Y104.966 E6.96022
G1 X104.365 Y102.984 E7.0556
G1 X104.363 Y101.921 E7.10673
G1 X104.631 Y101.624 F7800
G1 E5.10673 F2400
G92 E0
G1 X105.922 Y105.885 F7800
G1 E2 F2400
;TYPE:Solid infill
;WIDTH:0.417814
G1 F1200
G1 X106.072 Y105.951 E2.00722
G1 X106.289 Y105.968 E2.01682
G1 X106.302 Y106.917 E2.05866
;WIDTH:0.390971
G1 X106.316 Y107.692 E2.09023
;WIDTH:0.364128
G1 X106.181 Y108.02 E2.10349
G1 X106.017 Y107.703 E2.11683
;WIDTH:0.412127
G1 X105.932 Y106.077 E2.18745
G1 E.18745 F2400
G92 E0
G1 X107.65 Y116.524 F7800
G1 E2 F2400
;WIDTH:0.45
G1 F1200
G1 X107.997 Y116.871 E2.0236
G1 X107.657 Y116.905 E2.04003
;WIDTH:0.404381
G1 X107.638 Y116.976 E2.04315
G1 X107.709 Y116.957 E2.04627
G1 X107.698 Y116.916 E2.04807
G1 X108.592 Y116.92 F7800
;WIDTH:0.45
G1 F1200
G1 X107.466 Y115.795 E2.12463
G1 X107.298 Y115.082 E2.15986
G1 X109.16 Y116.943 E2.28648
G1 X109.714 Y116.952 E2.31313
G1 X107.135 Y114.373 E2.48855
G1 X106.984 Y113.676 E2.52285
G1 X110.259 Y116.952 E2.74565
G1 X110.798 Y116.945 E2.77158
G1 X106.84 Y112.987 E3.0408
G1 X106.708 Y112.31 E3.07397
G1 X111.322 Y116.924 E3.38781
G1 X111.833 Y116.889 E3.41244
G1 X106.584 Y111.64 E3.76947
G1 X106.471 Y110.982 E3.80158
G1 X112.273 Y116.785 E4.19626
G1 X112.387 Y116.352 E4.2178
G1 X106.367 Y110.333 E4.62724
G1 X106.288 Y109.416 F7800
;WIDTH:0.404381
G1 F1200
G1 X106.269 Y109.488 E4.6304
G1 X106.34 Y109.469 E4.63352
G1 X106.329 Y109.427 E4.63536
;WIDTH:0.45
G1 X106.373 Y109.793 E4.65309
G1 X112.5 Y115.92 E5.06984
G1 X112.609 Y115.484 E5.09146
G1 X107.754 Y110.629 E5.42169
G1 X107.511 Y110.457 E5.43601
;WIDTH:0.404381
G1 X107.522 Y110.498 E5.43781
G1 X107.451 Y110.517 E5.44093
G1 X107.47 Y110.446 E5.44405
G1 X108.337 Y110.667 F7800
;WIDTH:0.45
G1 F1200
G1 X112.711 Y115.041 E5.74156
G1 X112.814 Y114.598 E5.76344
G1 X108.881 Y110.666 E6.03092
G1 X109.426 Y110.665 E6.05713
G1 X112.915 Y114.155 E6.29448
G1 X113.01 Y113.704 E6.31665
G1 X109.97 Y110.664 E6.52343
G1 X110.515 Y110.663 E6.54964
G1 X113.106 Y113.254 E6.72588
G1 X113.198 Y112.801 E6.74811
G1 X111.059 Y110.662 E6.8936
G1 X112.62 Y110.646 E6.96868
G1 X113.385 Y110.336 E7.00838
G1 X113.657 Y110.134 E7.02468
G1 X113.43 Y111.58 E7.09508
G1 X113.285 Y112.343 E7.13243
G1 X111.74 Y110.798 E7.23752
G1 X112.544 Y111.056 F7800
;WIDTH:0.450053
G1 F1200
G1 X112.764 Y111.003 E7.24841
G1 X113.155 Y110.845 E7.2687
G1 X113.042 Y111.555 E7.30328
G1 X112.68 Y111.193 E7.32791
M106 S214.2
;LAYER_CHANGE
;Z:8.45
;HEIGHT:0.3
G1 E5.32791 F2400
G92 E0
G1 Z8.45 F7800
G1 X112.753 Y121.11
G1 E2 F2400
;TYPE:Support material
;WIDTH:0.35
G1 F3600
G1 X107.247 Y121.11 E2.19615
G1 X107.247 Y119.028 E2.27032
G1 X108.429 Y119.151 E2.31265
G1 X110 Y119.192 E2.36863
G1 X111.57 Y119.151 E2.42458
G1 X112.753 Y119.028 E2.46695
G1 X112.753 Y121.067 E2.53959
G1 E.53959 F2400
G92 E0
G1 X111.84 Y107.214 F7800
G1 E2 F2400
G1 F3600
G1 X108.558 Y107.214 E2.11692
G1 E.11692 F2400
G92 E0
G1 X107.182 Y103.914 F7800
G1 E2 F2400
G1 F3600
G1 X106.622 Y103.914 E2.01995
G1 X106.622 Y103.317 E2.04122
G1 X107.182 Y103.317 E2.06117
G1 X107.182 Y103.871 E2.08091
G1 E.08091 F2400
G92 E0
G1 X111.969 Y105.842 F7800
G1 E2 F2400
G1 F3600
G1 X111.969 Y108.596 E2.09811
G1 X108.43 Y108.596 E2.22418
G1 X108.43 Y105.842 E2.32229
G1 X111.926 Y105.842 E2.44683
G1 E.44683 F2400
G92 E0
G1 X113.701 Y103.914 F7800
G1 E2 F2400
G1 F3600
G1 X112.818 Y103.914 E2.03146
G1 X112.818 Y103.317 E2.05273
G1 X113.701 Y103.317 E2.08419
G1 X113.701 Y103.871 E2.10393
G1 E.10393 F2400
G92 E0
G1 X107.939 Y104.882 F7800
G1 E2 F2400
;TYPE:Perimeter
;WIDTH:0.365269
G1 F900
G1 X108.031 Y104.878 E2.00346
;WIDTH:0.357207
G1 X112.368 Y104.878 E2.16186
G1 X112.843 Y105.068 F7800
;WIDTH:0.45
G1 F900
G1 X112.857 Y105.083 E2.16285
G1 X113.022 Y105.488 E2.18388
G1 X113.022 Y108.951 E2.35044
G1 X112.997 Y109.119 E2.35861
G1 X112.781 Y109.433 E2.37694
G1 X112.708 Y109.496 E2.38158
G1 X112.368 Y109.607 E2.39878
G1 X108.031 Y109.607 E2.60737
G1 X107.857 Y109.58 E2.61584
G1 X107.534 Y109.348 E2.63497
G1 X107.376 Y109.013 E2.65278
G1 X107.376 Y107.793 E2.71146
G1 X107.376 Y105.488 E2.82232
G1 X107.542 Y105.083 E2.84337
G1 X107.62 Y105.008 E2.84857
;WIDTH:0.442777
G1 X107.779 Y104.945 E2.85664
;WIDTH:0.404023
G1 X107.939 Y104.882 E2.86392
;WIDTH:0.407634
G1 X107.707 Y104.903 E2.87389
;WIDTH:0.45
G1 X107.475 Y104.924 E2.88509
G1 X106.233 Y104.924 E2.94483
G1 X105.825 Y104.756 E2.96605
G1 X105.689 Y104.609 E2.97568
G1 X105.583 Y104.274 E2.99258
G1 X105.583 Y102.957 E3.05592
G1 X105.712 Y102.591 E3.07458
G1 X105.992 Y102.359 E3.09207
G1 X106.233 Y102.306 E3.10394
G1 X113.584 Y102.306 E3.4575
;WIDTH:0.494454
G1 X113.753 Y102.284 E3.46664
;WIDTH:0.538908
G1 X113.921 Y102.262 E3.47667
;WIDTH:0.583362
G1 X114.09 Y102.24 E3.4877
;WIDTH:0.600717
G1 X114.418 Y102.319 E3.51027
;WIDTH:0.639935
G1 X114.686 Y102.533 E3.53489
G1 X114.701 Y102.639 E3.54258
;WIDTH:0.594614
G1 X114.716 Y102.745 E3.54966
;WIDTH:0.549294
G1 X114.73 Y102.851 E3.55613
;WIDTH:0.503973
G1 X114.745 Y102.957 E3.562
;WIDTH:0.458653
G1 X114.736 Y104.274 E3.62677
;WIDTH:0.449197
G1 X114.637 Y104.603 E3.64326
;WIDTH:0.45
G1 X114.498 Y104.756 E3.6532
G1 X114.03 Y104.924 E3.67712
G1 X112.815 Y104.924 E3.73556
G1 X112.591 Y104.901 E3.74639
;WIDTH:0.403603
G1 X112.368 Y104.878 E3.75588
G1 X112.574 Y104.942 E3.76501
;WIDTH:0.45
G1 X112.781 Y105.005 E3.77542
G1 X112.801 Y105.026 E3.77681
G1 X112.564 Y105.342 F7800
;TYPE:External perimeter
G1 F900
G1 X112.582 Y105.353 E3.77782
G1 X112.637 Y105.488 E3.78483
G1 X112.637 Y108.951 E3.95139
G1 X112.582 Y109.085 E3.95836
G1 X112.481 Y109.185 E3.9652
G1 X112.368 Y109.221 E3.9709
G1 X108.031 Y109.221 E4.17949
G1 X107.893 Y109.163 E4.18669
G1 X107.762 Y108.972 E4.19783
G1 X107.762 Y107.793 E4.25454
G1 X107.762 Y105.488 E4.3654
G1 X107.893 Y105.275 E4.37743
G1 X108.031 Y105.217 E4.38463
G1 X112.368 Y105.217 E4.59322
G1 X112.514 Y105.31 E4.60155
G1 X112.628 Y105.693 F7800
G1 E2.60155 F2400
G92 E0
G1 X106.04 Y102.809 F7800
G1 E2 F2400
G1 F900
G1 X106.21 Y102.693 E2.0099
G1 X114.066 Y102.692 E2.38775
G1 X114.226 Y102.748 E2.3959
G1 X114.312 Y102.836 E2.40182
G1 X114.355 Y102.957 E2.408
G1 X114.355 Y104.274 E2.47134
G1 X114.298 Y104.41 E2.47843
G1 X114.09 Y104.539 E2.4902
G1 X106.233 Y104.539 E2.86809
G1 X106.025 Y104.41 E2.87986
G1 X105.968 Y104.274 E2.88695
G1 X105.968 Y102.957 E2.95029
G1 X106.01 Y102.859 E2.95542
G1 X106.379 Y102.704 F7800
G1 E.95542 F2400
G92 E0
G1 X106.605 Y105.695 F7800
G1 E2 F2400
;TYPE:Perimeter
G1 F3600
G1 X106.605 Y107.348 E2.0795
;WIDTH:0.495697
G1 X106.582 Y107.459 E2.0856
;WIDTH:0.541394
G1 X106.559 Y107.571 E2.0924
;WIDTH:0.587091
G1 X106.537 Y107.682 E2.09978
;WIDTH:0.632789
G1 X106.514 Y107.793 E2.10782
G1 X106.528 Y108.372 E2.14888
;WIDTH:0.604936
G1 X106.542 Y108.951 E2.18793
;WIDTH:0.58501
G1 X106.6 Y109.368 E2.21527
G1 X106.756 Y109.569 E2.23179
;WIDTH:0.540006
G1 X106.911 Y109.771 E2.24689
;WIDTH:0.495003
G1 X107.066 Y109.972 E2.26052
;WIDTH:0.45
G1 X107.625 Y110.316 E2.29209
G1 X108.031 Y110.378 E2.31184
G1 X112.452 Y110.378 E2.52447
G1 X113.162 Y110.12 E2.5608
G1 X113.409 Y109.894 E2.5769
G1 X113.555 Y109.614 E2.59209
;WIDTH:0.415765
G1 X113.702 Y109.334 E2.60595
;WIDTH:0.395322
G1 X113.766 Y108.635 E2.63492
;WIDTH:0.438597
G1 X113.788 Y107.526 E2.68669
;WIDTH:0.481872
G1 X113.81 Y106.417 E2.74445
;WIDTH:0.493189
G1 X113.815 Y105.717 E2.78189
G1 X114.03 Y105.717 E2.79339
G1 X114.258 Y105.648 E2.80613
G1 X114.226 Y106.433 E2.84815
;WIDTH:0.481872
G1 X114.162 Y107.541 E2.90594
;WIDTH:0.438597
G1 X114.097 Y108.649 E2.95774
;WIDTH:0.395322
G1 X114.011 Y109.4 E2.98894
;WIDTH:0.415765
G1 X113.925 Y109.963 E3.0139
;WIDTH:0.45
G1 X113.652 Y111.692 E3.09809
G1 X113.399 Y113.061 E3.16505
G1 X113.137 Y114.333 E3.22751
G1 X112.806 Y115.797 E3.2997
G1 X112.44 Y117.192 E3.36907
G1 X112.251 Y117.228 E3.37832
G1 X111.61 Y117.287 E3.40928
G1 X110.618 Y117.327 E3.45703
G1 X109.135 Y117.317 E3.52836
G1 X108.361 Y117.284 E3.56562
G1 X107.562 Y117.193 E3.6043
G1 X107.451 Y116.844 E3.62191
G1 X107.169 Y115.693 E3.67891
G1 X106.818 Y114.123 E3.75629
G1 X106.453 Y112.265 E3.84736
G1 X106.126 Y110.28 E3.94412
;WIDTH:0.495003
G1 X106.115 Y110.012 E3.95853
;WIDTH:0.540006
G1 X106.104 Y109.745 E3.97438
;WIDTH:0.58501
G1 X106.093 Y109.477 E3.9918
G1 X106.03 Y108.975 E4.02465
;WIDTH:0.604936
G1 X105.988 Y108.398 E4.06365
;WIDTH:0.632789
G1 X105.947 Y107.82 E4.10473
G1 X105.916 Y107.709 E4.1129
;WIDTH:0.587091
G1 X105.885 Y107.598 E4.12041
;WIDTH:0.541394
G1 X105.854 Y107.487 E4.12727
;WIDTH:0.495697
G1 X105.824 Y107.376 E4.13346
;WIDTH:0.45
G1 X105.713 Y105.489 E4.22438
G1 X106.189 Y105.695 E4.24933
G1 X106.545 Y105.695 E4.26645
G1 X105.251 Y104.46 F7800
;WIDTH:0.415219
G1 F3600
G1 X105.313 Y104.646 E4.27503
;WIDTH:0.45
G1 X105.375 Y104.832 E4.28446
G1 X105.553 Y105.029 E4.29723
G1 X106.233 Y105.31 E4.33262
G1 X107.063 Y105.31 E4.37254
G1 X106.991 Y105.488 E4.38178
G1 X106.991 Y108.951 E4.54834
G1 X107.033 Y109.234 E4.5621
G1 X107.266 Y109.625 E4.58399
G1 X107.741 Y109.948 E4.61162
G1 X108.031 Y109.993 E4.62573
G1 X112.428 Y109.993 E4.83721
G1 X112.935 Y109.808 E4.86317
G1 X113.057 Y109.703 E4.87091
G1 X113.366 Y109.232 E4.898
G1 X113.408 Y108.951 E4.91167
G1 X113.408 Y105.488 E5.07823
G1 X113.335 Y105.31 E5.08748
G1 X114.09 Y105.31 E5.12379
G1 X114.693 Y105.061 E5.15517
G1 X114.628 Y106.455 E5.22229
G1 X114.453 Y108.687 E5.32997
G1 X114.22 Y110.581 E5.42175
G1 X114.032 Y111.758 E5.47908
G1 X113.778 Y113.135 E5.54643
G1 X113.514 Y114.415 E5.60929
G1 X112.941 Y116.869 E5.73049
G1 X112.728 Y117.499 E5.76248
G1 X112.304 Y117.61 E5.78356
G1 X111.635 Y117.672 E5.81587
G1 X110.626 Y117.712 E5.86444
G1 X109.374 Y117.712 E5.92466
G1 X108.367 Y117.672 E5.97313
G1 X107.61 Y117.598 E6.00971
G1 X107.273 Y117.491 E6.02672
G1 X107.08 Y116.949 E6.05439
G1 X106.794 Y115.781 E6.11223
G1 X106.441 Y114.203 E6.19
G1 X106.162 Y112.823 E6.25772
G1 X105.928 Y111.523 E6.32125
G1 X105.745 Y110.338 E6.37892
G1 X105.596 Y109.155 E6.43627
G1 X105.471 Y107.856 E6.49904
G1 X105.278 Y104.748 E6.64881
;WIDTH:0.415219
G1 X105.256 Y104.52 E6.65883
G1 E4.65883 F2400
G92 E0
G1 X105.523 Y102.299 F7800
G1 E2 F2400
;WIDTH:0.362215
G1 F900
G1 X105.424 Y102.406 E2.00542
;WIDTH:0.404215
G1 X105.22 Y102.957 E2.03032
G1 X105.188 Y102.176 E2.06345
;WIDTH:0.362215
G1 X105.403 Y102.098 E2.07195
;WIDTH:0.375975
G1 X105.963 Y101.998 E2.09406
G1 X105.584 Y102.233 E2.11139
;WIDTH:0.362215
G1 X105.564 Y102.254 E2.11247
G1 X105.963 Y101.998 F7800
;WIDTH:0.410291
G1 F900
G1 X106.572 Y101.941 E2.13886
;WIDTH:0.439226
G1 X106.993 Y101.926 E2.15856
;WIDTH:0.468161
G1 X107.413 Y101.912 E2.17972
;WIDTH:0.512361
G1 X108.647 Y101.89 E2.24868
;WIDTH:0.527147
G1 X111.354 Y101.89 E2.40492
;WIDTH:0.512351
G1 X112.404 Y101.907 E2.46359
;WIDTH:0.477115
G1 X112.843 Y101.921 E2.4862
;WIDTH:0.449958
G1 X113.283 Y101.934 E2.50737
;WIDTH:0.422801
G1 X113.584 Y101.951 E2.52085
G1 E.52085 F2400
G92 E0
G1 X105.251 Y104.46 F7800
G1 E2 F2400
;WIDTH:0.380439
G1 F900
G1 X105.239 Y104.274 E2.00735
;WIDTH:0.404215
G1 X105.22 Y102.957 E2.06318
G1 X104.883 Y101.975 F7800
;WIDTH:0.45
G1 F3600
G1 X104.952 Y101.911 E2.06771
G1 X105.333 Y101.763 E2.08737
G1 X105.921 Y101.652 E2.11615
G1 X106.547 Y101.576 E2.14648
G1 X107.399 Y101.517 E2.18756
G1 X108.637 Y101.473 E2.24714
G1 X110.014 Y101.458 E2.31337
G1 X111.363 Y101.473 E2.37826
G1 X112.423 Y101.508 E2.42927
G1 X113.324 Y101.565 E2.47269
;WIDTH:0.495212
G1 X113.584 Y101.616 E2.48693
;WIDTH:0.540425
G1 X113.845 Y101.668 E2.50273
;WIDTH:0.585638
G1 X114.105 Y101.72 E2.51997
;WIDTH:0.600717
G1 X114.603 Y101.824 E2.554
;WIDTH:0.639935
G1 X115.039 Y102.026 E2.58849
G1 X115.083 Y102.545 E2.62588
;WIDTH:0.594614
G1 X115.102 Y102.684 E2.63516
;WIDTH:0.549294
G1 X115.12 Y102.823 E2.64364
;WIDTH:0.503973
G1 X115.139 Y102.962 E2.65133
;WIDTH:0.458653
G1 X115.111 Y104.297 E2.71699
;WIDTH:0.45
G1 X115.012 Y106.479 E2.82204
G1 X114.837 Y108.726 E2.93044
G1 X114.602 Y110.635 E3.02295
G1 X114.412 Y111.823 E3.08081
G1 X114.156 Y113.209 E3.1486
G1 X113.891 Y114.496 E3.2118
G1 X113.407 Y116.589 E3.31512
G1 X113.199 Y117.362 E3.35362
G1 X113.019 Y117.757 E3.3745
G1 X112.857 Y117.871 E3.38403
G1 X112.357 Y117.992 E3.40877
G1 X111.661 Y118.056 E3.44239
G1 X110.634 Y118.098 E3.49183
G1 X109.366 Y118.098 E3.55282
G1 X108.396 Y118.059 E3.59951
G1 X107.851 Y118.009 E3.62583
G1 X107.334 Y117.932 E3.65097
G1 X107.004 Y117.784 E3.66836
G1 X106.866 Y117.546 E3.68159
G1 X106.708 Y117.053 E3.70649
G1 X106.418 Y115.869 E3.76512
G1 X106.063 Y114.283 E3.84329
G1 X105.783 Y112.895 E3.91139
G1 X105.548 Y111.587 E3.97531
G1 X105.363 Y110.392 E4.03347
G1 X105.213 Y109.198 E4.09135
G1 X105.087 Y107.888 E4.15465
G1 X104.988 Y106.494 E4.22187
G1 X104.911 Y104.873 E4.29992
G1 X104.857 Y102.967 E4.39163
G1 X104.855 Y102.022 E4.43708
G1 X104.483 Y101.862 F7800
;TYPE:External perimeter
G1 F1800
G1 X104.552 Y101.76 E4.443
G1 X104.795 Y101.547 E4.45854
G1 X105.35 Y101.366 E4.48662
G1 X105.874 Y101.269 E4.51225
G1 X106.52 Y101.191 E4.54355
G1 X107.385 Y101.132 E4.58525
G1 X108.628 Y101.087 E4.64507
G1 X110.014 Y101.072 E4.71174
G1 X111.372 Y101.087 E4.77706
G1 X112.445 Y101.123 E4.8287
G1 X113.666 Y101.215 E4.88759
G1 X114.393 Y101.314 E4.92288
G1 X115.004 Y101.469 E4.9532
G1 X115.278 Y101.599 E4.96779
G1 X115.507 Y101.826 E4.9833
G1 X115.546 Y102.386 E5.0103
G1 X115.478 Y104.77 E5.12501
G1 X115.397 Y106.503 E5.20845
G1 X115.221 Y108.764 E5.31753
G1 X114.984 Y110.689 E5.41081
G1 X114.792 Y111.889 E5.46926
G1 X114.535 Y113.283 E5.53744
G1 X114.268 Y114.577 E5.60099
G1 X113.782 Y116.68 E5.7048
G1 X113.608 Y117.336 E5.73744
G1 X113.402 Y117.885 E5.76564
G1 X113.201 Y118.118 E5.78044
G1 X112.928 Y118.259 E5.79522
G1 X112.41 Y118.375 E5.82075
G1 X111.686 Y118.441 E5.85572
G1 X110.642 Y118.483 E5.90597
G1 X109.358 Y118.483 E5.96773
G1 X108.314 Y118.441 E6.01798
G1 X107.814 Y118.392 E6.04214
G1 X107.102 Y118.276 E6.07684
G1 X106.75 Y118.085 E6.0961
G1 X106.509 Y117.697 E6.11807
G1 X106.337 Y117.158 E6.14528
G1 X106.043 Y115.957 E6.20475
G1 X105.686 Y114.363 E6.28332
G1 X105.404 Y112.968 E6.35177
G1 X105.167 Y111.65 E6.41618
G1 X104.981 Y110.445 E6.47482
G1 X104.83 Y109.24 E6.53323
G1 X104.702 Y107.92 E6.59702
G1 X104.603 Y106.516 E6.66472
G1 X104.526 Y104.887 E6.74316
G1 X104.472 Y102.978 E6.83501
G1 X104.475 Y101.92 E6.8859
G1 X104.731 Y101.612 F7800
G1 E4.8859 F2400
G92 E0
G1 X106 Y105.884 F7800
G1 E2 F2400
;TYPE:Solid infill
;WIDTH:0.396486
G1 F1200
G1 X106.136 Y105.943 E2.00614
G1 X106.343 Y105.958 E2.01474
G1 X106.361 Y107.304 E2.0705
;WIDTH:0.360555
G1 X106.224 Y107.633 E2.08367
G1 X106.065 Y107.313 E2.09687
;WIDTH:0.391643
G1 X106.008 Y106.077 E2.14737
G1 E.14737 F2400
G92 E0
G1 X106.438 Y109.69 F7800
G1 E2 F2400
;WIDTH:0.45
G1 F1200
G1 X106.89 Y110.197 E2.03267
G1 X107.542 Y110.591 E2.06931
G1 X108.039 Y110.667 E2.09349
G1 X109.308 Y110.666 E2.15452
G1 X106.901 Y113.074 E2.31828
G1 X106.594 Y111.412 E2.39957
G1 X106.414 Y110.249 E2.45617
G1 X106.43 Y109.883 E2.47379
G1 X106.864 Y110.633 F7800
G1 F1200
G1 X107.425 Y110.958 E2.50497
G1 X107.95 Y111.046 E2.53057
G1 X108.376 Y111.053 E2.55106
G1 X107.143 Y112.286 E2.63493
G1 X106.893 Y110.824 E2.70627
G1 X107.478 Y111.384 F7800
;WIDTH:0.539327
G1 F1200
G1 X107.436 Y111.342 E2.70979
G1 X107.379 Y111.358 E2.7133
G1 X107.363 Y111.415 E2.71681
G1 X107.405 Y111.457 E2.72033
G1 X107.463 Y111.442 E2.72388
G1 E.72388 F2400
G92 E0
G1 X106.992 Y113.527 F7800
G1 E2 F2400
;WIDTH:0.45
G1 F1200
G1 X109.854 Y110.666 E2.19464
G1 X110.399 Y110.666 E2.22085
G1 X107.084 Y113.981 E2.44633
G1 X107.182 Y114.428 E2.46834
G1 X110.945 Y110.665 E2.72429
G1 X111.491 Y110.665 E2.75055
G1 X107.282 Y114.874 E3.03684
G1 X107.382 Y115.319 E3.05878
G1 X112.037 Y110.664 E3.37541
G1 X112.948 Y110.427 F7800
;WIDTH:0.404381
G1 F1200
G1 X112.877 Y110.408 E3.37853
G1 X112.896 Y110.479 E3.38165
G1 X112.937 Y110.468 E3.38345
;WIDTH:0.45
G1 X112.635 Y110.612 E3.39954
G1 X107.484 Y115.763 E3.7499
G1 X107.591 Y116.201 E3.77159
G1 X113.582 Y110.209 E4.17912
G1 X113.739 Y109.934 E4.19435
;WIDTH:0.404381
G1 X113.698 Y109.945 E4.19615
G1 X113.679 Y109.874 E4.19927
G1 X113.75 Y109.893 E4.20239
G1 X113.486 Y110.851 F7800
;WIDTH:0.45
G1 F1200
G1 X107.699 Y116.639 E4.59605
G1 X107.719 Y117.085 E4.61752
;WIDTH:0.404381
G1 X107.678 Y117.096 E4.61932
G1 X107.659 Y117.025 E4.62244
G1 X107.73 Y117.044 E4.62556
;WIDTH:0.45
G1 X107.931 Y116.951 E4.63621
G1 X113.389 Y111.493 E5.00746
G1 X113.272 Y112.155 E5.03979
G1 X108.429 Y116.999 E5.36924
G1 X108.953 Y117.02 E5.39446
G1 X113.149 Y112.824 E5.67987
G1 X113.012 Y113.506 E5.71333
G1 X109.481 Y117.037 E5.9535
G1 X110.026 Y117.037 E5.97971
G1 X112.871 Y114.193 E6.17319
G1 X112.714 Y114.896 E6.20783
G1 X110.572 Y117.037 E6.35349
G1 X111.138 Y117.016 E6.38073
G1 X112.554 Y115.6 E6.47704
G1 X112.417 Y116.248 E6.5089
;WIDTH:0.401195
G1 X112.236 Y116.957 E6.53964
G1 X111.649 Y117.017 E6.56443
G1 X112.281 Y116.385 E6.60198
M106 S216.75
;LAYER_CHANGE
;Z:8.75
;HEIGHT:0.3
G1 E4.60198 F2400
G92 E0
G1 Z8.75 F7800
G1 X107.329 Y119.111
G1 E2 F2400
;TYPE:Support material
;WIDTH:0.35
G1 F3600
G1 X108.451 Y119.223 E2.04017
G1 X110.162 Y119.263 E2.10114
G1 X111.699 Y119.214 E2.15592
G1 X112.753 Y119.095 E2.19371
G1 X112.753 Y121.11 E2.26549
G1 X107.247 Y121.11 E2.46164
G1 X107.287 Y119.103 E2.53315
G1 E.53315 F2400
G92 E0
G1 X108.601 Y107.214 F7800
G1 E2 F2400
G1 F3600
G1 X111.797 Y107.214 E2.11385
G1 X111.926 Y105.842 F7800
G1 F3600
G1 X111.926 Y108.596 E2.21196
G1 X108.473 Y108.596 E2.33497
G1 X108.473 Y105.842 E2.43308
G1 X111.883 Y105.842 E2.55456
G1 E.55456 F2400
G92 E0
G1 X113.672 Y103.914 F7800
G1 E2 F2400
G1 F3600
G1 X112.818 Y103.914 E2.03042
G1 X112.818 Y103.317 E2.05169
G1 X113.672 Y103.317 E2.08211
G1 X113.672 Y103.871 E2.10185
G1 E.10185 F2400
G92 E0
G1 X107.182 Y103.914 F7800
G1 E2 F2400
G1 F3600
G1 X106.652 Y103.914 E2.01888
G1 X106.652 Y103.317 E2.04015
G1 X107.182 Y103.317 E2.05903
G1 X107.182 Y103.871 E2.07877
G1 X107.981 Y104.882 F7800
;TYPE:Perimeter
;WIDTH:0.365269
G1 F900
G1 X108.074 Y104.878 E2.08226
;WIDTH:0.357239
G1 X112.325 Y104.878 E2.23754
G1 X112.8 Y105.069 F7800
;WIDTH:0.45
G1 F900
G1 X112.815 Y105.084 E2.23856
G1 X112.979 Y105.488 E2.25953
G1 X112.979 Y108.951 E2.42609
G1 X112.954 Y109.12 E2.43431
G1 X112.738 Y109.433 E2.4526
G1 X112.584 Y109.545 E2.46176
G1 X112.199 Y109.607 E2.48052
G1 X108.074 Y109.607 E2.67892
G1 X107.902 Y109.581 E2.68729
G1 X107.561 Y109.33 E2.70765
G1 X107.419 Y109.072 E2.72181
G1 X107.419 Y107.747 E2.78554
G1 X107.419 Y105.488 E2.89419
G1 X107.584 Y105.083 E2.91522
G1 X107.663 Y105.008 E2.92046
;WIDTH:0.442808
G1 X107.822 Y104.945 E2.92853
;WIDTH:0.404038
G1 X107.981 Y104.882 E2.93578
;WIDTH:0.407634
G1 X107.749 Y104.903 E2.94575
;WIDTH:0.45
G1 X107.518 Y104.924 E2.95691
G1 X106.262 Y104.924 E3.01732
G1 X105.854 Y104.756 E3.03854
;WIDTH:0.489377
G1 X105.754 Y104.633 E3.04694
;WIDTH:0.528755
G1 X105.654 Y104.511 E3.05608
;WIDTH:0.568133
G1 X105.553 Y104.389 E3.06603
;WIDTH:0.583529
G1 X105.545 Y102.957 E3.15875
G1 X105.624 Y102.82 E3.16899
;WIDTH:0.539019
G1 X105.703 Y102.684 E3.1783
;WIDTH:0.494509
G1 X105.782 Y102.547 E3.18678
;WIDTH:0.45
G1 X106.056 Y102.344 E3.20318
G1 X106.262 Y102.306 E3.21326
G1 X113.607 Y102.306 E3.56653
;WIDTH:0.495029
G1 X113.762 Y102.284 E3.57494
;WIDTH:0.540058
G1 X113.917 Y102.261 E3.58424
;WIDTH:0.585088
G1 X114.072 Y102.239 E3.59441
;WIDTH:0.597745
G1 X114.391 Y102.322 E3.61634
;WIDTH:0.619649
G1 X114.601 Y102.487 E3.63484
G1 X114.664 Y102.56 E3.64152
G1 X114.673 Y102.659 E3.6484
;WIDTH:0.570321
G1 X114.681 Y102.758 E3.65467
;WIDTH:0.520993
G1 X114.689 Y102.858 E3.66038
;WIDTH:0.471665
G1 X114.698 Y102.957 E3.66543
;WIDTH:0.422338
G1 X114.69 Y104.274 E3.72423
;WIDTH:0.412127
G1 X114.682 Y104.384 E3.72901
;WIDTH:0.45
G1 X114.496 Y104.728 E3.74782
G1 X114.061 Y104.924 E3.77077
G1 X112.773 Y104.924 E3.83272
G1 X112.549 Y104.901 E3.84355
;WIDTH:0.403619
G1 X112.325 Y104.878 E3.85308
G1 X112.532 Y104.942 E3.86225
;WIDTH:0.45
G1 X112.738 Y105.005 E3.87261
G1 X112.758 Y105.026 E3.874
G1 X112.521 Y105.342 F7800
;TYPE:External perimeter
G1 F900
G1 X112.539 Y105.353 E3.87501
G1 X112.594 Y105.488 E3.88202
G1 X112.594 Y108.951 E4.04858
G1 X112.539 Y109.086 E4.05559
G1 X112.389 Y109.221 E4.0653
G1 X108.074 Y109.221 E4.27284
G1 X107.936 Y109.163 E4.28004
G1 X107.805 Y108.995 E4.29029
G1 X107.805 Y107.747 E4.35031
G1 X107.805 Y105.488 E4.45896
G1 X107.936 Y105.275 E4.47099
G1 X108.074 Y105.217 E4.47819
G1 X112.325 Y105.217 E4.68265
G1 X112.471 Y105.31 E4.69098
G1 X112.585 Y105.693 F7800
G1 E2.69098 F2400
G92 E0
G1 X106.07 Y102.81 F7800
G1 E2 F2400
G1 F900
G1 X106.238 Y102.694 E2.00982
G1 X114.064 Y102.692 E2.38622
G1 X114.197 Y102.748 E2.39316
G1 X114.287 Y102.841 E2.39938
G1 X114.326 Y102.957 E2.40527
G1 X114.326 Y104.274 E2.46861
G1 X114.269 Y104.41 E2.4757
G1 X114.061 Y104.539 E2.48747
G1 X106.26 Y104.539 E2.86267
G1 X106.048 Y104.403 E2.87478
G1 X105.997 Y104.274 E2.88145
G1 X105.997 Y102.957 E2.94479
G1 X106.038 Y102.858 E2.94994
G1 X106.408 Y102.704 F7800
G1 X105.416 Y102.253
;TYPE:Perimeter
;WIDTH:0.615245
G1 F900
G1 X105.514 Y102.205 E2.95744
;WIDTH:0.572201
G1 X105.612 Y102.158 E2.96432
;WIDTH:0.529157
G1 X105.71 Y102.111 E2.97062
;WIDTH:0.486114
G1 X105.808 Y102.063 E2.97636
;WIDTH:0.44307
G1 X105.907 Y102.016 E2.98154
;WIDTH:0.426003
G1 X106.644 Y101.933 E3.01499
;WIDTH:0.455456
G1 X107.056 Y101.918 E3.0351
;WIDTH:0.484909
G1 X107.467 Y101.903 E3.05667
;WIDTH:0.529927
G1 X108.674 Y101.881 E3.12677
;WIDTH:0.544783
G1 X111.325 Y101.881 E3.28561
;WIDTH:0.529977
G1 X112.533 Y101.903 E3.35577
;WIDTH:0.484901
G1 X112.945 Y101.918 E3.37739
;WIDTH:0.455453
G1 X113.356 Y101.933 E3.39745
;WIDTH:0.426005
G1 X113.607 Y101.949 E3.40879
G1 E1.40879 F2400
G92 E0
G1 X106.648 Y105.695 F7800
G1 E2 F2400
;WIDTH:0.45
G1 F3600
G1 X106.648 Y106.852 E2.05565
;WIDTH:0.496178
G1 X106.625 Y106.952 E2.06118
;WIDTH:0.542356
G1 X106.602 Y107.052 E2.0673
;WIDTH:0.588534
G1 X106.579 Y107.152 E2.07401
;WIDTH:0.634712
G1 X106.556 Y107.252 E2.08131
G1 X106.564 Y107.747 E2.11653
;WIDTH:0.619
G1 X106.578 Y108.413 E2.16261
;WIDTH:0.593371
G1 X106.593 Y109.079 E2.20656
;WIDTH:0.567743
G1 X106.698 Y109.448 E2.23065
;WIDTH:0.533265
G1 X106.904 Y109.71 E2.25014
;WIDTH:0.491632
G1 X107.109 Y109.972 E2.26787
;WIDTH:0.45
G1 X107.673 Y110.317 E2.29967
G1 X108.074 Y110.378 E2.31918
G1 X112.325 Y110.378 E2.52364
G1 X112.931 Y110.235 E2.55359
G1 X113.365 Y109.895 E2.58011
G1 X113.51 Y109.614 E2.59532
;WIDTH:0.411025
G1 X113.654 Y109.334 E2.60893
;WIDTH:0.37205
G1 X113.71 Y108.913 E2.62523
;WIDTH:0.412284
G1 X113.732 Y107.786 E2.67414
;WIDTH:0.455678
G1 X113.754 Y106.66 E2.7291
;WIDTH:0.472003
G1 X113.762 Y105.706 E2.7776
G1 X113.966 Y105.706 E2.78797
G1 X114.181 Y105.657 E2.79918
G1 X114.144 Y106.675 E2.85097
;WIDTH:0.455678
G1 X114.079 Y107.8 E2.90597
;WIDTH:0.412284
G1 X114.014 Y108.924 E2.95482
;WIDTH:0.37205
G1 X113.954 Y109.398 E2.97315
;WIDTH:0.411025
G1 X113.89 Y109.757 E2.98892
;WIDTH:0.45
G1 X113.553 Y111.984 E3.09725
G1 X113.303 Y113.347 E3.1639
G1 X112.825 Y115.594 E3.27439
G1 X112.613 Y116.505 E3.31938
G1 X112.405 Y117.273 E3.35765
G1 X112.229 Y117.306 E3.36626
G1 X111.596 Y117.364 E3.39683
G1 X110.613 Y117.404 E3.44415
G1 X109.26 Y117.399 E3.50923
G1 X108.376 Y117.361 E3.55179
G1 X107.598 Y117.273 E3.58945
G1 X107.49 Y116.927 E3.60688
G1 X107.192 Y115.68 E3.66855
G1 X106.837 Y114.045 E3.74902
G1 X106.57 Y112.679 E3.81596
G1 X106.357 Y111.443 E3.87628
G1 X106.173 Y110.193 E3.93705
;WIDTH:0.490899
G1 X106.165 Y109.947 E3.95014
;WIDTH:0.531799
G1 X106.157 Y109.701 E3.96449
;WIDTH:0.572699
G1 X106.149 Y109.455 E3.98009
G1 X106.087 Y108.937 E4.01317
;WIDTH:0.593371
G1 X106.048 Y108.355 E4.05166
;WIDTH:0.619
G1 X106.01 Y107.772 E4.09207
;WIDTH:0.634712
G1 X105.986 Y107.27 E4.12782
G1 X105.957 Y107.171 E4.13516
;WIDTH:0.588534
G1 X105.927 Y107.073 E4.14186
;WIDTH:0.542356
G1 X105.898 Y106.975 E4.14795
;WIDTH:0.496178
G1 X105.868 Y106.877 E4.15347
;WIDTH:0.45
G1 X105.8 Y105.509 E4.21935
G1 X106.243 Y105.695 E4.24246
G1 X106.588 Y105.695 E4.25905
G1 X107.106 Y105.31 F7800
G1 F3600
G1 X107.034 Y105.488 E4.26829
G1 X107.034 Y108.915 E4.43312
G1 X107.074 Y109.226 E4.4482
G1 X107.309 Y109.625 E4.47047
G1 X107.788 Y109.949 E4.49828
G1 X108.074 Y109.993 E4.5122
G1 X112.199 Y109.993 E4.7106
G1 X112.758 Y109.89 E4.73794
G1 X113.014 Y109.703 E4.75319
G1 X113.323 Y109.232 E4.78028
G1 X113.365 Y108.951 E4.79395
G1 X113.365 Y105.488 E4.96051
G1 X113.293 Y105.31 E4.96975
G1 X114.061 Y105.31 E5.00669
G1 X114.602 Y105.086 E5.03485
G1 X114.532 Y106.695 E5.11231
G1 X114.357 Y108.962 E5.22167
G1 X114.122 Y110.87 E5.31413
G1 X113.933 Y112.049 E5.37156
G1 X113.505 Y114.286 E5.4811
G1 X112.903 Y116.948 E5.61237
G1 X112.692 Y117.583 E5.64455
G1 X112.283 Y117.688 E5.66486
G1 X111.621 Y117.749 E5.69683
G1 X110.621 Y117.79 E5.74497
G1 X109.379 Y117.79 E5.80471
G1 X108.425 Y117.751 E5.85063
G1 X107.919 Y117.704 E5.87507
G1 X107.388 Y117.622 E5.90091
G1 X107.297 Y117.553 E5.9064
G1 X107.118 Y117.03 E5.93299
G1 X106.816 Y115.766 E5.9955
G1 X106.466 Y114.155 E6.07479
G1 X106.193 Y112.757 E6.1433
G1 X105.978 Y111.517 E6.20383
G1 X105.791 Y110.249 E6.26548
G1 X105.645 Y108.986 E6.32663
G1 X105.541 Y107.804 E6.3837
G1 X105.44 Y106.14 E6.46388
G1 X105.382 Y104.735 E6.53151
G1 X105.477 Y104.922 E6.5416
G1 X105.582 Y105.029 E6.54881
G1 X106.262 Y105.31 E6.5842
G1 X107.046 Y105.31 E6.62191
G1 E4.62191 F2400
G92 E0
G1 X104.988 Y101.97 F7800
G1 E2 F2400
G1 F3600
G1 X105.058 Y101.901 E2.00473
G1 X105.456 Y101.745 E2.02529
G1 X106.102 Y101.625 E2.05689
G1 X106.618 Y101.56 E2.0819
G1 X107.452 Y101.501 E2.12211
G1 X108.664 Y101.455 E2.18044
G1 X110.148 Y101.44 E2.25182
G1 X111.335 Y101.455 E2.30892
G1 X112.557 Y101.501 E2.36774
G1 X113.652 Y101.594 E2.4206
;WIDTH:0.496493
G1 X113.782 Y101.634 E2.42793
;WIDTH:0.542986
G1 X113.911 Y101.674 E2.43599
;WIDTH:0.589479
G1 X114.04 Y101.714 E2.44484
;WIDTH:0.596306
G1 X114.567 Y101.825 E2.48057
;WIDTH:0.619649
G1 X114.941 Y102.009 E2.50944
G1 X114.99 Y102.587 E2.54961
;WIDTH:0.570321
G1 X115.012 Y102.712 E2.55762
;WIDTH:0.520993
G1 X115.034 Y102.836 E2.56479
;WIDTH:0.471665
G1 X115.056 Y102.961 E2.57124
;WIDTH:0.422338
G1 X115.031 Y104.337 E2.63268
;WIDTH:0.45
G1 X114.917 Y106.718 E2.74733
G1 X114.741 Y109.001 E2.85746
G1 X114.503 Y110.924 E2.95066
G1 X114.313 Y112.114 E3.00862
G1 X114.06 Y113.494 E3.0761
G1 X113.8 Y114.765 E3.1385
G1 X113.363 Y116.685 E3.23321
G1 X113.163 Y117.443 E3.27091
G1 X112.985 Y117.838 E3.29175
G1 X112.827 Y117.951 E3.30109
G1 X112.336 Y118.07 E3.32539
G1 X111.647 Y118.134 E3.35867
G1 X110.628 Y118.175 E3.40772
G1 X109.229 Y118.169 E3.47501
G1 X108.301 Y118.129 E3.51969
G1 X107.519 Y118.046 E3.55751
G1 X107.091 Y117.912 E3.57908
G1 X106.901 Y117.627 E3.59555
G1 X106.746 Y117.132 E3.6205
G1 X106.44 Y115.852 E3.6838
G1 X106.088 Y114.233 E3.76349
G1 X105.813 Y112.827 E3.8324
G1 X105.597 Y111.578 E3.89336
G1 X105.409 Y110.299 E3.95554
G1 X105.261 Y109.025 E4.01723
G1 X105.156 Y107.833 E4.07478
G1 X105.099 Y106.925 E4.11854
G1 X105.006 Y104.966 E4.21287
;WIDTH:0.489377
G1 X105.02 Y104.737 E4.22503
;WIDTH:0.528755
G1 X105.035 Y104.508 E4.23832
;WIDTH:0.568133
G1 X105.049 Y104.28 E4.25267
;WIDTH:0.583529
G1 X105.026 Y102.963 E4.33796
G1 X104.999 Y102.751 E4.3518
;WIDTH:0.539019
G1 X104.972 Y102.539 E4.36445
;WIDTH:0.494509
G1 X104.944 Y102.327 E4.37592
;WIDTH:0.45
G1 X104.959 Y102.019 E4.39075
G1 X104.588 Y101.86 F7800
;TYPE:External perimeter
G1 F1800
G1 X104.657 Y101.756 E4.39675
G1 X104.897 Y101.538 E4.41234
G1 X105.374 Y101.368 E4.4367
G1 X106.053 Y101.243 E4.46991
G1 X106.59 Y101.175 E4.49594
G1 X107.437 Y101.115 E4.53678
G1 X108.655 Y101.07 E4.5954
G1 X110.149 Y101.055 E4.66726
G1 X111.345 Y101.07 E4.72479
G1 X112.58 Y101.116 E4.78423
G1 X113.701 Y101.211 E4.83834
G1 X114.229 Y101.282 E4.86396
G1 X114.763 Y101.406 E4.89033
G1 X115.198 Y101.607 E4.91338
G1 X115.401 Y101.823 E4.92764
G1 X115.44 Y102.447 E4.95771
G1 X115.38 Y104.958 E5.07851
G1 X115.302 Y106.741 E5.16435
G1 X115.125 Y109.039 E5.2752
G1 X114.885 Y110.978 E5.36917
G1 X114.693 Y112.18 E5.42771
G1 X114.439 Y113.568 E5.49558
G1 X114.177 Y114.846 E5.55833
G1 X113.738 Y116.775 E5.65348
G1 X113.57 Y117.423 E5.68568
G1 X113.369 Y117.963 E5.71339
G1 X113.171 Y118.197 E5.72813
G1 X112.902 Y118.337 E5.74272
G1 X112.39 Y118.453 E5.76797
G1 X111.672 Y118.519 E5.80265
G1 X110.636 Y118.561 E5.85252
G1 X109.364 Y118.561 E5.9137
G1 X108.394 Y118.522 E5.96039
G1 X107.844 Y118.471 E5.98696
G1 X107.282 Y118.388 E6.01428
G1 X106.866 Y118.232 E6.03565
G1 X106.692 Y118.058 E6.04749
G1 X106.543 Y117.775 E6.06287
G1 X106.374 Y117.235 E6.09008
G1 X106.064 Y115.938 E6.15422
G1 X105.71 Y114.311 E6.2343
G1 X105.434 Y112.897 E6.30359
G1 X105.217 Y111.639 E6.36499
G1 X105.027 Y110.35 E6.42766
G1 X104.878 Y109.064 E6.48993
G1 X104.772 Y107.862 E6.54797
G1 X104.68 Y106.414 E6.61775
G1 X104.621 Y104.981 E6.68673
G1 X104.574 Y102.973 E6.78333
G1 X104.58 Y101.918 E6.83407
G1 X104.832 Y101.607 F7800
G1 E4.83407 F2400
G92 E0
G1 X106.07 Y105.882 F7800
G1 E2 F2400
;TYPE:Solid infill
;WIDTH:0.377625
G1 F1200
G1 X106.199 Y105.936 E2.00546
G1 X106.395 Y105.948 E2.01313
G1 X106.404 Y106.808 E2.04673
;WIDTH:0.359311
G1 X106.267 Y107.138 E2.05987
G1 X106.109 Y106.816 E2.07306
;WIDTH:0.373848
G1 X106.078 Y106.074 E2.10173
G1 E.10173 F2400
G92 E0
G1 X107.736 Y116.711 F7800
G1 E2 F2400
;WIDTH:0.45
G1 F1200
G1 X108.065 Y117.04 E2.02238
G1 X107.728 Y117.076 E2.03868
;WIDTH:0.404381
G1 X107.709 Y117.147 E2.0418
G1 X107.78 Y117.128 E2.04492
G1 X107.769 Y117.087 E2.04672
G1 X108.655 Y117.085 F7800
;WIDTH:0.45
G1 F1200
G1 X107.564 Y115.994 E2.12093
G1 X107.402 Y115.287 E2.15582
G1 X109.224 Y117.108 E2.27972
G1 X109.776 Y117.115 E2.30627
G1 X107.251 Y114.59 E2.47802
G1 X107.103 Y113.896 E2.51215
G1 X110.321 Y117.115 E2.73107
G1 X110.856 Y117.105 E2.75681
G1 X106.97 Y113.219 E3.02113
G1 X106.841 Y112.544 E3.05418
G1 X111.38 Y117.083 E3.36292
G1 X112.301 Y117.091 F7800
;WIDTH:0.404381
G1 F1200
G1 X112.312 Y117.132 E3.36472
G1 X112.241 Y117.151 E3.36784
G1 X112.26 Y117.08 E3.37096
;WIDTH:0.45
G1 X111.887 Y117.044 E3.38898
G1 X106.727 Y111.884 E3.73996
G1 X106.618 Y111.231 E3.7718
G1 X112.225 Y116.837 E4.15315
G1 X112.335 Y116.402 E4.17473
G1 X106.524 Y110.591 E4.56999
G1 X106.465 Y109.986 E4.59923
G1 X112.445 Y115.967 E5.00602
G1 X112.545 Y115.521 E5.028
G1 X107.624 Y110.6 E5.36272
G1 X107.351 Y110.396 E5.37911
;WIDTH:0.404381
G1 X106.968 Y110.093 E5.39982
G1 X106.546 Y109.633 E5.42629
G1 X106.436 Y109.561 E5.43187
G1 E3.43187 F2400
G92 E0
G1 X108.236 Y110.667 F7800
G1 E2 F2400
;WIDTH:0.45
G1 F1200
G1 X112.644 Y115.075 E2.29983
G1 X112.744 Y114.63 E2.32177
G1 X108.782 Y110.667 E2.59129
G1 X109.327 Y110.667 E2.6175
G1 X112.838 Y114.178 E2.85631
G1 X112.931 Y113.725 E2.87855
G1 X109.873 Y110.667 E3.08655
G1 X110.418 Y110.667 E3.11276
G1 X113.023 Y113.272 E3.28995
G1 X113.107 Y112.811 E3.31249
G1 X110.963 Y110.667 E3.45832
G1 X112.358 Y110.662 E3.52542
G1 X113.096 Y110.469 E3.56211
G1 X113.505 Y110.17 E3.58648
G1 X113.465 Y110.677 E3.61094
G1 X113.192 Y112.351 E3.69252
G1 X111.645 Y110.804 E3.79775
G1 X112.447 Y111.037 F7800
;WIDTH:0.4496
G1 F1200
G1 X113.044 Y110.896 E3.82722
G1 X112.939 Y111.553 E3.85919
G1 X112.58 Y111.177 E3.88417
M106 S219.3
;LAYER_CHANGE
;Z:9.05
;HEIGHT:0.3
G1 E1.88417 F2400
G92 E0
G1 Z9.05 F7800
G1 X108.024 Y104.882
G1 E2 F2400
;TYPE:Perimeter
;WIDTH:0.365269
G1 F900
G1 X108.117 Y104.878 E2.00349
;WIDTH:0.357207
G1 X112.282 Y104.878 E2.15561
G1 X112.757 Y105.069 F7800
;WIDTH:0.45
G1 F900
G1 X112.772 Y105.083 E2.1566
G1 X112.937 Y105.488 E2.17763
G1 X112.937 Y108.951 E2.34419
G1 X112.913 Y109.114 E2.35211
G1 X112.695 Y109.433 E2.37069
G1 X112.59 Y109.518 E2.37719
G1 X112.282 Y109.607 E2.39261
G1 X108.117 Y109.607 E2.59293
G1 X107.983 Y109.591 E2.59942
G1 X107.627 Y109.355 E2.61996
G1 X107.467 Y109.027 E2.63751
G1 X107.462 Y108.013 E2.68628
G1 X107.462 Y105.488 E2.80772
G1 X107.627 Y105.083 E2.82875
G1 X107.706 Y105.008 E2.83399
;WIDTH:0.442835
G1 X107.865 Y104.945 E2.84206
;WIDTH:0.404052
G1 X108.024 Y104.882 E2.84931
;WIDTH:0.407634
G1 X107.792 Y104.903 E2.85928
;WIDTH:0.45
G1 X107.56 Y104.924 E2.87048
G1 X106.292 Y104.924 E2.93147
G1 X105.856 Y104.728 E2.95446
;WIDTH:0.493766
G1 X105.727 Y104.555 E2.96602
;WIDTH:0.537533
G1 X105.598 Y104.383 E2.97871
;WIDTH:0.549624
G1 X105.591 Y102.957 E3.06502
G1 X105.703 Y102.75 E3.07926
;WIDTH:0.499812
G1 X105.814 Y102.544 E3.09197
;WIDTH:0.45
G1 X106.068 Y102.351 E3.10731
G1 X106.292 Y102.306 E3.1183
G1 X114.032 Y102.306 E3.49057
G1 X114.317 Y102.382 E3.50476
G1 X114.531 Y102.566 E3.51833
G1 X114.591 Y102.762 E3.52819
;WIDTH:0.419227
G1 X114.651 Y102.957 E3.53722
;WIDTH:0.388455
G1 X114.646 Y104.274 E3.59045
;WIDTH:0.412015
G1 X114.595 Y104.46 E3.59881
;WIDTH:0.447255
G1 X114.545 Y104.646 E3.60801
;WIDTH:0.45
G1 X114.44 Y104.756 E3.61532
G1 X114.032 Y104.924 E3.63654
G1 X112.729 Y104.924 E3.69921
G1 X112.506 Y104.901 E3.70999
;WIDTH:0.403603
G1 X112.282 Y104.878 E3.71952
G1 X112.489 Y104.942 E3.72869
;WIDTH:0.45
G1 X112.695 Y105.005 E3.73905
G1 X112.715 Y105.026 E3.74044
G1 X112.478 Y105.342 F7800
;TYPE:External perimeter
G1 F900
G1 X112.496 Y105.353 E3.74145
G1 X112.551 Y105.488 E3.74846
G1 X112.551 Y108.951 E3.91502
G1 X112.496 Y109.085 E3.92199
G1 X112.385 Y109.192 E3.92941
G1 X112.282 Y109.221 E3.93456
G1 X108.117 Y109.221 E4.13488
G1 X107.962 Y109.146 E4.14316
G1 X107.849 Y108.967 E4.15334
G1 X107.848 Y108.013 E4.19922
G1 X107.848 Y105.488 E4.32066
G1 X107.979 Y105.275 E4.33269
G1 X108.117 Y105.217 E4.33989
G1 X112.282 Y105.217 E4.54021
G1 X112.428 Y105.31 E4.54854
G1 X112.542 Y105.693 F7800
G1 E2.54854 F2400
G92 E0
G1 X106.099 Y102.809 F7800
G1 E2 F2400
G1 F900
G1 X106.266 Y102.694 E2.00975
G1 X114.032 Y102.692 E2.38327
G1 X114.168 Y102.748 E2.39034
G1 X114.297 Y102.957 E2.40215
G1 X114.297 Y104.277 E2.46564
G1 X114.24 Y104.41 E2.4726
G1 X114.032 Y104.539 E2.48437
G1 X106.292 Y104.539 E2.85664
G1 X106.083 Y104.41 E2.86845
G1 X106.027 Y104.274 E2.87552
G1 X106.027 Y102.957 E2.93886
G1 X106.069 Y102.859 E2.94399
G1 X106.438 Y102.704 F7800
G1 X105.498 Y102.226
;TYPE:Perimeter
;WIDTH:0.575535
G1 F900
G1 X105.606 Y102.174 E2.95163
;WIDTH:0.532179
G1 X105.713 Y102.122 E2.95857
;WIDTH:0.488823
G1 X105.821 Y102.07 E2.96492
;WIDTH:0.445467
G1 X105.929 Y102.018 E2.97062
;WIDTH:0.402111
G1 X106.292 Y101.953 E2.98615
;WIDTH:0.423854
G1 X106.7 Y101.934 E3.00446
;WIDTH:0.462331
G1 X107.109 Y101.915 E3.02478
;WIDTH:0.500809
G1 X107.518 Y101.895 E3.04707
;WIDTH:0.546655
G1 X108.701 Y101.872 E3.11824
;WIDTH:0.561923
G1 X111.298 Y101.872 E3.2794
;WIDTH:0.546675
G1 X112.482 Y101.895 E3.35064
;WIDTH:0.500815
G1 X112.885 Y101.91 E3.37259
;WIDTH:0.470818
G1 X113.289 Y101.925 E3.39308
;WIDTH:0.440821
G1 X113.603 Y101.945 E3.40785
;WIDTH:0.400817
G1 X113.916 Y101.965 E3.42101
;WIDTH:0.360813
G1 X114.361 Y102.043 E3.43771
;WIDTH:0.372393
G1 X114.59 Y102.147 E3.44737
G1 E1.44737 F2400
G92 E0
G1 X106.691 Y105.695 F7800
G1 E2 F2400
;WIDTH:0.45
G1 F3600
G1 X106.691 Y106.327 E2.0304
;WIDTH:0.496207
G1 X106.668 Y106.427 E2.03593
;WIDTH:0.542414
G1 X106.645 Y106.527 E2.04205
;WIDTH:0.588621
G1 X106.622 Y106.627 E2.04876
;WIDTH:0.634828
G1 X106.599 Y106.727 E2.05606
G1 X106.618 Y108.013 E2.14757
;WIDTH:0.595607
G1 X106.639 Y108.951 E2.20974
;WIDTH:0.564749
G1 X106.692 Y109.351 E2.23492
G1 X106.845 Y109.558 E2.25098
;WIDTH:0.526499
G1 X106.999 Y109.765 E2.26585
;WIDTH:0.488249
G1 X107.152 Y109.972 E2.27946
;WIDTH:0.45
G1 X107.804 Y110.341 E2.31549
G1 X108.117 Y110.378 E2.33065
G1 X112.303 Y110.378 E2.53198
G1 X113.001 Y110.171 E2.567
G1 X113.323 Y109.895 E2.5874
G1 X113.466 Y109.607 E2.60287
;WIDTH:0.405387
G1 X113.61 Y109.319 E2.61657
;WIDTH:0.367414
G1 X113.667 Y108.72 E2.63931
;WIDTH:0.405267
G1 X113.685 Y107.6 E2.68694
;WIDTH:0.443121
G1 X113.704 Y106.48 E2.73985
;WIDTH:0.45366
G1 X113.71 Y105.697 E2.77787
G1 X113.904 Y105.697 E2.78729
G1 X114.107 Y105.666 E2.79726
G1 X114.083 Y106.492 E2.83738
;WIDTH:0.443121
G1 X114.026 Y107.612 E2.89036
;WIDTH:0.405267
G1 X113.969 Y108.732 E2.93804
;WIDTH:0.367414
G1 X113.9 Y109.377 E2.96256
;WIDTH:0.405387
G1 X113.836 Y109.743 E2.97836
;WIDTH:0.45
G1 X113.537 Y111.804 E3.07852
G1 X113.296 Y113.186 E3.14599
G1 X113.043 Y114.469 E3.20889
G1 X112.724 Y115.946 E3.28157
G1 X112.384 Y117.317 E3.34951
G1 X112.209 Y117.377 E3.35841
G1 X111.582 Y117.435 E3.3887
G1 X110.606 Y117.475 E3.43568
G1 X109.498 Y117.476 E3.48897
G1 X108.515 Y117.44 E3.53628
G1 X107.633 Y117.347 E3.57894
G1 X107.549 Y117.093 E3.59181
G1 X107.325 Y116.162 E3.63787
G1 X106.998 Y114.668 E3.71143
G1 X106.686 Y113.087 E3.78894
G1 X106.43 Y111.597 E3.86165
G1 X106.246 Y110.328 E3.92332
;WIDTH:0.484897
G1 X106.213 Y109.876 E3.94709
;WIDTH:0.519795
G1 X106.181 Y109.424 E3.97283
;WIDTH:0.554693
G1 X106.149 Y108.972 E4.00054
;WIDTH:0.595607
G1 X106.087 Y108.029 E4.06316
;WIDTH:0.634828
G1 X106.029 Y106.745 E4.15461
G1 X106 Y106.644 E4.16209
;WIDTH:0.588621
G1 X105.972 Y106.543 E4.16894
;WIDTH:0.542414
G1 X105.943 Y106.443 E4.17515
;WIDTH:0.496207
G1 X105.915 Y106.342 E4.1808
;WIDTH:0.45
G1 X105.884 Y105.527 E4.22003
G1 X106.292 Y105.695 E4.24125
G1 X106.631 Y105.695 E4.25755
G1 X107.149 Y105.31 F7800
G1 F3600
G1 X107.077 Y105.488 E4.26679
G1 X107.077 Y108.951 E4.43335
G1 X107.117 Y109.225 E4.44667
G1 X107.428 Y109.703 E4.4741
G1 X107.893 Y109.966 E4.49979
G1 X108.117 Y109.993 E4.51064
G1 X112.297 Y109.993 E4.71168
G1 X112.796 Y109.844 E4.73673
G1 X112.971 Y109.703 E4.74754
G1 X113.283 Y109.223 E4.77507
G1 X113.322 Y108.951 E4.78829
G1 X113.322 Y105.488 E4.95485
G1 X113.25 Y105.31 E4.96409
G1 X114.032 Y105.31 E5.0017
G1 X114.515 Y105.11 E5.02684
G1 X114.465 Y106.509 E5.09417
G1 X114.312 Y108.764 E5.20288
G1 X114.096 Y110.677 E5.29547
G1 X113.918 Y111.866 E5.35329
G1 X113.675 Y113.256 E5.42116
G1 X113.421 Y114.547 E5.48444
G1 X112.868 Y117.021 E5.60637
G1 X112.66 Y117.66 E5.63869
G1 X112.263 Y117.759 E5.65837
G1 X111.608 Y117.82 E5.69001
G1 X110.614 Y117.86 E5.73786
G1 X109.538 Y117.863 E5.78961
G1 X108.525 Y117.828 E5.83836
G1 X107.734 Y117.759 E5.87655
G1 X107.341 Y117.649 E5.89618
G1 X107.178 Y117.199 E5.9192
G1 X106.62 Y114.747 E6.04015
G1 X106.307 Y113.157 E6.11809
G1 X106.051 Y111.672 E6.19057
G1 X105.871 Y110.433 E6.25079
G1 X105.733 Y109.237 E6.3087
G1 X105.63 Y108.066 E6.36524
G1 X105.552 Y106.774 E6.42749
G1 X105.472 Y104.831 E6.52102
G1 X105.611 Y105.029 E6.53266
G1 X106.292 Y105.31 E6.56809
G1 X107.089 Y105.31 E6.60642
G1 E4.60642 F2400
G92 E0
G1 X105.087 Y101.966 F7800
G1 E2 F2400
G1 F3600
G1 X105.16 Y101.891 E2.00503
G1 X105.524 Y101.739 E2.024
G1 X106.124 Y101.619 E2.05343
G1 X106.685 Y101.545 E2.08065
G1 X107.502 Y101.485 E2.12005
G1 X108.69 Y101.439 E2.17723
G1 X110.064 Y101.423 E2.24332
G1 X111.309 Y101.439 E2.30321
G1 X112.505 Y101.485 E2.36078
G1 X113.337 Y101.547 E2.40091
G1 X114.099 Y101.655 E2.43793
G1 X114.729 Y101.828 E2.46935
G1 X114.925 Y101.971 E2.48102
G1 X114.954 Y102.406 E2.50199
G1 X114.965 Y102.683 E2.51532
;WIDTH:0.419227
G1 X114.975 Y102.96 E2.52759
;WIDTH:0.388455
G1 X114.958 Y104.289 E2.58131
;WIDTH:0.41336
G1 X114.934 Y104.573 E2.59372
;WIDTH:0.45
G1 X114.85 Y106.529 E2.68788
G1 X114.696 Y108.799 E2.79731
G1 X114.478 Y110.727 E2.89063
G1 X114.298 Y111.928 E2.94904
G1 X114.054 Y113.326 E3.0173
G1 X113.799 Y114.625 E3.08097
G1 X113.323 Y116.77 E3.18665
G1 X113.162 Y117.4 E3.21792
G1 X112.974 Y117.884 E3.24289
G1 X112.831 Y118.011 E3.25209
G1 X112.317 Y118.142 E3.2776
G1 X111.634 Y118.205 E3.31059
G1 X110.623 Y118.246 E3.35926
G1 X110.009 Y118.248 E3.38879
G1 X109.472 Y118.247 E3.41462
G1 X108.448 Y118.208 E3.46391
G1 X107.422 Y118.092 E3.51357
G1 X107.073 Y117.949 E3.53171
G1 X106.984 Y117.804 E3.53989
G1 X106.807 Y117.305 E3.56536
G1 X106.573 Y116.335 E3.61335
G1 X106.243 Y114.825 E3.68769
G1 X105.927 Y113.227 E3.76604
G1 X105.67 Y111.732 E3.839
G1 X105.489 Y110.482 E3.89975
G1 X105.349 Y109.276 E3.95814
G1 X105.246 Y108.095 E4.01516
G1 X105.167 Y106.797 E4.0777
G1 X105.093 Y105.006 E4.16391
;WIDTH:0.493766
G1 X105.109 Y104.642 E4.18342
;WIDTH:0.537533
G1 X105.124 Y104.278 E4.20492
;WIDTH:0.549624
G1 X105.106 Y102.961 E4.28464
G1 X105.075 Y102.647 E4.30374
;WIDTH:0.499812
G1 X105.045 Y102.332 E4.32092
;WIDTH:0.45
G1 X105.06 Y102.015 E4.33618
G1 X104.688 Y101.859 F7800
;TYPE:External perimeter
G1 F1800
G1 X104.758 Y101.752 E4.34233
G1 X104.995 Y101.529 E4.35798
G1 X105.438 Y101.362 E4.38075
G1 X106.073 Y101.237 E4.41188
G1 X106.656 Y101.161 E4.44016
G1 X107.487 Y101.099 E4.48024
G1 X108.681 Y101.053 E4.53771
G1 X110.064 Y101.038 E4.60423
G1 X111.319 Y101.053 E4.6646
G1 X112.527 Y101.1 E4.72274
G1 X113.386 Y101.165 E4.76417
G1 X114.179 Y101.278 E4.8027
G1 X114.721 Y101.416 E4.8296
G1 X115.074 Y101.582 E4.84836
G1 X115.302 Y101.822 E4.86428
G1 X115.34 Y102.413 E4.89276
G1 X115.298 Y104.797 E5.00744
G1 X115.235 Y106.549 E5.09176
G1 X115.08 Y108.834 E5.20191
G1 X114.861 Y110.778 E5.296
G1 X114.679 Y111.989 E5.3549
G1 X114.433 Y113.397 E5.42365
G1 X114.176 Y114.703 E5.48767
G1 X113.699 Y116.858 E5.59383
G1 X113.534 Y117.503 E5.62585
G1 X113.339 Y118.036 E5.65315
G1 X113.144 Y118.269 E5.66776
G1 X112.878 Y118.408 E5.6822
G1 X112.371 Y118.524 E5.70722
G1 X111.659 Y118.59 E5.74161
G1 X110.631 Y118.632 E5.79109
G1 X109.525 Y118.634 E5.84428
G1 X108.478 Y118.598 E5.89467
G1 X107.804 Y118.539 E5.92721
G1 X107.217 Y118.446 E5.95579
G1 X106.842 Y118.266 E5.9758
G1 X106.603 Y117.915 E5.99622
G1 X106.436 Y117.411 E6.02176
G1 X106.198 Y116.421 E6.07073
G1 X105.865 Y114.904 E6.14543
G1 X105.548 Y113.297 E6.22421
G1 X105.289 Y111.793 E6.29761
G1 X105.106 Y110.532 E6.3589
G1 X104.965 Y109.315 E6.41783
G1 X104.861 Y108.124 E6.47533
G1 X104.765 Y106.549 E6.55122
G1 X104.709 Y105.067 E6.62255
G1 X104.671 Y102.969 E6.72347
G1 X104.68 Y101.916 E6.77412
G1 X104.928 Y101.602 F7800
G1 E4.77412 F2400
G92 E0
G1 X106.142 Y105.882 F7800
G1 E2 F2400
;TYPE:Solid infill
;WIDTH:0.360636
G1 F1200
G1 X106.254 Y105.929 E2.00449
G1 X106.446 Y105.94 E2.0116
G1 X106.448 Y106.283 E2.02427
;WIDTH:0.356957
G1 X106.311 Y106.615 E2.03738
G1 X106.173 Y106.352 E2.04822
;WIDTH:0.359129
G1 X106.155 Y106.075 E2.05842
G1 E.05842 F2400
G92 E0
G1 X106.543 Y109.685 F7800
G1 E2 F2400
;WIDTH:0.45
G1 F1200
G1 X106.982 Y110.2 E2.03255
G1 X107.695 Y110.603 E2.07194
G1 X108.123 Y110.668 E2.09276
G1 X109.391 Y110.667 E2.15375
G1 X106.979 Y113.079 E2.31781
G1 X106.718 Y111.566 E2.39165
G1 X106.531 Y110.263 E2.45496
G1 X106.539 Y109.878 E2.47348
G1 X106.974 Y110.639 F7800
G1 F1200
G1 X107.504 Y110.939 E2.50277
G1 X107.722 Y111.01 E2.5138
G1 X108.46 Y111.053 E2.54936
G1 X107.232 Y112.281 E2.63289
G1 X107.002 Y110.829 E2.7036
G1 X107.568 Y111.385 F7800
;WIDTH:0.528227
G1 F1200
G1 X107.527 Y111.344 E2.70695
G1 X107.471 Y111.359 E2.7103
G1 X107.456 Y111.415 E2.71365
G1 X107.497 Y111.456 E2.717
G1 X107.553 Y111.441 E2.72035
G1 E.72035 F2400
G92 E0
G1 X107.069 Y113.534 F7800
G1 E2 F2400
;WIDTH:0.45
G1 F1200
G1 X109.936 Y110.667 E2.19501
G1 X110.481 Y110.667 E2.22122
G1 X107.159 Y113.99 E2.44721
G1 X107.249 Y114.445 E2.46952
G1 X111.027 Y110.667 E2.72649
G1 X111.572 Y110.667 E2.7527
G1 X107.344 Y114.896 E3.04032
G1 X107.442 Y115.343 E3.06233
G1 X112.118 Y110.667 E3.38039
G1 X113.493 Y110.126 F7800
;WIDTH:0.422729
G1 F1200
G1 X112.934 Y110.337 E3.4071
;WIDTH:0.45
G1 X112.808 Y110.522 E3.41787
G1 X107.54 Y115.79 E3.77619
G1 X107.642 Y116.234 E3.7981
G1 X113.445 Y110.431 E4.19281
G1 X113.355 Y111.065 E4.22361
G1 X107.751 Y116.669 E4.60479
G1 X107.875 Y117.091 E4.62594
G1 X113.259 Y111.707 E4.99215
G1 X113.145 Y112.366 E5.02432
G1 X108.375 Y117.137 E5.3488
G1 X108.891 Y117.166 E5.37366
G1 X113.03 Y113.027 E5.65519
G1 X112.899 Y113.703 E5.68831
G1 X109.418 Y117.184 E5.92508
G1 X109.96 Y117.187 E5.95115
G1 X112.766 Y114.382 E6.14198
G1 X112.616 Y115.077 E6.17618
G1 X110.507 Y117.186 E6.31963
G1 E4.31963 F2400
G92 E0
G1 X112.22 Y116.106 F7800
G1 E2 F2400
;WIDTH:0.574328
G1 F1200
G1 X111.228 Y117.098 E2.08923
G1 X112.096 Y117.031 E2.1446
G1 X112.356 Y115.97 E2.21408
M106 S216.75
;LAYER_CHANGE
;Z:9.05556
;HEIGHT:0.00555515
G1 E.21408 F2400
G92 E0
G1 Z9.056 F7800
G1 X107.247 Y119.155
G1 E2 F2400
;TYPE:Support material
;WIDTH:0.35
;HEIGHT:0.305556
G1 F3600
G1 X108.311 Y119.277 E2.0387
G1 X110 Y119.326 E2.09975
G1 X111.688 Y119.277 E2.16077
G1 X112.753 Y119.155 E2.1995
G1 X112.753 Y121.11 E2.27014
G1 X107.247 Y121.11 E2.46908
G1 X107.247 Y119.197 E2.5382
G1 E.5382 F2400
G92 E0
G1 X108.644 Y107.214 F7800
G1 E2 F2400
G1 F3600
G1 X111.755 Y107.214 E2.11241
G1 X111.883 Y105.842 F7800
G1 F3600
G1 X111.883 Y108.596 E2.21192
G1 X108.516 Y108.596 E2.33358
G1 X108.516 Y105.842 E2.43309
G1 X111.84 Y105.842 E2.55319
G1 E.55319 F2400
G92 E0
G1 X113.642 Y103.914 F7800
G1 E2 F2400
G1 F3600
G1 X112.818 Y103.914 E2.02977
G1 X112.818 Y103.317 E2.05134
G1 X113.642 Y103.317 E2.08111
G1 X113.642 Y103.871 E2.10113
G1 E.10113 F2400
G92 E0
G1 X107.182 Y103.914 F7800
G1 E2 F2400
G1 F3600
G1 X106.681 Y103.914 E2.0181
G1 X106.681 Y103.317 E2.03967
G1 X107.182 Y103.317 E2.05777
G1 X107.182 Y103.871 E2.07779
;LAYER_CHANGE
;Z:9.35
;HEIGHT:0.294445
G1 E.07779 F2400
G92 E0
G1 Z9.35 F7800
G1 X112.753 Y121.11
G1 E2 F2400
G1 F3600
G1 X107.247 Y121.11 E2.19332
G1 X107.247 Y119.208 E2.2601
G1 X108.321 Y119.334 E2.29807
G1 X110 Y119.383 E2.35705
G1 X111.678 Y119.334 E2.41599
G1 X112.753 Y119.208 E2.45399
G1 X112.753 Y121.067 E2.51926
G1 E.51926 F2400
G92 E0
G1 X111.84 Y108.596 F7800
G1 E2 F2400
G1 F3600
G1 X108.559 Y108.596 E2.1152
G1 X108.559 Y105.842 E2.21189
G1 X111.84 Y105.842 E2.32709
G1 X111.84 Y108.553 E2.42227
G1 X111.711 Y107.214 F7800
G1 F3600
G1 X108.688 Y107.214 E2.52841
G1 E.52841 F2400
G92 E0
G1 X107.182 Y103.914 F7800
G1 E2 F2400
G1 F3600
G1 X106.71 Y103.914 E2.01657
G1 X106.71 Y103.317 E2.03753
G1 X107.182 Y103.317 E2.0541
G1 X107.182 Y103.871 E2.07355
G1 E.07355 F2400
G92 E0
G1 X113.613 Y103.914 F7800
G1 E2 F2400
G1 F3600
G1 X112.818 Y103.914 E2.02791
G1 X112.818 Y103.317 E2.04887
G1 X113.613 Y103.317 E2.07678
G1 X113.613 Y103.871 E2.09623
G1 X112.436 Y105.342 F7800
;TYPE:External perimeter
;WIDTH:0.45
;HEIGHT:0.3
G1 F900
G1 X112.453 Y105.353 E2.0972
G1 X112.508 Y105.488 E2.10421
G1 X112.508 Y108.951 E2.27077
G1 X112.453 Y109.085 E2.27774
G1 X112.275 Y109.218 E2.28843
G1 X108.16 Y109.221 E2.48635
G1 X108.022 Y109.163 E2.49355
G1 X107.891 Y108.994 E2.50383
G1 X107.891 Y105.488 E2.67246
G1 X108.022 Y105.275 E2.68449
G1 X108.16 Y105.217 E2.69169
G1 X112.239 Y105.217 E2.88788
G1 X112.385 Y105.31 E2.89621
G1 X112.499 Y105.693 F7800
G1 E.89621 F2400
G92 E0
G1 X106.132 Y102.818 F7800
G1 E2 F2400
G1 F900
G1 X106.152 Y102.781 E2.00202
G1 X106.295 Y102.694 E2.01007
G1 X114.002 Y102.692 E2.38075
G1 X114.138 Y102.748 E2.38782
G1 X114.267 Y102.957 E2.39963
G1 X114.267 Y104.274 E2.46297
G1 X114.211 Y104.41 E2.47004
G1 X114.035 Y104.536 E2.48045
G1 X113.457 Y104.539 E2.50825
G1 X106.321 Y104.539 E2.85147
G1 X106.11 Y104.407 E2.86344
G1 X106.056 Y104.274 E2.87034
G1 X106.056 Y102.957 E2.93368
G1 X106.103 Y102.871 E2.93839
G1 X106.466 Y102.703 F7800
G1 X105.576 Y102.202
;TYPE:Perimeter
;WIDTH:0.540177
G1 F900
G1 X105.701 Y102.142 E2.94662
;WIDTH:0.494617
G1 X105.826 Y102.081 E2.95408
;WIDTH:0.449058
G1 X105.951 Y102.02 E2.96075
;WIDTH:0.403499
G1 X106.321 Y101.949 E2.97669
;WIDTH:0.436993
G1 X106.797 Y101.927 E2.99884
;WIDTH:0.481417
G1 X107.273 Y101.905 E3.02363
;WIDTH:0.525841
G1 X107.749 Y101.883 E3.05106
;WIDTH:0.567273
G1 X108.934 Y101.862 E3.1254
;WIDTH:0.577727
G1 X111.469 Y101.867 E3.28771
;WIDTH:0.557111
G1 X112.432 Y101.888 E3.34691
;WIDTH:0.515999
G1 X112.826 Y101.903 E3.36912
;WIDTH:0.485595
G1 X113.22 Y101.918 E3.38983
;WIDTH:0.455191
G1 X113.426 Y101.932 E3.39989
;WIDTH:0.427164
G1 X113.631 Y101.946 E3.40919
G1 E1.40919 F2400
G92 E0
G1 X106.642 Y105.787 F7800
G1 E2 F2400
;WIDTH:0.6334
G1 F3600
G1 X106.646 Y106.505 E2.05096
;WIDTH:0.626541
G1 X106.663 Y107.819 E2.1431
;WIDTH:0.591026
G1 X106.685 Y108.951 E2.21747
;WIDTH:0.555267
G1 X106.735 Y109.336 E2.24124
G1 X106.807 Y109.471 E2.25061
;WIDTH:0.507761
G1 X107.001 Y109.722 E2.26815
;WIDTH:0.47888
G1 X107.195 Y109.973 E2.28455
;WIDTH:0.45
G1 X107.794 Y110.328 E2.31804
G1 X108.16 Y110.378 E2.33581
G1 X111.534 Y110.378 E2.49809
G1 X112.489 Y110.355 E2.54404
G1 X113.204 Y109.972 E2.58305
G1 X113.28 Y109.894 E2.58829
G1 X113.424 Y109.603 E2.60391
;WIDTH:0.40355
G1 X113.567 Y109.312 E2.61763
;WIDTH:0.3571
G1 X113.613 Y108.951 E2.63092
;WIDTH:0.383697
G1 X113.632 Y108.059 E2.66645
;WIDTH:0.417128
G1 X113.648 Y106.942 E2.7156
;WIDTH:0.437756
G1 X113.661 Y105.689 E2.77395
G1 X114.04 Y105.686 E2.7916
G1 X114.001 Y106.948 E2.8504
;WIDTH:0.417128
G1 X113.951 Y108.069 E2.89977
;WIDTH:0.383697
G1 X113.853 Y109.368 E2.95165
;WIDTH:0.40355
G1 X113.784 Y109.795 E2.96995
;WIDTH:0.45
G1 X113.556 Y111.391 E3.04749
G1 X113.367 Y112.574 E3.10511
G1 X113.126 Y113.9 E3.16993
G1 X112.839 Y115.315 E3.23937
G1 X112.519 Y116.752 E3.31018
G1 X112.331 Y117.403 E3.34277
G1 X111.423 Y117.507 E3.38673
G1 X110.498 Y117.539 E3.43125
G1 X109.351 Y117.536 E3.48642
G1 X108.403 Y117.496 E3.53206
G1 X107.661 Y117.413 E3.56797
G1 X107.558 Y117.071 E3.58515
G1 X107.262 Y115.783 E3.64871
G1 X106.924 Y114.158 E3.72854
G1 X106.58 Y112.236 E3.82245
G1 X106.286 Y110.226 E3.92015
;WIDTH:0.47888
G1 X106.268 Y109.918 E3.9361
;WIDTH:0.507761
G1 X106.25 Y109.61 E3.95316
;WIDTH:0.547079
G1 X106.203 Y108.969 E3.99185
;WIDTH:0.591026
G1 X106.137 Y107.833 E4.0666
;WIDTH:0.626541
G1 X106.084 Y106.514 E4.15916
;WIDTH:0.6334
G1 X106.061 Y105.68 E4.21837
G1 X106.321 Y105.787 E4.23832
G1 X106.582 Y105.787 E4.25684
G1 X107.192 Y105.31 F7800
;WIDTH:0.45
G1 F3600
G1 X107.12 Y105.488 E4.26608
G1 X107.12 Y108.951 E4.43264
G1 X107.157 Y109.216 E4.44551
G1 X107.395 Y109.625 E4.46827
G1 X107.898 Y109.957 E4.49726
G1 X108.16 Y109.993 E4.50998
G1 X111.534 Y109.993 E4.67226
G1 X112.418 Y109.976 E4.71479
G1 X112.951 Y109.68 E4.74411
G1 X113.241 Y109.218 E4.77035
G1 X113.279 Y108.951 E4.78332
G1 X113.279 Y105.488 E4.94988
G1 X113.207 Y105.31 E4.95912
G1 X114.165 Y105.296 E5.0052
G1 X114.433 Y105.158 E5.0197
G1 X114.37 Y106.969 E5.10686
G1 X114.302 Y108.096 E5.16116
G1 X114.205 Y109.275 E5.21806
G1 X114.102 Y110.232 E5.26435
G1 X113.939 Y111.437 E5.32283
G1 X113.75 Y112.62 E5.38045
G1 X113.504 Y113.972 E5.44654
G1 X113.217 Y115.389 E5.51608
G1 X112.782 Y117.294 E5.61006
G1 X112.614 Y117.738 E5.63289
G1 X112.528 Y117.768 E5.63727
G1 X111.452 Y117.892 E5.68936
G1 X110.511 Y117.925 E5.73465
G1 X109.335 Y117.921 E5.79121
G1 X107.973 Y117.84 E5.85683
G1 X107.433 Y117.758 E5.8831
G1 X107.362 Y117.703 E5.88742
G1 X107.185 Y117.17 E5.91443
G1 X106.885 Y115.866 E5.97879
G1 X106.546 Y114.232 E6.05905
G1 X106.283 Y112.815 E6.12837
G1 X106.079 Y111.559 E6.18957
G1 X105.904 Y110.277 E6.2518
G1 X105.771 Y109.003 E6.31341
G1 X105.682 Y107.866 E6.36826
G1 X105.606 Y106.459 E6.43603
G1 X105.565 Y104.96 E6.50815
G1 X105.641 Y105.029 E6.51309
G1 X106.321 Y105.31 E6.54848
G1 X107.132 Y105.31 E6.58749
G1 E4.58749 F2400
G92 E0
G1 X114.75 Y103.432 F7800
G1 E2 F2400
;WIDTH:0.645025
G1 F900
G1 X114.744 Y104.274 E2.06098
;WIDTH:0.642621
G1 X114.737 Y104.403 E2.0703
G1 E.0703 F2400
G92 E0
G1 X108.067 Y104.882 F7800
G1 E2 F2400
;WIDTH:0.365269
G1 F900
G1 X108.16 Y104.878 E2.00349
;WIDTH:0.357207
G1 X112.239 Y104.878 E2.15247
G1 E.15247 F2400
G92 E0
G1 X105.182 Y101.962 F7800
G1 E2 F2400
;WIDTH:0.45
G1 F3600
G1 X105.256 Y101.882 E2.00524
G1 X105.613 Y101.727 E2.02396
G1 X106.147 Y101.613 E2.05022
G1 X106.749 Y101.531 E2.07944
G1 X107.734 Y101.46 E2.12694
G1 X108.925 Y101.418 E2.18426
G1 X110.208 Y101.407 E2.24597
G1 X111.482 Y101.428 E2.30725
G1 X112.464 Y101.47 E2.35452
G1 X113.68 Y101.589 E2.41328
;WIDTH:0.493254
G1 X113.915 Y101.657 E2.42637
;WIDTH:0.536508
G1 X114.149 Y101.725 E2.44072
;WIDTH:0.579762
G1 X114.384 Y101.793 E2.45645
;WIDTH:0.590524
G1 X114.729 Y101.955 E2.48146
G1 X114.787 Y102.174 E2.49633
;WIDTH:0.561266
G1 X114.845 Y102.393 E2.51037
;WIDTH:0.477792
G1 X114.863 Y102.581 E2.52011
;WIDTH:0.4376
G1 X114.881 Y102.77 E2.52895
;WIDTH:0.397408
G1 X114.899 Y102.958 E2.53679
;WIDTH:0.405184
G1 X114.875 Y103.037 E2.5403
;WIDTH:0.453152
G1 X114.85 Y103.116 E2.54432
;WIDTH:0.50112
G1 X114.825 Y103.195 E2.54883
;WIDTH:0.549088
G1 X114.8 Y103.274 E2.55384
;WIDTH:0.597056
G1 X114.775 Y103.353 E2.55935
;WIDTH:0.645025
G1 X114.75 Y103.432 E2.56535
G1 X114.726 Y103.366 E2.57044
;WIDTH:0.59699
G1 X114.702 Y103.299 E2.57517
;WIDTH:0.548955
G1 X114.678 Y103.232 E2.57947
;WIDTH:0.50092
G1 X114.654 Y103.166 E2.58329
;WIDTH:0.452885
G1 X114.63 Y103.099 E2.58674
;WIDTH:0.40485
G1 X114.606 Y103.032 E2.58976
;WIDTH:0.39714
G1 X114.568 Y102.867 E2.59679
;WIDTH:0.437466
G1 X114.53 Y102.702 E2.60467
;WIDTH:0.477792
G1 X114.492 Y102.537 E2.6134
;WIDTH:0.514044
G1 X114.442 Y102.47 E2.61809
;WIDTH:0.550296
G1 X114.392 Y102.402 E2.62321
;WIDTH:0.586549
G1 X114.342 Y102.335 E2.62865
G1 X114.021 Y102.241 E2.65043
;WIDTH:0.586004
G1 X113.891 Y102.263 E2.65901
;WIDTH:0.54067
G1 X113.761 Y102.284 E2.66683
;WIDTH:0.495335
G1 X113.631 Y102.306 E2.67392
;WIDTH:0.45
G1 X106.321 Y102.306 E3.02551
G1 X106.094 Y102.353 E3.03666
G1 X105.841 Y102.547 E3.05199
;WIDTH:0.484196
G1 X105.738 Y102.752 E3.064
;WIDTH:0.518393
G1 X105.636 Y102.957 E3.07697
G1 X105.641 Y104.377 E3.15738
;WIDTH:0.50976
G1 X105.777 Y104.566 E3.17031
;WIDTH:0.47988
G1 X105.913 Y104.756 E3.18242
;WIDTH:0.45
G1 X106.321 Y104.924 E3.20364
G1 X107.603 Y104.924 E3.2653
G1 X107.835 Y104.903 E3.2765
;WIDTH:0.407634
G1 X108.067 Y104.882 E3.28647
;WIDTH:0.404059
G1 X107.908 Y104.945 E3.29372
;WIDTH:0.44285
G1 X107.749 Y105.008 E3.30179
;WIDTH:0.45
G1 X107.67 Y105.083 E3.30703
G1 X107.505 Y105.488 E3.32806
G1 X107.505 Y109.07 E3.50034
G1 X107.657 Y109.341 E3.51528
G1 X108.003 Y109.585 E3.53564
G1 X108.16 Y109.607 E3.54326
G1 X112.346 Y109.597 E3.74459
G1 X112.652 Y109.433 E3.76129
G1 X112.871 Y109.111 E3.78002
G1 X112.894 Y108.951 E3.78779
G1 X112.894 Y105.488 E3.95435
G1 X112.729 Y105.083 E3.97538
G1 X112.652 Y105.005 E3.98065
G1 X112.446 Y104.942 E3.99101
;WIDTH:0.403603
G1 X112.239 Y104.878 E4.00018
G1 X112.463 Y104.901 E4.00971
;WIDTH:0.45
G1 X112.686 Y104.924 E4.02049
G1 X114.1 Y104.916 E4.0885
G1 X114.41 Y104.756 E4.10528
;WIDTH:0.498155
G1 X114.492 Y104.668 E4.11179
;WIDTH:0.54631
G1 X114.574 Y104.579 E4.11906
;WIDTH:0.594465
G1 X114.655 Y104.491 E4.12697
;WIDTH:0.642621
G1 X114.737 Y104.403 E4.13564
G1 X114.758 Y104.535 E4.14528
;WIDTH:0.594465
G1 X114.78 Y104.667 E4.15413
;WIDTH:0.54631
G1 X114.801 Y104.8 E4.16222
;WIDTH:0.498155
G1 X114.823 Y104.932 E4.16946
;WIDTH:0.45
G1 X114.755 Y106.988 E4.2684
G1 X114.687 Y108.124 E4.32314
G1 X114.574 Y109.446 E4.38696
G1 X114.478 Y110.324 E4.42944
G1 X114.319 Y111.507 E4.48685
G1 X114.125 Y112.712 E4.54555
G1 X113.883 Y114.045 E4.61071
G1 X113.593 Y115.479 E4.68108
G1 X113.268 Y116.939 E4.75302
G1 X113.114 Y117.517 E4.78179
G1 X112.889 Y118.026 E4.80856
G1 X112.615 Y118.147 E4.82297
G1 X111.48 Y118.277 E4.87792
G1 X109.992 Y118.311 E4.94951
G1 X109.319 Y118.307 E4.98188
G1 X108.327 Y118.263 E5.02964
G1 X107.559 Y118.18 E5.06679
G1 X107.145 Y118.05 E5.08766
G1 X106.962 Y117.767 E5.10387
G1 X106.812 Y117.269 E5.12889
G1 X106.509 Y115.948 E5.19408
G1 X106.168 Y114.307 E5.27469
G1 X105.903 Y112.881 E5.34445
G1 X105.698 Y111.616 E5.40609
G1 X105.521 Y110.323 E5.46886
G1 X105.386 Y109.033 E5.53124
G1 X105.297 Y107.892 E5.58628
G1 X105.225 Y106.552 E5.65082
G1 X105.174 Y104.944 E5.7282
;WIDTH:0.479862
G1 X105.185 Y104.616 E5.74521
;WIDTH:0.509724
G1 X105.195 Y104.288 E5.76344
;WIDTH:0.518393
G1 X105.182 Y102.96 E5.83864
G1 X105.161 Y102.64 E5.8568
;WIDTH:0.484196
G1 X105.14 Y102.32 E5.87359
;WIDTH:0.45
G1 X105.155 Y102.012 E5.88842
G1 X104.783 Y101.857 F7800
;TYPE:External perimeter
G1 F1800
G1 X104.853 Y101.748 E5.89465
G1 X105.012 Y101.584 E5.90564
G1 X105.462 Y101.366 E5.92969
G1 X105.959 Y101.25 E5.95424
G1 X106.697 Y101.148 E5.99007
G1 X107.706 Y101.075 E6.03873
G1 X108.916 Y101.032 E6.09696
G1 X110.21 Y101.022 E6.1592
G1 X111.494 Y101.043 E6.22096
G1 X112.48 Y101.085 E6.26843
G1 X113.303 Y101.148 E6.30813
G1 X114.041 Y101.25 E6.34396
G1 X114.539 Y101.366 E6.36855
G1 X114.995 Y101.585 E6.39288
G1 X115.211 Y101.827 E6.40848
G1 X115.246 Y102.269 E6.42981
G1 X115.197 Y105.545 E6.58739
G1 X115.14 Y107.007 E6.65776
G1 X115.072 Y108.151 E6.71288
G1 X114.972 Y109.348 E6.77065
G1 X114.867 Y110.325 E6.81791
G1 X114.702 Y111.549 E6.87731
G1 X114.511 Y112.749 E6.93575
G1 X114.262 Y114.118 E7.00267
G1 X113.972 Y115.55 E7.07294
G1 X113.507 Y117.571 E7.17268
G1 X113.279 Y118.155 E7.20283
G1 X113.078 Y118.364 E7.21678
G1 X112.703 Y118.525 E7.23641
G1 X111.509 Y118.662 E7.29421
G1 X110.472 Y118.698 E7.34412
G1 X109.373 Y118.695 E7.39698
G1 X108.417 Y118.656 E7.443
G1 X107.897 Y118.608 E7.46812
G1 X107.332 Y118.525 E7.49559
G1 X106.917 Y118.368 E7.51693
G1 X106.747 Y118.195 E7.5286
G1 X106.603 Y117.911 E7.54391
G1 X106.439 Y117.368 E7.57119
G1 X106.132 Y116.03 E7.63722
G1 X105.789 Y114.381 E7.71823
G1 X105.523 Y112.947 E7.78838
G1 X105.316 Y111.673 E7.85046
G1 X105.138 Y110.369 E7.91376
G1 X105.005 Y109.105 E7.97489
G1 X104.913 Y107.917 E8.0322
G1 X104.84 Y106.57 E8.09708
G1 X104.789 Y104.956 E8.17475
G1 X104.762 Y102.965 E8.27052
G1 X104.776 Y101.915 E8.32103
G1 X105.022 Y101.6 F7800
G1 E6.32103 F2400
G92 E0
G1 X107.805 Y116.855 F7800
G1 E2 F2400
;TYPE:Solid infill
G1 F1200
G1 X108.128 Y117.178 E2.02197
G1 X107.791 Y117.214 E2.03827
;WIDTH:0.404381
G1 X107.772 Y117.285 E2.04139
G1 X107.843 Y117.266 E2.04451
G1 X107.832 Y117.225 E2.04631
G1 X108.716 Y117.221 F7800
;WIDTH:0.45
G1 F1200
G1 X107.642 Y116.147 E2.11936
G1 X107.488 Y115.447 E2.15383
G1 X109.285 Y117.244 E2.27606
G1 X109.836 Y117.25 E2.30256
G1 X107.345 Y114.759 E2.47199
G1 X107.203 Y114.071 E2.50578
G1 X110.383 Y117.251 E2.72208
G1 X110.912 Y117.235 E2.74753
G1 X107.078 Y113.402 E3.00828
G1 X106.954 Y112.732 E3.04105
G1 X111.436 Y117.214 E3.34591
G1 X112.241 Y117.214 F7800
;WIDTH:0.404381
G1 F1200
G1 X112.252 Y117.255 E3.34771
G1 X112.181 Y117.274 E3.35083
G1 X112.2 Y117.203 E3.35395
;WIDTH:0.45
G1 X111.926 Y117.158 E3.3673
G1 X106.847 Y112.08 E3.71273
G1 X106.742 Y111.43 E3.7444
G1 X112.187 Y116.875 E4.11476
G1 X112.294 Y116.436 E4.13649
G1 X106.656 Y110.798 E4.51998
G1 X106.574 Y110.171 E4.55039
G1 X112.393 Y115.989 E4.94616
G1 X112.492 Y115.543 E4.96813
G1 X107.33 Y110.381 E5.31924
G1 X107.057 Y110.156 E5.33626
;WIDTH:0.404381
G1 X106.693 Y109.779 E5.35848
;WIDTH:0.434874
G1 X106.643 Y109.739 E5.36144
;WIDTH:0.465367
G1 X106.592 Y109.698 E5.36471
G1 X107.878 Y110.492 F7800
;WIDTH:0.404381
G1 F1200
G1 X107.859 Y110.563 E5.36783
G1 X107.93 Y110.544 E5.37095
G1 X107.919 Y110.503 E5.37275
;WIDTH:0.45
G1 X108.162 Y110.668 E5.38688
G1 X112.589 Y115.094 E5.68797
G1 X112.68 Y114.641 E5.71019
G1 X108.707 Y110.668 E5.98043
G1 X109.252 Y110.668 E6.00664
G1 X112.772 Y114.187 E6.24603
G1 X112.862 Y113.732 E6.26834
G1 X109.798 Y110.668 E6.47675
G1 X110.343 Y110.668 E6.50296
G1 X112.946 Y113.271 E6.68001
G1 X113.03 Y112.809 E6.70259
G1 X110.888 Y110.668 E6.84825
G1 X112.234 Y110.668 E6.91299
G1 X112.588 Y110.62 E6.93017
G1 X113.427 Y110.171 E6.97594
G1 X113.272 Y111.338 E7.03256
G1 X113.108 Y112.342 E7.08149
G1 X111.57 Y110.804 E7.1861
G1 X112.337 Y111.037 F7800
;WIDTH:0.432903
G1 F1200
G1 X112.672 Y110.993 E7.20163
G1 X112.956 Y110.851 E7.21622
G1 X112.854 Y111.555 E7.24892
G1 X112.473 Y111.174 E7.27369
M106 S214.2
;LAYER_CHANGE
;Z:9.6125
;HEIGHT:0.2625
G1 E5.27369 F2400
G92 E0
G1 Z9.613 F7800
G1 Z9.612
G1 X112.753 Y121.11
G1 E2 F2400
;TYPE:Support material
;WIDTH:0.35
G1 F3600
G1 X107.247 Y121.11 E2.17646
G1 X107.247 Y119.257 E2.23585
G1 X108.331 Y119.385 E2.27083
G1 X110 Y119.434 E2.32434
G1 X111.669 Y119.385 E2.37785
G1 X112.753 Y119.257 E2.41283
G1 X112.753 Y121.066 E2.47081
G1 E.47081 F2400
G92 E0
G1 X113.584 Y103.87 F7800
G1 E2 F2400
G1 F3600
G1 X113.584 Y103.317 E2.01772
G1 X112.818 Y103.317 E2.04227
G1 X112.818 Y103.914 E2.0614
G1 X113.584 Y103.914 E2.08595
G1 E.08595 F2400
G92 E0
G1 X111.824 Y108.596 F7800
G1 E2 F2400
G1 F3600
G1 X108.575 Y108.596 E2.10413
G1 X108.575 Y106.7 E2.1649
G1 X111.824 Y106.7 E2.26903
G1 X111.824 Y108.552 E2.32839
G1 X111.693 Y107.214 F7800
G1 F3600
G1 X108.706 Y107.214 E2.42412
G1 E.42412 F2400
G92 E0
G1 X107.182 Y103.914 F7800
G1 E2 F2400
G1 F3600
G1 X106.74 Y103.914 E2.01417
G1 X106.74 Y103.317 E2.0333
G1 X107.182 Y103.317 E2.04747
G1 X107.182 Y103.87 E2.06519
;LAYER_CHANGE
;Z:9.65
;HEIGHT:0.0374994
G1 E.06519 F2400
G92 E0
G1 Z9.65 F7800
G1 X112.393 Y105.342
G1 E2 F2400
;TYPE:External perimeter
;WIDTH:0.45
;HEIGHT:0.3
G1 F900
G1 X112.41 Y105.353 E2.00097
G1 X112.465 Y105.488 E2.00798
G1 X112.465 Y108.951 E2.17454
G1 X112.41 Y109.085 E2.18151
G1 X112.247 Y109.215 E2.19154
G1 X108.203 Y109.221 E2.38604
G1 X108.065 Y109.163 E2.39324
G1 X107.938 Y108.993 E2.40345
G1 X107.934 Y105.488 E2.57203
G1 X108.065 Y105.275 E2.58406
G1 X108.203 Y105.217 E2.59126
G1 X112.196 Y105.217 E2.78331
G1 X112.342 Y105.31 E2.79164
G1 X112.457 Y105.693 F7800
G1 E.79164 F2400
G92 E0
G1 X106.157 Y102.809 F7800
G1 E2 F2400
G1 F900
G1 X106.323 Y102.694 E2.00971
G1 X110.145 Y102.692 E2.19353
G1 X113.973 Y102.692 E2.37764
G1 X114.109 Y102.748 E2.38471
G1 X114.238 Y102.957 E2.39652
G1 X114.238 Y104.277 E2.46001
G1 X114.181 Y104.41 E2.46697
G1 X113.996 Y104.537 E2.47776
G1 X106.35 Y104.539 E2.84551
G1 X106.214 Y104.482 E2.8526
G1 X106.085 Y104.304 E2.86317
G1 X106.085 Y102.957 E2.92796
G1 X106.126 Y102.858 E2.93311
G1 X106.495 Y102.704 F7800
G1 X105.651 Y102.18
;TYPE:Perimeter
;WIDTH:0.507289
G1 F900
G1 X105.759 Y102.127 E2.93976
;WIDTH:0.472971
G1 X105.866 Y102.075 E2.94582
;WIDTH:0.438653
G1 X105.974 Y102.022 E2.95144
;WIDTH:0.404335
G1 X106.35 Y101.946 E2.96771
;WIDTH:0.442777
G1 X106.771 Y101.924 E2.98761
;WIDTH:0.486427
G1 X107.192 Y101.903 E3.0098
;WIDTH:0.530077
G1 X107.613 Y101.881 E3.03429
;WIDTH:0.577332
G1 X108.75 Y101.857 E3.10705
;WIDTH:0.592939
G1 X111.248 Y101.857 E3.27173
;WIDTH:0.577393
G1 X112.387 Y101.881 E3.34463
;WIDTH:0.530075
G1 X112.772 Y101.896 E3.36701
;WIDTH:0.49932
G1 X113.158 Y101.911 E3.38797
;WIDTH:0.468565
G1 X113.381 Y101.927 E3.39924
;WIDTH:0.437047
G1 X113.604 Y101.943 E3.40963
G1 E1.40963 F2400
G92 E0
G1 X106.692 Y105.78 F7800
G1 E2 F2400
;WIDTH:0.619123
G1 F900
G1 X106.697 Y106.649 E2.06013
;WIDTH:0.610445
G1 X106.715 Y108.064 E2.15651
;WIDTH:0.573312
G1 X106.733 Y108.951 E2.21283
;WIDTH:0.551395
G1 X106.781 Y109.338 E2.23652
G1 X106.945 Y109.561 E2.25333
;WIDTH:0.517596
G1 X107.11 Y109.785 E2.26906
;WIDTH:0.483798
G1 X107.274 Y110.008 E2.28354
;WIDTH:0.45
G1 X107.922 Y110.349 E2.31876
G1 X108.203 Y110.378 E2.33235
G1 X112.196 Y110.378 E2.5244
G1 X112.554 Y110.33 E2.54177
G1 X113.237 Y109.894 E2.58074
;WIDTH:0.49725
G1 X113.342 Y109.761 E2.58989
;WIDTH:0.544501
G1 X113.447 Y109.628 E2.60004
;WIDTH:0.591752
G1 X113.552 Y109.495 E2.61119
;WIDTH:0.639003
G1 X113.657 Y109.362 E2.62333
G1 X113.659 Y109.546 E2.63652
;WIDTH:0.591752
G1 X113.662 Y109.73 E2.64862
;WIDTH:0.544501
G1 X113.664 Y109.914 E2.65964
;WIDTH:0.49725
G1 X113.667 Y110.099 E2.66963
;WIDTH:0.45
G1 X113.541 Y111.191 E2.7225
G1 X113.363 Y112.369 E2.7798
G1 X113.126 Y113.733 E2.84639
G1 X112.844 Y115.177 E2.91715
G1 X112.519 Y116.682 E2.9912
G1 X112.318 Y117.46 E3.02985
G1 X111.413 Y117.564 E3.07366
G1 X110.494 Y117.596 E3.11789
G1 X108.973 Y117.578 E3.19105
G1 X108.414 Y117.553 E3.21796
G1 X107.689 Y117.472 E3.25305
G1 X107.61 Y117.224 E3.26557
G1 X107.384 Y116.246 E3.31385
G1 X107.065 Y114.725 E3.3886
G1 X106.764 Y113.123 E3.467
G1 X106.525 Y111.645 E3.53901
G1 X106.35 Y110.355 E3.60162
;WIDTH:0.494289
G1 X106.304 Y109.662 E3.63886
;WIDTH:0.538578
G1 X106.259 Y108.969 E3.67993
;WIDTH:0.573312
G1 X106.207 Y108.077 E3.73665
;WIDTH:0.610445
G1 X106.151 Y106.657 E3.83344
;WIDTH:0.619123
G1 X106.127 Y105.708 E3.89912
G1 X106.35 Y105.78 E3.91533
G1 X106.632 Y105.78 E3.93484
G1 E1.93484 F2400
G92 E0
G1 X113.61 Y105.682 F7800
G1 E2 F2400
;WIDTH:0.423169
G1 F900
G1 X113.973 Y105.683 E2.01624
G1 X113.939 Y106.974 E2.07403
;WIDTH:0.404298
G1 X113.882 Y108.338 E2.13191
;WIDTH:0.416356
G1 X113.854 Y108.404 E2.13506
;WIDTH:0.459463
G1 X113.826 Y108.471 E2.13864
;WIDTH:0.502569
G1 X113.798 Y108.538 E2.14261
;WIDTH:0.545676
G1 X113.769 Y108.604 E2.14694
;WIDTH:0.588782
G1 X113.741 Y108.671 E2.15169
;WIDTH:0.631889
G1 X113.713 Y108.737 E2.15676
G1 X113.691 Y108.67 E2.16175
;WIDTH:0.587187
G1 X113.668 Y108.604 E2.16631
;WIDTH:0.542486
G1 X113.646 Y108.537 E2.17052
;WIDTH:0.497785
G1 X113.623 Y108.471 E2.1743
;WIDTH:0.453083
G1 X113.601 Y108.404 E2.17772
;WIDTH:0.408382
G1 X113.579 Y108.337 E2.18075
;WIDTH:0.37325
G1 X113.584 Y108.091 E2.19023
;WIDTH:0.404298
G1 X113.599 Y106.969 E2.2378
;WIDTH:0.423169
G1 X113.61 Y105.742 E2.29271
G1 E.29271 F2400
G92 E0
G1 X113.713 Y108.737 F7800
G1 E2 F2400
;WIDTH:0.631889
G1 F900
G1 X113.676 Y109.257 E2.0369
;WIDTH:0.639003
G1 X113.657 Y109.362 E2.04455
G1 E.04455 F2400
G92 E0
G1 X107.235 Y105.31 F7800
G1 E2 F2400
;WIDTH:0.45
G1 F3600
G1 X107.162 Y105.488 E2.00925
G1 X107.162 Y108.064 E2.13315
G1 X107.186 Y109.161 E2.18592
G1 X107.437 Y109.625 E2.21129
G1 X107.539 Y109.728 E2.21826
G1 X108.002 Y109.972 E2.24343
G1 X108.203 Y109.993 E2.25315
G1 X111.669 Y109.993 E2.41985
G1 X112.451 Y109.958 E2.4575
G1 X112.885 Y109.703 E2.48171
G1 X113.196 Y109.225 E2.50914
G1 X113.236 Y108.951 E2.52246
G1 X113.236 Y105.488 E2.68902
G1 X113.164 Y105.31 E2.69826
G1 X114.089 Y105.303 E2.74275
G1 X114.356 Y105.173 E2.75703
G1 X114.301 Y106.993 E2.84461
G1 X114.239 Y108.125 E2.89914
G1 X114.147 Y109.302 E2.95592
G1 X113.923 Y111.242 E3.04985
G1 X113.744 Y112.431 E3.10768
G1 X113.505 Y113.803 E3.17466
G1 X113.221 Y115.255 E3.24582
G1 X112.767 Y117.306 E3.34685
G1 X112.602 Y117.793 E3.37158
G1 X112.509 Y117.826 E3.37633
G1 X111.442 Y117.949 E3.42799
G1 X110.456 Y117.983 E3.47544
G1 X109.394 Y117.981 E3.52652
G1 X108.415 Y117.941 E3.57365
G1 X107.77 Y117.88 E3.60481
G1 X107.392 Y117.773 E3.6237
G1 X107.238 Y117.326 E3.64644
G1 X107.007 Y116.329 E3.69566
G1 X106.687 Y114.801 E3.77075
G1 X106.384 Y113.189 E3.84964
G1 X106.145 Y111.717 E3.92137
G1 X105.982 Y110.512 E3.97985
G1 X105.859 Y109.369 E4.03514
G1 X105.76 Y108.11 E4.09588
G1 X105.685 Y106.68 E4.16475
G1 X105.64 Y104.999 E4.24563
G1 X105.785 Y105.126 E4.2549
G1 X106.35 Y105.31 E4.28348
G1 X107.175 Y105.31 E4.32316
G1 E2.32316 F2400
G92 E0
G1 X114.695 Y102.957 F7800
G1 E2 F2400
;WIDTH:0.592081
G1 F900
G1 X114.691 Y104.018 E2.06983
;WIDTH:0.591274
G1 X114.683 Y104.395 E2.09461
G1 E.09461 F2400
G92 E0
G1 X108.11 Y104.882 F7800
G1 E2 F2400
;WIDTH:0.365269
G1 F900
G1 X108.203 Y104.878 E2.00349
;WIDTH:0.357207
G1 X112.196 Y104.878 E2.14933
G1 E.14933 F2400
G92 E0
G1 X105.271 Y101.959 F7800
G1 E2 F2400
;WIDTH:0.45
G1 F3600
G1 X105.347 Y101.874 E2.00548
G1 X105.697 Y101.716 E2.02395
G1 X106.3 Y101.59 E2.05358
G1 X106.811 Y101.518 E2.0784
G1 X107.596 Y101.455 E2.11628
G1 X108.738 Y101.408 E2.17125
G1 X110.146 Y101.392 E2.23897
G1 X111.261 Y101.408 E2.2926
G1 X112.415 Y101.456 E2.34815
G1 X113.655 Y101.583 E2.4081
;WIDTH:0.491915
G1 X113.882 Y101.653 E2.42077
;WIDTH:0.533831
G1 X114.109 Y101.722 E2.43466
;WIDTH:0.575747
G1 X114.336 Y101.792 E2.44981
;WIDTH:0.578921
G1 X114.662 Y101.964 E2.47346
G1 X114.705 Y102.416 E2.5026
;WIDTH:0.592081
G1 X114.695 Y102.957 E2.53821
G1 X114.499 Y102.501 E2.57088
;WIDTH:0.578921
G1 X114.303 Y102.333 E2.58745
;WIDTH:0.585844
G1 X113.994 Y102.241 E2.60842
G1 X113.864 Y102.263 E2.617
;WIDTH:0.540562
G1 X113.734 Y102.285 E2.62483
;WIDTH:0.495281
G1 X113.604 Y102.306 E2.63191
;WIDTH:0.45
G1 X106.35 Y102.306 E2.9808
G1 X106.119 Y102.355 E2.99216
G1 X105.87 Y102.547 E3.00728
;WIDTH:0.489257
G1 X105.68 Y102.957 E3.03123
G1 X105.683 Y104.371 E3.10616
;WIDTH:0.483156
G1 X105.87 Y104.684 E3.1252
;WIDTH:0.45
G1 X106.011 Y104.814 E3.13442
G1 X106.35 Y104.924 E3.15156
G1 X107.646 Y104.924 E3.21389
G1 X107.878 Y104.903 E3.22509
;WIDTH:0.407634
G1 X108.11 Y104.882 E3.23506
;WIDTH:0.404053
G1 X107.951 Y104.945 E3.24231
;WIDTH:0.442838
G1 X107.792 Y105.008 E3.25038
;WIDTH:0.45
G1 X107.713 Y105.083 E3.25562
G1 X107.548 Y105.488 E3.27665
G1 X107.548 Y108.064 E3.40055
G1 X107.571 Y109.111 E3.45092
G1 X107.789 Y109.433 E3.46962
G1 X108.082 Y109.594 E3.4857
G1 X108.203 Y109.607 E3.49155
G1 X111.669 Y109.607 E3.65825
G1 X112.349 Y109.586 E3.69097
G1 X112.61 Y109.433 E3.70552
G1 X112.827 Y109.115 E3.72404
G1 X112.851 Y108.951 E3.73201
G1 X112.851 Y105.488 E3.89857
G1 X112.686 Y105.083 E3.9196
G1 X112.609 Y105.005 E3.92487
G1 X112.403 Y104.942 E3.93523
;WIDTH:0.403603
G1 X112.196 Y104.878 E3.9444
G1 X112.42 Y104.901 E3.95393
;WIDTH:0.45
G1 X112.644 Y104.924 E3.96476
G1 X113.973 Y104.924 E4.02868
G1 X114.381 Y104.756 E4.0499
;WIDTH:0.497091
G1 X114.482 Y104.636 E4.05837
;WIDTH:0.544183
G1 X114.582 Y104.516 E4.06772
;WIDTH:0.591274
G1 X114.683 Y104.395 E4.07808
G1 X114.704 Y104.533 E4.08725
;WIDTH:0.544183
G1 X114.726 Y104.671 E4.09561
;WIDTH:0.497091
G1 X114.747 Y104.808 E4.10309
;WIDTH:0.45
G1 X114.687 Y107.01 E4.20904
G1 X114.623 Y108.15 E4.26396
G1 X114.531 Y109.34 E4.32137
G1 X114.305 Y111.293 E4.41593
G1 X114.124 Y112.493 E4.4743
G1 X113.884 Y113.873 E4.54167
G1 X113.599 Y115.333 E4.61322
G1 X113.269 Y116.86 E4.68836
G1 X113.024 Y117.789 E4.73457
G1 X112.865 Y118.085 E4.75073
G1 X112.597 Y118.204 E4.76483
G1 X111.471 Y118.334 E4.81935
G1 X110.462 Y118.369 E4.86791
G1 X109.443 Y118.366 E4.91692
G1 X108.342 Y118.321 E4.96992
G1 X107.467 Y118.215 E5.01231
G1 X107.115 Y118.066 E5.03069
G1 X107.037 Y117.928 E5.03831
G1 X106.866 Y117.429 E5.06368
G1 X106.631 Y116.412 E5.11388
G1 X106.308 Y114.876 E5.18937
G1 X106.004 Y113.256 E5.26865
G1 X105.764 Y111.774 E5.34086
G1 X105.599 Y110.559 E5.39983
G1 X105.475 Y109.405 E5.45565
G1 X105.376 Y108.135 E5.51692
G1 X105.3 Y106.695 E5.58628
G1 X105.254 Y104.943 E5.67057
;WIDTH:0.483139
G1 X105.264 Y104.283 E5.70505
;WIDTH:0.489257
G1 X105.247 Y102.009 E5.82556
G1 X104.873 Y101.855 F7800
;TYPE:External perimeter
;WIDTH:0.45
G1 F1800
G1 X104.943 Y101.744 E5.83187
G1 X105.099 Y101.578 E5.84283
G1 X105.544 Y101.356 E5.86675
G1 X106.031 Y101.238 E5.89085
G1 X106.756 Y101.135 E5.92607
G1 X107.564 Y101.071 E5.96505
G1 X108.728 Y101.022 E6.02108
G1 X110.146 Y101.007 E6.08928
G1 X111.272 Y101.022 E6.14344
G1 X112.436 Y101.071 E6.19947
G1 X113.244 Y101.135 E6.23845
G1 X113.969 Y101.238 E6.27367
G1 X114.457 Y101.356 E6.29782
G1 X114.904 Y101.577 E6.3218
G1 X115.121 Y101.825 E6.33765
G1 X115.156 Y102.266 E6.35893
G1 X115.122 Y105.559 E6.51732
G1 X115.072 Y107.027 E6.58797
G1 X115.008 Y108.176 E6.64332
G1 X114.915 Y109.377 E6.70126
G1 X114.688 Y111.344 E6.79649
G1 X114.505 Y112.555 E6.8554
G1 X114.264 Y113.943 E6.92316
G1 X113.977 Y115.41 E6.99506
G1 X113.492 Y117.579 E7.10196
G1 X113.259 Y118.208 E7.13422
G1 X113.055 Y118.423 E7.14847
G1 X112.685 Y118.582 E7.16784
G1 X111.499 Y118.719 E7.22526
G1 X110.469 Y118.755 E7.27483
G1 X109.377 Y118.752 E7.32735
G1 X108.363 Y118.71 E7.37616
G1 X107.843 Y118.662 E7.40128
G1 X107.257 Y118.567 E7.42983
G1 X106.879 Y118.379 E7.45013
G1 X106.656 Y118.037 E7.46977
G1 X106.494 Y117.531 E7.49532
G1 X106.254 Y116.495 E7.54647
G1 X105.93 Y114.951 E7.62235
G1 X105.625 Y113.322 E7.70206
G1 X105.383 Y111.831 E7.77471
G1 X105.216 Y110.605 E7.83422
G1 X105.091 Y109.441 E7.89053
G1 X104.991 Y108.16 E7.95233
G1 X104.915 Y106.711 E8.02212
G1 X104.871 Y105.216 E8.09406
G1 X104.85 Y102.962 E8.20247
G1 X104.866 Y101.913 E8.25293
G1 X105.109 Y101.595 F7800
G1 E6.25293 F2400
G92 E0
G1 X106.652 Y109.724 F7800
G1 E2 F2400
;TYPE:Solid infill
G1 F1200
G1 X106.944 Y110.083 E2.02226
G1 X107.109 Y110.24 E2.03321
G1 X107.821 Y110.614 E2.07189
G1 X108.208 Y110.668 E2.09068
G1 X109.732 Y110.668 E2.16398
G1 X107.093 Y113.306 E2.34345
G1 X106.81 Y111.598 E2.42672
G1 X106.633 Y110.234 E2.49287
G1 X106.645 Y109.916 E2.50818
G1 X107.075 Y110.658 F7800
G1 F1200
G1 X107.784 Y111.008 E2.54621
G1 X108.208 Y111.053 E2.56672
G1 X108.801 Y111.053 E2.59524
G1 X107.348 Y112.506 E2.69407
G1 X107.1 Y110.849 E2.77465
G1 X107.499 Y111.263 E2.8023
;WIDTH:0.360392
G1 X107.71 Y111.34 E2.81059
G1 X107.995 Y111.377 E2.8212
G1 X107.578 Y111.794 E2.84297
G1 X107.527 Y111.454 E2.85566
G1 E.85566 F2400
G92 E0
G1 X107.179 Y113.765 F7800
G1 E2 F2400
;WIDTH:0.45
G1 F1200
G1 X110.277 Y110.668 E2.21069
G1 X110.822 Y110.668 E2.2369
G1 X107.265 Y114.225 E2.47884
G1 X107.352 Y114.683 E2.50126
G1 X111.368 Y110.668 E2.77439
G1 X111.913 Y110.668 E2.8006
G1 X107.446 Y115.134 E3.10441
G1 X107.541 Y115.585 E3.12658
G1 X112.498 Y110.628 E3.46375
G1 X113.512 Y110.007 F7800
;WIDTH:0.404381
G1 F1200
G1 X113.441 Y109.988 E3.46687
G1 X113.46 Y110.059 E3.46999
G1 X113.501 Y110.048 E3.47179
;WIDTH:0.45
G1 X113.35 Y110.321 E3.4868
G1 X107.635 Y116.036 E3.87553
G1 X107.738 Y116.479 E3.89741
G1 X113.279 Y110.938 E4.2743
G1 X113.191 Y111.571 E4.30504
G1 X107.844 Y116.918 E4.66874
G1 X107.849 Y117.356 E4.68981
;WIDTH:0.404381
G1 X107.808 Y117.367 E4.69161
G1 X107.789 Y117.296 E4.69473
G1 X107.86 Y117.315 E4.69785
;WIDTH:0.45
G1 X108.077 Y117.23 E4.70906
G1 X113.094 Y112.213 E5.05031
G1 X112.982 Y112.87 E5.08237
G1 X108.581 Y117.272 E5.38175
G1 X109.104 Y117.293 E5.40692
G1 X112.868 Y113.53 E5.66291
G1 X112.739 Y114.204 E5.69592
G1 X109.637 Y117.307 E5.90695
G1 X110.181 Y117.308 E5.93311
G1 X112.607 Y114.882 E6.09812
G1 X112.463 Y115.571 E6.13197
G1 X110.735 Y117.298 E6.24947
G1 X112.141 Y116.462 F7800
;WIDTH:0.483512
G1 F1200
G1 X111.343 Y117.26 E6.30847
G1 X112.08 Y117.179 E6.34723
G1 X112.278 Y116.325 E6.39306
M106 S211.65
;LAYER_CHANGE
;Z:9.875
;HEIGHT:0.225
G1 E4.39306 F2400
G92 E0
G1 Z9.875 F7800
G1 X112.753 Y121.11
G1 E2 F2400
;TYPE:Support material
;WIDTH:0.35
;HEIGHT:0.2625
G1 F3600
G1 X107.247 Y121.11 E2.17646
G1 X107.247 Y119.3 E2.23447
G1 X108.338 Y119.431 E2.26969
G1 X110 Y119.48 E2.32298
G1 X111.66 Y119.431 E2.37621
G1 X112.753 Y119.3 E2.41149
G1 X112.753 Y121.066 E2.46809
G1 E.46809 F2400
G92 E0
G1 X111.824 Y108.596 F7800
G1 E2 F2400
G1 F3600
G1 X108.575 Y108.596 E2.10413
G1 X108.575 Y106.7 E2.1649
G1 X111.824 Y106.7 E2.26903
G1 X111.824 Y108.552 E2.32839
G1 X111.693 Y107.214 F7800
G1 F3600
G1 X108.706 Y107.214 E2.42412
G1 E.42412 F2400
G92 E0
G1 X107.182 Y103.914 F7800
G1 E2 F2400
G1 F3600
G1 X106.769 Y103.914 E2.01324
G1 X106.769 Y103.317 E2.03237
G1 X107.182 Y103.317 E2.04561
G1 X107.182 Y103.87 E2.06333
G1 E.06333 F2400
G92 E0
G1 X113.554 Y103.914 F7800
G1 E2 F2400
G1 F3600
G1 X112.818 Y103.914 E2.02359
G1 X112.818 Y103.317 E2.04272
G1 X113.554 Y103.317 E2.06631
G1 X113.554 Y103.87 E2.08403
;LAYER_CHANGE
;Z:9.95
;HEIGHT:0.0749998
G1 E.08403 F2400
G92 E0
G1 Z9.95 F7800
G1 X112.585 Y105.86
G1 E2 F2400
;TYPE:Perimeter
;WIDTH:0.45
;HEIGHT:0.3
G1 F900
G1 X112.596 Y105.865 E2.00058
G1 X112.806 Y106.167 E2.01827
G1 X112.835 Y106.994 E2.05807
G1 X112.835 Y108.95 E2.15215
G1 X112.812 Y109.113 E2.16007
G1 X112.596 Y109.431 E2.17856
G1 X112.317 Y109.591 E2.19403
G1 X111.583 Y109.607 E2.22934
G1 X108.218 Y109.607 E2.39118
G1 X107.979 Y109.555 E2.40294
G1 X107.727 Y109.353 E2.41847
G1 X107.576 Y109.068 E2.43398
G1 X107.573 Y106.243 E2.56985
G1 X107.803 Y105.865 E2.59113
G1 X108.135 Y105.689 E2.6092
G1 X108.359 Y105.689 E2.61997
;TYPE:Overhang perimeter
;WIDTH:0.4
;HEIGHT:0.4
M106 S255
G1 X112.04 Y105.689 E2.81228
M106 S211.65
;TYPE:Perimeter
;WIDTH:0.45
;HEIGHT:0.3
G1 X112.181 Y105.689 E2.81906
G1 X112.53 Y105.837 E2.83729
G1 X112.328 Y106.144 F7800
;TYPE:External perimeter
G1 F900
G1 X112.44 Y106.286 E2.84599
G1 X112.449 Y108.95 E2.97412
G1 X112.395 Y109.085 E2.98111
G1 X112.226 Y109.216 E2.99139
G1 X111.583 Y109.221 E3.02232
G1 X108.218 Y109.221 E3.18416
G1 X108.08 Y109.163 E3.19136
G1 X107.954 Y108.99 E3.20165
G1 X107.95 Y106.346 E3.32882
G1 X108.004 Y106.211 E3.33581
G1 X108.189 Y106.075 E3.34685
G1 X108.359 Y106.075 E3.35503
;TYPE:Overhang perimeter
;WIDTH:0.4
;HEIGHT:0.4
M106 S255
G1 X112.04 Y106.075 E3.54734
M106 S211.65
;TYPE:External perimeter
;WIDTH:0.45
;HEIGHT:0.3
G1 X112.181 Y106.075 E3.55412
G1 X112.277 Y106.115 E3.55912
G1 X112.432 Y106.484 F7800
G1 E1.55912 F2400
G92 E0
G1 X106.197 Y102.823 F7800
G1 E2 F2400
G1 F900
G1 X106.243 Y102.748 E2.00423
G1 X106.38 Y102.692 E2.01135
G1 X113.944 Y102.692 E2.37515
G1 X114.08 Y102.748 E2.38222
G1 X114.209 Y102.957 E2.39403
G1 X114.209 Y104.276 E2.45747
G1 X114.152 Y104.41 E2.46447
G1 X113.944 Y104.539 E2.47624
G1 X106.38 Y104.539 E2.84004
G1 X106.28 Y104.511 E2.84503
G1 X106.115 Y104.304 E2.85776
G1 X106.115 Y102.957 E2.92255
G1 X106.166 Y102.874 E2.92724
G1 X106.526 Y102.701 F7800
G1 E.92724 F2400
G92 E0
G1 X114.639 Y102.957 F7800
G1 E2 F2400
;TYPE:Perimeter
;WIDTH:0.538751
G1 F900
G1 X114.638 Y104.174 E2.07201
;WIDTH:0.544601
G1 X114.631 Y104.389 E2.08489
G1 E.08489 F2400
G92 E0
G1 X105.723 Y102.16 F7800
G1 E2 F2400
;WIDTH:0.478157
G1 F900
G1 X105.86 Y102.092 E2.00789
;WIDTH:0.44143
G1 X105.997 Y102.025 E2.01506
;WIDTH:0.405149
G1 X106.38 Y101.943 E2.03171
;WIDTH:0.44319
G1 X106.641 Y101.924 E2.04407
;WIDTH:0.481231
G1 X106.902 Y101.905 E2.05768
;WIDTH:0.512349
G1 X107.28 Y101.89 E2.07882
;WIDTH:0.543467
G1 X107.658 Y101.874 E2.10143
;WIDTH:0.591367
G1 X108.773 Y101.85 E2.17473
;WIDTH:0.607301
G1 X111.226 Y101.85 E2.34084
;WIDTH:0.591413
G1 X112.342 Y101.874 E2.41422
;WIDTH:0.543463
G1 X112.72 Y101.89 E2.43683
;WIDTH:0.512349
G1 X113.098 Y101.905 E2.45797
;WIDTH:0.481235
G1 X113.337 Y101.923 E2.47043
;WIDTH:0.446425
G1 X113.576 Y101.94 E2.48185
G1 E.48185 F2400
G92 E0
G1 X106.901 Y105.774 F7800
G1 E2 F2400
;WIDTH:0.606557
G1 F900
G1 X106.737 Y106.093 E2.02426
G1 X106.726 Y106.737 E2.06782
;WIDTH:0.584231
G1 X106.742 Y108.111 E2.15691
;WIDTH:0.550917
G1 X106.758 Y108.95 E2.20783
;WIDTH:0.532828
G1 X106.804 Y109.329 E2.23014
G1 X107.026 Y109.649 E2.2529
;WIDTH:0.491414
G1 X107.249 Y109.968 E2.27363
;WIDTH:0.45
G1 X107.66 Y110.257 E2.2978
G1 X107.995 Y110.36 E2.31466
G1 X108.218 Y110.378 E2.32542
G1 X111.583 Y110.378 E2.48726
G1 X112.5 Y110.34 E2.5314
G1 X113.15 Y109.968 E2.56742
G1 X113.226 Y109.89 E2.57266
;WIDTH:0.488277
G1 X113.326 Y109.755 E2.58154
;WIDTH:0.526554
G1 X113.425 Y109.62 E2.59119
;WIDTH:0.564831
G1 X113.525 Y109.486 E2.60163
;WIDTH:0.603109
G1 X113.625 Y109.351 E2.61292
G1 X113.624 Y109.532 E2.62508
;WIDTH:0.564831
G1 X113.623 Y109.714 E2.63644
;WIDTH:0.526554
G1 X113.623 Y109.895 E2.64687
;WIDTH:0.488277
G1 X113.622 Y110.076 E2.65644
;WIDTH:0.45
G1 X113.493 Y111.23 E2.71229
G1 X113.32 Y112.411 E2.7697
G1 X113.089 Y113.774 E2.83619
G1 X112.47 Y116.818 E2.98559
G1 X112.293 Y117.524 E3.0206
G1 X111.55 Y117.607 E3.05656
G1 X110.594 Y117.646 E3.10258
G1 X108.547 Y117.612 E3.20105
G1 X107.713 Y117.525 E3.24138
G1 X107.637 Y117.281 E3.25367
G1 X107.389 Y116.185 E3.30772
G1 X107.071 Y114.626 E3.38425
G1 X106.794 Y113.106 E3.45856
G1 X106.579 Y111.745 E3.52483
G1 X106.389 Y110.255 E3.59707
;WIDTH:0.485039
G1 X106.346 Y109.611 E3.63093
;WIDTH:0.520078
G1 X106.303 Y108.967 E3.66761
;WIDTH:0.550917
G1 X106.256 Y108.122 E3.71897
;WIDTH:0.584231
G1 X106.202 Y106.626 E3.81603
;WIDTH:0.606557
G1 X106.191 Y105.721 E3.87723
G1 X106.38 Y105.774 E3.8905
G1 X106.841 Y105.774 E3.92167
G1 X108.051 Y105.314 F7800
;WIDTH:0.458139
G1 F900
G1 X108.218 Y105.307 E3.92988
;WIDTH:0.443579
G1 X112.181 Y105.307 E4.11731
G1 X113.387 Y105.688 F7800
;WIDTH:0.43481
G1 F900
G1 X113.899 Y105.688 E4.14097
G1 X113.902 Y106.351 E4.1716
;WIDTH:0.390004
G1 X113.887 Y106.998 E4.19788
;WIDTH:0.379926
G1 X113.858 Y107.753 E4.22762
;WIDTH:0.406861
G1 X113.831 Y107.819 E4.23067
;WIDTH:0.452819
G1 X113.805 Y107.884 E4.23406
;WIDTH:0.498777
G1 X113.779 Y107.949 E4.23785
;WIDTH:0.544735
G1 X113.752 Y108.015 E4.24212
;WIDTH:0.590693
G1 X113.726 Y108.08 E4.24672
;WIDTH:0.636651
G1 X113.699 Y108.146 E4.25181
G1 X113.676 Y108.079 E4.25687
;WIDTH:0.590693
G1 X113.653 Y108.012 E4.26152
;WIDTH:0.544735
G1 X113.63 Y107.946 E4.26571
;WIDTH:0.498777
G1 X113.608 Y107.879 E4.26953
;WIDTH:0.452819
G1 X113.585 Y107.812 E4.27296
;WIDTH:0.406861
G1 X113.562 Y107.746 E4.27595
;WIDTH:0.379926
G1 X113.571 Y106.994 E4.30555
;WIDTH:0.390004
G1 X113.576 Y106.346 E4.33187
;WIDTH:0.43481
G1 X113.533 Y105.93 E4.35119
G1 X113.418 Y105.739 E4.36149
G1 E2.36149 F2400
G92 E0
G1 X113.699 Y108.146 F7800
G1 E2 F2400
;WIDTH:0.636651
G1 F900
G1 X113.685 Y108.548 E2.02871
;WIDTH:0.607096
G1 X113.67 Y108.95 E2.05594
;WIDTH:0.603109
G1 X113.625 Y109.351 E2.08305
G1 E.08305 F2400
G92 E0
G1 X108.009 Y105.314 F7800
G1 E2 F2400
;WIDTH:0.458139
G1 F3600
G1 X108.051 Y105.314 E2.00206
G1 X107.526 Y105.597 E2.03135
;WIDTH:0.45
G1 X107.45 Y105.675 E2.03659
G1 X107.194 Y106.175 E2.06361
G1 X107.178 Y106.346 E2.07187
G1 X107.178 Y108.111 E2.15676
G1 X107.199 Y109.147 E2.2066
G1 X107.45 Y109.622 E2.23244
G1 X107.819 Y109.906 E2.25484
G1 X108.218 Y109.993 E2.27448
G1 X111.583 Y109.993 E2.43632
G1 X112.408 Y109.965 E2.47602
G1 X112.873 Y109.7 E2.50176
G1 X113.182 Y109.221 E2.52918
G1 X113.22 Y108.95 E2.54234
G1 X113.22 Y106.346 E2.66758
G1 X113.173 Y106.047 E2.68214
G1 X112.873 Y105.596 E2.70819
G1 X112.181 Y105.307 E2.74426
G1 X113.944 Y105.31 E2.82905
G1 X114.283 Y105.17 E2.84669
G1 X114.237 Y107.014 E2.93541
G1 X114.179 Y108.151 E2.99017
G1 X114.092 Y109.333 E3.04717
G1 X113.876 Y111.279 E3.14134
G1 X113.701 Y112.472 E3.19933
G1 X113.468 Y113.844 E3.26626
G1 X112.927 Y116.545 E3.39875
G1 X112.754 Y117.308 E3.43638
G1 X112.585 Y117.839 E3.46318
G1 X112.216 Y117.932 E3.48148
G1 X111.576 Y117.992 E3.5124
G1 X110.602 Y118.032 E3.55929
G1 X109.547 Y118.035 E3.61003
G1 X108.554 Y118 E3.65782
G1 X107.811 Y117.934 E3.6937
G1 X107.419 Y117.832 E3.71318
G1 X107.264 Y117.382 E3.73607
G1 X107.012 Y116.266 E3.7911
G1 X106.692 Y114.699 E3.86802
G1 X106.414 Y113.171 E3.94272
G1 X106.197 Y111.8 E4.00948
G1 X106.032 Y110.547 E4.07027
G1 X105.908 Y109.337 E4.12877
G1 X105.821 Y108.152 E4.18592
G1 X105.753 Y106.763 E4.25281
G1 X105.714 Y105.04 E4.3357
G1 X105.882 Y105.172 E4.34598
G1 X106.38 Y105.31 E4.37083
G1 X107.404 Y105.31 E4.42008
;WIDTH:0.458139
G1 X107.949 Y105.313 E4.44685
G1 E2.44685 F2400
G92 E0
G1 X105.355 Y101.956 F7800
G1 E2 F2400
;WIDTH:0.45
G1 F3600
G1 X105.433 Y101.865 E2.00576
G1 X105.777 Y101.705 E2.02401
G1 X106.327 Y101.584 E2.0511
G1 X106.869 Y101.505 E2.07744
G1 X107.639 Y101.442 E2.1146
G1 X108.761 Y101.394 E2.16861
G1 X110.091 Y101.378 E2.23258
G1 X111.239 Y101.394 E2.2878
G1 X112.37 Y101.442 E2.34225
G1 X113.156 Y101.508 E2.38019
;WIDTH:0.486317
G1 X113.495 Y101.577 E2.3984
;WIDTH:0.522635
G1 X113.833 Y101.646 E2.41812
;WIDTH:0.568105
G1 X114.389 Y101.834 E2.45499
;WIDTH:0.569398
G1 X114.578 Y101.953 E2.46906
G1 X114.624 Y102.439 E2.49981
G1 X114.639 Y102.957 E2.53245
G1 X114.466 Y102.505 E2.56293
G1 X114.24 Y102.32 E2.58133
;WIDTH:0.580701
G1 X113.989 Y102.243 E2.59824
G1 X113.852 Y102.264 E2.60717
;WIDTH:0.537134
G1 X113.714 Y102.285 E2.6154
;WIDTH:0.493567
G1 X113.576 Y102.306 E2.62287
;WIDTH:0.45
G1 X106.38 Y102.306 E2.96897
G1 X106.145 Y102.356 E2.98053
G1 X105.899 Y102.547 E2.99551
;WIDTH:0.462563
G1 X105.723 Y102.957 E3.01767
G1 X105.724 Y104.367 E3.0877
;WIDTH:0.459398
G1 X105.899 Y104.684 E3.10554
;WIDTH:0.45
G1 X106.081 Y104.841 E3.1171
G1 X106.38 Y104.924 E3.13202
G1 X113.944 Y104.924 E3.49582
G1 X114.352 Y104.756 E3.51704
;WIDTH:0.4973
G1 X114.491 Y104.573 E3.52945
;WIDTH:0.544601
G1 X114.631 Y104.389 E3.5433
G1 X114.652 Y104.589 E3.55534
;WIDTH:0.4973
G1 X114.673 Y104.789 E3.5662
;WIDTH:0.45
G1 X114.622 Y107.03 E3.67401
G1 X114.564 Y108.175 E3.72915
G1 X114.476 Y109.368 E3.78669
G1 X114.258 Y111.328 E3.88154
G1 X114.082 Y112.532 E3.94006
G1 X113.847 Y113.915 E4.00753
G1 X113.417 Y116.064 E4.11294
G1 X113.223 Y116.988 E4.15835
G1 X113.069 Y117.614 E4.18936
G1 X112.903 Y118.058 E4.21216
G1 X112.767 Y118.186 E4.22114
G1 X112.271 Y118.314 E4.24578
G1 X111.602 Y118.377 E4.2781
G1 X110.611 Y118.417 E4.3258
G1 X109.599 Y118.42 E4.37447
G1 X108.479 Y118.38 E4.42837
G1 X107.475 Y118.265 E4.47697
G1 X107.145 Y118.127 E4.49417
G1 X107.058 Y117.977 E4.50251
G1 X106.891 Y117.482 E4.52764
G1 X106.635 Y116.347 E4.5836
G1 X106.314 Y114.772 E4.66091
G1 X106.034 Y113.236 E4.736
G1 X105.816 Y111.856 E4.8032
G1 X105.649 Y110.592 E4.86452
G1 X105.524 Y109.371 E4.92355
G1 X105.436 Y108.176 E4.98118
G1 X105.368 Y106.777 E5.04855
G1 X105.328 Y104.923 E5.13774
;WIDTH:0.459393
G1 X105.329 Y104.279 E5.16947
;WIDTH:0.462563
G1 X105.332 Y102.007 E5.28231
G1 X104.957 Y101.856 F7800
;TYPE:External perimeter
;WIDTH:0.45
G1 F1800
G1 X105.029 Y101.74 E5.28888
G1 X105.182 Y101.573 E5.29977
G1 X105.562 Y101.373 E5.32042
G1 X106.1 Y101.227 E5.34723
G1 X106.812 Y101.123 E5.38184
G1 X107.607 Y101.057 E5.42021
G1 X108.75 Y101.008 E5.47523
G1 X110.091 Y100.992 E5.53973
G1 X111.25 Y101.008 E5.59548
G1 X112.394 Y101.057 E5.65055
G1 X113.188 Y101.123 E5.68887
G1 X113.864 Y101.222 E5.72173
G1 X114.38 Y101.347 E5.74727
G1 X114.779 Y101.54 E5.76859
G1 X115.034 Y101.822 E5.78688
G1 X115.07 Y102.256 E5.80783
G1 X115.047 Y105.77 E5.97684
G1 X115.007 Y107.046 E6.03824
G1 X114.949 Y108.199 E6.09377
G1 X114.86 Y109.404 E6.15188
G1 X114.641 Y111.378 E6.24741
G1 X114.463 Y112.592 E6.30642
G1 X114.226 Y113.985 E6.37438
G1 X113.796 Y116.139 E6.48002
G1 X113.599 Y117.073 E6.52593
G1 X113.44 Y117.718 E6.55788
G1 X113.266 Y118.209 E6.58293
G1 X113.078 Y118.443 E6.59737
G1 X112.821 Y118.581 E6.6114
G1 X112.325 Y118.696 E6.63589
G1 X111.628 Y118.762 E6.66956
G1 X110.619 Y118.803 E6.71813
G1 X109.534 Y118.806 E6.77031
G1 X108.507 Y118.77 E6.81974
G1 X107.868 Y118.713 E6.8506
G1 X107.272 Y118.618 E6.87963
G1 X106.912 Y118.443 E6.89888
G1 X106.676 Y118.082 E6.91962
G1 X106.519 Y117.582 E6.94483
G1 X106.258 Y116.428 E7.00174
G1 X105.935 Y114.846 E7.0794
G1 X105.654 Y113.301 E7.15493
G1 X105.434 Y111.911 E7.22262
G1 X105.266 Y110.637 E7.28443
G1 X105.14 Y109.405 E7.34399
G1 X105.051 Y108.199 E7.40215
G1 X104.983 Y106.792 E7.4699
G1 X104.944 Y105.28 E7.54265
G1 X104.933 Y102.96 E7.65424
G1 X104.951 Y101.915 E7.70451
G1 X105.188 Y101.592 F7800
G1 E5.70451 F2400
G92 E0
G1 X107.876 Y116.993 F7800
G1 E2 F2400
;TYPE:Solid infill
G1 F1200
G1 X108.171 Y117.288 E2.02007
G1 X107.841 Y117.329 E2.03606
;WIDTH:0.404381
G1 X107.822 Y117.401 E2.03922
G1 X107.893 Y117.381 E2.04235
G1 X107.882 Y117.34 E2.04415
G1 X108.76 Y117.332 F7800
;WIDTH:0.45
G1 F1200
G1 X107.708 Y116.28 E2.11571
G1 X107.563 Y115.589 E2.14967
G1 X109.325 Y117.352 E2.26955
G1 X109.878 Y117.359 E2.29615
G1 X107.423 Y114.904 E2.46314
G1 X107.292 Y114.228 E2.49626
G1 X110.422 Y117.357 E2.70912
G1 X110.951 Y117.342 E2.73457
G1 X107.171 Y113.562 E2.99168
G1 X107.054 Y112.899 E3.02406
G1 X111.475 Y117.321 E3.3248
G1 X112.205 Y117.369 E3.35999
;WIDTH:0.404381
G1 X112.216 Y117.41 E3.36179
G1 X112.145 Y117.429 E3.36491
G1 X112.164 Y117.358 E3.36803
;WIDTH:0.45
G1 X111.976 Y117.276 E3.37789
G1 X106.952 Y112.252 E3.71962
G1 X106.852 Y111.607 E3.75101
G1 X112.148 Y116.903 E4.11124
G1 X112.253 Y116.463 E4.133
G1 X106.769 Y110.979 E4.50601
G1 X106.69 Y110.354 E4.53631
G1 X112.347 Y116.011 E4.92109
G1 X112.438 Y115.556 E4.94341
G1 X107.146 Y110.265 E5.30333
G1 X106.799 Y109.868 E5.32869
;WIDTH:0.584873
G1 X106.816 Y109.931 E5.33293
G1 X106.77 Y109.977 E5.33715
G1 X106.707 Y109.96 E5.34139
G1 X106.69 Y109.897 E5.34563
G1 X106.736 Y109.851 E5.34985
G1 X107.8 Y110.47 F7800
;WIDTH:0.404381
G1 F1200
G1 X107.781 Y110.541 E5.35297
G1 X107.852 Y110.522 E5.35609
G1 X107.841 Y110.481 E5.35789
;WIDTH:0.45
G1 X108.083 Y110.657 E5.37228
G1 X112.528 Y115.102 E5.67462
G1 X112.619 Y114.647 E5.69694
G1 X108.64 Y110.668 E5.96759
G1 X109.185 Y110.668 E5.9938
G1 X112.71 Y114.193 E6.23357
G1 X112.801 Y113.738 E6.25589
G1 X109.73 Y110.668 E6.46474
G1 X110.276 Y110.668 E6.491
G1 X112.88 Y113.272 E6.66812
G1 X112.96 Y112.806 E6.69086
G1 X110.821 Y110.668 E6.83632
G1 X112.175 Y110.668 E6.90144
G1 X112.61 Y110.601 E6.92261
G1 X113.317 Y110.197 E6.96177
G1 X113.206 Y111.193 E7.00997
G1 X113.038 Y112.339 E7.06568
G1 X111.503 Y110.804 E7.17009
G1 X112.261 Y111.035 F7800
;WIDTH:0.425353
G1 F1200
G1 X112.582 Y110.996 E7.18465
G1 X112.865 Y110.886 E7.19832
G1 X112.777 Y111.55 E7.22848
G1 X112.398 Y111.171 E7.25261
;LAYER_CHANGE
;Z:10.1375
;HEIGHT:0.1875
G1 E5.25261 F2400
G92 E0
G1 Z10.138 F7800
G1 X112.753 Y121.11
G1 E2 F2400
;TYPE:Support material
;WIDTH:0.35
;HEIGHT:0.2625
G1 F3600
G1 X107.247 Y121.11 E2.17646
G1 X107.247 Y119.338 E2.23325
G1 X108.346 Y119.472 E2.26873
G1 X110 Y119.521 E2.32176
G1 X111.654 Y119.472 E2.37479
G1 X112.753 Y119.338 E2.41027
G1 X112.753 Y121.066 E2.46565
G1 E.46565 F2400
G92 E0
G1 X111.824 Y108.596 F7800
G1 E2 F2400
G1 F3600
G1 X108.575 Y108.596 E2.10413
G1 X108.575 Y106.7 E2.1649
G1 X111.824 Y106.7 E2.26903
G1 X111.824 Y108.552 E2.32839
G1 X111.693 Y107.214 F7800
G1 F3600
G1 X108.706 Y107.214 E2.42412
G1 E.42412 F2400
G92 E0
G1 X107.182 Y103.914 F7800
G1 E2 F2400
G1 F3600
G1 X106.798 Y103.914 E2.01231
G1 X106.798 Y103.317 E2.03144
G1 X107.182 Y103.317 E2.04375
G1 X107.182 Y103.87 E2.06147
G1 E.06147 F2400
G92 E0
G1 X113.525 Y103.742 F7800
G1 E2 F2400
G1 F3600
G1 X113.525 Y103.914 E2.00551
G1 X112.818 Y103.914 E2.02817
G1 X112.818 Y103.317 E2.0473
G1 X113.525 Y103.317 E2.06996
G1 X113.525 Y103.698 E2.08217
;LAYER_CHANGE
;Z:10.25
;HEIGHT:0.1125
G1 E.08217 F2400
G92 E0
G1 Z10.25 F7800
G1 X112.585 Y105.86
G1 E2 F2400
;TYPE:Perimeter
;WIDTH:0.45
;HEIGHT:0.3
G1 F900
G1 X112.596 Y105.865 E2.00058
G1 X112.802 Y106.153 E2.01761
G1 X112.835 Y106.736 E2.0457
G1 X112.835 Y108.951 E2.15223
G1 X112.812 Y109.111 E2.16
G1 X112.596 Y109.431 E2.17857
G1 X112.299 Y109.595 E2.19489
G1 X108.218 Y109.607 E2.39117
G1 X107.845 Y109.471 E2.41027
G1 X107.727 Y109.353 E2.4183
G1 X107.579 Y109.082 E2.43315
G1 X107.564 Y106.346 E2.56474
G1 X107.575 Y106.231 E2.5703
G1 X107.803 Y105.865 E2.59104
G1 X108.135 Y105.689 E2.60911
G1 X112.181 Y105.689 E2.80371
G1 X112.53 Y105.837 E2.82194
G1 X112.328 Y106.144 F7800
;TYPE:External perimeter
G1 F900
G1 X112.438 Y106.281 E2.83039
G1 X112.449 Y108.951 E2.95881
G1 X112.395 Y109.085 E2.96576
G1 X112.22 Y109.217 E2.9763
G1 X108.218 Y109.221 E3.16878
G1 X108.08 Y109.163 E3.17598
G1 X107.955 Y108.994 E3.18609
G1 X107.95 Y106.346 E3.31345
G1 X108.004 Y106.211 E3.32044
G1 X108.189 Y106.075 E3.33148
G1 X112.181 Y106.075 E3.52348
G1 X112.277 Y106.115 E3.52848
G1 X112.431 Y106.485 F7800
G1 E1.52848 F2400
G92 E0
G1 X106.226 Y102.823 F7800
G1 E2 F2400
G1 F900
G1 X106.273 Y102.748 E2.00426
G1 X106.409 Y102.692 E2.01133
G1 X113.914 Y102.692 E2.37229
G1 X114.05 Y102.748 E2.37936
G1 X114.179 Y102.957 E2.39117
G1 X114.179 Y104.275 E2.45456
G1 X114.123 Y104.41 E2.46159
G1 X113.914 Y104.539 E2.4734
G1 X106.409 Y104.539 E2.83436
G1 X106.273 Y104.482 E2.84145
G1 X106.144 Y104.303 E2.85206
G1 X106.144 Y102.957 E2.9168
G1 X106.195 Y102.874 E2.92149
G1 X106.555 Y102.701 F7800
G1 E.92149 F2400
G92 E0
G1 X114.585 Y102.955 F7800
G1 E2 F2400
;TYPE:Perimeter
;WIDTH:0.493225
G1 F900
G1 X114.587 Y104.183 E2.06568
;WIDTH:0.501695
G1 X114.581 Y104.382 E2.07654
G1 E.07654 F2400
G92 E0
G1 X105.792 Y102.142 F7800
G1 E2 F2400
;WIDTH:0.453129
G1 F900
G1 X105.984 Y102.061 E2.0101
;WIDTH:0.421849
G1 X106.176 Y101.98 E2.01939
;WIDTH:0.424776
G1 X106.437 Y101.953 E2.03118
;WIDTH:0.458983
G1 X106.698 Y101.926 E2.04409
;WIDTH:0.493191
G1 X106.959 Y101.899 E2.05812
;WIDTH:0.524631
G1 X107.329 Y101.883 E2.07938
;WIDTH:0.556071
G1 X107.7 Y101.868 E2.10215
;WIDTH:0.604587
G1 X108.796 Y101.843 E2.17601
;WIDTH:0.620807
G1 X111.205 Y101.843 E2.3432
;WIDTH:0.604593
G1 X112.162 Y101.864 E2.4077
;WIDTH:0.564443
G1 X112.604 Y101.881 E2.43529
;WIDTH:0.528561
G1 X113.046 Y101.899 E2.4609
;WIDTH:0.492679
G1 X113.296 Y101.917 E2.47429
;WIDTH:0.456541
G1 X113.546 Y101.936 E2.48655
G1 E.48655 F2400
G92 E0
G1 X106.918 Y105.759 F7800
G1 E2 F2400
;WIDTH:0.57779
G1 F900
G1 X106.757 Y106.067 E2.02225
G1 X106.741 Y106.815 E2.07016
;WIDTH:0.552549
G1 X106.756 Y108.139 E2.15078
;WIDTH:0.523028
G1 X106.77 Y108.95 E2.19718
;WIDTH:0.508249
G1 X106.814 Y109.32 E2.21781
G1 X106.994 Y109.605 E2.23647
;WIDTH:0.479124
G1 X107.173 Y109.89 E2.25388
;WIDTH:0.45
G1 X107.348 Y110.061 E2.26565
G1 X108.01 Y110.362 E2.30063
G1 X108.218 Y110.378 E2.31066
G1 X111.504 Y110.378 E2.46871
G1 X112.456 Y110.35 E2.51452
G1 X113.15 Y109.968 E2.55262
G1 X113.225 Y109.89 E2.55782
;WIDTH:0.484715
G1 X113.351 Y109.706 E2.56951
;WIDTH:0.51943
G1 X113.477 Y109.522 E2.58217
;WIDTH:0.554145
G1 X113.603 Y109.338 E2.59579
G1 X113.595 Y109.578 E2.61046
;WIDTH:0.51943
G1 X113.587 Y109.817 E2.62403
;WIDTH:0.484715
G1 X113.579 Y110.056 E2.63657
;WIDTH:0.45
G1 X113.449 Y111.265 E2.69505
G1 X113.28 Y112.449 E2.75257
G1 X113.053 Y113.817 E2.81927
G1 X112.443 Y116.878 E2.96939
G1 X112.271 Y117.572 E3.00378
G1 X111.541 Y117.653 E3.03911
G1 X110.591 Y117.692 E3.08484
G1 X109.257 Y117.684 E3.149
G1 X108.555 Y117.658 E3.18279
G1 X107.734 Y117.57 E3.2225
G1 X107.637 Y117.237 E3.23918
G1 X107.391 Y116.112 E3.29457
G1 X107.073 Y114.511 E3.37308
G1 X106.821 Y113.079 E3.44301
G1 X106.613 Y111.722 E3.50904
G1 X106.443 Y110.394 E3.57343
;WIDTH:0.494842
G1 X106.34 Y108.965 E3.65035
;WIDTH:0.523028
G1 X106.298 Y108.149 E3.69709
;WIDTH:0.552549
G1 X106.247 Y106.642 E3.7889
;WIDTH:0.57779
G1 X106.242 Y105.72 E3.84794
G1 X106.409 Y105.759 E3.85892
G1 X106.858 Y105.759 E3.88767
G1 X108.051 Y105.314 F7800
;WIDTH:0.458139
G1 F900
G1 X108.218 Y105.307 E3.89588
;WIDTH:0.443577
G1 X112.181 Y105.307 E4.08331
G1 X113.367 Y105.674 F7800
;WIDTH:0.407385
G1 F900
G1 X113.846 Y105.674 E4.1038
G1 X113.854 Y106.34 E4.13229
;WIDTH:0.406309
G1 X113.828 Y106.406 E4.13532
;WIDTH:0.453479
G1 X113.803 Y106.472 E4.13875
;WIDTH:0.500648
G1 X113.778 Y106.538 E4.14259
;WIDTH:0.547818
G1 X113.753 Y106.604 E4.14685
;WIDTH:0.594987
G1 X113.727 Y106.67 E4.15154
;WIDTH:0.642157
G1 X113.702 Y106.736 E4.15663
G1 X113.679 Y106.671 E4.1616
;WIDTH:0.59601
G1 X113.656 Y106.606 E4.16617
;WIDTH:0.549863
G1 X113.633 Y106.541 E4.17035
;WIDTH:0.503717
G1 X113.61 Y106.476 E4.17413
;WIDTH:0.45757
G1 X113.587 Y106.411 E4.17751
;WIDTH:0.411423
G1 X113.564 Y106.346 E4.18049
;WIDTH:0.407385
G1 X113.509 Y105.903 E4.19959
G1 X113.399 Y105.725 E4.20854
G1 X113.702 Y106.736 F7800
;WIDTH:0.642157
G1 F900
G1 X113.699 Y107.018 E4.22886
;WIDTH:0.635039
G1 X113.686 Y107.583 E4.26908
;WIDTH:0.608861
G1 X113.672 Y108.149 E4.30753
;WIDTH:0.582683
G1 X113.659 Y108.55 E4.33347
;WIDTH:0.554847
G1 X113.645 Y108.951 E4.35802
;WIDTH:0.554145
G1 X113.603 Y109.338 E4.3818
G1 E2.3818 F2400
G92 E0
G1 X108.051 Y105.314 F7800
G1 E2 F2400
;WIDTH:0.458139
G1 F3600
G1 X107.526 Y105.596 E2.02927
;WIDTH:0.45
G1 X107.45 Y105.675 E2.03454
G1 X107.197 Y106.155 E2.06064
G1 X107.178 Y106.346 E2.06987
G1 X107.178 Y108.139 E2.15611
G1 X107.203 Y109.169 E2.20566
G1 X107.45 Y109.622 E2.23048
G1 X107.597 Y109.766 E2.24038
G1 X108.07 Y109.981 E2.26537
G1 X108.218 Y109.993 E2.27251
G1 X111.504 Y109.993 E2.43056
G1 X112.378 Y109.972 E2.47261
G1 X112.873 Y109.7 E2.49978
G1 X113.183 Y109.217 E2.52738
G1 X113.22 Y108.951 E2.5403
G1 X113.22 Y106.346 E2.66559
G1 X113.165 Y106.024 E2.6813
G1 X112.873 Y105.596 E2.70622
G1 X112.181 Y105.307 E2.74229
G1 X113.914 Y105.31 E2.82564
G1 X114.216 Y105.193 E2.84122
G1 X114.176 Y107.035 E2.92983
G1 X114.124 Y108.175 E2.98472
G1 X114.041 Y109.36 E3.04185
G1 X113.832 Y111.313 E3.13632
G1 X113.661 Y112.508 E3.19438
G1 X113.432 Y113.885 E3.26152
G1 X112.901 Y116.592 E3.3942
G1 X112.73 Y117.357 E3.4319
G1 X112.563 Y117.889 E3.45872
G1 X112.203 Y117.978 E3.47656
G1 X111.567 Y118.038 E3.50729
G1 X110.599 Y118.078 E3.55389
G1 X109.549 Y118.08 E3.60439
G1 X108.562 Y118.046 E3.65189
G1 X108.048 Y118 E3.67671
G1 X107.477 Y117.91 E3.70451
G1 X107.407 Y117.817 E3.71011
G1 X107.263 Y117.332 E3.73444
G1 X107.014 Y116.191 E3.79061
G1 X106.694 Y114.582 E3.86951
G1 X106.444 Y113.168 E3.93857
G1 X106.233 Y111.791 E4.00557
G1 X106.078 Y110.578 E4.06439
G1 X105.959 Y109.365 E4.12301
G1 X105.876 Y108.176 E4.18034
G1 X105.817 Y106.838 E4.24476
G1 X105.783 Y105.068 E4.32991
G1 X105.976 Y105.207 E4.34135
G1 X106.409 Y105.31 E4.36276
G1 X107.405 Y105.31 E4.41066
;WIDTH:0.458139
G1 X107.991 Y105.314 E4.43944
G1 E2.43944 F2400
G92 E0
G1 X105.436 Y101.953 F7800
G1 E2 F2400
;WIDTH:0.45
G1 F3600
G1 X105.515 Y101.858 E2.00594
G1 X105.854 Y101.695 E2.02403
G1 X106.354 Y101.579 E2.04872
G1 X106.924 Y101.493 E2.07645
G1 X107.68 Y101.429 E2.11294
G1 X108.782 Y101.381 E2.16599
G1 X110.044 Y101.364 E2.22669
G1 X111.218 Y101.381 E2.28316
G1 X112.198 Y101.422 E2.33034
G1 X113.104 Y101.497 E2.37406
;WIDTH:0.478097
G1 X113.692 Y101.598 E2.40485
;WIDTH:0.520641
G1 X114.015 Y101.715 E2.4244
;WIDTH:0.563186
G1 X114.337 Y101.833 E2.44574
G1 X114.493 Y101.941 E2.45754
G1 X114.547 Y102.358 E2.4837
;WIDTH:0.563257
G1 X114.566 Y102.657 E2.50234
;WIDTH:0.526668
G1 X114.585 Y102.955 E2.51956
G1 X114.51 Y102.731 E2.53318
;WIDTH:0.563257
G1 X114.435 Y102.507 E2.54788
G1 X114.294 Y102.376 E2.55986
;WIDTH:0.578003
G1 X113.994 Y102.247 E2.58078
G1 X113.845 Y102.267 E2.59041
;WIDTH:0.535335
G1 X113.695 Y102.287 E2.5993
;WIDTH:0.492667
G1 X113.546 Y102.306 E2.60732
;WIDTH:0.45
G1 X106.409 Y102.306 E2.95058
G1 X106.17 Y102.358 E2.96234
G1 X105.948 Y102.527 E2.97576
G1 X105.764 Y102.957 E2.99826
;WIDTH:0.438108
G1 X105.764 Y104.362 E3.06375
;WIDTH:0.45
G1 X105.928 Y104.684 E3.08113
G1 X106.149 Y104.863 E3.09481
G1 X106.409 Y104.924 E3.10765
G1 X113.914 Y104.924 E3.46861
G1 X114.323 Y104.756 E3.48988
;WIDTH:0.475847
G1 X114.452 Y104.569 E3.50154
;WIDTH:0.501695
G1 X114.581 Y104.382 E3.51393
G1 X114.593 Y104.577 E3.52459
;WIDTH:0.475847
G1 X114.604 Y104.771 E3.53456
;WIDTH:0.45
G1 X114.562 Y107.049 E3.64414
G1 X114.509 Y108.197 E3.69941
G1 X114.425 Y109.394 E3.75712
G1 X114.215 Y111.36 E3.85222
G1 X114.042 Y112.567 E3.91087
G1 X113.812 Y113.954 E3.97849
G1 X113.278 Y116.676 E4.1119
G1 X113.102 Y117.46 E4.15055
G1 X112.904 Y118.073 E4.18153
G1 X112.749 Y118.232 E4.19221
G1 X112.258 Y118.36 E4.21661
G1 X111.594 Y118.422 E4.24869
G1 X110.608 Y118.463 E4.29615
G1 X109.543 Y118.466 E4.34737
G1 X108.538 Y118.431 E4.39574
G1 X108.014 Y118.384 E4.42104
G1 X107.467 Y118.302 E4.44764
G1 X107.208 Y118.209 E4.46088
G1 X107.038 Y117.941 E4.47614
G1 X106.889 Y117.427 E4.50188
G1 X106.636 Y116.27 E4.55884
G1 X106.315 Y114.653 E4.63813
G1 X106.064 Y113.231 E4.70758
G1 X105.851 Y111.845 E4.77502
G1 X105.695 Y110.622 E4.83432
G1 X105.575 Y109.397 E4.89352
G1 X105.491 Y108.198 E4.95133
G1 X105.431 Y106.851 E5.01618
G1 X105.391 Y104.274 E5.14014
;WIDTH:0.438108
G1 X105.39 Y102.957 E5.20153
;WIDTH:0.45
G1 X105.412 Y102.005 E5.24733
G1 X105.038 Y101.855 F7800
;TYPE:External perimeter
G1 F1800
G1 X105.11 Y101.737 E5.25398
G1 X105.34 Y101.498 E5.26993
G1 X105.758 Y101.322 E5.29174
G1 X106.297 Y101.197 E5.31835
G1 X106.892 Y101.109 E5.34728
G1 X107.663 Y101.044 E5.38449
G1 X108.771 Y100.995 E5.43783
G1 X110.044 Y100.979 E5.49906
G1 X111.229 Y100.995 E5.55606
G1 X112.229 Y101.038 E5.6042
G1 X113.16 Y101.115 E5.64913
G1 X113.785 Y101.209 E5.67953
G1 X114.29 Y101.337 E5.70459
G1 X114.715 Y101.546 E5.72737
G1 X114.952 Y101.816 E5.74465
G1 X114.989 Y102.247 E5.76546
G1 X114.985 Y105.584 E5.92596
G1 X114.947 Y107.063 E5.99712
G1 X114.894 Y108.219 E6.05278
G1 X114.81 Y109.428 E6.11107
G1 X114.597 Y111.408 E6.20685
G1 X114.423 Y112.626 E6.26603
G1 X114.191 Y114.023 E6.33414
G1 X113.765 Y116.199 E6.44078
G1 X113.572 Y117.128 E6.48642
G1 X113.416 Y117.769 E6.51815
G1 X113.246 Y118.256 E6.54296
G1 X113.06 Y118.49 E6.55734
G1 X112.806 Y118.627 E6.57122
G1 X112.313 Y118.742 E6.59557
G1 X111.62 Y118.807 E6.62905
G1 X110.616 Y118.849 E6.67738
G1 X109.536 Y118.852 E6.72932
G1 X108.515 Y118.816 E6.77846
G1 X107.98 Y118.768 E6.80429
G1 X107.388 Y118.679 E6.83308
G1 X107.091 Y118.582 E6.84811
G1 X106.888 Y118.432 E6.86025
G1 X106.677 Y118.081 E6.87995
G1 X106.515 Y117.522 E6.90794
G1 X106.259 Y116.349 E6.96569
G1 X105.936 Y114.724 E7.04538
G1 X105.683 Y113.294 E7.11523
G1 X105.469 Y111.898 E7.18316
G1 X105.312 Y110.665 E7.24294
G1 X105.19 Y109.429 E7.30268
G1 X105.106 Y108.22 E7.36097
G1 X105.046 Y106.863 E7.4263
G1 X105.012 Y105.336 E7.49976
G1 X105.011 Y102.957 E7.61418
G1 X105.032 Y101.914 E7.66435
G1 X105.263 Y101.588 F7800
G1 E5.66435 F2400
G92 E0
G1 X106.711 Y109.76 F7800
G1 E2 F2400
;TYPE:Solid infill
G1 F1200
G1 X106.949 Y110.07 E2.0188
G1 X107.199 Y110.303 E2.03524
G1 X107.925 Y110.633 E2.0736
G1 X108.222 Y110.668 E2.08798
G1 X109.827 Y110.668 E2.16517
G1 X107.159 Y113.335 E2.34661
G1 X106.901 Y111.697 E2.42636
G1 X106.749 Y110.507 E2.48406
G1 X106.721 Y109.952 E2.51079
G1 X107.164 Y110.71 F7800
G1 F1200
G1 X107.872 Y111.021 E2.54798
G1 X108.222 Y111.053 E2.56488
G1 X108.896 Y111.053 E2.5973
G1 X107.419 Y112.53 E2.69776
G1 X107.188 Y110.902 E2.77685
G1 X107.58 Y111.275 E2.80288
;WIDTH:0.361704
G1 X107.793 Y111.353 E2.81129
G1 X108.08 Y111.386 E2.822
G1 X107.654 Y111.812 E2.84434
G1 X107.607 Y111.466 E2.85729
G1 E.85729 F2400
G92 E0
G1 X107.241 Y113.799 F7800
G1 E2 F2400
;WIDTH:0.45
G1 F1200
G1 X110.373 Y110.668 E2.213
G1 X110.918 Y110.668 E2.23921
G1 X107.323 Y114.262 E2.4837
G1 X107.41 Y114.721 E2.50617
G1 X111.463 Y110.668 E2.78185
G1 X112.009 Y110.668 E2.80811
G1 X107.5 Y115.176 E3.11477
G1 X107.591 Y115.631 E3.13709
G1 X112.667 Y110.554 E3.48239
G1 X113.323 Y110.199 E3.51827
;WIDTH:0.437221
G1 X113.245 Y110.178 E3.52203
G1 X113.266 Y110.256 E3.52579
G1 X113.311 Y110.244 E3.52796
;WIDTH:0.45
G1 X113.237 Y110.53 E3.54217
G1 X107.681 Y116.086 E3.92008
G1 X107.779 Y116.533 E3.94209
G1 X113.172 Y111.14 E4.30892
G1 X113.085 Y111.773 E4.33965
G1 X107.877 Y116.98 E4.69386
G1 X107.889 Y117.468 E4.71734
;WIDTH:0.404381
G1 X107.848 Y117.479 E4.71914
G1 X107.829 Y117.408 E4.72226
G1 X107.9 Y117.427 E4.72538
;WIDTH:0.45
G1 X108.078 Y117.325 E4.73525
G1 X112.994 Y112.409 E5.06963
G1 X112.885 Y113.063 E5.10152
G1 X108.579 Y117.37 E5.39444
G1 X109.104 Y117.389 E5.41971
G1 X112.776 Y113.717 E5.66947
G1 X112.645 Y114.394 E5.70264
G1 X109.634 Y117.405 E5.90744
G1 X110.18 Y117.404 E5.9337
G1 X112.512 Y115.072 E6.09232
G1 X112.379 Y115.751 E6.1256
G1 X110.733 Y117.397 E6.23756
G1 X112.09 Y116.601 F7800
;WIDTH:0.472616
G1 F1200
G1 X111.33 Y117.361 E6.29229
G1 X112.03 Y117.305 E6.32805
G1 X112.226 Y116.465 E6.37197
;LAYER_CHANGE
;Z:10.4
;HEIGHT:0.15
G1 E4.37197 F2400
G92 E0
G1 Z10.4 F7800
G1 X112.753 Y121.11
G1 E2 F2400
;TYPE:Support material
;WIDTH:0.35
;HEIGHT:0.2625
G1 F3600
G1 X107.247 Y121.11 E2.17646
G1 X107.247 Y119.373 E2.23213
G1 X108.353 Y119.51 E2.26785
G1 X110 Y119.559 E2.32066
G1 X111.647 Y119.51 E2.37347
G1 X112.753 Y119.373 E2.40919
G1 X112.753 Y121.066 E2.46345
G1 E.46345 F2400
G92 E0
G1 X111.824 Y108.596 F7800
G1 E2 F2400
G1 F3600
G1 X108.575 Y108.596 E2.10413
G1 X108.575 Y106.7 E2.1649
G1 X111.824 Y106.7 E2.26903
G1 X111.824 Y108.552 E2.32839
G1 X111.693 Y107.214 F7800
G1 F3600
G1 X108.706 Y107.214 E2.42412
G1 E.42412 F2400
G92 E0
G1 X107.182 Y103.914 F7800
G1 E2 F2400
G1 F3600
G1 X106.827 Y103.914 E2.01138
G1 X106.827 Y103.317 E2.03051
G1 X107.182 Y103.317 E2.04189
G1 X107.182 Y103.87 E2.05961
G1 E.05961 F2400
G92 E0
G1 X113.496 Y103.764 F7800
G1 E2 F2400
G1 F3600
G1 X113.496 Y103.914 E2.00481
G1 X112.818 Y103.914 E2.02654
G1 X112.818 Y103.317 E2.04567
G1 X113.496 Y103.317 E2.0674
G1 X113.496 Y103.72 E2.08032
;LAYER_CHANGE
;Z:10.55
;HEIGHT:0.150001
G1 E.08032 F2400
G92 E0
G1 Z10.55 F7800
G1 X112.585 Y105.86
G1 E2 F2400
;TYPE:Perimeter
;WIDTH:0.45
;HEIGHT:0.3
G1 F900
G1 X112.596 Y105.865 E2.00058
G1 X112.797 Y106.14 E2.01696
G1 X112.835 Y106.346 E2.02704
G1 X112.835 Y108.95 E2.15228
G1 X112.814 Y109.105 E2.1598
G1 X112.596 Y109.431 E2.17866
G1 X112.346 Y109.583 E2.19273
G1 X111.659 Y109.607 E2.22579
G1 X108.218 Y109.607 E2.39129
G1 X107.916 Y109.522 E2.40638
G1 X107.727 Y109.353 E2.41857
G1 X107.581 Y109.09 E2.43304
G1 X107.564 Y106.346 E2.56502
G1 X107.578 Y106.22 E2.57112
G1 X107.803 Y105.865 E2.59133
G1 X108.135 Y105.689 E2.6094
G1 X112.181 Y105.689 E2.804
G1 X112.53 Y105.837 E2.82223
G1 X112.328 Y106.144 F7800
;TYPE:External perimeter
G1 F900
G1 X112.437 Y106.277 E2.8305
G1 X112.449 Y106.82 E2.85662
G1 X112.449 Y108.95 E2.95907
G1 X112.395 Y109.085 E2.96606
G1 X112.236 Y109.213 E2.97588
G1 X108.218 Y109.221 E3.16913
G1 X108.08 Y109.163 E3.17633
G1 X107.955 Y108.997 E3.18632
G1 X107.95 Y106.346 E3.31382
G1 X108.004 Y106.211 E3.32081
G1 X108.189 Y106.075 E3.33185
G1 X112.181 Y106.075 E3.52385
G1 X112.277 Y106.115 E3.52885
G1 X112.433 Y106.484 F7800
G1 E1.52885 F2400
G92 E0
G1 X106.243 Y102.814 F7800
G1 E2 F2400
G1 F900
G1 X106.25 Y102.8 E2.00075
G1 X106.389 Y102.698 E2.00904
G1 X113.885 Y102.692 E2.36957
G1 X114.021 Y102.748 E2.37664
G1 X114.15 Y102.957 E2.38845
G1 X114.15 Y104.274 E2.45179
G1 X114.093 Y104.41 E2.45888
G1 X113.916 Y104.536 E2.46933
G1 X106.438 Y104.539 E2.829
G1 X106.302 Y104.482 E2.83609
G1 X106.173 Y104.303 E2.8467
G1 X106.173 Y102.957 E2.91144
G1 X106.217 Y102.868 E2.91622
G1 X106.583 Y102.706 F7800
G1 E.91622 F2400
G92 E0
G1 X114.534 Y102.953 F7800
G1 E2 F2400
;TYPE:Perimeter
;WIDTH:0.452525
G1 F900
G1 X114.537 Y103.901 E2.04589
;WIDTH:0.461235
G1 X114.533 Y104.375 E2.06935
G1 E.06935 F2400
G92 E0
G1 X105.858 Y102.126 F7800
G1 E2 F2400
;WIDTH:0.431847
G1 F900
G1 X106.2 Y101.982 E2.01701
;WIDTH:0.428369
G1 X106.471 Y101.952 E2.02939
;WIDTH:0.466403
G1 X106.742 Y101.923 E2.04306
;WIDTH:0.504437
G1 X107.013 Y101.894 E2.05802
;WIDTH:0.536176
G1 X107.376 Y101.878 E2.0794
;WIDTH:0.567915
G1 X107.74 Y101.862 E2.10228
;WIDTH:0.616991
G1 X108.817 Y101.837 E2.17653
;WIDTH:0.633473
G1 X111.185 Y101.837 E2.34461
;WIDTH:0.616975
G1 X112.094 Y101.857 E2.40728
;WIDTH:0.578239
G1 X112.476 Y101.872 E2.43178
;WIDTH:0.548444
G1 X112.857 Y101.886 E2.4548
;WIDTH:0.518649
G1 X113.194 Y101.91 E2.47394
;WIDTH:0.471339
G1 X113.532 Y101.934 E2.49114
G1 E.49114 F2400
G92 E0
G1 X106.935 Y105.746 F7800
G1 E2 F2400
;WIDTH:0.550887
G1 F900
G1 X106.776 Y106.042 E2.02039
G1 X106.754 Y106.346 E2.03888
;WIDTH:0.528049
G1 X106.756 Y106.884 E2.06999
;WIDTH:0.523092
G1 X106.772 Y108.333 E2.1529
;WIDTH:0.492129
G1 X106.818 Y109.28 E2.20348
;WIDTH:0.480388
G1 X106.895 Y109.481 E2.21465
;WIDTH:0.461131
G1 X107.173 Y109.89 E2.23912
;WIDTH:0.45
G1 X107.514 Y110.18 E2.26065
G1 X108.218 Y110.378 E2.29582
G1 X112.181 Y110.378 E2.48643
G1 X112.565 Y110.322 E2.50509
G1 X113.225 Y109.89 E2.54303
;WIDTH:0.475523
G1 X113.403 Y109.604 E2.5603
;WIDTH:0.501047
G1 X113.582 Y109.318 E2.57868
G1 X113.56 Y109.676 E2.59821
;WIDTH:0.475523
G1 X113.537 Y110.034 E2.61661
;WIDTH:0.45
G1 X113.438 Y111.055 E2.66595
G1 X113.278 Y112.249 E2.72389
G1 X113.096 Y113.412 E2.78051
G1 X112.865 Y114.715 E2.84416
G1 X112.571 Y116.213 E2.91758
G1 X112.258 Y117.599 E2.98592
G1 X111.589 Y117.689 E3.01839
G1 X110.693 Y117.73 E3.06153
G1 X109.659 Y117.737 E3.11126
G1 X108.689 Y117.706 E3.15794
G1 X107.754 Y117.612 E3.20314
G1 X107.69 Y117.406 E3.21352
G1 X107.496 Y116.535 E3.25644
G1 X107.196 Y115.043 E3.32964
G1 X106.91 Y113.446 E3.40767
G1 X106.688 Y112.009 E3.4776
G1 X106.473 Y110.215 E3.5645
;WIDTH:0.461131
G1 X106.416 Y109.596 E3.59526
;WIDTH:0.470478
G1 X106.377 Y108.965 E3.62728
;WIDTH:0.492129
G1 X106.344 Y108.345 E3.6604
;WIDTH:0.523092
G1 X106.298 Y106.891 E3.74363
;WIDTH:0.528049
G1 X106.29 Y106.35 E3.77492
;WIDTH:0.550887
G1 X106.29 Y105.716 E3.81339
G1 X106.875 Y105.743 E3.84893
G1 E1.84893 F2400
G92 E0
G1 X113.349 Y105.661 F7800
G1 E2 F2400
;WIDTH:0.382036
G1 F900
G1 X113.796 Y105.661 E2.01771
G1 X113.793 Y105.823 E2.02413
;WIDTH:0.424333
G1 X113.77 Y105.928 E2.02896
;WIDTH:0.466631
G1 X113.747 Y106.032 E2.0343
;WIDTH:0.508929
G1 X113.724 Y106.137 E2.04026
;WIDTH:0.551227
G1 X113.701 Y106.241 E2.04673
;WIDTH:0.593525
G1 X113.678 Y106.346 E2.05382
G1 X113.639 Y106.252 E2.06054
;WIDTH:0.551227
G1 X113.601 Y106.158 E2.0667
;WIDTH:0.508929
G1 X113.563 Y106.064 E2.07232
;WIDTH:0.466631
G1 X113.524 Y105.971 E2.07738
;WIDTH:0.424333
G1 X113.486 Y105.877 E2.08193
;WIDTH:0.382036
G1 X113.381 Y105.712 E2.08968
G1 X113.678 Y106.346 F7800
;WIDTH:0.593525
G1 F900
G1 X113.674 Y106.82 E2.12096
;WIDTH:0.584999
G1 X113.652 Y107.942 E2.19383
;WIDTH:0.541973
G1 X113.637 Y108.446 E2.22387
;WIDTH:0.511414
G1 X113.622 Y108.95 E2.25198
;WIDTH:0.501047
G1 X113.582 Y109.318 E2.27214
G1 E.27214 F2400
G92 E0
G1 X108.051 Y105.314 F7800
G1 E2 F2400
;WIDTH:0.458139
G1 F900
G1 X108.218 Y105.307 E2.00821
;WIDTH:0.443579
G1 X112.181 Y105.307 E2.19564
G1 E.19564 F2400
G92 E0
G1 X108.051 Y105.314 F7800
G1 E2 F2400
;WIDTH:0.458139
G1 F3600
G1 X107.526 Y105.596 E2.02927
;WIDTH:0.45
G1 X107.45 Y105.675 E2.03454
G1 X107.201 Y106.136 E2.05974
G1 X107.178 Y106.346 E2.0699
G1 X107.178 Y108.95 E2.19514
G1 X107.255 Y109.328 E2.21369
G1 X107.45 Y109.621 E2.23062
G1 X107.715 Y109.851 E2.2475
G1 X108.218 Y109.993 E2.27264
G1 X112.181 Y109.993 E2.46325
G1 X112.455 Y109.953 E2.47657
G1 X112.873 Y109.7 E2.50007
G1 X113.185 Y109.208 E2.52809
G1 X113.22 Y108.95 E2.54061
G1 X113.22 Y106.346 E2.66585
G1 X113.157 Y106.002 E2.68267
G1 X112.873 Y105.596 E2.7065
G1 X112.181 Y105.307 E2.74257
G1 X114.041 Y105.297 E2.83203
G1 X114.152 Y105.24 E2.83803
G1 X114.127 Y106.833 E2.91466
G1 X114.083 Y107.963 E2.96905
G1 X114.012 Y109.144 E3.02595
G1 X113.821 Y111.099 E3.12043
G1 X113.659 Y112.305 E3.17896
G1 X113.245 Y114.786 E3.29994
G1 X112.734 Y117.292 E3.42295
G1 X112.551 Y117.909 E3.4539
G1 X112.502 Y117.954 E3.4571
G1 X111.665 Y118.071 E3.49775
G1 X110.742 Y118.115 E3.54219
G1 X109.7 Y118.123 E3.59231
G1 X108.7 Y118.094 E3.64043
G1 X107.898 Y118.03 E3.67913
G1 X107.455 Y117.919 E3.7011
G1 X107.317 Y117.505 E3.72209
G1 X106.817 Y115.115 E3.83953
G1 X106.53 Y113.51 E3.91795
G1 X106.306 Y112.064 E3.98833
G1 X106.149 Y110.851 E4.04716
G1 X106.027 Y109.633 E4.10603
G1 X105.938 Y108.368 E4.16702
G1 X105.876 Y106.904 E4.2375
G1 X105.848 Y105.09 E4.32476
G1 X106.065 Y105.235 E4.33731
G1 X106.438 Y105.31 E4.35561
G1 X107.405 Y105.31 E4.40212
;WIDTH:0.458139
G1 X107.991 Y105.314 E4.4309
G1 E2.4309 F2400
G92 E0
G1 X105.511 Y101.949 F7800
G1 E2 F2400
;WIDTH:0.45
G1 F3600
G1 X105.561 Y101.879 E2.00414
G1 X105.895 Y101.694 E2.0225
G1 X106.382 Y101.574 E2.04662
G1 X106.977 Y101.482 E2.07558
G1 X107.719 Y101.418 E2.1114
G1 X108.803 Y101.368 E2.16359
G1 X110.005 Y101.352 E2.22141
G1 X111.198 Y101.368 E2.27879
G1 X112.13 Y101.408 E2.32366
G1 X112.915 Y101.471 E2.36154
G1 X113.62 Y101.572 E2.39579
;WIDTH:0.493583
G1 X113.837 Y101.66 E2.40833
;WIDTH:0.537167
G1 X114.055 Y101.749 E2.42222
;WIDTH:0.580751
G1 X114.272 Y101.838 E2.43733
G1 X114.438 Y101.981 E2.45144
G1 X114.486 Y102.569 E2.48944
;WIDTH:0.535891
G1 X114.51 Y102.761 E2.50082
;WIDTH:0.491031
G1 X114.534 Y102.953 E2.51112
G1 X114.493 Y102.802 E2.51945
;WIDTH:0.535891
G1 X114.452 Y102.651 E2.52865
;WIDTH:0.580751
G1 X114.412 Y102.501 E2.53865
G1 X114.25 Y102.354 E2.55274
G1 X113.933 Y102.243 E2.57437
G1 X113.8 Y102.264 E2.58304
;WIDTH:0.537167
G1 X113.666 Y102.285 E2.59104
;WIDTH:0.493583
G1 X113.532 Y102.306 E2.5983
;WIDTH:0.45
G1 X106.438 Y102.306 E2.9395
G1 X106.196 Y102.359 E2.95142
G1 X105.978 Y102.526 E2.96463
G1 X105.804 Y102.957 E2.98699
;WIDTH:0.418216
G1 X105.803 Y104.358 E3.04882
;WIDTH:0.45
G1 X105.958 Y104.684 E3.06618
G1 X106.214 Y104.879 E3.08166
G1 X106.438 Y104.924 E3.09265
G1 X113.978 Y104.917 E3.4553
G1 X114.293 Y104.756 E3.47231
;WIDTH:0.461235
G1 X114.533 Y104.375 E3.4946
G1 X114.538 Y104.857 E3.51846
;WIDTH:0.45
G1 X114.512 Y106.844 E3.61404
G1 X114.468 Y107.982 E3.66881
G1 X114.396 Y109.175 E3.72629
G1 X114.204 Y111.144 E3.82144
G1 X114.041 Y112.36 E3.88045
G1 X113.624 Y114.857 E4.00221
G1 X113.108 Y117.387 E4.1264
G1 X112.882 Y118.122 E4.16338
G1 X112.733 Y118.275 E4.17365
G1 X112.366 Y118.362 E4.19179
G1 X111.626 Y118.459 E4.22769
G1 X110.699 Y118.501 E4.27232
G1 X109.637 Y118.507 E4.3234
G1 X108.628 Y118.475 E4.37195
G1 X107.512 Y118.352 E4.42595
G1 X107.174 Y118.208 E4.44362
G1 X107.099 Y118.072 E4.45109
G1 X106.944 Y117.604 E4.4748
G1 X106.439 Y115.187 E4.59356
G1 X106.15 Y113.573 E4.67242
G1 X105.924 Y112.118 E4.74324
G1 X105.766 Y110.895 E4.80255
G1 X105.643 Y109.666 E4.86196
G1 X105.553 Y108.39 E4.92348
G1 X105.49 Y106.916 E4.99444
G1 X105.45 Y104.273 E5.12157
;WIDTH:0.418216
G1 X105.453 Y102.954 E5.17978
;WIDTH:0.45
G1 X105.488 Y102.002 E5.2256
G1 X105.115 Y101.855 F7800
;TYPE:External perimeter
G1 F1800
G1 X105.185 Y101.736 E5.23224
G1 X105.334 Y101.564 E5.24318
G1 X105.704 Y101.357 E5.26357
G1 X106.227 Y101.207 E5.28974
G1 X106.917 Y101.1 E5.32332
G1 X107.685 Y101.033 E5.3604
G1 X108.791 Y100.983 E5.41365
G1 X110.005 Y100.966 E5.47204
G1 X111.209 Y100.983 E5.52995
G1 X112.145 Y101.023 E5.57501
G1 X112.944 Y101.085 E5.61355
G1 X113.675 Y101.188 E5.64906
G1 X114.173 Y101.309 E5.67371
G1 X114.62 Y101.525 E5.69759
G1 X114.876 Y101.815 E5.7162
G1 X114.913 Y102.213 E5.73542
G1 X114.924 Y103.901 E5.81661
G1 X114.924 Y105.4 E5.88871
G1 X114.898 Y106.855 E5.9587
G1 X114.854 Y108.001 E6.01386
G1 X114.781 Y109.205 E6.07187
G1 X114.587 Y111.188 E6.1677
G1 X114.423 Y112.416 E6.22729
G1 X114.003 Y114.927 E6.34974
G1 X113.481 Y117.483 E6.47521
G1 X113.227 Y118.3 E6.51636
G1 X113.043 Y118.532 E6.5306
G1 X112.709 Y118.703 E6.54865
G1 X111.737 Y118.84 E6.59586
G1 X110.764 Y118.887 E6.64271
G1 X109.692 Y118.895 E6.69427
G1 X108.658 Y118.864 E6.74402
G1 X107.799 Y118.796 E6.78546
G1 X107.301 Y118.706 E6.8098
G1 X106.931 Y118.517 E6.82978
G1 X106.761 Y118.257 E6.84472
G1 X106.571 Y117.704 E6.87284
G1 X106.364 Y116.774 E6.91866
G1 X106.06 Y115.259 E6.99298
G1 X105.769 Y113.637 E7.07224
G1 X105.542 Y112.172 E7.14354
G1 X105.383 Y110.939 E7.20333
G1 X105.258 Y109.699 E7.26327
G1 X105.168 Y108.411 E7.32537
G1 X105.105 Y106.928 E7.39676
G1 X105.076 Y105.387 E7.47089
G1 X105.084 Y102.953 E7.58796
G1 X105.108 Y101.913 E7.63799
G1 X105.338 Y101.585 F7800
G1 E5.63799 F2400
G92 E0
G1 X107.919 Y117.082 F7800
G1 E2 F2400
;TYPE:Solid infill
G1 F1200
G1 X108.211 Y117.374 E2.01986
G1 X107.881 Y117.415 E2.03585
;WIDTH:0.404381
G1 X107.862 Y117.486 E2.03897
G1 X107.933 Y117.467 E2.04209
G1 X107.922 Y117.426 E2.04389
G1 X108.804 Y117.422 F7800
;WIDTH:0.45
G1 F1200
G1 X107.759 Y116.377 E2.11497
G1 X107.622 Y115.695 E2.14843
G1 X109.366 Y117.439 E2.26705
G1 X109.92 Y117.447 E2.2937
G1 X107.485 Y115.012 E2.45933
G1 X107.366 Y114.347 E2.49182
G1 X110.461 Y117.443 E2.70237
G1 X110.991 Y117.428 E2.72787
G1 X107.247 Y113.683 E2.98257
G1 X107.138 Y113.03 E3.01441
G1 X111.512 Y117.403 E3.31189
G1 X111.997 Y117.343 E3.33539
G1 X107.039 Y112.384 E3.67266
G1 X106.945 Y111.746 E3.70368
G1 X112.117 Y116.918 E4.05547
G1 X112.217 Y116.472 E4.07745
G1 X106.864 Y111.119 E4.44155
G1 X106.795 Y110.505 E4.47127
G1 X112.314 Y116.023 E4.84663
G1 X112.403 Y115.568 E4.86893
G1 X106.741 Y109.905 E5.25409
G1 X106.843 Y109.598 E5.26965
;WIDTH:0.404381
G1 X106.824 Y109.669 E5.27277
G1 X106.772 Y109.617 E5.27589
G1 X106.614 Y109.682 E5.28314
G1 X106.625 Y109.723 E5.28494
G1 X106.554 Y109.742 E5.28806
G1 X106.573 Y109.671 E5.29118
G1 X107.722 Y110.421 F7800
G1 F1200
G1 X107.703 Y110.492 E5.2943
G1 X107.775 Y110.473 E5.29746
G1 X107.764 Y110.432 E5.29926
;WIDTH:0.45
G1 X108.006 Y110.625 E5.31415
G1 X112.493 Y115.112 E5.61935
G1 X112.582 Y114.656 E5.6417
G1 X108.593 Y110.666 E5.91306
G1 X109.138 Y110.667 E5.93927
G1 X112.664 Y114.192 E6.17907
G1 X112.746 Y113.729 E6.20169
G1 X109.684 Y110.667 E6.40996
G1 X110.229 Y110.667 E6.43617
G1 X112.826 Y113.264 E6.61281
G1 X112.9 Y112.792 E6.63579
G1 X110.775 Y110.667 E6.78033
G1 X112.174 Y110.668 E6.84762
G1 X112.687 Y110.579 E6.87266
G1 X113.226 Y110.253 E6.90296
G1 X113.122 Y111.233 E6.95036
G1 X112.974 Y112.321 E7.00317
G1 X111.457 Y110.804 E7.10635
G1 X112.208 Y111.034 F7800
;WIDTH:0.415929
G1 F1200
G1 X112.789 Y110.934 E7.1322
G1 X112.71 Y111.536 E7.15882
G1 X112.344 Y111.17 E7.18152
M106 S204
;LAYER_CHANGE
;Z:10.6625
;HEIGHT:0.1125
G1 E5.18152 F2400
G92 E0
G1 Z10.663 F7800
G1 X112.753 Y121.11
G1 E2 F2400
;TYPE:Support material
;WIDTH:0.35
;HEIGHT:0.2625
G1 F3600
G1 X107.247 Y121.11 E2.17646
G1 X107.247 Y119.405 E2.2311
G1 X108.36 Y119.544 E2.26705
G1 X110 Y119.591 E2.31963
G1 X112.022 Y119.514 E2.38448
G1 X112.753 Y119.405 E2.40817
G1 X112.753 Y121.066 E2.4614
G1 E.4614 F2400
G92 E0
G1 X111.824 Y108.596 F7800
G1 E2 F2400
G1 F3600
G1 X108.575 Y108.596 E2.10413
G1 X108.575 Y106.7 E2.1649
G1 X111.824 Y106.7 E2.26903
G1 X111.824 Y108.552 E2.32839
G1 X111.693 Y107.214 F7800
G1 F3600
G1 X108.706 Y107.214 E2.42412
G1 E.42412 F2400
G92 E0
G1 X107.182 Y103.914 F7800
G1 E2 F2400
G1 F3600
G1 X106.857 Y103.914 E2.01042
G1 X106.857 Y103.317 E2.02955
G1 X107.182 Y103.317 E2.03997
G1 X107.182 Y103.87 E2.05769
G1 E.05769 F2400
G92 E0
G1 X113.467 Y103.787 F7800
G1 E2 F2400
G1 F3600
G1 X113.467 Y103.914 E2.00407
G1 X112.818 Y103.914 E2.02487
G1 X112.818 Y103.317 E2.044
G1 X113.467 Y103.317 E2.0648
G1 X113.467 Y103.743 E2.07845
;LAYER_CHANGE
;Z:10.85
;HEIGHT:0.1875
G1 E.07845 F2400
G92 E0
G1 Z10.85 F7800
G1 X112.585 Y105.86
G1 E2 F2400
;TYPE:Perimeter
;WIDTH:0.45
;HEIGHT:0.3
G1 F900
G1 X112.596 Y105.865 E2.00058
G1 X112.792 Y106.127 E2.01632
G1 X112.835 Y106.346 E2.02705
G1 X112.835 Y108.95 E2.15229
G1 X112.817 Y109.091 E2.15913
G1 X112.672 Y109.353 E2.17353
G1 X112.4 Y109.564 E2.19009
G1 X112.181 Y109.607 E2.20082
G1 X108.218 Y109.607 E2.39143
G1 X107.803 Y109.431 E2.41311
G1 X107.585 Y109.106 E2.43193
G1 X107.564 Y108.156 E2.47763
G1 X107.564 Y106.346 E2.56468
G1 X107.58 Y106.209 E2.57131
G1 X107.803 Y105.865 E2.59103
G1 X108.135 Y105.689 E2.6091
G1 X112.181 Y105.689 E2.8037
G1 X112.53 Y105.837 E2.82193
G1 X112.327 Y106.146 F7800
;TYPE:External perimeter
G1 F900
G1 X112.449 Y106.327 E2.83243
G1 X112.449 Y108.95 E2.95859
G1 X112.395 Y109.085 E2.96558
G1 X112.237 Y109.221 E2.97561
G1 X108.218 Y109.221 E3.16891
G1 X108.004 Y109.085 E3.18111
G1 X107.95 Y108.95 E3.1881
G1 X107.95 Y106.346 E3.31334
G1 X108.004 Y106.211 E3.32033
G1 X108.189 Y106.075 E3.33137
G1 X112.181 Y106.075 E3.52337
G1 X112.278 Y106.116 E3.52844
G1 X112.438 Y106.482 F7800
G1 E1.52844 F2400
G92 E0
G1 X106.285 Y102.823 F7800
G1 E2 F2400
G1 F900
G1 X106.331 Y102.748 E2.00423
G1 X106.467 Y102.692 E2.0113
G1 X113.856 Y102.692 E2.36669
G1 X113.992 Y102.748 E2.37376
G1 X114.121 Y102.957 E2.38557
G1 X114.121 Y104.274 E2.44891
G1 X114.064 Y104.41 E2.456
G1 X113.856 Y104.539 E2.46777
G1 X106.467 Y104.539 E2.82316
G1 X106.331 Y104.482 E2.83025
G1 X106.202 Y104.274 E2.84202
G1 X106.202 Y102.955 E2.90546
G1 X106.253 Y102.874 E2.91006
G1 X106.614 Y102.701 F7800
G1 E.91006 F2400
G92 E0
G1 X114.484 Y102.952 F7800
G1 E2 F2400
;TYPE:Perimeter
;WIDTH:0.417723
G1 F900
G1 X114.49 Y104.274 E2.05826
;WIDTH:0.426221
G1 X114.487 Y104.367 E2.06246
G1 E.06246 F2400
G92 E0
G1 X105.922 Y102.112 F7800
G1 E2 F2400
;WIDTH:0.414045
G1 F900
G1 X106.223 Y101.983 E2.01428
;WIDTH:0.431477
G1 X106.503 Y101.952 E2.02718
;WIDTH:0.473004
G1 X106.782 Y101.92 E2.04149
;WIDTH:0.514531
G1 X107.061 Y101.888 E2.05726
;WIDTH:0.552022
G1 X107.503 Y101.87 E2.08417
;WIDTH:0.589513
G1 X107.944 Y101.851 E2.11308
;WIDTH:0.633602
G1 X109.026 Y101.829 E2.18991
;WIDTH:0.644783
G1 X111.326 Y101.834 E2.35641
;WIDTH:0.623311
G1 X112.221 Y101.856 E2.41882
;WIDTH:0.579063
G1 X112.579 Y101.872 E2.44182
;WIDTH:0.546992
G1 X112.936 Y101.888 E2.46333
;WIDTH:0.514921
G1 X113.246 Y101.913 E2.48081
;WIDTH:0.465885
G1 X113.556 Y101.937 E2.49638
G1 E.49638 F2400
G92 E0
G1 X106.951 Y105.733 F7800
G1 E2 F2400
;WIDTH:0.52587
G1 F900
G1 X106.794 Y106.019 E2.01878
G1 X106.769 Y106.832 E2.0656
;WIDTH:0.496878
G1 X106.781 Y108.156 E2.13702
;WIDTH:0.472717
G1 X106.794 Y108.95 E2.17746
;WIDTH:0.457301
G1 X106.839 Y109.314 E2.19543
G1 X107.173 Y109.89 E2.22806
;WIDTH:0.45
G1 X107.406 Y110.106 E2.24334
G1 X108.066 Y110.37 E2.27753
G1 X112.181 Y110.378 E2.47545
G1 X112.693 Y110.277 E2.50055
G1 X113.15 Y109.968 E2.52708
G1 X113.316 Y109.786 E2.53893
;WIDTH:0.451321
G1 X113.566 Y109.279 E2.56621
G1 X113.524 Y109.868 E2.59471
;WIDTH:0.45
G1 X113.428 Y110.833 E2.64135
G1 X113.275 Y112.042 E2.69996
G1 X113.1 Y113.217 E2.7571
G1 X112.876 Y114.539 E2.82159
G1 X112.592 Y115.974 E2.89195
G1 X112.363 Y117.132 E2.94872
G1 X112.225 Y117.642 E2.97413
G1 X111.336 Y117.742 E3.01716
G1 X109.989 Y117.772 E3.08196
G1 X109.374 Y117.769 E3.11154
G1 X108.449 Y117.729 E3.15607
G1 X107.771 Y117.652 E3.18889
G1 X107.68 Y117.325 E3.20522
G1 X107.387 Y115.926 E3.27397
G1 X107.113 Y114.475 E3.34499
G1 X106.869 Y113.02 E3.41595
G1 X106.686 Y111.759 E3.47724
G1 X106.535 Y110.498 E3.53832
G1 X106.41 Y108.962 E3.61244
;WIDTH:0.472717
G1 X106.373 Y108.163 E3.65318
;WIDTH:0.496878
G1 X106.33 Y106.594 E3.73785
;WIDTH:0.52587
G1 X106.335 Y105.711 E3.78868
G1 X106.891 Y105.731 E3.8207
G1 E1.8207 F2400
G92 E0
G1 X113.331 Y105.65 F7800
G1 E2 F2400
;WIDTH:0.358672
G1 F900
G1 X113.748 Y105.65 E2.01531
G1 X113.747 Y105.798 E2.02074
;WIDTH:0.406734
G1 X113.722 Y105.898 E2.02514
;WIDTH:0.454797
G1 X113.698 Y105.999 E2.0302
;WIDTH:0.50286
G1 X113.673 Y106.099 E2.03584
;WIDTH:0.550923
G1 X113.649 Y106.199 E2.04208
G1 X113.569 Y106.062 E2.05171
;WIDTH:0.50286
G1 X113.49 Y105.925 E2.06036
;WIDTH:0.454797
G1 X113.411 Y105.787 E2.0681
;WIDTH:0.406734
G1 X113.361 Y105.702 E2.07231
G1 X113.649 Y106.199 F7800
;WIDTH:0.550923
G1 F900
G1 X113.651 Y106.346 E2.08123
;WIDTH:0.539563
G1 X113.636 Y107.506 E2.14999
;WIDTH:0.510097
G1 X113.622 Y108.087 E2.1823
;WIDTH:0.482539
G1 X113.609 Y108.668 E2.21261
;WIDTH:0.454981
G1 X113.566 Y109.279 E2.24245
G1 E.24245 F2400
G92 E0
G1 X108.051 Y105.314 F7800
G1 E2 F2400
;WIDTH:0.458139
G1 F900
G1 X108.218 Y105.307 E2.00821
;WIDTH:0.443579
G1 X112.181 Y105.307 E2.19564
G1 E.19564 F2400
G92 E0
G1 X108.051 Y105.314 F7800
G1 E2 F2400
;WIDTH:0.458139
G1 F3600
G1 X107.526 Y105.596 E2.02927
;WIDTH:0.45
G1 X107.45 Y105.674 E2.03451
G1 X107.205 Y106.118 E2.0589
G1 X107.178 Y106.346 E2.06994
G1 X107.178 Y108.156 E2.15699
G1 X107.205 Y109.175 E2.20602
G1 X107.45 Y109.622 E2.23054
G1 X107.638 Y109.798 E2.24293
G1 X108.11 Y109.987 E2.26738
G1 X112.181 Y109.993 E2.46318
G1 X112.546 Y109.921 E2.48107
G1 X112.949 Y109.621 E2.50523
G1 X113.191 Y109.185 E2.52921
G1 X113.22 Y108.95 E2.5406
G1 X113.22 Y106.346 E2.66584
G1 X113.149 Y105.981 E2.68372
G1 X112.873 Y105.596 E2.7065
G1 X112.181 Y105.307 E2.74257
G1 X113.856 Y105.31 E2.82313
G1 X114.09 Y105.213 E2.83531
G1 X114.052 Y107.521 E2.94633
G1 X113.996 Y108.691 E3.00267
G1 X113.908 Y109.901 E3.06102
G1 X113.811 Y110.876 E3.10815
G1 X113.657 Y112.095 E3.16725
G1 X113.481 Y113.277 E3.22473
G1 X113.255 Y114.608 E3.28966
G1 X112.805 Y116.886 E3.40134
G1 X112.642 Y117.623 E3.43764
G1 X112.518 Y117.946 E3.45428
G1 X112.451 Y118.004 E3.45854
G1 X111.411 Y118.125 E3.5089
G1 X110.447 Y118.159 E3.55529
G1 X109.406 Y118.156 E3.60536
G1 X108.448 Y118.116 E3.65148
G1 X107.858 Y118.061 E3.67998
G1 X107.48 Y117.972 E3.69866
G1 X107.305 Y117.417 E3.72665
G1 X107.009 Y116.002 E3.79618
G1 X106.733 Y114.543 E3.8676
G1 X106.492 Y113.105 E3.93773
G1 X106.306 Y111.825 E3.99994
G1 X106.163 Y110.633 E4.05768
G1 X106.052 Y109.414 E4.11655
G1 X105.977 Y108.185 E4.17577
G1 X105.928 Y106.848 E4.24012
G1 X105.91 Y105.106 E4.32391
G1 X106.15 Y105.256 E4.33752
G1 X106.467 Y105.31 E4.35299
G1 X107.405 Y105.31 E4.3981
;WIDTH:0.458139
G1 X107.991 Y105.314 E4.42688
G1 E2.42688 F2400
G92 E0
G1 X105.595 Y101.944 F7800
G1 E2 F2400
;WIDTH:0.45
G1 F3600
G1 X105.608 Y101.896 E2.00239
G1 X105.911 Y101.71 E2.01949
G1 X106.409 Y101.569 E2.04438
G1 X107.026 Y101.472 E2.07442
G1 X107.926 Y101.396 E2.11786
G1 X109.014 Y101.352 E2.17023
G1 X110.173 Y101.34 E2.22598
G1 X111.343 Y101.362 E2.28226
G1 X112.261 Y101.408 E2.32647
G1 X113.002 Y101.475 E2.36225
G1 X113.942 Y101.66 E2.40833
G1 X114.28 Y101.796 E2.42585
G1 X114.432 Y101.957 E2.4365
G1 X114.484 Y102.952 E2.48442
G1 X114.336 Y102.547 E2.50516
G1 X114.264 Y102.475 E2.51006
G1 X114.05 Y102.34 E2.52223
G1 X113.856 Y102.306 E2.5317
G1 X106.467 Y102.306 E2.88709
G1 X106.234 Y102.355 E2.89854
G1 X106.029 Y102.505 E2.91076
G1 X105.936 Y102.731 E2.92251
;WIDTH:0.422994
G1 X105.844 Y102.957 E2.93342
;WIDTH:0.400558
G1 X105.841 Y104.355 E2.99204
;WIDTH:0.45
G1 X105.987 Y104.684 E3.00935
G1 X106.277 Y104.892 E3.02651
G1 X106.467 Y104.924 E3.03578
G1 X113.856 Y104.924 E3.39117
G1 X114.264 Y104.756 E3.41239
G1 X114.336 Y104.683 E3.41732
;WIDTH:0.449268
G1 X114.487 Y104.367 E3.43413
;WIDTH:0.44539
G1 X114.477 Y104.845 E3.45685
;WIDTH:0.45
G1 X114.471 Y106.212 E3.5226
G1 X114.437 Y107.535 E3.58625
G1 X114.381 Y108.714 E3.64302
G1 X114.293 Y109.934 E3.70185
G1 X114.194 Y110.919 E3.74946
G1 X114.039 Y112.147 E3.80899
G1 X113.862 Y113.338 E3.8669
G1 X113.634 Y114.678 E3.93228
G1 X113.12 Y117.282 E4.05994
G1 X113.001 Y117.781 E4.08461
G1 X112.812 Y118.246 E4.10875
G1 X112.54 Y118.382 E4.12338
G1 X111.44 Y118.51 E4.17664
G1 X110.51 Y118.542 E4.2214
G1 X109.342 Y118.539 E4.27758
G1 X108.038 Y118.465 E4.3404
G1 X107.509 Y118.385 E4.36613
G1 X107.241 Y118.292 E4.37977
G1 X107.071 Y118.012 E4.39552
G1 X106.93 Y117.508 E4.42069
G1 X106.631 Y116.077 E4.491
G1 X106.353 Y114.611 E4.56277
G1 X106.111 Y113.164 E4.63333
G1 X105.924 Y111.876 E4.69593
G1 X105.779 Y110.674 E4.75416
G1 X105.668 Y109.443 E4.81361
G1 X105.591 Y108.204 E4.87332
G1 X105.542 Y106.858 E4.9381
G1 X105.505 Y104.273 E5.06244
;WIDTH:0.400558
G1 X105.512 Y102.951 E5.11787
;WIDTH:0.42299
G1 X105.534 Y102.521 E5.13713
;WIDTH:0.45
G1 X105.555 Y102.091 E5.15784
G1 X105.579 Y102.002 E5.16227
G1 X105.186 Y101.853 F7800
;TYPE:External perimeter
G1 F1800
G1 X105.258 Y101.73 E5.16912
G1 X105.404 Y101.56 E5.1799
G1 X105.77 Y101.35 E5.2002
G1 X106.286 Y101.198 E5.22607
G1 X106.964 Y101.09 E5.25909
G1 X107.891 Y101.011 E5.30384
G1 X109.004 Y100.966 E5.35742
G1 X110.174 Y100.955 E5.4137
G1 X111.356 Y100.977 E5.47056
G1 X112.279 Y101.022 E5.51501
G1 X113.036 Y101.09 E5.55157
G1 X113.674 Y101.192 E5.58265
G1 X114.171 Y101.322 E5.60736
G1 X114.553 Y101.521 E5.62808
G1 X114.807 Y101.822 E5.64702
G1 X114.841 Y102.226 E5.66652
G1 X114.864 Y104.681 E5.7846
G1 X114.856 Y106.218 E5.85853
G1 X114.822 Y107.549 E5.92257
G1 X114.766 Y108.737 E5.97977
G1 X114.677 Y109.968 E6.03913
G1 X114.577 Y110.963 E6.08723
G1 X114.422 Y112.2 E6.14719
G1 X114.243 Y113.399 E6.2055
G1 X114.014 Y114.747 E6.27126
G1 X113.497 Y117.364 E6.39956
G1 X113.369 Y117.899 E6.42602
G1 X113.147 Y118.445 E6.45437
G1 X112.984 Y118.605 E6.46536
G1 X112.629 Y118.759 E6.48397
G1 X111.47 Y118.894 E6.54009
G1 X110.523 Y118.928 E6.58567
G1 X109.326 Y118.925 E6.64324
G1 X108.001 Y118.849 E6.70707
G1 X107.429 Y118.762 E6.7349
G1 X107.122 Y118.663 E6.75041
G1 X106.921 Y118.514 E6.76244
G1 X106.709 Y118.148 E6.78278
G1 X106.556 Y117.6 E6.81014
G1 X106.252 Y116.152 E6.8813
G1 X105.974 Y114.678 E6.95344
G1 X105.73 Y113.224 E7.02435
G1 X105.541 Y111.927 E7.08739
G1 X105.396 Y110.714 E7.14615
G1 X105.283 Y109.472 E7.20613
G1 X105.206 Y108.223 E7.26632
G1 X105.157 Y106.868 E7.33153
G1 X105.136 Y105.432 E7.4006
G1 X105.154 Y102.948 E7.52007
G1 X105.18 Y101.912 E7.56991
G1 X105.406 Y101.582 F7800
G1 E5.56991 F2400
G92 E0
G1 X112.138 Y116.849 F7800
G1 E2 F2400
;TYPE:Top solid infill
;WIDTH:0.404025
G1 F900
G1 X111.531 Y117.457 E2.03639
G1 X111.019 Y117.488 E2.05812
G1 X112.272 Y116.236 E2.13316
G1 X112.39 Y115.637 E2.15902
G1 X110.521 Y117.506 E2.27099
G1 X110.039 Y117.508 E2.29141
G1 X112.508 Y115.039 E2.43933
G1 X112.624 Y114.442 E2.46509
G1 X109.56 Y117.507 E2.64868
G1 X109.093 Y117.493 E2.66847
G1 X112.722 Y113.863 E2.88591
G1 X112.821 Y113.285 E2.91075
G1 X108.632 Y117.474 E3.16171
G1 X108.186 Y117.439 E3.18066
G1 X112.908 Y112.718 E3.46352
G1 X112.992 Y112.153 E3.48772
G1 X107.937 Y117.208 E3.79056
G1 X107.851 Y116.813 E3.80769
G1 X113.06 Y111.604 E4.11976
G1 X113.123 Y111.061 E4.14292
G1 X107.765 Y116.419 E4.46391
G1 X107.679 Y116.025 E4.48099
G1 X113.186 Y110.517 E4.81094
G1 X113.22 Y110.229 E4.82323
G1 X112.794 Y110.523 E4.84516
G1 X112.678 Y110.546 E4.85017
G1 X107.599 Y115.625 E5.15445
G1 X107.523 Y115.221 E5.17186
G1 X112.101 Y110.642 E5.44615
G1 X111.622 Y110.641 E5.46644
G1 X107.446 Y114.817 E5.71662
G1 X107.37 Y114.412 E5.73408
G1 X111.143 Y110.64 E5.96009
G1 X110.663 Y110.639 E5.98042
G1 X107.301 Y114.001 E6.18184
G1 X107.232 Y113.59 E6.19949
G1 X110.184 Y110.638 E6.37634
G1 X109.705 Y110.637 E6.39663
G1 X107.163 Y113.179 E6.54892
G1 X107.099 Y112.763 E6.56675
G1 X109.226 Y110.636 E6.69418
G1 X108.747 Y110.634 E6.71447
G1 X107.038 Y112.343 E6.81685
G1 X106.977 Y111.924 E6.83479
G1 X108.267 Y110.633 E6.9121
G1 X108.031 Y110.633 E6.9221
G1 X107.857 Y110.563 E6.93005
G1 X106.921 Y111.499 E6.98613
G1 X106.87 Y111.07 E7.00443
G1 X107.513 Y110.426 E7.04298
G1 X107.251 Y110.322 E7.05492
G1 X107.192 Y110.267 E7.05834
G1 X106.818 Y110.641 E7.08075
G1 X106.779 Y110.2 E7.0995
G1 X107.064 Y109.916 E7.11654
M106 S224.4
;LAYER_CHANGE
;Z:10.925
;HEIGHT:0.0749998
G1 E5.11654 F2400
G92 E0
G1 Z10.925 F7800
G1 X112.753 Y121.11
G1 E2 F2400
;TYPE:Support material
;WIDTH:0.35
;HEIGHT:0.2625
G1 F3600
G1 X107.247 Y121.11 E2.17646
G1 X107.247 Y119.405 E2.2311
G1 X108.36 Y119.544 E2.26705
G1 X110 Y119.591 E2.31963
G1 X112.022 Y119.514 E2.38448
G1 X112.753 Y119.405 E2.40817
G1 X112.753 Y121.066 E2.4614
G1 E.4614 F2400
G92 E0
G1 X111.824 Y108.596 F7800
G1 E2 F2400
G1 F3600
G1 X108.575 Y108.596 E2.10413
G1 X108.575 Y106.7 E2.1649
G1 X111.824 Y106.7 E2.26903
G1 X111.824 Y108.552 E2.32839
G1 X111.693 Y107.214 F7800
G1 F3600
G1 X108.706 Y107.214 E2.42412
G1 E.42412 F2400
G92 E0
G1 X107.182 Y103.914 F7800
G1 E2 F2400
G1 F3600
G1 X106.857 Y103.914 E2.01042
G1 X106.857 Y103.317 E2.02955
G1 X107.182 Y103.317 E2.03997
G1 X107.182 Y103.87 E2.05769
G1 E.05769 F2400
G92 E0
G1 X113.467 Y103.787 F7800
G1 E2 F2400
G1 F3600
G1 X113.467 Y103.914 E2.00407
G1 X112.818 Y103.914 E2.02487
G1 X112.818 Y103.317 E2.044
G1 X113.467 Y103.317 E2.0648
G1 X113.467 Y103.743 E2.07845
;LAYER_CHANGE
;Z:11.15
;HEIGHT:0.224999
G1 E.07845 F2400
G92 E0
G1 Z11.15 F7800
G1 X109.961 Y109.253
G1 E2 F2400
;TYPE:External perimeter
;WIDTH:0.513532
;HEIGHT:0.3
G1 F900
G1 X110.411 Y109.253 E2.02521
G1 X110.411 Y118.929 E2.56727
G1 X109.961 Y118.932 E2.59248
G1 X109.961 Y109.313 E3.13134
G1 X110.357 Y109.254 F7800
G1 E1.13134 F2400
G92 E0
G1 X106.314 Y102.823 F7800
G1 E2 F2400
;WIDTH:0.45
G1 F900
G1 X106.361 Y102.748 E2.00426
G1 X106.505 Y102.692 E2.01169
G1 X113.827 Y102.692 E2.36385
G1 X113.963 Y102.748 E2.37092
G1 X114.092 Y102.957 E2.38273
G1 X114.092 Y104.274 E2.44607
G1 X114.035 Y104.41 E2.45316
G1 X113.956 Y104.488 E2.4585
G1 X113.827 Y104.539 E2.46517
G1 X106.497 Y104.539 E2.81772
G1 X106.361 Y104.482 E2.82481
G1 X106.232 Y104.302 E2.83546
G1 X106.232 Y102.957 E2.90015
G1 X106.283 Y102.874 E2.90484
G1 X106.643 Y102.701 F7800
G1 E.90484 F2400
G92 E0
G1 X114.437 Y102.95 F7800
G1 E2 F2400
;TYPE:Perimeter
;WIDTH:0.385057
G1 F900
G1 X114.445 Y104.274 E2.05296
;WIDTH:0.393283
G1 X114.442 Y104.362 E2.05657
G1 E.05657 F2400
G92 E0
G1 X113.115 Y115.464 F7800
G1 E2 F2400
;WIDTH:0.424387
G1 F900
G1 X113.139 Y115.194 E2.01217
;WIDTH:0.471557
G1 X113.162 Y114.924 E2.02593
;WIDTH:0.518727
G1 X113.186 Y114.654 E2.04129
;WIDTH:0.565897
G1 X113.209 Y114.384 E2.05824
;WIDTH:0.613067
G1 X113.233 Y114.114 E2.07679
G1 E.07679 F2400
G92 E0
G1 X113.567 Y105.775 F7800
G1 E2 F2400
;WIDTH:0.609125
G1 F900
G1 X113.586 Y105.965 E2.01297
;WIDTH:0.56823
G1 X113.605 Y106.155 E2.02497
;WIDTH:0.527335
G1 X113.624 Y106.346 E2.03605
;WIDTH:0.486441
G1 X113.611 Y107.525 E2.09812
;WIDTH:0.460695
G1 X113.599 Y108.108 E2.12694
;WIDTH:0.435238
G1 X113.586 Y108.69 E2.15387
;WIDTH:0.431473
G1 X113.528 Y109.375 E2.18535
G1 X113.505 Y110.006 E2.21426
G1 X113.192 Y111.48 F7800
;WIDTH:0.531482
G1 F900
G1 X113.199 Y111.254 E2.22743
;WIDTH:0.568705
G1 X113.224 Y110.42 E2.27991
G1 X113.2 Y110.282 E2.28872
;WIDTH:0.529137
G1 X113.176 Y110.144 E2.29684
;WIDTH:0.489568
G1 X113.151 Y110.006 E2.30428
;WIDTH:0.45
G1 X113.151 Y109.375 E2.33463
G1 X113.22 Y108.95 E2.35534
G1 X113.22 Y106.346 E2.48058
G1 X113.14 Y105.961 E2.49949
G1 X112.873 Y105.596 E2.52124
G1 X112.181 Y105.307 E2.55731
G1 X113.827 Y105.31 E2.63648
G1 X114.033 Y105.23 E2.64711
G1 X114.002 Y107.538 E2.75813
G1 X113.951 Y108.711 E2.8146
G1 X113.867 Y109.928 E2.87327
;WIDTH:0.496988
G1 X113.827 Y110.096 E2.88259
;WIDTH:0.543976
G1 X113.787 Y110.263 E2.89286
;WIDTH:0.590964
G1 X113.747 Y110.431 E2.9042
G1 X113.713 Y110.897 E2.93489
;WIDTH:0.568705
G1 X113.658 Y111.502 E2.9731
;WIDTH:0.531482
G1 X113.602 Y112.107 E3.0085
;WIDTH:0.494259
G1 X113.542 Y112.651 E3.03784
;WIDTH:0.453875
G1 X113.481 Y113.194 E3.06438
;WIDTH:0.413491
G1 X113.42 Y113.738 E3.08822
;WIDTH:0.421099
G1 X113.383 Y113.813 E3.09194
;WIDTH:0.469091
G1 X113.345 Y113.888 E3.09618
;WIDTH:0.517083
G1 X113.308 Y113.963 E3.1009
;WIDTH:0.565075
G1 X113.27 Y114.039 E3.10621
;WIDTH:0.613067
G1 X113.233 Y114.114 E3.11193
G1 X113.209 Y114.034 E3.11765
;WIDTH:0.565075
G1 X113.185 Y113.954 E3.12287
;WIDTH:0.517083
G1 X113.161 Y113.875 E3.12753
;WIDTH:0.469091
G1 X113.137 Y113.795 E3.13175
;WIDTH:0.421099
G1 X113.113 Y113.715 E3.13547
;WIDTH:0.413491
G1 X113.133 Y113.173 E3.15909
;WIDTH:0.453875
G1 X113.153 Y112.63 E3.18549
;WIDTH:0.494259
G1 X113.174 Y112.088 E3.21457
;WIDTH:0.531482
G1 X113.19 Y111.54 E3.24651
G1 E1.24651 F2400
G92 E0
G1 X105.983 Y102.099 F7800
G1 E2 F2400
;WIDTH:0.399009
G1 F900
G1 X106.247 Y101.985 E2.012
;WIDTH:0.434381
G1 X106.535 Y101.951 E2.02538
;WIDTH:0.479369
G1 X106.822 Y101.917 E2.04034
;WIDTH:0.524357
G1 X107.11 Y101.884 E2.05697
;WIDTH:0.562135
G1 X107.544 Y101.865 E2.08394
;WIDTH:0.599913
G1 X107.977 Y101.846 E2.11289
;WIDTH:0.644423
G1 X109.042 Y101.824 E2.18995
;WIDTH:0.655777
G1 X111.144 Y101.826 E2.345
;WIDTH:0.639323
G1 X111.665 Y101.839 E2.38237
;WIDTH:0.614284
G1 X112.186 Y101.851 E2.41811
;WIDTH:0.589245
G1 X112.537 Y101.867 E2.44111
;WIDTH:0.557007
G1 X112.887 Y101.883 E2.46264
;WIDTH:0.524769
G1 X113.191 Y101.908 E2.48016
;WIDTH:0.475459
G1 X113.495 Y101.933 E2.4958
G1 E.4958 F2400
G92 E0
G1 X106.874 Y110.864 F7800
G1 E2 F2400
;WIDTH:0.430828
G1 F900
G1 X106.849 Y110.943 E2.00379
;WIDTH:0.479197
G1 X106.824 Y111.022 E2.00808
;WIDTH:0.527566
G1 X106.799 Y111.101 E2.01287
;WIDTH:0.575935
G1 X106.773 Y111.179 E2.01812
;WIDTH:0.624305
G1 X106.748 Y111.258 E2.02391
G1 X106.719 Y111.194 E2.02882
;WIDTH:0.581529
G1 X106.69 Y111.131 E2.03329
;WIDTH:0.538753
G1 X106.661 Y111.067 E2.03745
;WIDTH:0.495977
G1 X106.632 Y111.004 E2.04118
;WIDTH:0.453201
G1 X106.603 Y110.94 E2.04459
;WIDTH:0.410425
G1 X106.574 Y110.876 E2.04762
;WIDTH:0.382459
G1 X106.551 Y110.619 E2.05786
;WIDTH:0.408823
G1 X106.496 Y109.767 E2.09454
;WIDTH:0.435188
G1 X106.44 Y108.914 E2.13408
;WIDTH:0.448419
G1 X106.41 Y108.218 E2.16745
;WIDTH:0.471014
G1 X106.376 Y106.854 E2.23665
;WIDTH:0.473768
G1 X106.371 Y106.348 E2.26249
;WIDTH:0.50215
G1 X106.379 Y105.705 E2.2976
G1 X106.967 Y105.722 E2.32972
G1 X106.812 Y105.996 E2.34691
G1 X106.781 Y106.346 E2.3661
;WIDTH:0.473768
G1 X106.782 Y106.849 E2.39178
;WIDTH:0.471014
G1 X106.793 Y108.21 E2.46081
;WIDTH:0.448419
G1 X106.842 Y109.394 E2.51757
;WIDTH:0.435188
G1 X106.858 Y110.129 E2.55157
;WIDTH:0.408823
G1 X106.873 Y110.804 E2.58058
G1 E.58058 F2400
G92 E0
G1 X106.86 Y112.935 F7800
G1 E2 F2400
;WIDTH:0.440188
G1 F900
G1 X106.84 Y112.657 E2.01306
;WIDTH:0.47961
G1 X106.82 Y112.378 E2.02755
;WIDTH:0.519031
G1 X106.801 Y112.1 E2.04335
;WIDTH:0.558453
G1 X106.781 Y111.822 E2.06053
;WIDTH:0.591379
G1 X106.764 Y111.54 E2.0791
;WIDTH:0.624305
G1 X106.748 Y111.258 E2.09883
G1 X107.221 Y110.76 F7800
;WIDTH:0.45
G1 F900
G1 X107.221 Y112.935 E2.20344
;WIDTH:0.495888
G1 X107.198 Y113.068 E2.2107
;WIDTH:0.541777
G1 X107.175 Y113.201 E2.21874
;WIDTH:0.587665
G1 X107.152 Y113.333 E2.22749
G1 X107.169 Y113.751 E2.25479
;WIDTH:0.553318
G1 X107.186 Y114.169 E2.2803
;WIDTH:0.51897
G1 X107.203 Y114.587 E2.30402
;WIDTH:0.484622
G1 X107.203 Y116.785 E2.41923
G1 X106.786 Y114.622 E2.53469
;WIDTH:0.51897
G1 X106.735 Y114.207 E2.5584
;WIDTH:0.553318
G1 X106.683 Y113.791 E2.58397
;WIDTH:0.587665
G1 X106.632 Y113.376 E2.61126
G1 X106.589 Y113.246 E2.6202
;WIDTH:0.541777
G1 X106.546 Y113.116 E2.62835
;WIDTH:0.495888
G1 X106.502 Y112.986 E2.63574
;WIDTH:0.45
G1 X106.345 Y111.879 E2.68952
G1 X106.202 Y110.657 E2.7487
G1 X106.095 Y109.435 E2.8077
G1 X106.025 Y108.236 E2.86547
G1 X105.98 Y106.863 E2.93154
G1 X105.968 Y105.118 E3.01547
G1 X106.231 Y105.272 E3.03013
G1 X106.497 Y105.31 E3.04305
G1 X107.405 Y105.31 E3.08672
;WIDTH:0.458139
G1 X108.051 Y105.314 E3.11845
G1 X107.526 Y105.596 E3.14772
;WIDTH:0.45
G1 X107.21 Y106.101 E3.17637
G1 X107.178 Y106.346 E3.18825
G1 X107.178 Y108.95 E3.31349
G1 X107.221 Y109.212 E3.32626
G1 X107.221 Y110.7 E3.39783
G1 E1.39783 F2400
G92 E0
G1 X108.051 Y105.314 F7800
G1 E2 F2400
;WIDTH:0.458139
G1 F900
G1 X108.218 Y105.307 E2.00821
;WIDTH:0.443579
G1 X112.181 Y105.307 E2.19564
G1 X112.649 Y105.934 F7800
;WIDTH:0.45
G1 F3600
G1 X112.596 Y105.865 E2.19982
G1 X112.181 Y105.689 E2.2215
G1 X108.135 Y105.689 E2.4161
G1 X107.803 Y105.865 E2.43417
G1 X107.583 Y106.199 E2.45341
G1 X107.564 Y106.346 E2.46054
G1 X107.564 Y108.95 E2.58578
G1 X107.606 Y109.146 E2.59542
G1 X107.606 Y118.437 E3.04228
G1 X107.255 Y118.326 E3.05999
G1 X107.088 Y118.048 E3.07559
G1 X106.949 Y117.544 E3.10074
G1 X106.662 Y116.154 E3.169
G1 X106.389 Y114.693 E3.24049
G1 X106.15 Y113.246 E3.31103
G1 X105.962 Y111.928 E3.37506
G1 X105.818 Y110.696 E3.43472
G1 X105.71 Y109.463 E3.49425
G1 X105.64 Y108.254 E3.5525
G1 X105.594 Y106.871 E3.61905
G1 X105.572 Y104.566 E3.72992
;WIDTH:0.417267
G1 X105.559 Y104.272 E3.74287
;WIDTH:0.384534
G1 X105.569 Y102.948 E3.79574
;WIDTH:0.413794
G1 X105.596 Y102.513 E3.81473
;WIDTH:0.45
G1 X105.624 Y102.079 E3.83565
G1 X105.678 Y101.89 E3.8451
G1 X105.934 Y101.723 E3.8598
G1 X106.444 Y101.564 E3.88549
G1 X107.073 Y101.462 E3.91614
G1 X107.958 Y101.386 E3.95886
G1 X109.029 Y101.341 E4.01042
G1 X110.144 Y101.329 E4.06405
G1 X111.159 Y101.346 E4.11287
G1 X112.219 Y101.397 E4.16391
G1 X112.956 Y101.466 E4.19951
G1 X113.914 Y101.661 E4.24653
G1 X114.211 Y101.788 E4.26207
G1 X114.363 Y101.954 E4.2729
G1 X114.413 Y102.68 E4.3079
;WIDTH:0.409292
G1 X114.437 Y102.95 E4.31956
G1 X114.372 Y102.748 E4.32869
;WIDTH:0.45
G1 X114.307 Y102.547 E4.33885
G1 X114.132 Y102.393 E4.35006
G1 X113.827 Y102.306 E4.36531
G1 X106.505 Y102.306 E4.71747
G1 X106.286 Y102.346 E4.72818
G1 X106.016 Y102.547 E4.74437
G1 X105.949 Y102.749 E4.75461
;WIDTH:0.413794
G1 X105.882 Y102.951 E4.76388
;WIDTH:0.384534
G1 X105.879 Y104.274 E4.81671
;WIDTH:0.417267
G1 X105.947 Y104.479 E4.82622
;WIDTH:0.45
G1 X106.016 Y104.684 E4.83662
G1 X106.337 Y104.902 E4.85528
G1 X106.497 Y104.924 E4.86305
G1 X113.827 Y104.924 E5.2156
G1 X114.216 Y104.774 E5.23565
G1 X114.306 Y104.683 E5.24181
;WIDTH:0.446911
G1 X114.374 Y104.522 E5.25015
;WIDTH:0.420097
G1 X114.442 Y104.362 E5.25786
;WIDTH:0.421641
G1 X114.431 Y104.613 E5.26906
;WIDTH:0.45
G1 X114.42 Y104.865 E5.28119
G1 X114.417 Y106.223 E5.34651
G1 X114.388 Y107.55 E5.41035
G1 X114.336 Y108.732 E5.46726
G1 X114.252 Y109.955 E5.52622
G1 X114.156 Y110.943 E5.57396
G1 X114.006 Y112.172 E5.63351
G1 X113.758 Y113.828 E5.71405
G1 X113.458 Y115.529 E5.79712
G1 X113.077 Y117.43 E5.89037
G1 X112.915 Y118.036 E5.92054
G1 X112.766 Y118.303 E5.93525
G1 X112.766 Y109.198 E6.37317
G1 X112.805 Y109.134 E6.37677
G1 X112.835 Y108.95 E6.38574
G1 X112.835 Y106.346 E6.51098
G1 X112.787 Y106.115 E6.52233
G1 X112.685 Y105.981 E6.53043
G1 X112.377 Y106.201 F7800
;TYPE:External perimeter
G1 F1800
G1 X112.319 Y106.133 E6.53473
G1 X112.181 Y106.075 E6.54193
G1 X108.189 Y106.075 E6.73393
G1 X108.004 Y106.211 E6.74497
G1 X107.95 Y106.346 E6.75196
G1 X107.95 Y108.95 E6.8772
G1 X107.992 Y109.073 E6.88345
G1 X107.992 Y118.882 E7.35523
G1 X107.324 Y118.771 E7.3878
G1 X107.119 Y118.689 E7.39842
G1 X106.926 Y118.538 E7.41021
G1 X106.725 Y118.183 E7.42983
G1 X106.574 Y117.634 E7.45722
G1 X106.283 Y116.228 E7.52628
G1 X106.01 Y114.76 E7.5981
G1 X105.769 Y113.304 E7.66908
G1 X105.58 Y111.978 E7.7335
G1 X105.434 Y110.735 E7.79369
G1 X105.326 Y109.491 E7.85375
G1 X105.255 Y108.271 E7.91253
G1 X105.208 Y106.88 E7.97947
G1 X105.193 Y105.473 E8.04715
G1 X105.226 Y102.372 E8.19631
G1 X105.25 Y101.859 E8.22101
G1 X105.326 Y101.727 E8.22834
G1 X105.471 Y101.556 E8.23912
G1 X105.832 Y101.344 E8.25926
G1 X106.341 Y101.19 E8.28484
G1 X107.01 Y101.081 E8.31744
G1 X107.923 Y101.001 E8.36152
G1 X109.019 Y100.955 E8.41428
G1 X110.145 Y100.944 E8.46844
G1 X111.172 Y100.961 E8.51784
G1 X112.245 Y101.012 E8.56951
G1 X112.99 Y101.081 E8.6055
G1 X113.618 Y101.183 E8.6361
G1 X114.108 Y101.315 E8.66051
G1 X114.486 Y101.515 E8.68108
G1 X114.739 Y101.82 E8.70014
G1 X114.772 Y102.225 E8.71968
G1 X114.805 Y104.865 E8.84666
G1 X114.802 Y106.228 E8.91222
G1 X114.773 Y107.563 E8.97644
G1 X114.721 Y108.754 E9.03378
G1 X114.636 Y109.987 E9.09322
G1 X114.539 Y110.985 E9.14145
G1 X114.388 Y112.224 E9.20148
G1 X114.138 Y113.89 E9.28251
G1 X113.837 Y115.6 E9.36602
G1 X113.452 Y117.518 E9.46011
G1 X113.287 Y118.136 E9.49087
G1 X113.141 Y118.447 E9.50739
G1 X112.993 Y118.618 E9.51827
G1 X112.631 Y118.787 E9.53748
G1 X112.38 Y118.832 E9.54974
G1 X112.38 Y109.119 E10.0169
G1 X112.449 Y108.95 E10.02568
G1 X112.449 Y106.288 E10.15371
G1 X112.415 Y106.247 E10.15627
G1 X112.049 Y106.087 F7800
M106 S219.3
;LAYER_CHANGE
;Z:11.1875
;HEIGHT:0.0375004
G1 E8.15627 F2400
G92 E0
G1 Z11.188 F7800
G1 X112.753 Y121.11
G1 E2 F2400
;TYPE:Support material
;WIDTH:0.35
;HEIGHT:0.2625
G1 F3600
G1 X107.247 Y121.11 E2.17646
G1 X107.247 Y119.432 E2.23024
G1 X108.36 Y119.573 E2.2662
G1 X108.424 Y119.514 E2.26899
G1 X110 Y119.621 E2.31962
G1 X111.958 Y119.486 E2.38252
G1 X112.023 Y119.543 E2.38529
G1 X112.753 Y119.432 E2.40895
G1 X112.753 Y121.066 E2.46132
G1 E.46132 F2400
G92 E0
G1 X111.693 Y107.214 F7800
G1 E2 F2400
G1 F3600
G1 X108.706 Y107.214 E2.09573
G1 X111.824 Y106.7 F7800
G1 F3600
G1 X111.824 Y108.596 E2.1565
G1 X108.575 Y108.596 E2.26063
G1 X108.575 Y106.7 E2.3214
G1 X111.78 Y106.7 E2.42412
G1 E.42412 F2400
G92 E0
G1 X113.437 Y103.81 F7800
G1 E2 F2400
G1 F3600
G1 X113.437 Y103.914 E2.00333
G1 X112.818 Y103.914 E2.02317
G1 X112.818 Y103.317 E2.0423
G1 X113.437 Y103.317 E2.06214
G1 X113.437 Y103.766 E2.07653
G1 E.07653 F2400
G92 E0
G1 X107.182 Y103.914 F7800
G1 E2 F2400
G1 F3600
G1 X106.886 Y103.914 E2.00949
G1 X106.886 Y103.317 E2.02862
G1 X107.182 Y103.317 E2.03811
G1 X107.182 Y103.87 E2.05583
;LAYER_CHANGE
;Z:11.45
;HEIGHT:0.2625
G1 E.05583 F2400
G92 E0
G1 Z11.45 F7800
G1 X112.753 Y121.11
G1 E2 F2400
G1 F3600
G1 X107.247 Y121.11 E2.17646
G1 X107.247 Y119.457 E2.22944
G1 X107.974 Y119.608 E2.25324
G1 X109.917 Y119.685 E2.31556
G1 X111.918 Y119.615 E2.37973
G1 X112.753 Y119.457 E2.40697
G1 X112.753 Y121.066 E2.45854
G1 E.45854 F2400
G92 E0
G1 X111.571 Y119.45 F7800
G1 E2 F2400
;TYPE:Support material interface
;WIDTH:0.4
G1 F3600
G1 X111.571 Y119.139 E2.01166
;HEIGHT:0.4
G1 X111.571 Y115.364 E2.20888
G1 X111.285 Y115.364 E2.22382
G1 X111.285 Y119.155 E2.42188
;HEIGHT:0.2625
G1 X111.285 Y119.466 E2.43354
G1 X109.286 Y119.486 F7800
G1 F3600
G1 X109.286 Y119.175 E2.4452
;HEIGHT:0.4
G1 X109.286 Y115.364 E2.64431
G1 X109 Y115.364 E2.65925
G1 X109 Y119.166 E2.85789
;HEIGHT:0.2625
G1 X109 Y119.349 E2.86475
G1 X108.784 Y119.34 E2.87286
G1 X108.715 Y119.337 E2.87545
G1 X108.715 Y119.155 E2.88228
;HEIGHT:0.4
G1 X108.715 Y115.236 E3.08703
G1 E1.08703 F2400
G92 E0
G1 X111.571 Y113.121 F7800
G1 E2 F2400
G1 F3600
G1 X111.571 Y108.971 E2.21682
;HEIGHT:0.2625
G1 X111.571 Y108.789 E2.22365
G1 X111.285 Y108.789 E2.23438
G1 X111.285 Y108.971 E2.24121
;HEIGHT:0.4
G1 X111.285 Y112.993 E2.45134
G1 X111.035 Y112.993 E2.4644
G1 X111.035 Y108.971 E2.67453
;HEIGHT:0.2625
G1 X111 Y108.661 E2.68623
G1 E.68623 F2400
G92 E0
G1 X111.824 Y106.7 F7800
G1 E2 F2400
;TYPE:Support material
;WIDTH:0.35
G1 F3600
G1 X111.824 Y108.471 E2.05676
G1 X110.45 Y108.471 E2.1008
G1 X110.325 Y108.596 E2.10647
G1 X110.047 Y108.596 E2.11538
G1 X109.922 Y108.471 E2.12105
G1 X108.575 Y108.471 E2.16422
G1 X108.575 Y106.7 E2.22098
G1 X111.78 Y106.7 E2.3237
G1 X111.693 Y107.214 F7800
G1 F3600
G1 X108.706 Y107.214 E2.41943
G1 X108.715 Y108.661 F7800
;TYPE:Support material interface
;WIDTH:0.4
G1 F3600
G1 X108.715 Y108.971 E2.43106
;HEIGHT:0.4
G1 X108.715 Y110.207 E2.49563
G1 X109 Y110.207 E2.51052
G1 X109 Y108.971 E2.57509
;HEIGHT:0.2625
G1 X109 Y108.789 E2.58192
G1 X109.286 Y108.789 E2.59265
G1 X109.286 Y108.971 E2.59948
;HEIGHT:0.4
G1 X109.286 Y110.336 E2.67079
G1 E.67079 F2400
G92 E0
G1 X107.182 Y103.914 F7800
G1 E2 F2400
;TYPE:Support material
;WIDTH:0.35
;HEIGHT:0.2625
G1 F3600
G1 X106.915 Y103.914 E2.00856
G1 X106.915 Y103.317 E2.02769
G1 X107.182 Y103.317 E2.03625
G1 X107.182 Y103.87 E2.05397
G1 E.05397 F2400
G92 E0
G1 X113.408 Y103.832 F7800
G1 E2 F2400
G1 F3600
G1 X113.408 Y103.914 E2.00263
G1 X112.818 Y103.914 E2.02154
G1 X112.818 Y103.317 E2.04067
G1 X113.408 Y103.317 E2.05958
G1 X113.408 Y103.788 E2.07468
G1 E.07468 F2400
G92 E0
G1 X109.961 Y109.253 F7800
G1 E2 F2400
;TYPE:External perimeter
;WIDTH:0.513531
;HEIGHT:0.3
G1 F900
G1 X110.411 Y109.253 E2.02521
G1 X110.411 Y118.958 E2.56889
G1 X109.961 Y118.961 E2.5941
G1 X109.961 Y109.313 E3.13459
G1 X110.357 Y109.254 F7800
G1 E1.13459 F2400
G92 E0
G1 X106.344 Y102.824 F7800
G1 E2 F2400
;WIDTH:0.45
G1 F900
G1 X106.392 Y102.746 E2.0044
G1 X106.562 Y102.692 E2.01298
G1 X113.797 Y102.692 E2.36096
G1 X113.933 Y102.748 E2.36803
;WIDTH:0.495116
G1 X113.999 Y102.818 E2.3732
;WIDTH:0.540232
G1 X114.065 Y102.887 E2.37887
;WIDTH:0.585349
G1 X114.13 Y102.957 E2.38508
;WIDTH:0.595855
G1 X114.135 Y104.274 E2.47238
;WIDTH:0.599847
G1 X114.134 Y104.316 E2.47519
G1 X114.064 Y104.375 E2.4813
;WIDTH:0.549898
G1 X113.993 Y104.433 E2.48685
;WIDTH:0.499949
G1 X113.923 Y104.492 E2.49182
;WIDTH:0.45
G1 X113.797 Y104.539 E2.49829
G1 X106.526 Y104.539 E2.848
G1 X106.39 Y104.482 E2.85509
G1 X106.261 Y104.301 E2.86578
G1 X106.261 Y102.957 E2.93042
G1 X106.312 Y102.874 E2.93511
G1 X106.673 Y102.701 F7800
G1 E.93511 F2400
G92 E0
G1 X113.104 Y115.496 F7800
G1 E2 F2400
;TYPE:Perimeter
;WIDTH:0.397483
G1 F900
G1 X113.125 Y115.244 E2.01051
;WIDTH:0.440719
G1 X113.147 Y114.992 E2.02238
;WIDTH:0.483956
G1 X113.168 Y114.74 E2.03561
;WIDTH:0.527192
G1 X113.19 Y114.488 E2.05021
;WIDTH:0.570428
G1 X113.212 Y114.236 E2.06618
;WIDTH:0.613665
G1 X113.233 Y113.984 E2.0835
G1 E.0835 F2400
G92 E0
G1 X113.535 Y105.754 F7800
G1 E2 F2400
;WIDTH:0.567509
G1 F900
G1 X113.556 Y105.951 E2.01243
;WIDTH:0.523581
G1 X113.578 Y106.148 E2.02378
;WIDTH:0.479654
G1 X113.599 Y106.346 E2.03409
;WIDTH:0.435727
G1 X113.588 Y107.542 E2.08949
;WIDTH:0.413689
G1 X113.56 Y108.955 E2.15106
;WIDTH:0.375789
G1 X113.5 Y109.622 E2.17707
G1 X113.184 Y111.496 F7800
;WIDTH:0.550528
G1 F900
G1 X113.202 Y110.892 E2.21371
;WIDTH:0.59112
G1 X113.222 Y110.022 E2.27088
G1 X113.198 Y109.889 E2.27976
;WIDTH:0.54408
G1 X113.175 Y109.755 E2.28789
;WIDTH:0.49704
G1 X113.151 Y109.622 E2.29518
;WIDTH:0.45
G1 X113.22 Y108.95 E2.32767
G1 X113.22 Y106.346 E2.45291
G1 X113.131 Y105.941 E2.47285
G1 X112.876 Y105.599 E2.49337
G1 X112.181 Y105.307 E2.52963
G1 X113.797 Y105.31 E2.60735
G1 X113.978 Y105.243 E2.61663
G1 X113.955 Y107.553 E2.72774
G1 X113.908 Y108.728 E2.7843
G1 X113.848 Y109.645 E2.8285
;WIDTH:0.49704
G1 X113.814 Y109.779 E2.83596
;WIDTH:0.54408
G1 X113.781 Y109.913 E2.84422
;WIDTH:0.59112
G1 X113.748 Y110.046 E2.85322
G1 X113.686 Y110.921 E2.91085
;WIDTH:0.550528
G1 X113.632 Y111.527 E2.94774
;WIDTH:0.514246
G1 X113.578 Y112.133 E2.98188
;WIDTH:0.477965
G1 X113.524 Y112.625 E3.00741
;WIDTH:0.442227
G1 X113.47 Y113.116 E3.03069
;WIDTH:0.406489
G1 X113.417 Y113.608 E3.0518
;WIDTH:0.419333
G1 X113.38 Y113.683 E3.0555
;WIDTH:0.467916
G1 X113.343 Y113.758 E3.05971
;WIDTH:0.516499
G1 X113.307 Y113.834 E3.06445
;WIDTH:0.565082
G1 X113.27 Y113.909 E3.06967
;WIDTH:0.613665
G1 X113.233 Y113.984 E3.0754
G1 X113.209 Y113.904 E3.08112
;WIDTH:0.565082
G1 X113.185 Y113.825 E3.08628
;WIDTH:0.516499
G1 X113.16 Y113.745 E3.09101
;WIDTH:0.467916
G1 X113.136 Y113.665 E3.09521
;WIDTH:0.419333
G1 X113.112 Y113.585 E3.09891
;WIDTH:0.406489
G1 X113.13 Y113.095 E3.11983
;WIDTH:0.442227
G1 X113.148 Y112.605 E3.14294
;WIDTH:0.477965
G1 X113.165 Y112.115 E3.16823
;WIDTH:0.514246
G1 X113.182 Y111.556 E3.19961
G1 E1.19961 F2400
G92 E0
G1 X106.045 Y102.086 F7800
G1 E2 F2400
;WIDTH:0.388691
G1 F900
G1 X106.271 Y101.987 E2.00998
;WIDTH:0.437117
G1 X106.567 Y101.951 E2.02384
;WIDTH:0.485543
G1 X106.863 Y101.915 E2.0395
;WIDTH:0.533969
G1 X107.159 Y101.879 E2.05696
;WIDTH:0.566423
G1 X107.504 Y101.863 E2.07859
;WIDTH:0.598877
G1 X107.848 Y101.846 E2.10155
;WIDTH:0.62407
G1 X108.36 Y101.834 E2.1373
;WIDTH:0.649263
G1 X108.872 Y101.821 E2.17466
;WIDTH:0.665989
G1 X111.126 Y101.821 E2.34379
;WIDTH:0.649348
G1 X111.639 Y101.834 E2.38123
;WIDTH:0.624107
G1 X112.152 Y101.846 E2.41705
;WIDTH:0.598864
G1 X112.497 Y101.863 E2.44008
;WIDTH:0.56642
G1 X112.841 Y101.879 E2.46164
;WIDTH:0.533977
G1 X113.139 Y101.904 E2.47916
;WIDTH:0.484455
G1 X113.438 Y101.928 E2.49488
G1 E.49488 F2400
G92 E0
G1 X106.877 Y110.568 F7800
G1 E2 F2400
;WIDTH:0.409721
G1 F900
G1 X106.855 Y110.634 E2.003
;WIDTH:0.452775
G1 X106.834 Y110.701 E2.0064
;WIDTH:0.49583
G1 X106.812 Y110.767 E2.01014
;WIDTH:0.538884
G1 X106.791 Y110.834 E2.0143
;WIDTH:0.581938
G1 X106.769 Y110.901 E2.01885
;WIDTH:0.624993
G1 X106.748 Y110.967 E2.02369
G1 X106.719 Y110.903 E2.0286
;WIDTH:0.581938
G1 X106.69 Y110.838 E2.03319
;WIDTH:0.538884
G1 X106.661 Y110.774 E2.03735
;WIDTH:0.49583
G1 X106.633 Y110.709 E2.04116
;WIDTH:0.452775
G1 X106.604 Y110.645 E2.04456
;WIDTH:0.409721
G1 X106.575 Y110.58 E2.04763
;WIDTH:0.414791
G1 X106.472 Y108.933 E2.11975
;WIDTH:0.426153
G1 X106.443 Y108.237 E2.15118
;WIDTH:0.446383
G1 X106.413 Y106.869 E2.21637
;WIDTH:0.44839
G1 X106.409 Y106.347 E2.24137
;WIDTH:0.479679
G1 X106.42 Y105.698 E2.27499
G1 X106.981 Y105.71 E2.30406
G1 X106.829 Y105.974 E2.31984
G1 X106.793 Y106.346 E2.3392
;WIDTH:0.44839
G1 X106.794 Y106.866 E2.36411
;WIDTH:0.446383
G1 X106.805 Y108.229 E2.42905
;WIDTH:0.426153
G1 X106.853 Y109.416 E2.48265
;WIDTH:0.414791
G1 X106.875 Y110.508 E2.53039
G1 E.53039 F2400
G92 E0
G1 X106.861 Y112.774 F7800
G1 E2 F2400
;WIDTH:0.440193
G1 F900
G1 X106.84 Y112.466 E2.01447
;WIDTH:0.482576
G1 X106.819 Y112.159 E2.03052
;WIDTH:0.524959
G1 X106.798 Y111.851 E2.04825
;WIDTH:0.558303
G1 X106.781 Y111.556 E2.06645
;WIDTH:0.591648
G1 X106.764 Y111.262 E2.08582
;WIDTH:0.624993
G1 X106.748 Y110.967 E2.10648
G1 X107.221 Y110.76 F7800
;WIDTH:0.45
G1 F900
G1 X107.221 Y112.774 E2.20335
;WIDTH:0.495974
G1 X107.198 Y112.907 E2.21062
;WIDTH:0.541948
G1 X107.175 Y113.04 E2.21866
;WIDTH:0.587923
G1 X107.152 Y113.173 E2.22747
G1 X107.168 Y113.594 E2.25498
;WIDTH:0.554454
G1 X107.185 Y114.014 E2.28067
;WIDTH:0.520986
G1 X107.202 Y114.435 E2.30467
;WIDTH:0.487518
G1 X107.202 Y116.707 E2.42458
G1 X106.782 Y114.469 E2.54475
;WIDTH:0.520986
G1 X106.732 Y114.051 E2.56872
;WIDTH:0.554454
G1 X106.681 Y113.633 E2.59446
;WIDTH:0.587923
G1 X106.631 Y113.215 E2.62195
G1 X106.589 Y113.084 E2.63093
;WIDTH:0.541948
G1 X106.547 Y112.954 E2.63907
;WIDTH:0.495974
G1 X106.505 Y112.823 E2.64648
;WIDTH:0.45
G1 X106.378 Y111.904 E2.6911
G1 X106.236 Y110.658 E2.75142
G1 X106.135 Y109.454 E2.80953
G1 X106.07 Y108.253 E2.86738
G1 X106.029 Y106.876 E2.93364
G1 X106.024 Y105.128 E3.01771
G1 X106.307 Y105.285 E3.03328
G1 X106.526 Y105.31 E3.04388
G1 X107.405 Y105.31 E3.08616
;WIDTH:0.458139
G1 X108.051 Y105.314 E3.11789
G1 X107.526 Y105.596 E3.14716
;WIDTH:0.45
G1 X107.215 Y106.083 E3.17495
G1 X107.178 Y106.346 E3.18772
G1 X107.178 Y108.951 E3.31301
G1 X107.221 Y109.212 E3.32573
G1 X107.221 Y110.7 E3.3973
G1 E1.3973 F2400
G92 E0
G1 X108.051 Y105.314 F7800
G1 E2 F2400
;WIDTH:0.458139
G1 F900
G1 X108.218 Y105.307 E2.00821
;WIDTH:0.443635
G1 X112.181 Y105.307 E2.19567
G1 X112.65 Y105.933 F7800
;WIDTH:0.45
G1 F3600
G1 X112.598 Y105.867 E2.19971
G1 X112.181 Y105.689 E2.22152
G1 X108.135 Y105.689 E2.41612
G1 X107.803 Y105.865 E2.43419
G1 X107.586 Y106.188 E2.45291
G1 X107.564 Y106.346 E2.46058
G1 X107.564 Y108.951 E2.58587
G1 X107.606 Y109.146 E2.59546
G1 X107.606 Y118.465 E3.04367
G1 X107.268 Y118.357 E3.06074
G1 X107.103 Y118.08 E3.07625
G1 X106.965 Y117.576 E3.10138
G1 X106.67 Y116.121 E3.17278
G1 X106.383 Y114.539 E3.25011
G1 X106.162 Y113.157 E3.31742
G1 X105.995 Y111.952 E3.37593
G1 X105.853 Y110.696 E3.43672
G1 X105.751 Y109.481 E3.49536
G1 X105.684 Y108.269 E3.55374
G1 X105.643 Y106.884 E3.62038
G1 X105.642 Y104.848 E3.7183
G1 X105.626 Y104.56 E3.73217
;WIDTH:0.40996
G1 X105.61 Y104.272 E3.7446
;WIDTH:0.369921
G1 X105.624 Y102.945 E3.79517
;WIDTH:0.405363
G1 X105.657 Y102.507 E3.81385
;WIDTH:0.45
G1 X105.689 Y102.068 E3.83502
G1 X105.745 Y101.884 E3.84427
G1 X105.957 Y101.735 E3.85673
G1 X106.479 Y101.559 E3.88323
G1 X107.104 Y101.454 E3.91371
G1 X107.815 Y101.387 E3.94806
G1 X108.857 Y101.336 E3.99824
G1 X110.12 Y101.319 E4.05899
G1 X111.142 Y101.336 E4.10815
G1 X112.185 Y101.387 E4.15837
G1 X112.896 Y101.454 E4.19272
G1 X113.5 Y101.555 E4.22217
G1 X113.912 Y101.67 E4.24274
G1 X114.233 Y101.856 E4.26058
G1 X114.304 Y102.026 E4.26944
G1 X114.328 Y102.666 E4.30024
G1 X114.278 Y102.547 E4.30645
G1 X114.084 Y102.382 E4.3187
G1 X113.797 Y102.306 E4.33298
G1 X106.562 Y102.306 E4.68096
G1 X106.269 Y102.366 E4.69534
G1 X106.045 Y102.547 E4.70919
G1 X105.983 Y102.752 E4.71949
;WIDTH:0.40538
G1 X105.92 Y102.957 E4.72861
;WIDTH:0.369921
G1 X105.915 Y104.274 E4.7788
;WIDTH:0.40996
G1 X105.98 Y104.479 E4.78807
;WIDTH:0.45
G1 X106.045 Y104.684 E4.79841
G1 X106.394 Y104.909 E4.81838
G1 X106.526 Y104.924 E4.82477
G1 X113.797 Y104.924 E5.17448
G1 X114.174 Y104.785 E5.19381
;WIDTH:0.461043
G1 X114.289 Y104.695 E5.20103
G1 X114.343 Y104.591 E5.20683
G1 X114.364 Y104.872 E5.22077
;WIDTH:0.45
G1 X114.365 Y106.234 E5.28628
G1 X114.341 Y107.564 E5.35026
G1 X114.293 Y108.749 E5.4073
G1 X114.213 Y109.975 E5.46639
G1 X114.12 Y110.964 E5.51417
G1 X113.973 Y112.195 E5.5738
G1 X113.73 Y113.854 E5.65444
G1 X113.436 Y115.558 E5.73761
G1 X113.06 Y117.462 E5.83095
G1 X112.899 Y118.069 E5.86115
G1 X112.766 Y118.322 E5.8749
G1 X112.766 Y109.198 E6.31373
G1 X112.805 Y109.135 E6.31729
G1 X112.835 Y108.95 E6.3263
G1 X112.835 Y106.346 E6.45154
G1 X112.781 Y106.103 E6.46351
G1 X112.686 Y105.98 E6.47098
G1 X112.377 Y106.201 F7800
;TYPE:External perimeter
G1 F1800
G1 X112.32 Y106.134 E6.47521
G1 X112.181 Y106.075 E6.48247
G1 X108.189 Y106.075 E6.67447
G1 X108.004 Y106.211 E6.68551
G1 X107.95 Y106.346 E6.6925
G1 X107.95 Y108.951 E6.81779
G1 X107.992 Y109.072 E6.82395
G1 X107.992 Y118.911 E7.29717
G1 X107.333 Y118.801 E7.3293
G1 X107.13 Y118.719 E7.33983
G1 X106.939 Y118.569 E7.35151
G1 X106.74 Y118.214 E7.37108
G1 X106.59 Y117.665 E7.39845
G1 X106.292 Y116.194 E7.47064
G1 X106.003 Y114.604 E7.54837
G1 X105.78 Y113.214 E7.61608
G1 X105.613 Y112 E7.67502
G1 X105.469 Y110.734 E7.7363
G1 X105.366 Y109.507 E7.79552
G1 X105.299 Y108.285 E7.85438
G1 X105.258 Y106.891 E7.92146
G1 X105.247 Y105.511 E7.98784
G1 X105.29 Y102.385 E8.1382
G1 X105.315 Y101.857 E8.16362
G1 X105.535 Y101.551 E8.18175
G1 X105.891 Y101.338 E8.2017
G1 X106.395 Y101.182 E8.22708
G1 X107.054 Y101.072 E8.25921
G1 X107.787 Y101.003 E8.29462
G1 X108.845 Y100.951 E8.34557
G1 X110.12 Y100.933 E8.4069
G1 X111.155 Y100.951 E8.45669
G1 X112.213 Y101.003 E8.50764
G1 X112.946 Y101.072 E8.54305
G1 X113.564 Y101.175 E8.57318
G1 X114.049 Y101.308 E8.59737
G1 X114.422 Y101.51 E8.61777
G1 X114.673 Y101.818 E8.63688
G1 X114.71 Y102.418 E8.66579
;WIDTH:0.495116
G1 X114.69 Y102.596 E8.67541
;WIDTH:0.540232
G1 X114.671 Y102.774 E8.68603
;WIDTH:0.585349
G1 X114.651 Y102.953 E8.69773
;WIDTH:0.595855
G1 X114.668 Y104.365 E8.79134
G1 X114.695 Y104.534 E8.80268
;WIDTH:0.547236
G1 X114.722 Y104.703 E8.81299
;WIDTH:0.498618
G1 X114.749 Y104.871 E8.82221
;WIDTH:0.45
G1 X114.751 Y106.237 E8.88791
G1 X114.726 Y107.576 E8.95232
G1 X114.678 Y108.769 E9.00975
G1 X114.597 Y110.005 E9.06932
G1 X114.503 Y111.005 E9.11763
G1 X114.356 Y112.246 E9.17774
G1 X114.111 Y113.915 E9.25887
G1 X113.815 Y115.628 E9.34248
G1 X113.435 Y117.549 E9.43666
G1 X113.272 Y118.168 E9.46745
G1 X113.127 Y118.479 E9.48395
G1 X112.974 Y118.655 E9.49517
G1 X112.697 Y118.796 E9.51012
G1 X112.38 Y118.857 E9.52565
G1 X112.38 Y109.119 E9.99401
G1 X112.449 Y108.95 E10.00279
G1 X112.449 Y106.286 E10.13092
G1 X112.416 Y106.247 E10.13338
G1 X112.049 Y106.087 F7800
M106 S221.85
;LAYER_CHANGE
;Z:11.75
;HEIGHT:0.3
G1 E8.13338 F2400
G92 E0
G1 Z11.75 F7800
G1 X112.753 Y121.11
G1 E2 F2400
;TYPE:Support material
;WIDTH:0.35
G1 F3600
G1 X107.247 Y121.11 E2.19615
G1 X107.247 Y119.479 E2.25425
G1 X107.974 Y119.608 E2.28055
G1 X109.917 Y119.685 E2.34982
G1 X111.788 Y119.625 E2.41651
G1 X112.753 Y119.479 E2.45128
G1 X112.753 Y121.067 E2.50785
G1 E.50785 F2400
G92 E0
G1 X111.571 Y119.45 F7800
G1 E2 F2400
;TYPE:Support material interface
G1 F3600
G1 X111.571 Y115.571 E2.13819
G1 X111.285 Y115.571 E2.14838
G1 X111.285 Y119.466 E2.28714
G1 X109.286 Y119.486 F7800
G1 F3600
G1 X109.286 Y115.571 E2.42661
G1 X109 Y115.571 E2.4368
G1 X109 Y119.349 E2.57139
G1 X108.715 Y119.337 E2.58155
G1 X108.715 Y115.443 E2.72027
G1 E.72027 F2400
G92 E0
G1 X111.571 Y112.914 F7800
G1 E2 F2400
G1 F3600
G1 X111.571 Y108.789 E2.14695
G1 X111.285 Y108.789 E2.15714
G1 X111.285 Y112.786 E2.29953
G1 X111.035 Y112.786 E2.30844
G1 X111 Y108.661 E2.45539
G1 X111.824 Y106.7 F7800
;TYPE:Support material
G1 F3600
G1 X111.824 Y108.471 E2.51848
G1 X110.45 Y108.471 E2.56743
G1 X110.325 Y108.596 E2.57373
G1 X110.047 Y108.596 E2.58363
G1 X109.922 Y108.471 E2.58993
G1 X108.575 Y108.471 E2.63792
G1 X108.575 Y106.7 E2.70101
G1 X111.781 Y106.7 E2.81522
G1 X111.696 Y107.214 F7800
G1 F3600
G1 X108.703 Y107.214 E2.92184
G1 X108.715 Y108.661 F7800
;TYPE:Support material interface
G1 F3600
G1 X108.715 Y110 E2.96954
G1 X109 Y110 E2.97969
G1 X109 Y108.789 E3.02283
G1 X109.286 Y108.789 E3.03302
G1 X109.286 Y110.129 E3.08076
G1 E1.08076 F2400
G92 E0
G1 X107.182 Y103.914 F7800
G1 E2 F2400
;TYPE:Support material
G1 F3600
G1 X106.944 Y103.914 E2.00848
G1 X106.944 Y103.317 E2.02975
G1 X107.182 Y103.317 E2.03823
G1 X107.182 Y103.871 E2.05797
G1 E.05797 F2400
G92 E0
G1 X113.379 Y103.855 F7800
G1 E2 F2400
G1 F3600
G1 X113.379 Y103.914 E2.0021
G1 X112.818 Y103.914 E2.02209
G1 X112.818 Y103.317 E2.04336
G1 X113.379 Y103.317 E2.06335
G1 X113.379 Y103.812 E2.08098
G1 E.08098 F2400
G92 E0
G1 X109.961 Y109.253 F7800
G1 E2 F2400
;TYPE:External perimeter
;WIDTH:0.513531
G1 F900
G1 X110.411 Y109.253 E2.02521
G1 X110.411 Y118.984 E2.57035
G1 X109.961 Y118.987 E2.59556
G1 X109.961 Y109.313 E3.1375
G1 X110.357 Y109.254 F7800
G1 E1.1375 F2400
G92 E0
G1 X106.374 Y102.824 F7800
G1 E2 F2400
;WIDTH:0.45
G1 F900
G1 X106.427 Y102.741 E2.00474
G1 X106.555 Y102.692 E2.01133
G1 X113.768 Y102.692 E2.35825
G1 X113.904 Y102.748 E2.36532
;WIDTH:0.489978
G1 X113.967 Y102.818 E2.37032
;WIDTH:0.529956
G1 X114.03 Y102.887 E2.37575
;WIDTH:0.569935
G1 X114.093 Y102.957 E2.38169
;WIDTH:0.582632
G1 X114.099 Y104.274 E2.46682
G1 X114.06 Y104.321 E2.47077
;WIDTH:0.542576
G1 X114.02 Y104.368 E2.47445
;WIDTH:0.50252
G1 X113.981 Y104.415 E2.47779
;WIDTH:0.462464
G1 X113.768 Y104.539 E2.49003
;WIDTH:0.45
G1 X106.555 Y104.539 E2.83695
G1 X106.419 Y104.482 E2.84404
G1 X106.291 Y104.292 E2.85506
G1 X106.29 Y102.953 E2.91946
G1 X106.341 Y102.874 E2.92398
G1 X106.701 Y102.701 F7800
G1 X105.808 Y103.937
;TYPE:Perimeter
;WIDTH:0.643661
G1 F900
G1 X105.816 Y102.957 E2.99479
;WIDTH:0.626456
G1 X105.816 Y102.945 E2.99563
G1 X106.108 Y102.073 F7800
;WIDTH:0.387853
G1 F900
G1 X106.296 Y101.989 E3.00394
;WIDTH:0.415511
G1 X106.457 Y101.956 E3.01114
;WIDTH:0.443169
G1 X106.618 Y101.924 E3.0189
;WIDTH:0.49287
G1 X106.911 Y101.899 E3.03462
;WIDTH:0.542571
G1 X107.204 Y101.874 E3.05216
;WIDTH:0.575197
G1 X107.542 Y101.858 E3.07372
;WIDTH:0.607823
G1 X107.881 Y101.842 E3.09672
;WIDTH:0.633207
G1 X108.385 Y101.829 E3.13249
;WIDTH:0.65859
G1 X108.889 Y101.816 E3.16986
;WIDTH:0.675489
G1 X111.109 Y101.816 E3.33907
;WIDTH:0.658669
G1 X111.614 Y101.829 E3.37651
;WIDTH:0.633251
G1 X112.119 Y101.842 E3.41235
;WIDTH:0.607833
G1 X112.458 Y101.858 E3.43535
;WIDTH:0.575205
G1 X112.796 Y101.874 E3.45691
;WIDTH:0.542577
G1 X113.089 Y101.899 E3.47445
;WIDTH:0.492874
G1 X113.382 Y101.924 E3.49017
G1 E1.49017 F2400
G92 E0
G1 X106.096 Y102.548 F7800
G1 E2 F2400
;WIDTH:0.494088
G1 F900
G1 X106.064 Y102.592 E2.00292
;WIDTH:0.538177
G1 X105.982 Y102.71 E2.01141
;WIDTH:0.582266
G1 X105.899 Y102.828 E2.02073
;WIDTH:0.626355
G1 X105.816 Y102.945 E2.03078
G1 X105.797 Y102.81 E2.04034
;WIDTH:0.582266
G1 X105.777 Y102.674 E2.04922
;WIDTH:0.538177
G1 X105.757 Y102.539 E2.05728
;WIDTH:0.494088
G1 X105.738 Y102.403 E2.06464
;WIDTH:0.45
G1 X105.752 Y102.06 E2.08115
G1 X105.809 Y101.878 E2.09032
G1 X105.981 Y101.747 E2.10072
G1 X106.532 Y101.551 E2.12885
G1 X107.146 Y101.446 E2.15881
G1 X107.847 Y101.378 E2.19268
G1 X108.874 Y101.327 E2.24214
G1 X110.098 Y101.31 E2.30102
G1 X111.126 Y101.327 E2.35047
G1 X112.153 Y101.378 E2.39993
G1 X112.854 Y101.446 E2.4338
G1 X113.447 Y101.547 E2.46273
G1 X113.853 Y101.662 E2.48303
G1 X114.169 Y101.85 E2.50071
G1 X114.242 Y102.021 E2.50965
G1 X114.248 Y102.547 E2.53495
G1 X114.033 Y102.37 E2.54834
G1 X113.768 Y102.306 E2.56145
G1 X107.204 Y102.306 E2.87716
G1 X106.394 Y102.329 E2.91613
G1 X106.147 Y102.475 E2.92993
;WIDTH:0.494088
G1 X106.13 Y102.499 E2.93151
G1 E.93151 F2400
G92 E0
G1 X113.13 Y115.087 F7800
G1 E2 F2400
;WIDTH:0.448933
G1 F900
G1 X113.151 Y114.836 E2.01208
;WIDTH:0.491351
G1 X113.172 Y114.584 E2.02555
;WIDTH:0.533769
G1 X113.193 Y114.333 E2.0403
;WIDTH:0.576187
G1 X113.215 Y114.081 E2.05645
;WIDTH:0.618605
G1 X113.236 Y113.83 E2.07386
G1 E.07386 F2400
G92 E0
G1 X113.504 Y105.735 F7800
G1 E2 F2400
;WIDTH:0.528175
G1 F900
G1 X113.527 Y105.938 E2.01182
;WIDTH:0.481186
G1 X113.551 Y106.142 E2.0225
;WIDTH:0.434197
G1 X113.575 Y106.346 E2.03197
;WIDTH:0.387209
G1 X113.566 Y107.558 E2.08077
;WIDTH:0.369031
G1 X113.565 Y107.616 E2.08297
G1 E.08297 F2400
G92 E0
G1 X113.175 Y111.531 F7800
G1 E2 F2400
;WIDTH:0.497892
G1 F900
G1 X113.175 Y111.528 E2.00016
;WIDTH:0.533324
G1 X113.193 Y110.915 E2.03603
;WIDTH:0.577307
G1 X113.215 Y109.938 E2.09855
;WIDTH:0.595132
G1 X113.238 Y109.284 E2.14187
G1 X113.286 Y108.729 E2.17875
;WIDTH:0.593869
G1 X113.292 Y108.015 E2.2259
G1 X113.268 Y107.882 E2.23483
;WIDTH:0.545912
G1 X113.244 Y107.749 E2.24295
;WIDTH:0.497956
G1 X113.22 Y107.616 E2.25026
;WIDTH:0.45
G1 X113.22 Y106.346 E2.31134
G1 X113.122 Y105.921 E2.33232
G1 X112.873 Y105.596 E2.35201
G1 X112.181 Y105.307 E2.38808
G1 X113.768 Y105.31 E2.46441
G1 X113.926 Y105.254 E2.47247
G1 X113.911 Y107.563 E2.58353
;WIDTH:0.497956
G1 X113.881 Y107.717 E2.59201
;WIDTH:0.545912
G1 X113.851 Y107.871 E2.60143
;WIDTH:0.593869
G1 X113.822 Y108.025 E2.61178
G1 X113.802 Y108.745 E2.65935
;WIDTH:0.595132
G1 X113.727 Y109.961 E2.74
;WIDTH:0.577307
G1 X113.66 Y110.942 E2.80291
;WIDTH:0.533324
G1 X113.608 Y111.55 E2.8386
;WIDTH:0.497892
G1 X113.555 Y112.158 E2.8716
;WIDTH:0.462461
G1 X113.485 Y112.805 E2.90391
;WIDTH:0.416381
G1 X113.416 Y113.452 E2.93248
;WIDTH:0.417385
G1 X113.382 Y113.523 E2.93595
;WIDTH:0.464468
G1 X113.348 Y113.594 E2.93988
;WIDTH:0.511552
G1 X113.314 Y113.665 E2.94427
;WIDTH:0.558635
G1 X113.28 Y113.736 E2.94912
;WIDTH:0.605719
G1 X113.246 Y113.807 E2.95444
G1 X113.219 Y113.731 E2.95989
;WIDTH:0.558635
G1 X113.192 Y113.656 E2.9648
;WIDTH:0.511552
G1 X113.165 Y113.581 E2.96925
;WIDTH:0.464468
G1 X113.139 Y113.506 E2.97321
;WIDTH:0.417385
G1 X113.112 Y113.431 E2.97672
;WIDTH:0.416381
G1 X113.135 Y112.786 E3.00506
;WIDTH:0.462461
G1 X113.158 Y112.14 E3.03715
;WIDTH:0.497892
G1 X113.174 Y111.591 E3.06685
G1 E1.06685 F2400
G92 E0
G1 X106.461 Y105.686 F7800
G1 E2 F2400
;WIDTH:0.458016
G1 F900
G1 X106.996 Y105.699 E2.02627
G1 X106.847 Y105.953 E2.04073
G1 X106.806 Y106.346 E2.06013
;WIDTH:0.423913
G1 X106.806 Y106.871 E2.08367
;WIDTH:0.422936
G1 X106.815 Y108.247 E2.14521
;WIDTH:0.404892
G1 X106.862 Y109.437 E2.19579
;WIDTH:0.395347
G1 X106.878 Y110.215 E2.22791
;WIDTH:0.408535
G1 X106.856 Y110.281 E2.2309
;WIDTH:0.453095
G1 X106.834 Y110.348 E2.23432
;WIDTH:0.497654
G1 X106.811 Y110.415 E2.23815
;WIDTH:0.542214
G1 X106.789 Y110.481 E2.2423
;WIDTH:0.586773
G1 X106.767 Y110.548 E2.24689
;WIDTH:0.631333
G1 X106.744 Y110.614 E2.25183
G1 X106.717 Y110.55 E2.25674
;WIDTH:0.586773
G1 X106.689 Y110.485 E2.26135
;WIDTH:0.542214
G1 X106.662 Y110.421 E2.26549
;WIDTH:0.497654
G1 X106.634 Y110.356 E2.26931
;WIDTH:0.453095
G1 X106.607 Y110.291 E2.27272
;WIDTH:0.408535
G1 X106.579 Y110.227 E2.27572
;WIDTH:0.386732
G1 X106.502 Y108.959 E2.32679
;WIDTH:0.404892
G1 X106.475 Y108.254 E2.35675
;WIDTH:0.422936
G1 X106.448 Y106.873 E2.41852
;WIDTH:0.423913
G1 X106.446 Y106.346 E2.44215
;WIDTH:0.458016
G1 X106.459 Y105.746 E2.47161
G1 E.47161 F2400
G92 E0
G1 X106.862 Y112.595 F7800
G1 E2 F2400
;WIDTH:0.444822
G1 F900
G1 X106.838 Y112.236 E2.01707
;WIDTH:0.493279
G1 X106.813 Y111.876 E2.03637
;WIDTH:0.538243
G1 X106.791 Y111.468 E2.06052
;WIDTH:0.583208
G1 X106.768 Y111.061 E2.0869
;WIDTH:0.628173
G1 X106.746 Y110.654 E2.11556
;WIDTH:0.631333
G1 X106.744 Y110.614 E2.11839
G1 X107.221 Y110.76 F7800
;WIDTH:0.45
G1 F900
G1 X107.221 Y112.595 E2.20665
;WIDTH:0.494517
G1 X107.198 Y112.756 E2.21538
;WIDTH:0.539034
G1 X107.176 Y112.916 E2.22494
;WIDTH:0.583551
G1 X107.154 Y113.077 E2.23546
G1 X107.173 Y113.555 E2.26644
;WIDTH:0.546126
G1 X107.191 Y114.033 E2.29518
;WIDTH:0.508701
G1 X107.21 Y114.512 E2.32175
;WIDTH:0.471276
G1 X107.21 Y116.727 E2.43416
G1 X106.806 Y114.544 E2.54683
;WIDTH:0.508701
G1 X106.75 Y114.069 E2.57334
;WIDTH:0.546126
G1 X106.694 Y113.593 E2.60214
;WIDTH:0.583551
G1 X106.638 Y113.117 E2.63318
G1 X106.594 Y112.959 E2.6438
;WIDTH:0.539034
G1 X106.55 Y112.801 E2.65351
;WIDTH:0.494517
G1 X106.506 Y112.643 E2.66231
;WIDTH:0.45
G1 X106.273 Y110.699 E2.75648
G1 X106.174 Y109.472 E2.81569
G1 X106.112 Y108.268 E2.87367
G1 X106.076 Y106.879 E2.9405
G1 X106.075 Y105.147 E3.0238
G1 X106.29 Y105.273 E3.03579
G1 X106.555 Y105.31 E3.04866
G1 X107.405 Y105.31 E3.08954
;WIDTH:0.458139
G1 X108.051 Y105.314 E3.12127
G1 X107.526 Y105.596 E3.15054
;WIDTH:0.45
G1 X107.22 Y106.066 E3.17751
G1 X107.178 Y106.346 E3.19113
G1 X107.178 Y108.95 E3.31637
G1 X107.221 Y109.213 E3.32919
G1 X107.221 Y110.7 E3.40071
G1 E1.40071 F2400
G92 E0
G1 X108.051 Y105.314 F7800
G1 E2 F2400
;WIDTH:0.458139
G1 F900
G1 X108.218 Y105.307 E2.00821
;WIDTH:0.443579
G1 X112.181 Y105.307 E2.19564
G1 X112.65 Y105.932 F7800
;WIDTH:0.45
G1 F3600
G1 X112.596 Y105.865 E2.19978
G1 X112.181 Y105.689 E2.22146
G1 X108.135 Y105.689 E2.41606
G1 X107.803 Y105.865 E2.43413
G1 X107.589 Y106.178 E2.45237
G1 X107.564 Y106.346 E2.46054
G1 X107.564 Y108.95 E2.58578
G1 X107.606 Y109.147 E2.59547
G1 X107.606 Y118.49 E3.04484
G1 X107.28 Y118.385 E3.06131
G1 X107.117 Y118.11 E3.07669
G1 X106.981 Y117.605 E3.10184
G1 X106.682 Y116.106 E3.17536
G1 X106.415 Y114.611 E3.2484
G1 X106.19 Y113.18 E3.31807
G1 X106.026 Y111.973 E3.37666
G1 X105.889 Y110.736 E3.43652
G1 X105.789 Y109.497 E3.49631
G1 X105.727 Y108.283 E3.55478
G1 X105.69 Y106.885 E3.62204
G1 X105.693 Y104.939 E3.71564
G1 X105.676 Y104.658 E3.72918
;WIDTH:0.406029
G1 X105.659 Y104.377 E3.74118
;WIDTH:0.408991
G1 X105.684 Y104.304 E3.7445
;WIDTH:0.455925
G1 X105.709 Y104.231 E3.74827
;WIDTH:0.502859
G1 X105.733 Y104.157 E3.75252
;WIDTH:0.549793
G1 X105.758 Y104.084 E3.75719
;WIDTH:0.596727
G1 X105.783 Y104.011 E3.76231
;WIDTH:0.643661
G1 X105.808 Y103.937 E3.76795
G1 X105.874 Y104.124 E3.78228
;WIDTH:0.595245
G1 X105.941 Y104.311 E3.79543
;WIDTH:0.54683
G1 X106.008 Y104.497 E3.80733
;WIDTH:0.498415
G1 X106.075 Y104.684 E3.81808
;WIDTH:0.45
G1 X106.396 Y104.902 E3.83674
G1 X106.555 Y104.924 E3.84446
G1 X113.768 Y104.924 E4.19138
G1 X114.133 Y104.795 E4.21
;WIDTH:0.462464
G1 X114.287 Y104.647 E4.2206
G1 X114.31 Y104.879 E4.23218
;WIDTH:0.45
G1 X114.316 Y106.244 E4.29783
G1 X114.296 Y107.577 E4.36195
G1 X114.252 Y108.764 E4.41908
G1 X114.175 Y109.992 E4.47826
G1 X114.086 Y110.983 E4.52612
G1 X113.943 Y112.217 E4.58587
G1 X113.704 Y113.878 E4.66658
G1 X113.488 Y115.148 E4.72854
;WIDTH:0.494699
G1 X113.442 Y115.29 E4.73655
;WIDTH:0.539398
G1 X113.395 Y115.431 E4.74536
;WIDTH:0.584097
G1 X113.348 Y115.573 E4.75506
G1 X112.978 Y117.476 E4.88073
G1 X112.833 Y118.035 E4.91816
G1 X112.833 Y115.526 E5.0808
G1 X112.811 Y115.38 E5.09037
;WIDTH:0.539398
G1 X112.788 Y115.234 E5.09913
;WIDTH:0.494699
G1 X112.766 Y115.087 E5.10711
;WIDTH:0.45
G1 X112.766 Y109.199 E5.3903
G1 X112.804 Y109.136 E5.39384
G1 X112.835 Y108.951 E5.40286
G1 X112.835 Y106.346 E5.52815
G1 X112.776 Y106.091 E5.54074
G1 X112.687 Y105.979 E5.54762
G1 X112.377 Y106.201 F7800
;TYPE:External perimeter
G1 F1800
G1 X112.319 Y106.133 E5.55192
G1 X112.181 Y106.075 E5.55912
G1 X108.189 Y106.075 E5.75112
G1 X108.004 Y106.211 E5.76216
G1 X107.95 Y106.346 E5.76915
G1 X107.95 Y108.95 E5.89439
G1 X107.992 Y109.073 E5.90064
G1 X107.992 Y118.937 E6.37506
G1 X107.342 Y118.828 E6.40676
G1 X107.14 Y118.747 E6.41723
G1 X106.95 Y118.596 E6.4289
G1 X106.753 Y118.242 E6.44839
G1 X106.605 Y117.692 E6.47578
G1 X106.303 Y116.178 E6.55003
G1 X106.035 Y114.675 E6.62346
G1 X105.808 Y113.236 E6.69353
G1 X105.644 Y112.02 E6.75254
G1 X105.506 Y110.772 E6.81293
G1 X105.405 Y109.523 E6.8732
G1 X105.341 Y108.298 E6.9322
G1 X105.304 Y106.891 E6.9999
G1 X105.299 Y105.432 E7.07007
G1 X105.352 Y102.397 E7.21607
G1 X105.378 Y101.856 E7.24212
G1 X105.597 Y101.546 E7.26038
G1 X105.948 Y101.332 E7.28015
G1 X106.446 Y101.175 E7.30526
G1 X107.095 Y101.064 E7.33693
G1 X107.819 Y100.994 E7.37191
G1 X108.861 Y100.941 E7.42209
G1 X110.098 Y100.924 E7.48159
G1 X111.139 Y100.941 E7.53167
G1 X112.181 Y100.994 E7.58185
G1 X112.905 Y101.064 E7.61683
G1 X113.512 Y101.167 E7.64644
G1 X113.992 Y101.301 E7.67041
G1 X114.36 Y101.506 E7.69067
G1 X114.611 Y101.817 E7.70989
G1 X114.649 Y102.431 E7.73948
;WIDTH:0.489978
G1 X114.632 Y102.604 E7.74871
;WIDTH:0.529956
G1 X114.615 Y102.778 E7.75886
;WIDTH:0.569935
G1 X114.599 Y102.952 E7.76988
;WIDTH:0.582632
G1 X114.619 Y104.361 E7.86097
G1 X114.645 Y104.533 E7.87221
;WIDTH:0.538421
G1 X114.67 Y104.705 E7.88249
;WIDTH:0.49421
G1 X114.696 Y104.877 E7.89182
;WIDTH:0.45
G1 X114.702 Y106.246 E7.95766
G1 X114.682 Y107.587 E8.02216
G1 X114.637 Y108.783 E8.07972
G1 X114.56 Y110.022 E8.13943
G1 X114.47 Y111.023 E8.18777
G1 X114.325 Y112.266 E8.24796
G1 X114.085 Y113.938 E8.3292
G1 X113.794 Y115.654 E8.41291
G1 X113.42 Y117.576 E8.50709
G1 X113.259 Y118.196 E8.5379
G1 X113.115 Y118.507 E8.55438
G1 X112.963 Y118.682 E8.56553
G1 X112.687 Y118.823 E8.58044
G1 X112.38 Y118.883 E8.59548
G1 X112.38 Y109.119 E9.06509
G1 X112.449 Y108.951 E9.07383
G1 X112.449 Y106.283 E9.20215
G1 X112.417 Y106.246 E9.2045
G1 X112.05 Y106.087 F7800
;LAYER_CHANGE
;Z:12.05
;HEIGHT:0.3
G1 E7.2045 F2400
G92 E0
G1 Z12.05 F7800
G1 X109.286 Y119.486
G1 E2 F2400
;TYPE:Support material interface
;WIDTH:0.35
G1 F3600
G1 X109.286 Y115.571 E2.13947
G1 X109 Y115.571 E2.14966
G1 X109 Y119.349 E2.28425
G1 X108.715 Y119.337 E2.29441
G1 X108.715 Y115.443 E2.43313
G1 E.43313 F2400
G92 E0
G1 X111.571 Y112.914 F7800
G1 E2 F2400
G1 F3600
G1 X111.571 Y108.789 E2.14695
G1 X111.285 Y108.789 E2.15714
G1 X111.285 Y112.786 E2.29953
G1 X111.035 Y112.786 E2.30844
G1 X111 Y108.661 E2.45539
G1 X111.824 Y108.471 F7800
;TYPE:Support material
G1 F3600
G1 X110.45 Y108.471 E2.50434
G1 X110.325 Y108.596 E2.51064
G1 X110.047 Y108.596 E2.52054
G1 X109.922 Y108.471 E2.52684
G1 X108.575 Y108.471 E2.57483
G1 X108.575 Y106.7 E2.63792
G1 X111.824 Y106.7 E2.75366
G1 X111.824 Y108.429 E2.81525
G1 X111.696 Y107.214 F7800
G1 F3600
G1 X108.703 Y107.214 E2.92187
G1 X108.715 Y108.661 F7800
;TYPE:Support material interface
G1 F3600
G1 X108.715 Y110 E2.96957
G1 X109 Y110 E2.97972
G1 X109 Y108.789 E3.02286
G1 X109.286 Y108.789 E3.03305
G1 X109.286 Y110.129 E3.08079
G1 E1.08079 F2400
G92 E0
G1 X107.182 Y103.914 F7800
G1 E2 F2400
;TYPE:Support material
G1 F3600
G1 X106.974 Y103.914 E2.00741
G1 X106.974 Y103.317 E2.02868
G1 X107.182 Y103.317 E2.03609
G1 X107.182 Y103.871 E2.05583
G1 E.05583 F2400
G92 E0
G1 X113.35 Y103.914 F7800
G1 E2 F2400
G1 F3600
G1 X112.818 Y103.914 E2.01895
G1 X112.818 Y103.317 E2.04022
G1 X113.35 Y103.317 E2.05917
G1 X113.35 Y103.871 E2.07891
G1 E.07891 F2400
G92 E0
G1 X111.571 Y119.45 F7800
G1 E2 F2400
;TYPE:Support material interface
G1 F3600
G1 X111.571 Y115.571 E2.13819
G1 X111.285 Y115.571 E2.14838
G1 X111.285 Y119.466 E2.28714
G1 E.28714 F2400
G92 E0
G1 X107.264 Y119.502 F7800
G1 E2 F2400
;TYPE:Support material
G1 F3600
G1 X108.36 Y119.642 E2.03936
G1 X110 Y119.69 E2.09781
G1 X112.022 Y119.611 E2.1699
G1 X112.753 Y119.498 E2.19625
G1 X112.753 Y121.11 E2.25368
G1 X107.247 Y121.11 E2.44983
G1 X107.247 Y119.523 E2.50637
G1 E.50637 F2400
G92 E0
G1 X109.961 Y109.253 F7800
G1 E2 F2400
;TYPE:External perimeter
;WIDTH:0.513532
G1 F900
G1 X110.411 Y109.253 E2.02521
G1 X110.411 Y119.007 E2.57163
G1 X109.961 Y119.01 E2.59684
G1 X109.961 Y109.313 E3.14007
G1 X110.357 Y109.254 F7800
G1 E1.14007 F2400
G92 E0
G1 X106.402 Y102.823 F7800
G1 E2 F2400
;WIDTH:0.45
G1 F900
G1 X106.448 Y102.748 E2.00423
G1 X106.584 Y102.692 E2.0113
G1 X113.739 Y102.692 E2.35543
G1 X113.875 Y102.748 E2.3625
;WIDTH:0.48526
G1 X113.935 Y102.818 E2.36734
;WIDTH:0.52052
G1 X113.996 Y102.887 E2.37258
;WIDTH:0.555781
G1 X114.057 Y102.957 E2.37827
;WIDTH:0.570558
G1 X114.064 Y104.274 E2.46142
G1 X114.027 Y104.321 E2.4652
;WIDTH:0.534822
G1 X113.989 Y104.368 E2.46875
;WIDTH:0.499087
G1 X113.952 Y104.415 E2.47199
;WIDTH:0.463352
G1 X113.739 Y104.539 E2.48425
;WIDTH:0.45
G1 X106.584 Y104.539 E2.82838
G1 X106.448 Y104.482 E2.83547
G1 X106.319 Y104.3 E2.8462
G1 X106.319 Y102.957 E2.91079
G1 X106.37 Y102.874 E2.91548
G1 X106.731 Y102.701 F7800
G1 X105.849 Y104.376
;TYPE:Perimeter
;WIDTH:0.634381
G1 F900
G1 X105.847 Y104.274 E2.92273
;WIDTH:0.624429
G1 X105.86 Y102.957 E3.01473
;WIDTH:0.597807
G1 X105.86 Y102.944 E3.01559
G1 X106.169 Y102.061 F7800
;WIDTH:0.396358
G1 F900
G1 X106.377 Y101.997 E3.0246
;WIDTH:0.425957
G1 X106.584 Y101.933 E3.03437
;WIDTH:0.467489
G1 X106.805 Y101.912 E3.04553
;WIDTH:0.509022
G1 X107.026 Y101.891 E3.05784
;WIDTH:0.550555
G1 X107.246 Y101.87 E3.07124
;WIDTH:0.583338
G1 X107.579 Y101.854 E3.09282
;WIDTH:0.616123
G1 X107.913 Y101.838 E3.11583
;WIDTH:0.64167
G1 X108.409 Y101.825 E3.15156
;WIDTH:0.667217
G1 X108.906 Y101.812 E3.18894
;WIDTH:0.684261
G1 X111.093 Y101.812 E3.35803
;WIDTH:0.667281
G1 X111.59 Y101.825 E3.39542
;WIDTH:0.641701
G1 X112.087 Y101.838 E3.43122
;WIDTH:0.616121
G1 X112.421 Y101.854 E3.45423
;WIDTH:0.583338
G1 X112.754 Y101.87 E3.47581
;WIDTH:0.550555
G1 X113.042 Y101.895 E3.49334
;WIDTH:0.500717
G1 X113.329 Y101.92 E3.50902
G1 E1.50902 F2400
G92 E0
G1 X106.126 Y102.55 F7800
G1 E2 F2400
;WIDTH:0.499224
G1 F900
G1 X106.071 Y102.631 E2.00531
;WIDTH:0.548448
G1 X105.965 Y102.787 E2.0167
;WIDTH:0.597673
G1 X105.86 Y102.944 E2.02926
G1 X105.839 Y102.768 E2.04105
;WIDTH:0.548448
G1 X105.818 Y102.592 E2.05175
;WIDTH:0.499224
G1 X105.797 Y102.416 E2.06136
;WIDTH:0.45
G1 X105.817 Y101.969 E2.08288
G1 X105.902 Y101.841 E2.09027
G1 X106.178 Y101.67 E2.10589
G1 X106.582 Y101.544 E2.12624
G1 X107.187 Y101.438 E2.15578
G1 X107.878 Y101.37 E2.18918
G1 X108.89 Y101.318 E2.23792
G1 X110.079 Y101.301 E2.29511
G1 X111.11 Y101.318 E2.3447
G1 X112.122 Y101.37 E2.39344
G1 X112.813 Y101.438 E2.42684
G1 X113.396 Y101.54 E2.45531
G1 X113.795 Y101.656 E2.4753
G1 X114.109 Y101.844 E2.4929
G1 X114.181 Y102.014 E2.50178
G1 X114.206 Y102.534 E2.52682
G1 X113.983 Y102.36 E2.54042
G1 X113.739 Y102.306 E2.55244
G1 X107.246 Y102.306 E2.86473
G1 X106.433 Y102.327 E2.90385
G1 X106.176 Y102.475 E2.91811
;WIDTH:0.499224
G1 X106.159 Y102.5 E2.91975
G1 E.91975 F2400
G92 E0
G1 X113.1 Y115.352 F7800
G1 E2 F2400
;WIDTH:0.392633
G1 F900
G1 X113.123 Y115.075 E2.01138
;WIDTH:0.437743
G1 X113.145 Y114.798 E2.02432
;WIDTH:0.482853
G1 X113.168 Y114.521 E2.03883
;WIDTH:0.527963
G1 X113.19 Y114.244 E2.0549
;WIDTH:0.573073
G1 X113.213 Y113.966 E2.0726
;WIDTH:0.618183
G1 X113.236 Y113.689 E2.0918
G1 E.0918 F2400
G92 E0
G1 X113.527 Y105.716 F7800
G1 E2 F2400
;WIDTH:0.490911
G1 F900
G1 X113.5 Y105.762 E2.00284
G1 X113.447 Y105.762 E2.00566
G1 X113.42 Y105.716 E2.0085
G1 X113.447 Y105.67 E2.01134
G1 X113.5 Y105.67 E2.01416
G1 E.01416 F2400
G92 E0
G1 X113.168 Y111.533 F7800
G1 E2 F2400
;WIDTH:0.49574
G1 F900
G1 X113.174 Y111.305 E2.01227
;WIDTH:0.528757
G1 X113.191 Y110.69 E2.0479
;WIDTH:0.567881
G1 X113.21 Y109.72 E2.10883
G1 X113.271 Y108.95 E2.15734
;WIDTH:0.580981
G1 X113.286 Y107.566 E2.24652
;WIDTH:0.588135
G1 X113.29 Y106.274 E2.33092
G1 X113.231 Y106.15 E2.33989
;WIDTH:0.54209
G1 X113.172 Y106.026 E2.34807
;WIDTH:0.496045
G1 X113.113 Y105.903 E2.35541
;WIDTH:0.45
G1 X112.873 Y105.596 E2.37415
G1 X112.181 Y105.307 E2.41022
G1 X113.739 Y105.31 E2.48515
G1 X113.876 Y105.263 E2.49212
G1 X113.879 Y105.713 E2.51376
;WIDTH:0.496045
G1 X113.857 Y105.925 E2.52524
;WIDTH:0.54209
G1 X113.835 Y106.137 E2.53794
;WIDTH:0.588135
G1 X113.813 Y106.349 E2.55186
G1 X113.803 Y107.57 E2.63163
;WIDTH:0.580981
G1 X113.76 Y108.859 E2.71473
;WIDTH:0.567881
G1 X113.654 Y110.715 E2.83148
;WIDTH:0.528757
G1 X113.605 Y111.325 E2.86692
;WIDTH:0.49574
G1 X113.555 Y111.935 E2.89985
;WIDTH:0.462723
G1 X113.485 Y112.623 E2.93421
;WIDTH:0.416157
G1 X113.415 Y113.311 E2.96455
;WIDTH:0.419309
G1 X113.379 Y113.387 E2.96827
;WIDTH:0.469027
G1 X113.343 Y113.462 E2.97247
;WIDTH:0.518746
G1 X113.307 Y113.538 E2.97724
;WIDTH:0.568464
G1 X113.271 Y113.614 E2.98253
;WIDTH:0.618183
G1 X113.236 Y113.689 E2.98825
G1 X113.211 Y113.609 E2.99404
;WIDTH:0.568464
G1 X113.186 Y113.53 E2.99925
;WIDTH:0.518746
G1 X113.161 Y113.45 E3.004
;WIDTH:0.469027
G1 X113.136 Y113.37 E3.00823
;WIDTH:0.419309
G1 X113.111 Y113.29 E3.01194
;WIDTH:0.416157
G1 X113.135 Y112.605 E3.04201
;WIDTH:0.462723
G1 X113.158 Y111.919 E3.07611
;WIDTH:0.49574
G1 X113.167 Y111.593 E3.09366
G1 E1.09366 F2400
G92 E0
G1 X106.498 Y105.683 F7800
G1 E2 F2400
;WIDTH:0.437847
G1 F900
G1 X107.01 Y105.689 E2.02385
G1 X106.864 Y105.933 E2.03709
G1 X106.818 Y106.346 E2.05645
;WIDTH:0.40019
G1 X106.818 Y107.117 E2.08874
;WIDTH:0.398955
G1 X106.827 Y108.39 E2.14186
;WIDTH:0.382195
G1 X106.87 Y109.301 E2.17801
;WIDTH:0.379333
G1 X106.878 Y109.808 E2.19793
;WIDTH:0.4087
G1 X106.856 Y109.874 E2.20092
;WIDTH:0.453104
G1 X106.834 Y109.941 E2.20434
;WIDTH:0.497508
G1 X106.811 Y110.007 E2.20812
;WIDTH:0.541912
G1 X106.789 Y110.074 E2.21232
;WIDTH:0.586316
G1 X106.767 Y110.141 E2.21691
;WIDTH:0.63072
G1 X106.745 Y110.207 E2.22182
G1 X106.717 Y110.143 E2.22675
;WIDTH:0.586316
G1 X106.689 Y110.078 E2.23136
;WIDTH:0.541912
G1 X106.662 Y110.014 E2.2355
;WIDTH:0.497508
G1 X106.634 Y109.949 E2.23932
;WIDTH:0.453104
G1 X106.606 Y109.885 E2.24271
;WIDTH:0.4087
G1 X106.579 Y109.82 E2.24573
;WIDTH:0.368822
G1 X106.531 Y108.958 E2.27851
;WIDTH:0.382195
G1 X106.509 Y108.396 E2.3008
;WIDTH:0.398955
G1 X106.484 Y107.119 E2.3541
;WIDTH:0.40019
G1 X106.482 Y106.346 E2.38648
;WIDTH:0.437847
G1 X106.497 Y105.743 E2.41458
G1 E.41458 F2400
G92 E0
G1 X106.861 Y112.401 F7800
G1 E2 F2400
;WIDTH:0.433257
G1 F900
G1 X106.843 Y112.141 E2.01199
;WIDTH:0.479167
G1 X106.82 Y111.734 E2.03308
;WIDTH:0.525077
G1 X106.798 Y111.327 E2.0565
;WIDTH:0.570987
G1 X106.775 Y110.92 E2.08226
;WIDTH:0.600854
G1 X106.76 Y110.564 E2.1061
;WIDTH:0.63072
G1 X106.745 Y110.207 E2.13134
G1 X107.221 Y110.76 F7800
;WIDTH:0.45
G1 F900
G1 X107.221 Y112.401 E2.21027
;WIDTH:0.496315
G1 X107.198 Y112.534 E2.21754
;WIDTH:0.54263
G1 X107.174 Y112.667 E2.2256
;WIDTH:0.588945
G1 X107.151 Y112.8 E2.23443
G1 X107.165 Y113.186 E2.2597
;WIDTH:0.562332
G1 X107.178 Y113.571 E2.28362
;WIDTH:0.53572
G1 X107.198 Y114.062 E2.31251
;WIDTH:0.496292
G1 X107.217 Y114.552 E2.33893
;WIDTH:0.456864
G1 X107.237 Y115.043 E2.36299
;WIDTH:0.417437
G1 X107.237 Y116.954 E2.44714
G1 X106.886 Y115.071 E2.53149
;WIDTH:0.456864
G1 X106.827 Y114.579 E2.55575
;WIDTH:0.496292
G1 X106.767 Y114.087 E2.58245
;WIDTH:0.53572
G1 X106.708 Y113.595 E2.61158
;WIDTH:0.562332
G1 X106.668 Y113.216 E2.63525
;WIDTH:0.588945
G1 X106.629 Y112.836 E2.66024
G1 X106.588 Y112.708 E2.66903
;WIDTH:0.54263
G1 X106.547 Y112.579 E2.6771
;WIDTH:0.496315
G1 X106.505 Y112.451 E2.68436
;WIDTH:0.45
G1 X106.331 Y110.964 E2.75637
G1 X106.227 Y109.733 E2.81579
G1 X106.157 Y108.41 E2.87951
G1 X106.124 Y107.125 E2.94133
G1 X106.128 Y105.14 E3.0368
G1 X106.447 Y105.3 E3.05396
G1 X107.404 Y105.31 E3.09999
;WIDTH:0.458139
G1 X108.051 Y105.314 E3.13177
G1 X107.526 Y105.597 E3.16106
;WIDTH:0.45
G1 X107.225 Y106.05 E3.18722
G1 X107.178 Y106.346 E3.20163
G1 X107.178 Y108.95 E3.32687
G1 X107.221 Y109.214 E3.33973
G1 X107.221 Y110.7 E3.4112
G1 E1.4112 F2400
G92 E0
G1 X108.051 Y105.314 F7800
G1 E2 F2400
;WIDTH:0.458139
G1 F900
G1 X108.218 Y105.307 E2.00821
;WIDTH:0.443579
G1 X112.181 Y105.307 E2.19564
G1 X112.65 Y105.932 F7800
;WIDTH:0.45
G1 F3600
G1 X112.596 Y105.865 E2.19978
G1 X112.181 Y105.689 E2.22146
G1 X108.135 Y105.689 E2.41606
G1 X107.803 Y105.865 E2.43413
G1 X107.592 Y106.168 E2.45189
G1 X107.564 Y106.346 E2.46056
G1 X107.564 Y108.95 E2.5858
G1 X107.606 Y109.147 E2.59549
G1 X107.606 Y118.505 E3.04558
G1 X107.484 Y118.487 E3.05151
G1 X107.246 Y118.372 E3.06422
G1 X107.162 Y118.213 E3.07287
G1 X107.019 Y117.733 E3.09696
G1 X106.811 Y116.713 E3.14703
G1 X106.522 Y115.135 E3.22419
G1 X106.285 Y113.67 E3.29557
G1 X106.086 Y112.237 E3.36515
G1 X105.947 Y111.002 E3.42492
G1 X105.843 Y109.76 E3.48486
G1 X105.772 Y108.425 E3.54916
G1 X105.738 Y107.13 E3.61147
G1 X105.746 Y104.929 E3.71733
;WIDTH:0.496095
G1 X105.772 Y104.791 E3.72489
;WIDTH:0.54219
G1 X105.798 Y104.653 E3.73326
;WIDTH:0.588285
G1 X105.824 Y104.515 E3.74244
;WIDTH:0.634381
G1 X105.849 Y104.376 E3.75248
G1 X105.931 Y104.471 E3.7614
;WIDTH:0.588285
G1 X106.013 Y104.566 E3.7696
;WIDTH:0.54219
G1 X106.095 Y104.661 E3.77708
;WIDTH:0.496095
G1 X106.176 Y104.756 E3.7838
;WIDTH:0.45
G1 X106.502 Y104.918 E3.80131
G1 X106.584 Y104.924 E3.80526
G1 X113.739 Y104.924 E4.14939
G1 X114.092 Y104.804 E4.16732
;WIDTH:0.463352
G1 X114.234 Y104.698 E4.17614
G1 X114.259 Y104.885 E4.18553
;WIDTH:0.45
G1 X114.269 Y106.253 E4.25133
G1 X114.254 Y107.585 E4.3154
G1 X114.157 Y109.763 E4.42026
G1 X114.077 Y110.752 E4.46798
G1 X113.944 Y111.991 E4.52791
G1 X113.715 Y113.67 E4.60941
G1 X113.43 Y115.41 E4.69421
G1 X113.054 Y117.396 E4.79143
G1 X112.871 Y118.128 E4.82772
G1 X112.766 Y118.344 E4.83927
G1 X112.766 Y109.199 E5.27911
G1 X112.804 Y109.138 E5.28257
G1 X112.835 Y108.95 E5.29173
G1 X112.835 Y106.346 E5.41697
G1 X112.77 Y106.08 E5.43014
G1 X112.688 Y105.978 E5.43643
G1 X112.378 Y106.2 F7800
;TYPE:External perimeter
G1 F1800
G1 X112.319 Y106.133 E5.44072
G1 X112.181 Y106.075 E5.44792
G1 X108.189 Y106.075 E5.63992
G1 X108.004 Y106.211 E5.65096
G1 X107.95 Y106.346 E5.65795
G1 X107.95 Y108.95 E5.78319
G1 X107.992 Y109.073 E5.78944
G1 X107.992 Y118.951 E6.26454
G1 X107.428 Y118.868 E6.29196
G1 X107.004 Y118.682 E6.31423
G1 X106.791 Y118.336 E6.33377
G1 X106.644 Y117.825 E6.35934
G1 X106.432 Y116.786 E6.41034
G1 X106.142 Y115.201 E6.48784
G1 X105.904 Y113.727 E6.55965
G1 X105.704 Y112.285 E6.62967
G1 X105.563 Y111.039 E6.68998
G1 X105.458 Y109.786 E6.75046
G1 X105.387 Y108.441 E6.81524
G1 X105.352 Y107.136 E6.87803
G1 X105.347 Y105.576 E6.95306
G1 X105.437 Y101.859 E7.13189
G1 X105.513 Y101.722 E7.13943
G1 X105.657 Y101.541 E7.15055
G1 X106.002 Y101.327 E7.17008
G1 X106.494 Y101.168 E7.19495
G1 X107.135 Y101.056 E7.22625
G1 X107.849 Y100.986 E7.26076
G1 X108.877 Y100.933 E7.31027
G1 X110.079 Y100.915 E7.36809
G1 X111.123 Y100.933 E7.41831
G1 X112.151 Y100.986 E7.46782
G1 X112.865 Y101.056 E7.50233
G1 X113.462 Y101.16 E7.53148
G1 X113.937 Y101.295 E7.55523
G1 X114.302 Y101.501 E7.57539
G1 X114.549 Y101.811 E7.59445
G1 X114.59 Y102.442 E7.62486
;WIDTH:0.48526
G1 X114.576 Y102.612 E7.63381
;WIDTH:0.52052
G1 X114.562 Y102.781 E7.64346
;WIDTH:0.555781
G1 X114.548 Y102.951 E7.65391
;WIDTH:0.570558
G1 X114.572 Y104.357 E7.74269
G1 X114.596 Y104.532 E7.75384
;WIDTH:0.530372
G1 X114.62 Y104.707 E7.76411
;WIDTH:0.490186
G1 X114.644 Y104.882 E7.77349
;WIDTH:0.45
G1 X114.655 Y106.254 E7.83948
G1 X114.639 Y107.596 E7.90403
G1 X114.542 Y109.787 E8.00951
G1 X114.461 Y110.788 E8.05781
G1 X114.327 Y112.038 E8.11828
G1 X114.096 Y113.728 E8.20032
G1 X113.809 Y115.477 E8.28557
G1 X113.431 Y117.479 E8.38356
G1 X113.246 Y118.221 E8.42034
G1 X113.103 Y118.533 E8.43685
G1 X112.952 Y118.707 E8.44793
G1 X112.678 Y118.847 E8.46273
G1 X112.38 Y118.906 E8.47734
G1 X112.38 Y109.119 E8.94806
G1 X112.449 Y108.95 E8.95684
G1 X112.449 Y106.282 E9.08516
G1 X112.417 Y106.245 E9.08751
G1 X112.05 Y106.087 F7800
;LAYER_CHANGE
;Z:12.35
;HEIGHT:0.3
G1 E7.08751 F2400
G92 E0
G1 Z12.35 F7800
G1 X109.305 Y119.471
G1 E2 F2400
;TYPE:Support material
;WIDTH:0.35
G1 F3600
G1 X109.537 Y119.704 E2.01171
G1 X110.154 Y119.707 E2.03369
G1 X110.84 Y119.696 E2.05813
G1 X111.067 Y119.462 E2.06974
G1 X111.067 Y115.603 E2.20721
G1 X111.755 Y115.603 E2.23172
G1 X111.755 Y119.39 E2.36663
G1 X112.022 Y119.628 E2.37937
G1 X112.753 Y119.514 E2.40573
G1 X112.753 Y121.11 E2.46259
G1 X107.247 Y121.11 E2.65874
G1 X107.247 Y119.514 E2.7156
G1 X108.36 Y119.659 E2.75558
G1 X108.617 Y119.421 E2.76806
G1 X108.617 Y115.603 E2.90407
G1 X109.305 Y115.603 E2.92858
G1 X109.305 Y119.428 E3.06484
G1 X108.745 Y118.357 F7800
G1 F3600
G1 X109.048 Y118.357 E3.07563
G1 X109.048 Y119.576 E3.11906
G1 X109.429 Y119.961 E3.13836
G1 X110 Y119.964 E3.1587
G1 X110.95 Y119.95 E3.19255
G1 X111.324 Y119.567 E3.21162
G1 X111.324 Y118.357 E3.25473
G1 X111.627 Y118.357 E3.26552
G1 E1.26552 F2400
G92 E0
G1 X111.627 Y110 F7800
G1 E2 F2400
G1 F3600
G1 X111.324 Y110 E2.01079
G1 X111.324 Y108.724 E2.05625
G1 X110.94 Y108.339 E2.07562
G1 X109.433 Y108.339 E2.12931
G1 X109.048 Y108.724 E2.14871
G1 X109.048 Y109.711 E2.18387
G1 X108.874 Y109.711 E2.19007
G1 X108.832 Y107.214 E2.27904
G1 X111.696 Y107.214 E2.38107
G1 X111.824 Y108.762 F7800
G1 F3600
G1 X111.755 Y108.831 E2.38455
G1 X111.755 Y112.753 E2.52427
G1 X111.067 Y112.753 E2.54878
G1 X111.067 Y108.831 E2.6885
G1 X110.833 Y108.596 E2.70031
G1 X109.539 Y108.596 E2.74641
G1 X109.305 Y108.831 E2.75822
G1 X109.305 Y109.968 E2.79872
G1 X108.617 Y109.968 E2.82323
G1 X108.575 Y106.7 E2.93966
G1 X111.824 Y106.7 E3.0554
G1 X111.824 Y108.719 E3.12732
G1 E1.12732 F2400
G92 E0
G1 X113.32 Y103.914 F7800
G1 E2 F2400
G1 F3600
G1 X112.818 Y103.914 E2.01788
G1 X112.818 Y103.317 E2.03915
G1 X113.32 Y103.317 E2.05703
G1 X113.32 Y103.871 E2.07677
G1 E.07677 F2400
G92 E0
G1 X107.182 Y103.914 F7800
G1 E2 F2400
G1 F3600
G1 X107.003 Y103.914 E2.00638
G1 X107.003 Y103.317 E2.02765
G1 X107.182 Y103.317 E2.03403
G1 X107.182 Y103.871 E2.05377
G1 E.05377 F2400
G92 E0
G1 X109.961 Y109.253 F7800
G1 E2 F2400
;TYPE:External perimeter
;WIDTH:0.513532
G1 F900
G1 X110.411 Y109.253 E2.02521
G1 X110.411 Y119.027 E2.57276
G1 X109.961 Y119.03 E2.59797
G1 X109.961 Y109.313 E3.14232
G1 X110.357 Y109.254 F7800
G1 E1.14232 F2400
G92 E0
G1 X106.431 Y102.823 F7800
G1 E2 F2400
;WIDTH:0.45
G1 F900
G1 X106.478 Y102.748 E2.00426
G1 X106.614 Y102.692 E2.01133
G1 X113.71 Y102.692 E2.35262
G1 X113.846 Y102.748 E2.35969
;WIDTH:0.496381
G1 X113.933 Y102.852 E2.367
;WIDTH:0.542762
G1 X114.021 Y102.957 E2.37517
;WIDTH:0.559522
G1 X114.029 Y104.274 E2.45651
G1 X113.961 Y104.35 E2.46281
;WIDTH:0.523014
G1 X113.892 Y104.425 E2.46864
;WIDTH:0.486507
G1 X113.824 Y104.501 E2.47401
;WIDTH:0.45
G1 X113.71 Y104.539 E2.47979
G1 X106.614 Y104.539 E2.82108
G1 X106.478 Y104.482 E2.82817
G1 X106.349 Y104.3 E2.8389
G1 X106.349 Y102.957 E2.90349
G1 X106.4 Y102.874 E2.90818
G1 X106.76 Y102.701 F7800
G1 X105.889 Y104.372
;TYPE:Perimeter
;WIDTH:0.613059
G1 F900
G1 X105.886 Y104.274 E2.91489
;WIDTH:0.603317
G1 X105.902 Y102.957 E3.00342
;WIDTH:0.572045
G1 X105.902 Y102.942 E3.00437
G1 X106.228 Y102.051 F7800
;WIDTH:0.393219
G1 F900
G1 X106.421 Y101.992 E3.01265
;WIDTH:0.426309
G1 X106.614 Y101.933 E3.02176
;WIDTH:0.470187
G1 X106.838 Y101.911 E3.03315
;WIDTH:0.514065
G1 X107.063 Y101.889 E3.04583
;WIDTH:0.557943
G1 X107.287 Y101.867 E3.05969
;WIDTH:0.590847
G1 X107.615 Y101.85 E3.08126
;WIDTH:0.623751
G1 X107.943 Y101.834 E3.10417
;WIDTH:0.649444
G1 X108.432 Y101.821 E3.13987
;WIDTH:0.675137
G1 X108.922 Y101.808 E3.17721
;WIDTH:0.692318
G1 X111.077 Y101.808 E3.34599
;WIDTH:0.675187
G1 X111.567 Y101.821 E3.38333
;WIDTH:0.649467
G1 X112.057 Y101.834 E3.4191
;WIDTH:0.623747
G1 X112.385 Y101.85 E3.44201
;WIDTH:0.590847
G1 X112.713 Y101.867 E3.46358
G1 E1.46358 F2400
G92 E0
G1 X106.156 Y102.551 F7800
G1 E2 F2400
;WIDTH:0.490621
G1 F900
G1 X106.104 Y102.631 E2.00507
;WIDTH:0.531243
G1 X106.003 Y102.786 E2.01584
;WIDTH:0.571865
G1 X105.902 Y102.942 E2.0276
G1 X105.886 Y102.77 E2.03853
;WIDTH:0.531243
G1 X105.87 Y102.598 E2.04859
;WIDTH:0.490621
G1 X105.854 Y102.427 E2.05772
;WIDTH:0.45
G1 X105.874 Y101.968 E2.07982
G1 X105.962 Y101.835 E2.08749
G1 X106.233 Y101.664 E2.1029
G1 X106.631 Y101.537 E2.12299
G1 X107.227 Y101.431 E2.15211
G1 X107.907 Y101.363 E2.18498
G1 X108.905 Y101.31 E2.23305
G1 X110.062 Y101.293 E2.2887
G1 X111.094 Y101.31 E2.33834
G1 X112.093 Y101.363 E2.38646
G1 X112.773 Y101.431 E2.41933
G1 X113.347 Y101.533 E2.44737
G1 X113.712 Y101.64 E2.46566
G1 X113.961 Y101.76 E2.47895
G1 X114.118 Y101.944 E2.49058
G1 X114.149 Y102.506 E2.51765
G1 X113.931 Y102.35 E2.53054
G1 X113.71 Y102.306 E2.54138
G1 X106.614 Y102.306 E2.88267
G1 X106.371 Y102.36 E2.89464
G1 X106.205 Y102.475 E2.90435
;WIDTH:0.490621
G1 X106.188 Y102.501 E2.906
G1 E.906 F2400
G92 E0
G1 X113.237 Y113.516 F7800
G1 E2 F2400
;WIDTH:0.620338
G1 F900
G1 X113.213 Y113.853 E2.02343
;WIDTH:0.574006
G1 X113.192 Y114.113 E2.04001
;WIDTH:0.53172
G1 X113.171 Y114.372 E2.05516
;WIDTH:0.489433
G1 X113.15 Y114.631 E2.06894
;WIDTH:0.447146
G1 X113.129 Y114.891 E2.08139
G1 E.08139 F2400
G92 E0
G1 X113.493 Y105.698 F7800
G1 E2 F2400
;WIDTH:0.455551
G1 F900
G1 X113.468 Y105.741 E2.00243
G1 X113.395 Y105.698 E2.00656
G1 X113.468 Y105.656 E2.01067
G1 E.01067 F2400
G92 E0
G1 X113.162 Y111.517 F7800
G1 E2 F2400
;WIDTH:0.50118
G1 F900
G1 X113.177 Y110.956 E2.03057
;WIDTH:0.542399
G1 X113.198 Y109.976 E2.08901
;WIDTH:0.559714
G1 X113.22 Y109.282 E2.13191
G1 X113.267 Y108.761 E2.16423
;WIDTH:0.560407
G1 X113.276 Y107.586 E2.23693
;WIDTH:0.56575
G1 X113.278 Y106.346 E2.31447
G1 X113.22 Y106.192 E2.32476
;WIDTH:0.527166
G1 X113.161 Y106.038 E2.33428
;WIDTH:0.488583
G1 X113.103 Y105.884 E2.34299
;WIDTH:0.45
G1 X112.873 Y105.596 E2.36072
G1 X112.181 Y105.307 E2.39679
G1 X113.71 Y105.31 E2.47033
G1 X113.828 Y105.271 E2.47631
G1 X113.832 Y105.694 E2.49666
;WIDTH:0.48916
G1 X113.815 Y105.912 E2.50824
;WIDTH:0.528321
G1 X113.797 Y106.13 E2.5209
;WIDTH:0.567482
G1 X113.78 Y106.348 E2.53462
;WIDTH:0.56575
G1 X113.772 Y107.589 E2.61223
;WIDTH:0.560407
G1 X113.744 Y108.772 E2.68544
;WIDTH:0.559714
G1 X113.675 Y109.996 E2.76118
;WIDTH:0.542399
G1 X113.613 Y110.98 E2.81996
;WIDTH:0.50118
G1 X113.562 Y111.59 E2.85331
;WIDTH:0.467389
G1 X113.512 Y112.2 E2.88407
;WIDTH:0.433599
G1 X113.464 Y112.669 E2.90578
;WIDTH:0.401659
G1 X113.415 Y113.137 E2.92558
;WIDTH:0.411489
G1 X113.385 Y113.2 E2.9286
;WIDTH:0.453259
G1 X113.356 Y113.263 E2.93196
;WIDTH:0.495029
G1 X113.326 Y113.326 E2.93571
;WIDTH:0.536799
G1 X113.296 Y113.389 E2.93982
;WIDTH:0.578569
G1 X113.266 Y113.452 E2.9443
;WIDTH:0.620338
G1 X113.237 Y113.516 E2.94917
G1 X113.216 Y113.449 E2.95404
;WIDTH:0.578569
G1 X113.195 Y113.383 E2.95848
;WIDTH:0.536799
G1 X113.174 Y113.316 E2.96262
;WIDTH:0.495029
G1 X113.153 Y113.249 E2.96639
;WIDTH:0.453259
G1 X113.132 Y113.183 E2.96975
;WIDTH:0.411489
G1 X113.111 Y113.116 E2.97279
;WIDTH:0.401659
G1 X113.127 Y112.651 E2.99236
;WIDTH:0.433599
G1 X113.143 Y112.185 E3.01383
;WIDTH:0.467389
G1 X113.16 Y111.577 E3.0444
G1 E1.0444 F2400
G92 E0
G1 X106.537 Y105.67 F7800
G1 E2 F2400
;WIDTH:0.418139
G1 F900
G1 X107.024 Y105.68 E2.02149
G1 X106.88 Y105.914 E2.03361
G1 X106.829 Y106.343 E2.05267
;WIDTH:0.378657
G1 X106.836 Y108.485 E2.13663
;WIDTH:0.410556
G1 X106.813 Y108.551 E2.13965
;WIDTH:0.456076
G1 X106.79 Y108.617 E2.14306
;WIDTH:0.501596
G1 X106.767 Y108.683 E2.14687
;WIDTH:0.547116
G1 X106.744 Y108.749 E2.15108
;WIDTH:0.592636
G1 X106.722 Y108.815 E2.15566
;WIDTH:0.638157
G1 X106.699 Y108.881 E2.16066
G1 X106.672 Y108.815 E2.16576
;WIDTH:0.591865
G1 X106.646 Y108.75 E2.17037
;WIDTH:0.545574
G1 X106.62 Y108.684 E2.17463
;WIDTH:0.499283
G1 X106.594 Y108.619 E2.17843
;WIDTH:0.452991
G1 X106.568 Y108.553 E2.18187
;WIDTH:0.4067
G1 X106.542 Y108.488 E2.18486
;WIDTH:0.365036
G1 X106.535 Y108.284 E2.19251
;WIDTH:0.378657
G1 X106.515 Y106.342 E2.26864
;WIDTH:0.418139
G1 X106.535 Y105.73 E2.29566
G1 E.29566 F2400
G92 E0
G1 X106.862 Y112.214 F7800
G1 E2 F2400
;WIDTH:0.434325
G1 F900
G1 X106.843 Y111.919 E2.01364
;WIDTH:0.477028
G1 X106.822 Y111.511 E2.03467
;WIDTH:0.519731
G1 X106.8 Y111.103 E2.05788
;WIDTH:0.562435
G1 X106.779 Y110.695 E2.08326
;WIDTH:0.607824
G1 X106.756 Y110.087 E2.1245
;WIDTH:0.653213
G1 X106.7 Y108.95 E2.20811
;WIDTH:0.638157
G1 X106.699 Y108.881 E2.21305
G1 X107.221 Y110.76 F7800
;WIDTH:0.45
G1 F900
G1 X107.221 Y112.214 E2.28298
;WIDTH:0.496418
G1 X107.197 Y112.347 E2.29026
;WIDTH:0.542837
G1 X107.174 Y112.48 E2.29831
;WIDTH:0.589256
G1 X107.151 Y112.613 E2.30715
G1 X107.165 Y113.024 E2.33407
;WIDTH:0.562226
G1 X107.178 Y113.434 E2.35954
;WIDTH:0.535197
G1 X107.197 Y113.918 E2.38798
;WIDTH:0.497548
G1 X107.216 Y114.402 E2.41415
;WIDTH:0.459899
G1 X107.235 Y114.886 E2.43804
;WIDTH:0.422251
G1 X107.235 Y116.872 E2.52669
G1 X106.879 Y114.914 E2.61552
;WIDTH:0.459899
G1 X106.822 Y114.429 E2.63961
;WIDTH:0.497548
G1 X106.765 Y113.943 E2.66605
;WIDTH:0.535197
G1 X106.708 Y113.457 E2.69478
;WIDTH:0.562226
G1 X106.668 Y113.052 E2.72005
;WIDTH:0.589256
G1 X106.628 Y112.648 E2.74663
G1 X106.588 Y112.519 E2.75547
;WIDTH:0.542837
G1 X106.548 Y112.39 E2.76353
;WIDTH:0.496418
G1 X106.507 Y112.261 E2.77082
;WIDTH:0.45
G1 X106.339 Y110.734 E2.84471
G1 X106.247 Y109.508 E2.90384
G1 X106.192 Y108.295 E2.96224
G1 X106.164 Y106.962 E3.02637
G1 X106.174 Y105.164 E3.11285
G1 X106.387 Y105.283 E3.12458
G1 X106.614 Y105.31 E3.13557
G1 X107.405 Y105.31 E3.17361
;WIDTH:0.458139
G1 X108.051 Y105.314 E3.20534
G1 X107.526 Y105.596 E3.23461
;WIDTH:0.45
G1 X107.23 Y106.033 E3.26
G1 X107.178 Y106.343 E3.27512
G1 X107.178 Y108.881 E3.39719
G1 X107.221 Y109.214 E3.41334
G1 X107.221 Y110.7 E3.48481
G1 E1.48481 F2400
G92 E0
G1 X108.051 Y105.314 F7800
G1 E2 F2400
;WIDTH:0.458139
G1 F900
G1 X108.218 Y105.307 E2.00821
;WIDTH:0.443579
G1 X112.181 Y105.307 E2.19564
G1 X112.651 Y105.931 F7800
;WIDTH:0.45
G1 F3600
G1 X112.596 Y105.865 E2.19977
G1 X112.181 Y105.689 E2.22145
G1 X108.135 Y105.689 E2.41605
G1 X107.803 Y105.865 E2.43412
G1 X107.595 Y106.158 E2.4514
G1 X107.564 Y106.344 E2.46047
G1 X107.564 Y108.881 E2.58249
G1 X107.606 Y109.147 E2.59544
G1 X107.606 Y118.525 E3.04649
G1 X107.345 Y118.455 E3.05949
G1 X107.233 Y118.35 E3.06687
G1 X107.032 Y117.757 E3.09699
G1 X106.802 Y116.601 E3.15368
G1 X106.512 Y114.977 E3.23302
G1 X106.286 Y113.529 E3.30351
G1 X106.085 Y112.009 E3.37725
G1 X105.955 Y110.769 E3.43722
G1 X105.862 Y109.531 E3.49693
G1 X105.806 Y108.308 E3.55581
G1 X105.778 Y106.966 E3.62037
G1 X105.794 Y104.921 E3.71873
;WIDTH:0.490764
G1 X105.818 Y104.784 E3.72613
;WIDTH:0.531529
G1 X105.842 Y104.647 E3.73423
;WIDTH:0.572294
G1 X105.865 Y104.509 E3.74309
;WIDTH:0.613059
G1 X105.889 Y104.372 E3.75261
G1 X105.95 Y104.45 E3.75939
;WIDTH:0.572294
G1 X106.011 Y104.528 E3.76566
;WIDTH:0.531529
G1 X106.072 Y104.606 E3.77143
;WIDTH:0.490764
G1 X106.133 Y104.684 E3.7767
;WIDTH:0.45
G1 X106.478 Y104.908 E3.79648
G1 X106.614 Y104.924 E3.80307
G1 X113.71 Y104.924 E4.14436
G1 X114.052 Y104.812 E4.16167
G1 X114.19 Y104.684 E4.17072
G1 X114.209 Y104.889 E4.18062
G1 X114.224 Y106.268 E4.24695
G1 X114.212 Y107.599 E4.31097
G1 X114.176 Y108.791 E4.36833
G1 X114.106 Y110.023 E4.42768
G1 X114.022 Y111.017 E4.47566
G1 X113.886 Y112.254 E4.53551
G1 X113.656 Y113.92 E4.6164
G1 X113.487 Y114.949 E4.66655
;WIDTH:0.495909
G1 X113.443 Y115.077 E4.67383
;WIDTH:0.541819
G1 X113.399 Y115.204 E4.68183
;WIDTH:0.587729
G1 X113.355 Y115.332 E4.69067
G1 X113.319 Y115.621 E4.70968
;WIDTH:0.564241
G1 X112.959 Y117.528 E4.83067
G1 X112.823 Y118.065 E4.86521
G1 X112.823 Y115.221 E5.04252
G1 X112.804 Y115.111 E5.04948
;WIDTH:0.52616
G1 X112.785 Y115.001 E5.05591
;WIDTH:0.48808
G1 X112.766 Y114.891 E5.06181
;WIDTH:0.45
G1 X112.766 Y109.199 E5.33558
G1 X112.803 Y109.139 E5.33897
G1 X112.835 Y108.95 E5.34819
G1 X112.835 Y106.346 E5.47343
G1 X112.764 Y106.069 E5.48718
G1 X112.689 Y105.978 E5.49285
G1 X112.378 Y106.2 F7800
;TYPE:External perimeter
G1 F1800
G1 X112.319 Y106.133 E5.49714
G1 X112.181 Y106.075 E5.50434
G1 X108.189 Y106.075 E5.69634
G1 X108.004 Y106.211 E5.70738
G1 X107.95 Y106.345 E5.71433
G1 X107.95 Y108.881 E5.8363
G1 X107.992 Y109.073 E5.84575
G1 X107.992 Y118.971 E6.32181
G1 X107.415 Y118.886 E6.34986
G1 X107.193 Y118.81 E6.36115
G1 X107.009 Y118.684 E6.37188
G1 X106.802 Y118.359 E6.39041
G1 X106.657 Y117.848 E6.41596
G1 X106.423 Y116.673 E6.47358
G1 X106.132 Y115.041 E6.55331
G1 X105.904 Y113.584 E6.62424
G1 X105.702 Y112.054 E6.69847
G1 X105.571 Y110.803 E6.75897
G1 X105.477 Y109.554 E6.81921
G1 X105.421 Y108.321 E6.87857
G1 X105.393 Y106.969 E6.94361
G1 X105.396 Y105.444 E7.01696
G1 X105.495 Y101.858 E7.1895
G1 X105.57 Y101.72 E7.19705
G1 X105.715 Y101.537 E7.20828
G1 X106.054 Y101.322 E7.22759
G1 X106.541 Y101.161 E7.25226
G1 X107.174 Y101.049 E7.28318
G1 X107.877 Y100.978 E7.31716
G1 X108.892 Y100.925 E7.36604
G1 X110.063 Y100.907 E7.42237
G1 X111.108 Y100.925 E7.47264
G1 X112.123 Y100.978 E7.52152
G1 X112.826 Y101.049 E7.5555
G1 X113.414 Y101.153 E7.58422
G1 X113.884 Y101.29 E7.60777
G1 X114.246 Y101.497 E7.62783
G1 X114.494 Y101.814 E7.64719
G1 X114.526 Y102.196 E7.66563
;WIDTH:0.496381
G1 X114.513 Y102.573 E7.68596
;WIDTH:0.542762
G1 X114.499 Y102.951 E7.70853
;WIDTH:0.559522
G1 X114.526 Y104.353 E7.79513
G1 X114.549 Y104.53 E7.80615
;WIDTH:0.523014
G1 X114.572 Y104.706 E7.8163
;WIDTH:0.486507
G1 X114.595 Y104.883 E7.8257
;WIDTH:0.45
G1 X114.61 Y106.271 E7.89246
G1 X114.598 Y107.607 E7.95672
G1 X114.561 Y108.807 E8.01446
G1 X114.491 Y110.05 E8.07434
G1 X114.406 Y111.054 E8.1228
G1 X114.268 Y112.301 E8.18314
G1 X114.037 Y113.978 E8.26456
G1 X113.755 Y115.698 E8.34839
G1 X113.392 Y117.624 E8.44265
G1 X113.234 Y118.246 E8.47352
G1 X113.092 Y118.556 E8.48992
G1 X112.943 Y118.729 E8.5009
G1 X112.67 Y118.868 E8.51563
G1 X112.38 Y118.925 E8.52984
G1 X112.38 Y109.119 E9.00147
G1 X112.449 Y108.95 E9.01025
G1 X112.449 Y106.28 E9.13867
G1 X112.418 Y106.245 E9.14092
G1 X112.05 Y106.088 F7800
;LAYER_CHANGE
;Z:12.65
;HEIGHT:0.299999
G1 E7.14092 F2400
G92 E0
G1 Z12.65 F7800
G1 X109.305 Y119.485
G1 E2 F2400
;TYPE:Support material
;WIDTH:0.35
G1 F3600
G1 X109.537 Y119.719 E2.01174
G1 X110.153 Y119.721 E2.03368
G1 X110.84 Y119.71 E2.05816
G1 X111.067 Y119.477 E2.06975
G1 X111.067 Y115.603 E2.20776
G1 X111.755 Y115.603 E2.23227
G1 X111.755 Y119.405 E2.36771
G1 X112.022 Y119.643 E2.38045
G1 X112.753 Y119.528 E2.40681
G1 X112.753 Y121.11 E2.46317
G1 X107.247 Y121.11 E2.65932
G1 X107.247 Y119.528 E2.71568
G1 X108.36 Y119.674 E2.75567
G1 X108.617 Y119.436 E2.76815
G1 X108.617 Y115.603 E2.9047
G1 X109.305 Y115.603 E2.92921
G1 X109.305 Y119.442 E3.06597
G1 X108.745 Y118.357 F7800
G1 F3600
G1 X109.048 Y118.357 E3.07676
G1 X109.048 Y119.591 E3.12072
G1 X109.429 Y119.975 E3.13999
G1 X110 Y119.979 E3.16033
G1 X110.95 Y119.965 E3.19418
G1 X111.324 Y119.582 E3.21325
G1 X111.324 Y118.357 E3.25689
G1 X111.627 Y118.357 E3.26768
G1 E1.26768 F2400
G92 E0
G1 X111.627 Y110 F7800
G1 E2 F2400
G1 F3600
G1 X111.324 Y110 E2.01079
G1 X111.324 Y108.724 E2.05625
G1 X110.94 Y108.339 E2.07562
G1 X109.433 Y108.339 E2.12931
G1 X109.048 Y108.724 E2.14871
G1 X109.048 Y109.711 E2.18387
G1 X108.874 Y109.711 E2.19007
G1 X108.832 Y107.214 E2.27904
G1 X111.696 Y107.214 E2.38107
G1 X111.824 Y108.762 F7800
G1 F3600
G1 X111.755 Y108.831 E2.38455
G1 X111.755 Y112.753 E2.52427
G1 X111.067 Y112.753 E2.54878
G1 X111.067 Y108.831 E2.6885
G1 X110.833 Y108.596 E2.70031
G1 X109.539 Y108.596 E2.74641
G1 X109.305 Y108.831 E2.75822
G1 X109.305 Y109.968 E2.79872
G1 X108.617 Y109.968 E2.82323
G1 X108.575 Y106.7 E2.93966
G1 X111.824 Y106.7 E3.0554
G1 X111.824 Y108.719 E3.12732
G1 E1.12732 F2400
G92 E0
G1 X113.291 Y103.914 F7800
G1 E2 F2400
G1 F3600
G1 X112.818 Y103.914 E2.01685
G1 X112.818 Y103.317 E2.03812
G1 X113.291 Y103.317 E2.05497
G1 X113.291 Y103.871 E2.07471
G1 E.07471 F2400
G92 E0
G1 X107.182 Y103.914 F7800
G1 E2 F2400
G1 F3600
G1 X107.032 Y103.914 E2.00534
G1 X107.032 Y103.317 E2.02661
G1 X107.182 Y103.317 E2.03195
G1 X107.182 Y103.871 E2.05169
G1 E.05169 F2400
G92 E0
G1 X109.961 Y109.253 F7800
G1 E2 F2400
;TYPE:External perimeter
;WIDTH:0.513532
G1 F900
G1 X110.411 Y109.253 E2.02521
G1 X110.411 Y119.044 E2.57371
G1 X109.961 Y119.047 E2.59892
G1 X109.961 Y109.313 E3.14422
G1 X110.357 Y109.254 F7800
G1 E1.14422 F2400
G92 E0
G1 X106.46 Y102.823 F7800
G1 E2 F2400
;WIDTH:0.45
G1 F900
G1 X106.507 Y102.748 E2.00426
G1 X106.566 Y102.708 E2.00769
G1 X107.327 Y102.692 E2.0443
G1 X113.68 Y102.692 E2.34986
G1 X113.816 Y102.748 E2.35693
;WIDTH:0.490381
G1 X113.901 Y102.852 E2.36407
;WIDTH:0.530762
G1 X113.986 Y102.957 E2.37193
;WIDTH:0.549457
G1 X113.995 Y104.274 E2.45161
G1 X113.944 Y104.345 E2.4569
;WIDTH:0.506666
G1 X113.893 Y104.416 E2.46172
;WIDTH:0.463875
G1 X113.791 Y104.504 E2.46843
;WIDTH:0.45
G1 X113.415 Y104.539 E2.48659
G1 X106.643 Y104.539 E2.8123
G1 X106.507 Y104.482 E2.81939
G1 X106.378 Y104.299 E2.83016
G1 X106.378 Y102.957 E2.89471
G1 X106.429 Y102.874 E2.8994
G1 X106.793 Y102.709 F7800
G1 X105.929 Y104.369
;TYPE:Perimeter
;WIDTH:0.591325
G1 F900
G1 X105.926 Y104.274 E2.90565
;WIDTH:0.581779
G1 X105.944 Y102.957 E2.99065
;WIDTH:0.547563
G1 X105.944 Y102.94 E2.99167
G1 X106.315 Y102.025 F7800
;WIDTH:0.397969
G1 F900
G1 X106.474 Y101.987 E2.99847
;WIDTH:0.433293
G1 X106.633 Y101.949 E3.00599
;WIDTH:0.468617
G1 X106.792 Y101.911 E3.01423
;WIDTH:0.516666
G1 X107.06 Y101.887 E3.02941
;WIDTH:0.564715
G1 X107.327 Y101.863 E3.04614
;WIDTH:0.59772
G1 X107.65 Y101.847 E3.06765
;WIDTH:0.630725
G1 X107.972 Y101.83 E3.09043
;WIDTH:0.656539
G1 X108.455 Y101.817 E3.12612
;WIDTH:0.682353
G1 X108.937 Y101.805 E3.16328
;WIDTH:0.699653
G1 X111.062 Y101.805 E3.33165
;WIDTH:0.682391
G1 X111.545 Y101.817 E3.36889
;WIDTH:0.656559
G1 X112.028 Y101.83 E3.40458
;WIDTH:0.630727
G1 X112.35 Y101.847 E3.42736
;WIDTH:0.597723
G1 X112.673 Y101.863 E3.44887
G1 E1.44887 F2400
G92 E0
G1 X106.186 Y102.553 F7800
G1 E2 F2400
;WIDTH:0.498675
G1 F900
G1 X106.089 Y102.708 E2.0099
;WIDTH:0.547351
G1 X105.944 Y102.94 E2.02638
G1 X105.926 Y102.689 E2.04154
;WIDTH:0.498675
G1 X105.908 Y102.437 E2.05523
;WIDTH:0.45
G1 X105.954 Y101.915 E2.08043
G1 X106.155 Y101.719 E2.09393
G1 X106.69 Y101.529 E2.12124
G1 X107.265 Y101.424 E2.14935
G1 X107.935 Y101.356 E2.18174
G1 X108.92 Y101.303 E2.22918
G1 X110.047 Y101.285 E2.28339
G1 X111.08 Y101.303 E2.33308
G1 X112.065 Y101.356 E2.38052
G1 X112.735 Y101.424 E2.41291
G1 X113.3 Y101.527 E2.44053
G1 X113.659 Y101.634 E2.45855
G1 X113.905 Y101.754 E2.47171
G1 X114.063 Y101.942 E2.48352
G1 X114.09 Y102.473 E2.50909
G1 X113.876 Y102.34 E2.52121
G1 X113.68 Y102.306 E2.53078
G1 X106.792 Y102.306 E2.86207
G1 X106.449 Y102.34 E2.87865
G1 X106.235 Y102.475 E2.89082
;WIDTH:0.498675
G1 X106.218 Y102.502 E2.89255
G1 E.89255 F2400
G92 E0
G1 X107.212 Y116.588 F7800
G1 E2 F2400
;WIDTH:0.516098
G1 F900
G1 X107.188 Y116.31 E2.01572
;WIDTH:0.564605
G1 X107.163 Y116.032 E2.03313
;WIDTH:0.613113
G1 X107.139 Y115.754 E2.05223
G1 E.05223 F2400
G92 E0
G1 X113.237 Y113.357 F7800
G1 E2 F2400
;WIDTH:0.620865
G1 F900
G1 X113.219 Y113.616 E2.01802
;WIDTH:0.58608
G1 X113.202 Y113.875 E2.03491
;WIDTH:0.551295
G1 X113.178 Y114.181 E2.05355
;WIDTH:0.502213
G1 X113.153 Y114.487 E2.07032
;WIDTH:0.453132
G1 X113.128 Y114.793 E2.08521
G1 E.08521 F2400
G92 E0
G1 X113.46 Y105.681 F7800
G1 E2 F2400
;WIDTH:0.421965
G1 F900
G1 X113.438 Y105.72 E2.002
G1 X113.371 Y105.681 E2.00546
G1 X113.438 Y105.643 E2.0089
G1 E.0089 F2400
G92 E0
G1 X113.155 Y111.51 F7800
G1 E2 F2400
;WIDTH:0.486063
G1 F900
G1 X113.169 Y110.974 E2.0282
;WIDTH:0.526008
G1 X113.189 Y109.992 E2.08475
;WIDTH:0.542942
G1 X113.211 Y109.282 E2.12715
G1 X113.258 Y108.775 E2.15754
;WIDTH:0.540645
G1 X113.266 Y107.598 E2.22746
;WIDTH:0.544228
G1 X113.268 Y106.346 E2.30239
G1 X113.18 Y106.106 E2.31769
;WIDTH:0.497114
G1 X113.093 Y105.866 E2.33147
;WIDTH:0.45
G1 X112.873 Y105.596 E2.34822
G1 X112.181 Y105.307 E2.38429
G1 X113.415 Y105.31 E2.44364
G1 X113.781 Y105.278 E2.46131
G1 X113.787 Y105.676 E2.48045
;WIDTH:0.497767
G1 X113.767 Y106.012 E2.49864
;WIDTH:0.545535
G1 X113.747 Y106.347 E2.51878
;WIDTH:0.544228
G1 X113.742 Y107.6 E2.59377
;WIDTH:0.540645
G1 X113.717 Y108.785 E2.66418
;WIDTH:0.542942
G1 X113.65 Y110.011 E2.73747
;WIDTH:0.526008
G1 X113.59 Y110.997 E2.79435
;WIDTH:0.486063
G1 X113.541 Y111.607 E2.82654
;WIDTH:0.453086
G1 X113.492 Y112.218 E2.85626
;WIDTH:0.420109
G1 X113.453 Y112.598 E2.87321
;WIDTH:0.394777
G1 X113.415 Y112.978 E2.88895
;WIDTH:0.411348
G1 X113.385 Y113.041 E2.89197
;WIDTH:0.453251
G1 X113.356 Y113.105 E2.89538
;WIDTH:0.495155
G1 X113.326 Y113.168 E2.89913
;WIDTH:0.537058
G1 X113.296 Y113.231 E2.90324
;WIDTH:0.578961
G1 X113.267 Y113.294 E2.90769
;WIDTH:0.620865
G1 X113.237 Y113.357 E2.91253
G1 X113.216 Y113.291 E2.91734
;WIDTH:0.578961
G1 X113.195 Y113.224 E2.92185
;WIDTH:0.537058
G1 X113.174 Y113.157 E2.92599
;WIDTH:0.495155
G1 X113.153 Y113.091 E2.92971
;WIDTH:0.453251
G1 X113.132 Y113.024 E2.93312
;WIDTH:0.411348
G1 X113.111 Y112.958 E2.93612
;WIDTH:0.394777
G1 X113.124 Y112.581 E2.95166
;WIDTH:0.420109
G1 X113.137 Y112.204 E2.9684
;WIDTH:0.453086
G1 X113.153 Y111.589 E2.99823
;WIDTH:0.486063
G1 X113.154 Y111.57 E2.99923
G1 E.99923 F2400
G92 E0
G1 X106.571 Y105.668 F7800
G1 E2 F2400
;WIDTH:0.400055
G1 F900
G1 X107.037 Y105.67 E2.01951
G1 X106.897 Y105.895 E2.0306
G1 X106.84 Y106.342 E2.04947
;WIDTH:0.357267
G1 X106.839 Y107.088 E2.07672
;WIDTH:0.404882
G1 X106.815 Y107.155 E2.07974
;WIDTH:0.452498
G1 X106.791 Y107.221 E2.08314
;WIDTH:0.500114
G1 X106.768 Y107.288 E2.08699
;WIDTH:0.547729
G1 X106.744 Y107.355 E2.09128
;WIDTH:0.595345
G1 X106.72 Y107.421 E2.09593
;WIDTH:0.642961
G1 X106.696 Y107.488 E2.10107
G1 X106.671 Y107.421 E2.10623
;WIDTH:0.595345
G1 X106.646 Y107.354 E2.11097
;WIDTH:0.547729
G1 X106.621 Y107.288 E2.11522
;WIDTH:0.500114
G1 X106.596 Y107.221 E2.11911
;WIDTH:0.452498
G1 X106.571 Y107.154 E2.12257
;WIDTH:0.404882
G1 X106.546 Y107.087 E2.12561
;WIDTH:0.357267
G1 X106.548 Y106.341 E2.15286
;WIDTH:0.400055
G1 X106.569 Y105.728 E2.17854
G1 E.17854 F2400
G92 E0
G1 X106.864 Y112.05 F7800
G1 E2 F2400
;WIDTH:0.434009
G1 F900
G1 X106.843 Y111.654 E2.01828
;WIDTH:0.476008
G1 X106.822 Y111.259 E2.03859
;WIDTH:0.518007
G1 X106.801 Y110.863 E2.06103
;WIDTH:0.561458
G1 X106.779 Y110.299 E2.09602
;WIDTH:0.604909
G1 X106.72 Y109.018 E2.18247
;WIDTH:0.621781
G1 X106.707 Y108.49 E2.21919
;WIDTH:0.642961
G1 X106.696 Y107.488 E2.2915
G1 E.2915 F2400
G92 E0
G1 X107.221 Y110.76 F7800
G1 E2 F2400
;WIDTH:0.45
G1 F900
G1 X107.221 Y112.05 E2.06204
;WIDTH:0.49642
G1 X107.197 Y112.183 E2.06932
;WIDTH:0.542841
G1 X107.174 Y112.316 E2.07737
;WIDTH:0.589262
G1 X107.151 Y112.449 E2.08621
G1 X107.168 Y112.975 E2.12066
;WIDTH:0.554671
G1 X107.186 Y113.501 E2.15284
;WIDTH:0.520081
G1 X107.209 Y114.121 E2.1881
;WIDTH:0.482863
G1 X107.233 Y114.741 E2.22049
;WIDTH:0.445645
G1 X107.257 Y115.361 E2.25
;WIDTH:0.449365
G1 X107.233 Y115.44 E2.25396
;WIDTH:0.490302
G1 X107.21 Y115.518 E2.25828
;WIDTH:0.531239
G1 X107.186 Y115.597 E2.26309
;WIDTH:0.572176
G1 X107.163 Y115.675 E2.26824
;WIDTH:0.613113
G1 X107.139 Y115.754 E2.27389
G1 X107.102 Y115.679 E2.27961
;WIDTH:0.56519
G1 X107.064 Y115.605 E2.28481
;WIDTH:0.517268
G1 X107.027 Y115.531 E2.28948
;WIDTH:0.469345
G1 X106.99 Y115.456 E2.2937
;WIDTH:0.421423
G1 X106.952 Y115.382 E2.2974
;WIDTH:0.408428
G1 X106.899 Y114.981 E2.31476
;WIDTH:0.445645
G1 X106.843 Y114.495 E2.33802
;WIDTH:0.482863
G1 X106.787 Y114.009 E2.36355
;WIDTH:0.520081
G1 X106.731 Y113.523 E2.39136
;WIDTH:0.554671
G1 X106.68 Y113.003 E2.42331
;WIDTH:0.589262
G1 X106.628 Y112.484 E2.45746
G1 X106.589 Y112.352 E2.46647
;WIDTH:0.542841
G1 X106.549 Y112.22 E2.4747
;WIDTH:0.49642
G1 X106.509 Y112.088 E2.48213
;WIDTH:0.45
G1 X106.383 Y110.901 E2.53954
G1 X106.295 Y109.763 E2.59444
G1 X106.236 Y108.506 E2.65496
G1 X106.207 Y107.145 E2.72043
G1 X106.224 Y105.147 E2.81653
G1 X106.643 Y105.31 E2.83815
G1 X107.404 Y105.31 E2.87475
;WIDTH:0.458139
G1 X108.051 Y105.314 E2.90653
G1 X107.526 Y105.597 E2.93582
;WIDTH:0.45
G1 X107.236 Y106.018 E2.96041
G1 X107.178 Y106.343 E2.97629
G1 X107.178 Y108.95 E3.10168
G1 X107.221 Y109.215 E3.11459
G1 X107.221 Y110.7 E3.18601
G1 E1.18601 F2400
G92 E0
G1 X108.051 Y105.314 F7800
G1 E2 F2400
;WIDTH:0.458139
G1 F900
G1 X108.218 Y105.307 E2.00821
;WIDTH:0.443579
G1 X112.181 Y105.307 E2.19564
G1 X112.652 Y105.931 F7800
;WIDTH:0.45
G1 F3600
G1 X112.596 Y105.865 E2.1998
G1 X112.181 Y105.689 E2.22148
G1 X108.135 Y105.689 E2.41608
G1 X107.803 Y105.865 E2.43415
G1 X107.598 Y106.149 E2.451
G1 X107.564 Y106.344 E2.46052
G1 X107.564 Y108.95 E2.58586
G1 X107.606 Y109.147 E2.59555
G1 X107.606 Y118.542 E3.04742
G1 X107.353 Y118.474 E3.06002
G1 X107.243 Y118.371 E3.06727
G1 X107.044 Y117.778 E3.09735
G1 X106.824 Y116.66 E3.15215
G1 X106.54 Y115.042 E3.23116
G1 X106.316 Y113.593 E3.30168
G1 X106.141 Y112.271 E3.36582
G1 X105.999 Y110.937 E3.43034
G1 X105.91 Y109.787 E3.48582
G1 X105.85 Y108.519 E3.54687
G1 X105.821 Y107.149 E3.61278
G1 X105.844 Y104.912 E3.72038
;WIDTH:0.497108
G1 X105.872 Y104.731 E3.73027
;WIDTH:0.544216
G1 X105.9 Y104.55 E3.74123
;WIDTH:0.591325
G1 X105.929 Y104.369 E3.75328
G1 X106.031 Y104.498 E3.76409
;WIDTH:0.544216
G1 X106.133 Y104.627 E3.77393
;WIDTH:0.497108
G1 X106.235 Y104.756 E3.78281
;WIDTH:0.45
G1 X106.643 Y104.924 E3.80403
G1 X113.68 Y104.924 E4.14249
G1 X114.013 Y104.819 E4.15928
G1 X114.156 Y104.689 E4.16858
G1 X114.181 Y106.275 E4.24487
G1 X114.173 Y107.609 E4.30903
G1 X114.139 Y108.802 E4.36643
G1 X114.073 Y110.036 E4.42587
G1 X113.992 Y111.032 E4.47393
G1 X113.859 Y112.27 E4.53382
G1 X113.634 Y113.939 E4.61482
G1 X113.486 Y114.85 E4.65921
;WIDTH:0.495953
G1 X113.443 Y114.978 E4.66648
;WIDTH:0.541907
G1 X113.399 Y115.106 E4.67454
;WIDTH:0.587861
G1 X113.355 Y115.233 E4.68332
G1 X113.306 Y115.641 E4.71015
;WIDTH:0.555149
G1 X112.951 Y117.55 E4.82901
G1 X112.818 Y118.078 E4.86234
G1 X112.818 Y115.599 E5.01408
;WIDTH:0.587861
G1 X112.835 Y115.191 E5.04074
G1 X112.812 Y115.058 E5.04955
;WIDTH:0.541907
G1 X112.789 Y114.926 E5.05753
;WIDTH:0.495953
G1 X112.766 Y114.793 E5.0648
;WIDTH:0.45
G1 X112.766 Y109.2 E5.3338
G1 X112.803 Y109.14 E5.33719
G1 X112.835 Y108.95 E5.34646
G1 X112.835 Y106.346 E5.4717
G1 X112.758 Y106.058 E5.48604
G1 X112.69 Y105.977 E5.49113
G1 X112.379 Y106.199 F7800
;TYPE:External perimeter
G1 F1800
G1 X112.319 Y106.133 E5.49542
G1 X112.181 Y106.075 E5.50262
G1 X108.189 Y106.075 E5.69462
G1 X108.004 Y106.211 E5.70566
G1 X107.95 Y106.345 E5.71261
G1 X107.95 Y108.95 E5.8379
G1 X107.992 Y109.073 E5.84415
G1 X107.992 Y118.988 E6.32103
G1 X107.421 Y118.904 E6.34879
G1 X107.201 Y118.828 E6.35998
G1 X107.018 Y118.703 E6.37064
G1 X106.813 Y118.379 E6.38908
G1 X106.669 Y117.868 E6.41461
G1 X106.445 Y116.731 E6.47035
G1 X106.159 Y115.105 E6.54976
G1 X105.934 Y113.648 E6.62067
G1 X105.758 Y112.317 E6.68524
G1 X105.615 Y110.972 E6.75029
G1 X105.526 Y109.811 E6.80629
G1 X105.465 Y108.532 E6.86788
G1 X105.435 Y107.153 E6.93422
G1 X105.439 Y105.633 E7.00733
G1 X105.525 Y102.326 E7.16644
G1 X105.584 Y101.767 E7.19348
G1 X105.694 Y101.617 E7.20243
G1 X105.974 Y101.374 E7.22026
G1 X106.59 Y101.155 E7.2517
G1 X107.211 Y101.042 E7.28206
G1 X107.905 Y100.971 E7.31561
G1 X108.907 Y100.918 E7.36387
G1 X110.048 Y100.9 E7.41875
G1 X111.093 Y100.918 E7.46902
G1 X112.095 Y100.971 E7.51728
G1 X112.789 Y101.042 E7.55083
G1 X113.368 Y101.147 E7.57913
G1 X113.834 Y101.284 E7.60249
G1 X114.191 Y101.493 E7.62239
G1 X114.438 Y101.813 E7.64183
G1 X114.47 Y102.178 E7.65945
;WIDTH:0.490381
G1 X114.461 Y102.564 E7.67996
;WIDTH:0.530762
G1 X114.452 Y102.95 E7.70242
;WIDTH:0.549457
G1 X114.482 Y104.351 E7.7872
G1 X114.514 Y104.619 E7.80353
;WIDTH:0.499728
G1 X114.547 Y104.887 E7.81819
;WIDTH:0.45
G1 X114.566 Y106.278 E7.8851
G1 X114.559 Y107.616 E7.94945
G1 X114.525 Y108.818 E8.00729
G1 X114.458 Y110.062 E8.06721
G1 X114.376 Y111.068 E8.11576
G1 X114.242 Y112.317 E8.17618
G1 X114.015 Y113.995 E8.25762
G1 X113.737 Y115.716 E8.34147
G1 X113.379 Y117.644 E8.43579
G1 X113.223 Y118.266 E8.46663
G1 X113.082 Y118.576 E8.48301
G1 X112.934 Y118.748 E8.49392
G1 X112.662 Y118.887 E8.50861
G1 X112.38 Y118.942 E8.52243
G1 X112.38 Y109.119 E8.99488
G1 X112.449 Y108.95 E9.00366
G1 X112.449 Y106.278 E9.13217
G1 X112.419 Y106.244 E9.13435
G1 X112.051 Y106.088 F7800
M106 S224.4
;LAYER_CHANGE
;Z:12.95
;HEIGHT:0.3
G1 E7.13435 F2400
G92 E0
G1 Z12.95 F7800
G1 X109.305 Y119.497
G1 E2 F2400
;TYPE:Support material
;WIDTH:0.35
G1 F3600
G1 X109.537 Y119.731 E2.01174
G1 X110.153 Y119.733 E2.03368
G1 X110.84 Y119.722 E2.05816
G1 X111.067 Y119.489 E2.06975
G1 X111.067 Y115.603 E2.20818
G1 X111.755 Y115.603 E2.23269
G1 X111.755 Y119.417 E2.36856
G1 X112.022 Y119.655 E2.3813
G1 X112.753 Y119.54 E2.40766
G1 X112.753 Y121.11 E2.46359
G1 X107.247 Y121.11 E2.65974
G1 X107.247 Y119.54 E2.71567
G1 X108.36 Y119.686 E2.75566
G1 X108.617 Y119.448 E2.76814
G1 X108.617 Y115.603 E2.90511
G1 X109.305 Y115.603 E2.92962
G1 X109.305 Y119.454 E3.06681
G1 X108.745 Y118.357 F7800
G1 F3600
G1 X109.048 Y118.357 E3.0776
G1 X109.048 Y119.603 E3.12199
G1 X109.429 Y119.987 E3.14126
G1 X110 Y119.991 E3.1616
G1 X110.95 Y119.977 E3.19545
G1 X111.324 Y119.594 E3.21452
G1 X111.324 Y118.357 E3.25859
G1 X111.627 Y118.357 E3.26938
G1 E1.26938 F2400
G92 E0
G1 X111.627 Y110 F7800
G1 E2 F2400
G1 F3600
G1 X111.324 Y110 E2.01079
G1 X111.324 Y108.724 E2.05625
G1 X110.94 Y108.339 E2.07562
G1 X109.433 Y108.339 E2.12931
G1 X109.048 Y108.724 E2.14871
G1 X109.048 Y109.711 E2.18387
G1 X108.874 Y109.711 E2.19007
G1 X108.832 Y107.214 E2.27904
G1 X111.696 Y107.214 E2.38107
G1 X111.824 Y108.762 F7800
G1 F3600
G1 X111.755 Y108.831 E2.38455
G1 X111.755 Y112.753 E2.52427
G1 X111.067 Y112.753 E2.54878
G1 X111.067 Y108.831 E2.6885
G1 X110.833 Y108.596 E2.70031
G1 X109.539 Y108.596 E2.74641
G1 X109.305 Y108.831 E2.75822
G1 X109.305 Y109.968 E2.79872
G1 X108.617 Y109.968 E2.82323
G1 X108.575 Y106.7 E2.93966
G1 X111.824 Y106.7 E3.0554
G1 X111.824 Y108.719 E3.12732
G1 E1.12732 F2400
G92 E0
G1 X113.262 Y103.914 F7800
G1 E2 F2400
G1 F3600
G1 X112.818 Y103.914 E2.01582
G1 X112.818 Y103.317 E2.03709
G1 X113.262 Y103.317 E2.05291
G1 X113.262 Y103.871 E2.07265
G1 E.07265 F2400
G92 E0
G1 X107.182 Y103.914 F7800
G1 E2 F2400
G1 F3600
G1 X107.062 Y103.914 E2.00427
G1 X107.062 Y103.317 E2.02554
G1 X107.182 Y103.317 E2.02981
G1 X107.182 Y103.871 E2.04955
G1 E.04955 F2400
G92 E0
G1 X109.961 Y109.253 F7800
G1 E2 F2400
;TYPE:External perimeter
;WIDTH:0.513531
G1 F900
G1 X110.411 Y109.253 E2.02521
G1 X110.411 Y119.059 E2.57455
G1 X109.961 Y119.062 E2.59976
G1 X109.961 Y109.313 E3.1459
G1 X110.357 Y109.254 F7800
G1 E1.1459 F2400
G92 E0
G1 X106.49 Y102.823 F7800
G1 E2 F2400
;WIDTH:0.45
G1 F900
G1 X106.536 Y102.748 E2.00423
G1 X106.638 Y102.695 E2.00976
G1 X113.651 Y102.692 E2.34706
G1 X113.787 Y102.748 E2.35413
;WIDTH:0.484864
G1 X113.869 Y102.852 E2.36108
;WIDTH:0.519728
G1 X113.951 Y102.957 E2.36865
;WIDTH:0.540197
G1 X113.961 Y104.274 E2.44681
G1 X113.913 Y104.345 E2.4519
;WIDTH:0.50203
G1 X113.864 Y104.415 E2.45656
;WIDTH:0.463864
G1 X113.758 Y104.506 E2.46352
;WIDTH:0.45
G1 X113.387 Y104.539 E2.48143
G1 X106.672 Y104.539 E2.8044
G1 X106.536 Y104.482 E2.81149
G1 X106.407 Y104.298 E2.8223
G1 X106.407 Y102.957 E2.8868
G1 X106.458 Y102.874 E2.89149
G1 X106.819 Y102.702 F7800
G1 X105.969 Y104.364
;TYPE:Perimeter
;WIDTH:0.567697
G1 F900
G1 X105.967 Y104.274 E2.89714
;WIDTH:0.558439
G1 X105.989 Y102.957 E2.97831
;WIDTH:0.516079
G1 X105.989 Y102.937 E2.97944
G1 X107.365 Y101.86 F7800
;WIDTH:0.603952
G1 F900
G1 X107.683 Y101.844 E3.00087
;WIDTH:0.637023
G1 X108 Y101.827 E3.02354
;WIDTH:0.662935
G1 X108.476 Y101.814 E3.05909
;WIDTH:0.688848
G1 X108.952 Y101.801 E3.09618
;WIDTH:0.706255
G1 X111.047 Y101.801 E3.2639
;WIDTH:0.688881
G1 X111.523 Y101.814 E3.30099
;WIDTH:0.662955
G1 X112 Y101.827 E3.33661
;WIDTH:0.637029
G1 X112.317 Y101.844 E3.35928
;WIDTH:0.603956
G1 X112.635 Y101.86 E3.38071
G1 E1.38071 F2400
G92 E0
G1 X106.207 Y102.536 F7800
G1 E2 F2400
;WIDTH:0.45
G1 F900
G1 X106.192 Y102.547 E2.00089
;WIDTH:0.482881
G1 X106.09 Y102.742 E2.01238
;WIDTH:0.515763
G1 X105.989 Y102.937 E2.02474
G1 X105.988 Y102.446 E2.05238
;WIDTH:0.482881
G1 X105.988 Y101.955 E2.07801
;WIDTH:0.45
G1 X106.069 Y101.829 E2.08521
G1 X106.336 Y101.653 E2.10059
G1 X106.722 Y101.525 E2.12015
G1 X107.301 Y101.418 E2.14847
G1 X107.962 Y101.349 E2.18043
G1 X108.934 Y101.297 E2.22725
G1 X110.034 Y101.279 E2.28016
G1 X111.066 Y101.296 E2.3298
G1 X112.037 Y101.349 E2.37657
G1 X112.699 Y101.418 E2.40858
G1 X113.254 Y101.521 E2.43573
G1 X113.608 Y101.628 E2.45352
G1 X113.85 Y101.748 E2.46651
G1 X114.01 Y101.94 E2.47853
G1 X114.04 Y102.463 E2.50373
G1 X113.825 Y102.333 E2.51581
G1 X113.651 Y102.306 E2.52428
G1 X106.818 Y102.306 E2.85292
G1 X106.463 Y102.346 E2.8701
G1 X106.255 Y102.5 E2.88255
G1 E.88255 F2400
G92 E0
G1 X107.207 Y116.469 F7800
G1 E2 F2400
;WIDTH:0.52325
G1 F900
G1 X107.184 Y116.204 E2.01522
;WIDTH:0.568519
G1 X107.161 Y115.939 E2.03195
;WIDTH:0.613789
G1 X107.139 Y115.675 E2.0501
G1 E.0501 F2400
G92 E0
G1 X113.237 Y113.197 F7800
G1 E2 F2400
;WIDTH:0.621369
G1 F900
G1 X113.214 Y113.545 E2.02423
;WIDTH:0.575475
G1 X113.191 Y113.894 E2.04653
;WIDTH:0.529581
G1 X113.17 Y114.161 E2.06207
;WIDTH:0.487476
G1 X113.149 Y114.427 E2.07615
;WIDTH:0.445371
G1 X113.128 Y114.694 E2.08888
G1 E.08888 F2400
G92 E0
G1 X113.428 Y105.665 F7800
G1 E2 F2400
;WIDTH:0.389943
G1 F900
G1 X113.408 Y105.701 E2.00167
G1 X113.347 Y105.665 E2.00455
G1 X113.408 Y105.63 E2.00741
G1 E.00741 F2400
G92 E0
G1 X113.149 Y111.503 F7800
G1 E2 F2400
;WIDTH:0.471531
G1 F900
G1 X113.162 Y110.99 E2.02606
;WIDTH:0.510212
G1 X113.182 Y110.007 E2.08073
;WIDTH:0.526717
G1 X113.203 Y109.281 E2.12261
G1 X113.249 Y108.789 E2.1511
;WIDTH:0.521574
G1 X113.256 Y107.609 E2.21839
;WIDTH:0.52343
G1 X113.257 Y106.346 E2.2907
G1 X113.17 Y106.097 E2.3058
;WIDTH:0.486715
G1 X113.083 Y105.849 E2.31964
;WIDTH:0.45
G1 X112.873 Y105.596 E2.33545
G1 X112.181 Y105.307 E2.37152
G1 X113.103 Y105.31 E2.41587
G1 X113.737 Y105.284 E2.44639
G1 X113.743 Y105.659 E2.46443
;WIDTH:0.487193
G1 X113.73 Y106.003 E2.48258
;WIDTH:0.524387
G1 X113.716 Y106.346 E2.50228
;WIDTH:0.52343
G1 X113.713 Y107.611 E2.57471
;WIDTH:0.521574
G1 X113.691 Y108.798 E2.64241
;WIDTH:0.526717
G1 X113.627 Y110.025 E2.71326
;WIDTH:0.510212
G1 X113.568 Y111.011 E2.76819
;WIDTH:0.471531
G1 X113.52 Y111.623 E2.79936
;WIDTH:0.439349
G1 X113.472 Y112.235 E2.82807
;WIDTH:0.407168
G1 X113.415 Y112.818 E2.85311
;WIDTH:0.411212
G1 X113.385 Y112.881 E2.85613
;WIDTH:0.453243
G1 X113.355 Y112.945 E2.85956
;WIDTH:0.495275
G1 X113.326 Y113.008 E2.86329
;WIDTH:0.537306
G1 X113.296 Y113.071 E2.86741
;WIDTH:0.579337
G1 X113.267 Y113.134 E2.87186
;WIDTH:0.621369
G1 X113.237 Y113.197 E2.87671
G1 X113.216 Y113.131 E2.88152
;WIDTH:0.579337
G1 X113.195 Y113.064 E2.88603
;WIDTH:0.537306
G1 X113.174 Y112.998 E2.89012
;WIDTH:0.495275
G1 X113.153 Y112.931 E2.89389
;WIDTH:0.453243
G1 X113.132 Y112.865 E2.89725
;WIDTH:0.411212
G1 X113.111 Y112.798 E2.90029
;WIDTH:0.407168
G1 X113.13 Y112.222 E2.92493
;WIDTH:0.439349
G1 X113.146 Y111.606 E2.95375
;WIDTH:0.471531
G1 X113.147 Y111.563 E2.95593
G1 E.95593 F2400
G92 E0
G1 X106.607 Y105.655 F7800
G1 E2 F2400
;WIDTH:0.382406
G1 F900
G1 X107.05 Y105.662 E2.01757
G1 X106.913 Y105.877 E2.02768
;WIDTH:0.427352
G1 X106.873 Y105.969 E2.03222
;WIDTH:0.472299
G1 X106.833 Y106.061 E2.03732
;WIDTH:0.517245
G1 X106.794 Y106.153 E2.04296
;WIDTH:0.562192
G1 X106.754 Y106.245 E2.04919
;WIDTH:0.607139
G1 X106.714 Y106.337 E2.05598
G1 X106.692 Y106.233 E2.06318
;WIDTH:0.562192
G1 X106.67 Y106.13 E2.06972
;WIDTH:0.517245
G1 X106.649 Y106.026 E2.07571
;WIDTH:0.472299
G1 X106.627 Y105.923 E2.08107
;WIDTH:0.427352
G1 X106.605 Y105.82 E2.08584
;WIDTH:0.382406
G1 X106.606 Y105.715 E2.09001
G1 E.09001 F2400
G92 E0
G1 X106.865 Y111.851 F7800
G1 E2 F2400
;WIDTH:0.427145
G1 F900
G1 X106.846 Y111.477 E2.01694
;WIDTH:0.464398
G1 X106.828 Y111.103 E2.03562
;WIDTH:0.501651
G1 X106.809 Y110.729 E2.05604
;WIDTH:0.543946
G1 X106.788 Y110.117 E2.09267
;WIDTH:0.586241
G1 X106.735 Y108.95 E2.16871
;WIDTH:0.591899
G1 X106.722 Y108.305 E2.21116
;WIDTH:0.611521
G1 X106.714 Y106.337 E2.34546
G1 E.34546 F2400
G92 E0
G1 X107.221 Y110.76 F7800
G1 E2 F2400
;WIDTH:0.45
G1 F900
G1 X107.221 Y111.851 E2.05247
;WIDTH:0.49651
G1 X107.197 Y111.984 E2.05975
;WIDTH:0.54302
G1 X107.174 Y112.117 E2.06781
;WIDTH:0.58953
G1 X107.151 Y112.25 E2.07665
G1 X107.169 Y112.826 E2.1144
;WIDTH:0.553262
G1 X107.187 Y113.401 E2.14948
;WIDTH:0.516995
G1 X107.211 Y114.028 E2.1849
;WIDTH:0.47767
G1 X107.234 Y114.654 E2.21719
;WIDTH:0.438345
G1 X107.258 Y115.281 E2.24646
;WIDTH:0.441973
G1 X107.234 Y115.36 E2.25035
;WIDTH:0.484927
G1 X107.21 Y115.438 E2.25463
;WIDTH:0.527881
G1 X107.186 Y115.517 E2.2594
;WIDTH:0.570835
G1 X107.162 Y115.596 E2.26462
;WIDTH:0.613789
G1 X107.139 Y115.675 E2.27026
G1 X107.101 Y115.6 E2.27602
;WIDTH:0.565661
G1 X107.064 Y115.526 E2.28119
;WIDTH:0.517533
G1 X107.027 Y115.451 E2.28592
;WIDTH:0.469405
G1 X106.99 Y115.377 E2.2901
;WIDTH:0.421277
G1 X106.952 Y115.302 E2.29384
;WIDTH:0.39902
G1 X106.913 Y114.998 E2.30663
;WIDTH:0.438345
G1 X106.854 Y114.473 E2.33127
;WIDTH:0.47767
G1 X106.795 Y113.947 E2.35855
;WIDTH:0.516995
G1 X106.736 Y113.422 E2.38837
;WIDTH:0.553262
G1 X106.682 Y112.852 E2.42328
;WIDTH:0.58953
G1 X106.628 Y112.283 E2.46072
G1 X106.589 Y112.151 E2.46974
;WIDTH:0.54302
G1 X106.55 Y112.018 E2.47801
;WIDTH:0.49651
G1 X106.511 Y111.886 E2.48543
;WIDTH:0.45
G1 X106.399 Y110.764 E2.53966
G1 X106.314 Y109.529 E2.5992
G1 X106.265 Y108.318 E2.65749
G1 X106.246 Y107.038 E2.71906
G1 X106.271 Y105.151 E2.80983
G1 X106.672 Y105.31 E2.83058
G1 X107.405 Y105.31 E2.86583
;WIDTH:0.458139
G1 X108.051 Y105.314 E2.89756
G1 X107.526 Y105.596 E2.92683
;WIDTH:0.45
G1 X107.241 Y106.002 E2.95069
G1 X107.178 Y106.339 E2.96718
G1 X107.178 Y108.95 E3.09276
G1 X107.22 Y109.214 E3.10562
G1 X107.221 Y110.7 E3.17709
G1 E1.17709 F2400
G92 E0
G1 X108.051 Y105.314 F7800
G1 E2 F2400
;WIDTH:0.458139
G1 F900
G1 X108.218 Y105.307 E2.00821
;WIDTH:0.443579
G1 X112.181 Y105.307 E2.19564
G1 X112.652 Y105.93 F7800
;WIDTH:0.45
G1 F3600
G1 X112.596 Y105.865 E2.19977
G1 X112.181 Y105.689 E2.22145
G1 X108.135 Y105.689 E2.41605
G1 X107.803 Y105.865 E2.43412
G1 X107.602 Y106.14 E2.4505
G1 X107.564 Y106.342 E2.46039
G1 X107.564 Y108.95 E2.58583
G1 X107.606 Y109.147 E2.59552
G1 X107.606 Y118.557 E3.04811
G1 X107.326 Y118.454 E3.06246
G1 X107.243 Y118.372 E3.06807
G1 X107.056 Y117.798 E3.09711
G1 X106.813 Y116.541 E3.15869
G1 X106.558 Y115.058 E3.23106
G1 X106.321 Y113.49 E3.30733
G1 X106.143 Y112.08 E3.37568
G1 X106.015 Y110.796 E3.43774
G1 X105.929 Y109.55 E3.49781
G1 X105.88 Y108.329 E3.55658
G1 X105.86 Y107.04 E3.61858
G1 X105.869 Y105.66 E3.68495
G1 X105.893 Y104.903 E3.72138
;WIDTH:0.489232
G1 X105.918 Y104.723 E3.73101
;WIDTH:0.528464
G1 X105.944 Y104.543 E3.74154
;WIDTH:0.567697
G1 X105.969 Y104.364 E3.75289
G1 X106.067 Y104.494 E3.76311
;WIDTH:0.528464
G1 X106.166 Y104.625 E3.77261
;WIDTH:0.489232
G1 X106.264 Y104.756 E3.78128
;WIDTH:0.45
G1 X106.672 Y104.924 E3.8025
G1 X113.651 Y104.924 E4.13817
G1 X113.973 Y104.826 E4.15436
G1 X114.11 Y104.705 E4.16315
G1 X114.139 Y106.282 E4.23901
G1 X114.135 Y107.618 E4.30327
G1 X114.105 Y108.813 E4.36076
G1 X114.042 Y110.048 E4.42024
G1 X113.963 Y111.045 E4.46834
G1 X113.833 Y112.285 E4.52831
G1 X113.612 Y113.955 E4.60933
G1 X113.486 Y114.751 E4.64809
;WIDTH:0.495996
G1 X113.442 Y114.879 E4.65538
;WIDTH:0.541992
G1 X113.399 Y115.006 E4.66337
;WIDTH:0.587988
G1 X113.355 Y115.134 E4.67221
G1 X113.293 Y115.66 E4.7068
;WIDTH:0.546466
G1 X112.943 Y117.57 E4.82356
G1 X112.814 Y118.09 E4.85577
G1 X112.814 Y115.619 E5.00435
;WIDTH:0.587988
G1 X112.835 Y115.093 E5.03873
G1 X112.812 Y114.96 E5.04754
;WIDTH:0.541992
G1 X112.789 Y114.827 E5.05558
;WIDTH:0.495996
G1 X112.766 Y114.694 E5.06285
;WIDTH:0.45
G1 X112.766 Y109.2 E5.32709
G1 X112.802 Y109.141 E5.33041
G1 X112.835 Y108.951 E5.33969
G1 X112.835 Y106.346 E5.46498
G1 X112.752 Y106.047 E5.4799
G1 X112.691 Y105.976 E5.4844
G1 X112.379 Y106.199 F7800
;TYPE:External perimeter
G1 F1800
G1 X112.319 Y106.133 E5.48869
G1 X112.181 Y106.075 E5.49589
G1 X108.189 Y106.075 E5.68789
G1 X108.004 Y106.211 E5.69893
G1 X107.95 Y106.344 E5.70583
G1 X107.95 Y108.95 E5.83117
G1 X107.992 Y109.072 E5.83738
G1 X107.992 Y119.003 E6.31503
G1 X107.449 Y118.923 E6.34143
G1 X107.02 Y118.73 E6.36406
G1 X106.822 Y118.396 E6.38273
G1 X106.68 Y117.886 E6.40819
G1 X106.434 Y116.61 E6.47069
G1 X106.177 Y115.119 E6.54346
G1 X105.939 Y113.543 E6.62012
G1 X105.76 Y112.123 E6.68896
G1 X105.63 Y110.829 E6.75151
G1 X105.543 Y109.571 E6.81216
G1 X105.494 Y108.339 E6.87146
G1 X105.474 Y107.041 E6.9339
G1 X105.483 Y105.652 E7.00071
G1 X105.605 Y101.852 E7.18357
G1 X105.824 Y101.528 E7.20238
G1 X106.153 Y101.313 E7.22128
G1 X106.63 Y101.15 E7.24552
G1 X107.246 Y101.037 E7.27564
G1 X107.932 Y100.965 E7.30882
G1 X108.92 Y100.911 E7.35641
G1 X110.034 Y100.893 E7.41
G1 X111.079 Y100.911 E7.46027
G1 X112.068 Y100.965 E7.50791
G1 X112.754 Y101.037 E7.54109
G1 X113.324 Y101.142 E7.56897
G1 X113.785 Y101.279 E7.5921
G1 X114.139 Y101.49 E7.61192
G1 X114.385 Y101.811 E7.63137
G1 X114.417 Y102.165 E7.64847
;WIDTH:0.484864
G1 X114.411 Y102.557 E7.66903
;WIDTH:0.519728
G1 X114.406 Y102.95 E7.69135
;WIDTH:0.540197
G1 X114.439 Y104.348 E7.77434
G1 X114.47 Y104.619 E7.79053
;WIDTH:0.495098
G1 X114.501 Y104.891 E7.80524
;WIDTH:0.45
G1 X114.524 Y106.284 E7.87225
G1 X114.52 Y107.624 E7.9367
G1 X114.49 Y108.828 E7.99463
G1 X114.427 Y110.073 E8.05459
G1 X114.347 Y111.08 E8.10318
G1 X114.216 Y112.33 E8.16363
G1 X113.994 Y114.01 E8.24513
G1 X113.72 Y115.733 E8.32904
G1 X113.367 Y117.662 E8.42336
G1 X113.213 Y118.284 E8.45418
G1 X113.073 Y118.593 E8.4705
G1 X112.926 Y118.765 E8.48138
G1 X112.656 Y118.903 E8.49596
G1 X112.38 Y118.957 E8.50949
G1 X112.38 Y109.119 E8.98266
G1 X112.449 Y108.951 E8.9914
G1 X112.449 Y106.346 E9.11669
G1 X112.422 Y106.246 E9.12167
G1 X112.419 Y106.244 E9.12184
G1 X112.051 Y106.088 F7800
M106 S221.85
;LAYER_CHANGE
;Z:13.25
;HEIGHT:0.3
G1 E7.12184 F2400
G92 E0
G1 Z13.25 F7800
G1 X112.713 Y121.271
G1 E2 F2400
;TYPE:Support material interface
;WIDTH:0.35
G1 F3600
G1 X112.713 Y119.54 E2.06167
G1 X112.428 Y119.595 E2.07201
G1 X112.428 Y121.142 E2.12712
G1 X112.142 Y121.142 E2.13731
G1 X112.142 Y119.631 E2.19114
G1 X112.032 Y119.643 E2.19508
G1 X111.856 Y119.486 E2.20348
G1 X111.856 Y121.142 E2.26247
G1 X111.571 Y121.142 E2.27262
G1 X111.571 Y115.571 E2.47108
G1 X111.285 Y115.571 E2.48127
G1 X111.285 Y121.142 E2.67973
G1 X111 Y121.142 E2.68988
G1 X111 Y119.533 E2.7472
G1 X110.826 Y119.711 E2.75607
G1 X110.714 Y119.713 E2.76006
G1 X110.714 Y121.142 E2.81097
G1 X110.428 Y121.142 E2.82116
G1 X110.428 Y119.719 E2.87185
G1 X110.143 Y119.721 E2.882
G1 X110.143 Y121.142 E2.93262
G1 X109.857 Y121.142 E2.94281
G1 X109.857 Y119.721 E2.99343
G1 X109.572 Y119.719 E3.00358
G1 X109.572 Y121.142 E3.05427
G1 X109.286 Y121.142 E3.06446
G1 X109.286 Y115.571 E3.26292
G1 X109 Y115.571 E3.27311
G1 X109 Y121.142 E3.47157
G1 X108.715 Y121.142 E3.48172
G1 X108.715 Y115.571 E3.68018
G1 X108.585 Y115.571 E3.68481
G1 X108.585 Y119.455 E3.82317
G1 X108.429 Y119.6 E3.83076
G1 X108.429 Y121.142 E3.88569
G1 X108.143 Y121.142 E3.89588
G1 X108.143 Y119.659 E3.94871
G1 X107.858 Y119.631 E3.95891
G1 X107.858 Y121.142 E4.01274
G1 X107.572 Y121.142 E4.02293
G1 X107.572 Y119.595 E4.07804
G1 X107.287 Y119.539 E4.08839
G1 X107.287 Y121.271 E4.15009
G1 E2.15009 F2400
G92 E0
G1 X111.571 Y112.914 F7800
G1 E2 F2400
G1 F3600
G1 X111.571 Y107.214 E2.20306
G1 X111.285 Y107.214 E2.21325
G1 X111.285 Y112.786 E2.41175
G1 X111.035 Y112.786 E2.42066
G1 X111 Y107.214 E2.61916
G1 X110.714 Y107.214 E2.62935
G1 X110.714 Y108.629 E2.67976
G1 X110.428 Y108.629 E2.68995
G1 X110.428 Y107.214 E2.74036
G1 X110.143 Y107.214 E2.75051
G1 X110.143 Y108.757 E2.80548
G1 X109.554 Y107.214 F7800
;TYPE:Support material
G1 F3600
G1 X108.703 Y107.214 E2.8358
G1 X111.824 Y106.897 F7800
G1 F3600
G1 X109.682 Y106.897 E2.91211
G1 X109.682 Y108.596 E2.97264
G1 X109.539 Y108.596 E2.97773
G1 X109.305 Y108.831 E2.98954
G1 X109.305 Y109.968 E3.03004
G1 X108.617 Y109.968 E3.05455
G1 X108.575 Y106.7 E3.17098
G1 X111.824 Y106.7 E3.28672
G1 X111.824 Y106.854 E3.29221
G1 E1.29221 F2400
G92 E0
G1 X113.232 Y103.914 F7800
G1 E2 F2400
G1 F3600
G1 X112.818 Y103.914 E2.01475
G1 X112.818 Y103.317 E2.03602
G1 X113.232 Y103.317 E2.05077
G1 X113.232 Y103.871 E2.07051
G1 E.07051 F2400
G92 E0
G1 X107.182 Y103.914 F7800
G1 E2 F2400
G1 F3600
G1 X107.091 Y103.914 E2.00324
G1 X107.091 Y103.317 E2.02451
G1 X107.182 Y103.317 E2.02775
G1 X107.182 Y103.871 E2.04749
G1 E.04749 F2400
G92 E0
G1 X109.961 Y109.253 F7800
G1 E2 F2400
;TYPE:External perimeter
;WIDTH:0.513531
G1 F900
G1 X110.411 Y109.253 E2.02521
G1 X110.411 Y119.071 E2.57522
G1 X109.961 Y119.074 E2.60043
G1 X109.961 Y109.313 E3.14725
G1 X110.357 Y109.254 F7800
G1 E1.14725 F2400
G92 E0
G1 X106.508 Y102.809 F7800
G1 E2 F2400
;WIDTH:0.45
G1 F900
G1 X106.671 Y102.694 E2.00959
G1 X113.623 Y102.692 E2.34396
G1 X113.758 Y102.748 E2.35099
;WIDTH:0.479704
G1 X113.837 Y102.852 E2.35776
;WIDTH:0.509408
G1 X113.916 Y102.957 E2.36505
;WIDTH:0.531297
G1 X113.927 Y104.274 E2.44175
G1 X113.881 Y104.345 E2.44668
;WIDTH:0.497456
G1 X113.835 Y104.415 E2.4512
;WIDTH:0.463615
G1 X113.682 Y104.529 E2.4607
;WIDTH:0.45
G1 X113.103 Y104.539 E2.48855
G1 X106.702 Y104.539 E2.79642
G1 X106.493 Y104.41 E2.80823
G1 X106.437 Y104.274 E2.8153
G1 X106.437 Y102.957 E2.87864
G1 X106.477 Y102.858 E2.88378
G1 X106.847 Y102.705 F7800
G1 X106.006 Y104.361
;TYPE:Perimeter
;WIDTH:0.551089
G1 F900
G1 X106.005 Y104.274 E2.88906
;WIDTH:0.542003
G1 X106.028 Y102.957 E2.96753
;WIDTH:0.496471
G1 X106.028 Y102.936 E2.96866
G1 X107.402 Y101.858 F7800
;WIDTH:0.609527
G1 F900
G1 X107.715 Y101.841 E2.98997
;WIDTH:0.642641
G1 X108.028 Y101.824 E3.01258
;WIDTH:0.668633
G1 X108.497 Y101.811 E3.04794
;WIDTH:0.694625
G1 X108.966 Y101.798 E3.08482
;WIDTH:0.712113
G1 X111.035 Y101.798 E3.25197
;WIDTH:0.694619
G1 X111.841 Y101.819 E3.31535
;WIDTH:0.652619
G1 X112.169 Y101.835 E3.33944
;WIDTH:0.621258
G1 X112.496 Y101.851 E3.36218
;WIDTH:0.589897
G1 X112.783 Y101.875 E3.38106
;WIDTH:0.541168
G1 X113.069 Y101.9 E3.39813
G1 E1.39813 F2400
G92 E0
G1 X106.237 Y102.536 F7800
G1 E2 F2400
;WIDTH:0.45
G1 F900
G1 X106.221 Y102.547 E2.00093
;WIDTH:0.496111
G1 X106.028 Y102.936 E2.02431
G1 X106.022 Y102.46 E2.04994
;WIDTH:0.45
G1 X106.039 Y101.954 E2.07429
G1 X106.122 Y101.823 E2.08175
G1 X106.384 Y101.648 E2.0969
G1 X106.79 Y101.516 E2.11743
G1 X107.354 Y101.411 E2.14502
G1 X108.001 Y101.343 E2.17631
G1 X108.958 Y101.291 E2.22241
G1 X110.021 Y101.273 E2.27354
G1 X111.053 Y101.291 E2.32318
G1 X111.887 Y101.335 E2.36335
G1 X112.573 Y101.402 E2.3965
G1 X113.487 Y101.598 E2.44146
G1 X113.768 Y101.745 E2.45671
G1 X113.96 Y101.957 E2.47047
G1 X113.989 Y102.451 E2.49427
G1 X113.778 Y102.328 E2.50602
G1 X113.627 Y102.306 E2.51336
G1 X106.863 Y102.306 E2.83868
G1 X106.507 Y102.34 E2.85588
G1 X106.285 Y102.501 E2.86907
G1 E.86907 F2400
G92 E0
G1 X113.237 Y113.053 F7800
G1 E2 F2400
;WIDTH:0.621445
G1 F900
G1 X113.218 Y113.339 E2.01992
;WIDTH:0.583896
G1 X113.2 Y113.625 E2.03849
;WIDTH:0.546347
G1 X113.181 Y113.91 E2.05566
;WIDTH:0.508799
G1 X113.163 Y114.139 E2.06839
;WIDTH:0.473366
G1 X113.145 Y114.367 E2.08006
;WIDTH:0.437933
G1 X113.128 Y114.595 E2.09071
G1 E.09071 F2400
G92 E0
G1 X107.218 Y116.532 F7800
G1 E2 F2400
;WIDTH:0.495433
G1 F900
G1 X107.198 Y116.295 E2.01279
;WIDTH:0.535084
G1 X107.178 Y116.059 E2.02669
;WIDTH:0.574734
G1 X107.158 Y115.823 E2.04177
;WIDTH:0.614385
G1 X107.138 Y115.587 E2.05802
G1 E.05802 F2400
G92 E0
G1 X106.641 Y105.641 F7800
G1 E2 F2400
;WIDTH:0.365365
G1 F900
G1 X107.063 Y105.653 E2.01585
G1 X106.929 Y105.86 E2.02511
;WIDTH:0.405607
G1 X106.89 Y105.954 E2.02944
;WIDTH:0.445849
G1 X106.851 Y106.049 E2.03433
;WIDTH:0.486092
G1 X106.812 Y106.144 E2.03973
;WIDTH:0.526334
G1 X106.773 Y106.238 E2.04559
;WIDTH:0.566577
G1 X106.734 Y106.333 E2.05202
G1 X106.716 Y106.195 E2.06074
;WIDTH:0.526334
G1 X106.697 Y106.056 E2.06882
;WIDTH:0.486092
G1 X106.678 Y105.918 E2.07615
;WIDTH:0.445849
G1 X106.66 Y105.779 E2.08282
;WIDTH:0.405607
G1 X106.649 Y105.7 E2.08621
G1 E.08621 F2400
G92 E0
G1 X106.868 Y111.657 F7800
G1 E2 F2400
;WIDTH:0.428971
G1 F900
G1 X106.846 Y111.201 E2.02076
;WIDTH:0.473051
G1 X106.824 Y110.744 E2.04408
;WIDTH:0.513825
G1 X106.803 Y110.131 E2.07846
;WIDTH:0.554599
G1 X106.752 Y109.002 E2.14756
;WIDTH:0.556713
G1 X106.739 Y108.324 E2.1892
;WIDTH:0.573037
G1 X106.734 Y106.333 E2.31551
G1 E.31551 F2400
G92 E0
G1 X107.221 Y110.76 F7800
G1 E2 F2400
;WIDTH:0.45
G1 F900
G1 X107.221 Y111.657 E2.04314
;WIDTH:0.496619
G1 X107.197 Y111.791 E2.05048
;WIDTH:0.543238
G1 X107.174 Y111.924 E2.05854
;WIDTH:0.589858
G1 X107.151 Y112.057 E2.06739
G1 X107.172 Y112.738 E2.11204
;WIDTH:0.547896
G1 X107.193 Y113.42 E2.15319
;WIDTH:0.505935
G1 X107.214 Y114.011 E2.18576
;WIDTH:0.470812
G1 X107.236 Y114.602 E2.21574
;WIDTH:0.435689
G1 X107.258 Y115.193 E2.24313
;WIDTH:0.443329
G1 X107.234 Y115.272 E2.24703
;WIDTH:0.486093
G1 X107.21 Y115.351 E2.25137
;WIDTH:0.528857
G1 X107.186 Y115.429 E2.2561
;WIDTH:0.571621
G1 X107.162 Y115.508 E2.26132
;WIDTH:0.614385
G1 X107.138 Y115.587 E2.26698
G1 X107.101 Y115.512 E2.27272
;WIDTH:0.566075
G1 X107.064 Y115.438 E2.2779
;WIDTH:0.517765
G1 X107.027 Y115.363 E2.28263
;WIDTH:0.469455
G1 X106.99 Y115.288 E2.28686
;WIDTH:0.421145
G1 X106.953 Y115.214 E2.29054
;WIDTH:0.400566
G1 X106.911 Y114.882 E2.30457
;WIDTH:0.435689
G1 X106.858 Y114.401 E2.32698
;WIDTH:0.470812
G1 X106.805 Y113.92 E2.35151
;WIDTH:0.505935
G1 X106.752 Y113.44 E2.37811
;WIDTH:0.547896
G1 X106.69 Y112.764 E2.41905
;WIDTH:0.589858
G1 X106.627 Y112.089 E2.46348
G1 X106.59 Y111.956 E2.47253
;WIDTH:0.543238
G1 X106.553 Y111.824 E2.48072
;WIDTH:0.496619
G1 X106.516 Y111.691 E2.48816
;WIDTH:0.45
G1 X106.428 Y110.777 E2.53232
G1 X106.345 Y109.541 E2.5919
G1 X106.3 Y108.335 E2.64994
G1 X106.284 Y107.075 E2.71055
G1 X106.314 Y105.154 E2.80295
G1 X106.702 Y105.31 E2.82306
G1 X107.405 Y105.31 E2.85687
;WIDTH:0.458139
G1 X108.051 Y105.314 E2.8886
G1 X107.526 Y105.596 E2.91787
;WIDTH:0.45
G1 X107.247 Y105.987 E2.94097
G1 X107.178 Y106.346 E2.95855
G1 X107.178 Y108.951 E3.08384
G1 X107.221 Y109.215 E3.0967
G1 X107.221 Y110.7 E3.16812
G1 E1.16812 F2400
G92 E0
G1 X108.051 Y105.314 F7800
G1 E2 F2400
;WIDTH:0.458139
G1 F900
G1 X108.218 Y105.307 E2.00821
;WIDTH:0.443579
G1 X112.181 Y105.307 E2.19564
G1 X113.397 Y105.65 F7800
;WIDTH:0.359277
G1 F900
G1 X113.378 Y105.682 E2.19701
G1 X113.323 Y105.65 E2.19935
G1 X113.378 Y105.618 E2.20169
G1 E.20169 F2400
G92 E0
G1 X113.143 Y111.494 F7800
G1 E2 F2400
;WIDTH:0.446201
G1 F900
G1 X113.15 Y111.253 E2.01148
;WIDTH:0.486758
G1 X113.17 Y110.267 E2.06343
;WIDTH:0.511432
G1 X113.182 Y109.355 E2.11429
G1 X113.239 Y108.95 E2.13709
;WIDTH:0.501559
G1 X113.246 Y107.852 E2.19696
;WIDTH:0.504206
G1 X113.248 Y106.332 E2.28034
G1 X113.16 Y106.082 E2.29488
;WIDTH:0.477103
G1 X113.072 Y105.832 E2.30852
;WIDTH:0.45
G1 X112.873 Y105.596 E2.32337
G1 X112.181 Y105.307 E2.35944
G1 X113.694 Y105.298 E2.43221
G1 X113.7 Y105.644 E2.44885
;WIDTH:0.477103
G1 X113.694 Y106.073 E2.47094
;WIDTH:0.504206
G1 X113.687 Y106.502 E2.49448
G1 X113.683 Y107.852 E2.56854
;WIDTH:0.501559
G1 X113.661 Y108.956 E2.62875
;WIDTH:0.511432
G1 X113.592 Y110.285 E2.70295
;WIDTH:0.486758
G1 X113.53 Y111.273 E2.7551
;WIDTH:0.446201
G1 X113.474 Y111.969 E2.78835
;WIDTH:0.413281
G1 X113.418 Y112.666 E2.81878
;WIDTH:0.428577
G1 X113.382 Y112.743 E2.82264
;WIDTH:0.476794
G1 X113.346 Y112.821 E2.82706
;WIDTH:0.525011
G1 X113.31 Y112.898 E2.83194
;WIDTH:0.573228
G1 X113.273 Y112.976 E2.83742
;WIDTH:0.621445
G1 X113.237 Y113.053 E2.84333
G1 X113.216 Y112.987 E2.84814
;WIDTH:0.579394
G1 X113.195 Y112.92 E2.85265
;WIDTH:0.537344
G1 X113.174 Y112.854 E2.85674
;WIDTH:0.495293
G1 X113.153 Y112.787 E2.86051
;WIDTH:0.453243
G1 X113.132 Y112.721 E2.86387
;WIDTH:0.411192
G1 X113.111 Y112.654 E2.86691
;WIDTH:0.380361
G1 X113.117 Y112.483 E2.87365
;WIDTH:0.413281
G1 X113.133 Y111.868 E2.90042
;WIDTH:0.446201
G1 X113.141 Y111.554 E2.91538
G1 E.91538 F2400
G92 E0
G1 X112.653 Y105.93 F7800
G1 E2 F2400
;WIDTH:0.45
G1 F3600
G1 X112.596 Y105.865 E2.00416
G1 X112.181 Y105.689 E2.02584
G1 X108.135 Y105.689 E2.22044
G1 X107.803 Y105.865 E2.23851
G1 X107.605 Y106.131 E2.25446
G1 X107.564 Y106.34 E2.2647
G1 X107.564 Y108.951 E2.39028
G1 X107.606 Y109.148 E2.39997
G1 X107.606 Y118.569 E2.85309
G1 X107.336 Y118.473 E2.86687
G1 X107.254 Y118.392 E2.87241
G1 X107.066 Y117.814 E2.90164
G1 X106.835 Y116.6 E2.96108
G1 X106.555 Y114.94 E3.04205
G1 X106.343 Y113.505 E3.11182
G1 X106.164 Y112.053 E3.18218
G1 X106.043 Y110.808 E3.24234
G1 X105.96 Y109.561 E3.30245
G1 X105.915 Y108.345 E3.36098
G1 X105.898 Y107.076 E3.42202
G1 X105.911 Y105.665 E3.48989
G1 X105.937 Y104.896 E3.5269
;WIDTH:0.483696
G1 X105.96 Y104.718 E3.53629
;WIDTH:0.517392
G1 X105.983 Y104.539 E3.54649
;WIDTH:0.551089
G1 X106.006 Y104.361 E3.55739
G1 X106.102 Y104.493 E3.5673
;WIDTH:0.517392
G1 X106.198 Y104.624 E3.57648
;WIDTH:0.483696
G1 X106.293 Y104.756 E3.58499
;WIDTH:0.45
G1 X106.702 Y104.924 E3.60626
G1 X113.103 Y104.924 E3.91413
G1 X113.804 Y104.895 E3.94787
G1 X114.064 Y104.721 E3.96292
G1 X114.1 Y106.504 E4.04869
G1 X114.095 Y107.861 E4.11396
G1 X114.062 Y109.067 E4.17199
G1 X113.995 Y110.309 E4.23181
G1 X113.913 Y111.307 E4.27997
G1 X113.78 Y112.544 E4.33981
G1 X113.485 Y114.651 E4.44214
;WIDTH:0.496037
G1 X113.442 Y114.779 E4.44941
;WIDTH:0.542074
G1 X113.399 Y114.907 E4.45746
;WIDTH:0.588111
G1 X113.356 Y115.034 E4.46622
G1 X113.28 Y115.677 E4.50851
;WIDTH:0.538169
G1 X112.936 Y117.588 E4.62325
G1 X112.81 Y118.101 E4.65447
G1 X112.81 Y115.638 E4.80002
;WIDTH:0.588111
G1 X112.835 Y114.994 E4.84212
G1 X112.812 Y114.861 E4.85094
;WIDTH:0.542074
G1 X112.789 Y114.728 E4.85898
;WIDTH:0.496037
G1 X112.766 Y114.595 E4.86625
;WIDTH:0.45
G1 X112.766 Y109.201 E5.12568
G1 X112.802 Y109.142 E5.129
G1 X112.835 Y108.95 E5.13837
G1 X112.835 Y106.346 E5.26361
G1 X112.746 Y106.037 E5.27908
G1 X112.692 Y105.975 E5.28303
G1 X112.38 Y106.199 F7800
;TYPE:External perimeter
G1 F1800
G1 X112.319 Y106.133 E5.28735
G1 X112.181 Y106.075 E5.29455
G1 X108.189 Y106.075 E5.48655
G1 X108.004 Y106.211 E5.49759
G1 X107.95 Y106.344 E5.50449
G1 X107.95 Y108.951 E5.62988
G1 X107.992 Y109.072 E5.63604
G1 X107.992 Y119.015 E6.11426
G1 X107.451 Y118.936 E6.14056
G1 X107.038 Y118.754 E6.16227
G1 X106.831 Y118.412 E6.1815
G1 X106.691 Y117.902 E6.20694
G1 X106.456 Y116.668 E6.26736
G1 X106.174 Y115.001 E6.34868
G1 X105.961 Y113.557 E6.41888
G1 X105.78 Y112.095 E6.48973
G1 X105.659 Y110.84 E6.55037
G1 X105.575 Y109.581 E6.61106
G1 X105.529 Y108.355 E6.67007
G1 X105.513 Y107.077 E6.73154
G1 X105.525 Y105.657 E6.79984
G1 X105.657 Y101.851 E6.98301
G1 X105.875 Y101.524 E7.00191
G1 X106.199 Y101.31 E7.02059
G1 X106.672 Y101.145 E7.04468
G1 X107.281 Y101.031 E7.07448
G1 X107.958 Y100.959 E7.10722
G1 X108.934 Y100.905 E7.15423
G1 X110.021 Y100.887 E7.20652
G1 X111.066 Y100.905 E7.25679
G1 X111.905 Y100.949 E7.2972
G1 X112.608 Y101.016 E7.33117
G1 X113.203 Y101.118 E7.3602
G1 X113.595 Y101.228 E7.37978
G1 X114.095 Y101.485 E7.40682
G1 X114.334 Y101.816 E7.42646
G1 X114.365 Y102.157 E7.44293
;WIDTH:0.479704
G1 X114.363 Y102.553 E7.46344
;WIDTH:0.509408
G1 X114.361 Y102.949 E7.48542
;WIDTH:0.531297
G1 X114.396 Y104.35 E7.56703
G1 X114.429 Y104.713 E7.58826
;WIDTH:0.490648
G1 X114.462 Y105.076 E7.60764
;WIDTH:0.45
G1 X114.486 Y106.505 E7.67638
G1 X114.48 Y107.867 E7.74189
G1 X114.447 Y109.083 E7.8004
G1 X114.38 Y110.335 E7.8607
G1 X114.297 Y111.343 E7.90935
G1 X114.163 Y112.59 E7.96967
G1 X113.973 Y114.024 E8.03924
G1 X113.704 Y115.748 E8.12316
G1 X113.356 Y117.677 E8.21744
G1 X113.204 Y118.3 E8.24828
G1 X113.065 Y118.609 E8.26458
G1 X112.919 Y118.78 E8.27539
G1 X112.65 Y118.917 E8.28991
G1 X112.38 Y118.97 E8.30314
G1 X112.38 Y109.119 E8.77694
G1 X112.449 Y108.95 E8.78572
G1 X112.449 Y106.501 E8.90351
G1 X112.42 Y106.243 E8.916
G1 X112.051 Y106.088 F7800
;LAYER_CHANGE
;Z:13.55
;HEIGHT:0.3
G1 E6.916 F2400
G92 E0
G1 Z13.55 F7800
G1 X112.713 Y121.271
G1 E2 F2400
;TYPE:Support material interface
;WIDTH:0.35
G1 F3600
G1 X112.713 Y119.54 E2.06167
G1 X112.428 Y119.595 E2.07201
G1 X112.428 Y121.142 E2.12712
G1 X112.142 Y121.142 E2.13731
G1 X112.142 Y119.631 E2.19114
G1 X112.032 Y119.643 E2.19508
G1 X111.856 Y119.486 E2.20348
G1 X111.856 Y121.142 E2.26247
G1 X111.571 Y121.142 E2.27262
G1 X111.571 Y115.571 E2.47108
G1 X111.285 Y115.571 E2.48127
G1 X111.285 Y121.142 E2.67973
G1 X111 Y121.142 E2.68988
G1 X111 Y119.533 E2.7472
G1 X110.826 Y119.711 E2.75607
G1 X110.714 Y119.713 E2.76006
G1 X110.714 Y121.142 E2.81097
G1 X110.428 Y121.142 E2.82116
G1 X110.428 Y119.719 E2.87185
G1 X110.143 Y119.721 E2.882
G1 X110.143 Y121.142 E2.93262
G1 X109.857 Y121.142 E2.94281
G1 X109.857 Y119.721 E2.99343
G1 X109.572 Y119.719 E3.00358
G1 X109.572 Y121.142 E3.05427
G1 X109.286 Y121.142 E3.06446
G1 X109.286 Y115.571 E3.26292
G1 X109 Y115.571 E3.27311
G1 X109 Y121.142 E3.47157
G1 X108.715 Y121.142 E3.48172
G1 X108.715 Y115.571 E3.68018
G1 X108.585 Y115.571 E3.68481
G1 X108.585 Y119.455 E3.82317
G1 X108.429 Y119.6 E3.83076
G1 X108.429 Y121.142 E3.88569
G1 X108.143 Y121.142 E3.89588
G1 X108.143 Y119.659 E3.94871
G1 X107.858 Y119.631 E3.95891
G1 X107.858 Y121.142 E4.01274
G1 X107.572 Y121.142 E4.02293
G1 X107.572 Y119.595 E4.07804
G1 X107.287 Y119.539 E4.08839
G1 X107.287 Y121.271 E4.15009
G1 E2.15009 F2400
G92 E0
G1 X111.571 Y112.914 F7800
G1 E2 F2400
G1 F3600
G1 X111.571 Y107.214 E2.20306
G1 X111.285 Y107.214 E2.21325
G1 X111.285 Y112.786 E2.41175
G1 X111.035 Y112.786 E2.42066
G1 X111 Y107.214 E2.61916
G1 X110.714 Y107.214 E2.62935
G1 X110.714 Y108.629 E2.67976
G1 X110.428 Y108.629 E2.68995
G1 X110.428 Y107.214 E2.74036
G1 X110.143 Y107.214 E2.75051
G1 X110.143 Y108.757 E2.80548
G1 X109.554 Y107.214 F7800
;TYPE:Support material
G1 F3600
G1 X108.703 Y107.214 E2.8358
G1 X111.824 Y106.897 F7800
G1 F3600
G1 X109.682 Y106.897 E2.91211
G1 X109.682 Y108.596 E2.97264
G1 X109.539 Y108.596 E2.97773
G1 X109.305 Y108.831 E2.98954
G1 X109.305 Y109.968 E3.03004
G1 X108.617 Y109.968 E3.05455
G1 X108.575 Y106.7 E3.17098
G1 X111.824 Y106.7 E3.28672
G1 X111.824 Y106.854 E3.29221
G1 E1.29221 F2400
G92 E0
G1 X113.203 Y103.914 F7800
G1 E2 F2400
G1 F3600
G1 X112.818 Y103.914 E2.01372
G1 X112.818 Y103.317 E2.03499
G1 X113.203 Y103.317 E2.04871
G1 X113.203 Y103.871 E2.06845
G1 E.06845 F2400
G92 E0
G1 X107.182 Y103.914 F7800
G1 E2 F2400
G1 F3600
G1 X107.12 Y103.914 E2.00221
G1 X107.12 Y103.317 E2.02348
G1 X107.182 Y103.317 E2.02569
G1 X107.182 Y103.871 E2.04543
G1 E.04543 F2400
G92 E0
G1 X109.961 Y109.253 F7800
G1 E2 F2400
;TYPE:External perimeter
;WIDTH:0.513532
G1 F900
G1 X110.411 Y109.253 E2.02521
G1 X110.411 Y119.08 E2.57572
G1 X109.961 Y119.083 E2.60093
G1 X109.961 Y109.313 E3.14825
G1 X110.357 Y109.254 F7800
G1 E1.14825 F2400
G92 E0
G1 X106.538 Y102.81 F7800
G1 E2 F2400
;WIDTH:0.45
G1 F900
G1 X106.705 Y102.694 E2.00978
G1 X107.437 Y102.692 E2.04499
G1 X113.592 Y102.692 E2.34102
G1 X113.729 Y102.748 E2.34814
;WIDTH:0.499841
G1 X113.882 Y102.957 E2.36221
;WIDTH:0.523064
G1 X113.894 Y104.274 E2.43756
G1 X113.85 Y104.344 E2.44229
;WIDTH:0.493122
G1 X113.805 Y104.415 E2.44679
;WIDTH:0.46318
G1 X113.592 Y104.539 E2.45905
;WIDTH:0.45
G1 X106.729 Y104.539 E2.78914
G1 X106.523 Y104.41 E2.80083
G1 X106.466 Y104.274 E2.80792
G1 X106.466 Y102.957 E2.87126
G1 X106.507 Y102.858 E2.87641
G1 X106.876 Y102.704 F7800
G1 X106.043 Y104.359
;TYPE:Perimeter
;WIDTH:0.535873
G1 F900
G1 X106.042 Y104.274 E2.88141
;WIDTH:0.526947
G1 X106.066 Y102.957 E2.95741
;WIDTH:0.478351
G1 X106.067 Y102.935 E2.95855
G1 X107.437 Y101.855 F7800
;WIDTH:0.614432
G1 F900
G1 X107.745 Y101.839 E2.97971
;WIDTH:0.647565
G1 X108.054 Y101.822 E3.00222
;WIDTH:0.673613
G1 X108.517 Y101.809 E3.03742
;WIDTH:0.699661
G1 X108.98 Y101.796 E3.07412
;WIDTH:0.717219
G1 X111.022 Y101.796 E3.24039
;WIDTH:0.699637
G1 X111.801 Y101.816 E3.30213
;WIDTH:0.658721
G1 X112.127 Y101.832 E3.32633
;WIDTH:0.627429
G1 X112.452 Y101.848 E3.34918
;WIDTH:0.596137
G1 X112.737 Y101.872 E3.36815
;WIDTH:0.547378
G1 X113.021 Y101.896 E3.38532
G1 E1.38532 F2400
G92 E0
G1 X106.267 Y102.535 F7800
G1 E2 F2400
;WIDTH:0.45
G1 F900
G1 X106.25 Y102.547 E2.001
;WIDTH:0.477947
G1 X106.067 Y102.935 E2.02313
G1 X106.07 Y102.468 E2.04722
;WIDTH:0.45
G1 X106.089 Y101.953 E2.07201
G1 X106.174 Y101.818 E2.07968
G1 X106.431 Y101.643 E2.09463
G1 X106.808 Y101.515 E2.11378
G1 X107.37 Y101.408 E2.1413
G1 X108.014 Y101.339 E2.17245
G1 X108.961 Y101.286 E2.21807
G1 X110.009 Y101.268 E2.26848
G1 X111.04 Y101.286 E2.31808
G1 X111.838 Y101.328 E2.35651
G1 X112.513 Y101.393 E2.38913
G1 X113.091 Y101.492 E2.41733
G1 X113.465 Y101.6 E2.43605
G1 X113.725 Y101.723 E2.44988
G1 X113.908 Y101.937 E2.46342
G1 X113.939 Y102.44 E2.48766
G1 X113.732 Y102.324 E2.49907
G1 X113.592 Y102.306 E2.50586
G1 X107.437 Y102.306 E2.80189
G1 X106.55 Y102.335 E2.84457
G1 X106.316 Y102.501 E2.85837
G1 E.85837 F2400
G92 E0
G1 X113.237 Y112.893 F7800
G1 E2 F2400
;WIDTH:0.621933
G1 F900
G1 X113.215 Y113.237 E2.02397
;WIDTH:0.577533
G1 X113.193 Y113.582 E2.0461
;WIDTH:0.533133
G1 X113.171 Y113.926 E2.06625
;WIDTH:0.488733
G1 X113.149 Y114.211 E2.08138
;WIDTH:0.445249
G1 X113.127 Y114.495 E2.09491
G1 E.09491 F2400
G92 E0
G1 X107.228 Y116.592 F7800
G1 E2 F2400
;WIDTH:0.479489
G1 F900
G1 X107.206 Y116.321 E2.01408
;WIDTH:0.52458
G1 X107.183 Y116.049 E2.02975
;WIDTH:0.56967
G1 X107.161 Y115.777 E2.04695
;WIDTH:0.614761
G1 X107.138 Y115.505 E2.06569
G1 E.06569 F2400
G92 E0
G1 X106.868 Y111.407 F7800
G1 E2 F2400
;WIDTH:0.414637
G1 F900
G1 X106.853 Y111.083 E2.01417
;WIDTH:0.445151
G1 X106.837 Y110.758 E2.02962
;WIDTH:0.484407
G1 X106.818 Y110.144 E2.0618
;WIDTH:0.523663
G1 X106.768 Y108.999 E2.12745
;WIDTH:0.522059
G1 X106.757 Y108.37 E2.16336
;WIDTH:0.535851
G1 X106.754 Y106.346 E2.28238
;WIDTH:0.562705
G1 X106.774 Y106.159 E2.29407
;WIDTH:0.598134
G1 X106.794 Y105.973 E2.30652
;WIDTH:0.633563
G1 X106.813 Y105.787 E2.31979
G1 E.31979 F2400
G92 E0
G1 X107.221 Y110.76 F7800
G1 E2 F2400
;WIDTH:0.45
G1 F900
G1 X107.221 Y111.407 E2.03112
;WIDTH:0.494184
G1 X107.198 Y111.601 E2.04159
;WIDTH:0.538369
G1 X107.176 Y111.795 E2.05313
;WIDTH:0.582554
G1 X107.154 Y111.989 E2.06575
G1 X107.176 Y112.718 E2.11289
;WIDTH:0.538517
G1 X107.198 Y113.447 E2.15602
;WIDTH:0.494481
G1 X107.218 Y114.001 E2.18576
;WIDTH:0.458865
G1 X107.238 Y114.555 E2.21304
;WIDTH:0.423249
G1 X107.258 Y115.11 E2.2379
;WIDTH:0.433059
G1 X107.234 Y115.189 E2.2417
;WIDTH:0.478484
G1 X107.21 Y115.268 E2.24596
;WIDTH:0.52391
G1 X107.186 Y115.347 E2.25069
;WIDTH:0.569335
G1 X107.162 Y115.426 E2.25589
;WIDTH:0.614761
G1 X107.138 Y115.505 E2.26156
G1 X107.101 Y115.431 E2.26724
;WIDTH:0.566336
G1 X107.064 Y115.356 E2.27248
;WIDTH:0.517912
G1 X107.027 Y115.281 E2.27721
;WIDTH:0.469487
G1 X106.99 Y115.207 E2.28139
;WIDTH:0.421063
G1 X106.953 Y115.132 E2.28511
;WIDTH:0.387634
G1 X106.93 Y114.949 E2.29255
;WIDTH:0.423249
G1 X106.877 Y114.455 E2.31479
;WIDTH:0.458865
G1 X106.823 Y113.96 E2.33929
;WIDTH:0.494481
G1 X106.769 Y113.466 E2.36595
;WIDTH:0.538517
G1 X106.703 Y112.74 E2.40906
;WIDTH:0.582554
G1 X106.637 Y112.014 E2.45617
G1 X106.597 Y111.823 E2.46878
;WIDTH:0.538369
G1 X106.557 Y111.632 E2.48032
;WIDTH:0.494184
G1 X106.517 Y111.441 E2.49078
;WIDTH:0.45
G1 X106.455 Y110.789 E2.52228
G1 X106.376 Y109.551 E2.58194
G1 X106.335 Y108.38 E2.6383
G1 X106.321 Y107.112 E2.69929
G1 X106.356 Y105.157 E2.79333
G1 X106.731 Y105.31 E2.81281
G1 X107.405 Y105.31 E2.84523
;WIDTH:0.458139
G1 X108.051 Y105.314 E2.87696
G1 X107.526 Y105.596 E2.90623
;WIDTH:0.45
G1 X107.254 Y105.972 E2.92855
G1 X107.178 Y106.346 E2.94691
G1 X107.178 Y108.95 E3.07215
G1 X107.221 Y109.216 E3.08511
G1 X107.221 Y110.7 E3.15649
G1 E1.15649 F2400
G92 E0
G1 X108.051 Y105.314 F7800
G1 E2 F2400
;WIDTH:0.458139
G1 F900
G1 X108.218 Y105.307 E2.00821
;WIDTH:0.443579
G1 X112.181 Y105.307 E2.19564
G1 E.19564 F2400
G92 E0
G1 X113.137 Y111.488 F7800
G1 E2 F2400
;WIDTH:0.432946
G1 F900
G1 X113.143 Y111.267 E2.01016
;WIDTH:0.472263
G1 X113.163 Y110.28 E2.06038
;WIDTH:0.496172
G1 X113.175 Y109.352 E2.11036
G1 X113.231 Y108.951 E2.13217
;WIDTH:0.483988
G1 X113.237 Y107.86 E2.18927
;WIDTH:0.485736
G1 X113.239 Y106.339 E2.2692
;WIDTH:0.534387
G1 X113.178 Y106.059 E2.286
;WIDTH:0.583039
G1 X113.117 Y105.778 E2.3046
G1 X112.921 Y105.55 E2.32405
G1 X112.674 Y105.469 E2.34087
;WIDTH:0.536552
G1 X112.427 Y105.388 E2.35618
;WIDTH:0.490065
G1 X112.181 Y105.307 E2.36993
G1 X112.452 Y105.33 E2.38437
;WIDTH:0.536552
G1 X112.723 Y105.353 E2.40039
;WIDTH:0.583039
G1 X112.994 Y105.376 E2.41798
G1 X113.588 Y105.376 E2.45641
G1 X113.626 Y106.18 E2.50848
;WIDTH:0.534387
G1 X113.66 Y106.728 E2.54067
;WIDTH:0.485736
G1 X113.657 Y107.861 E2.60021
;WIDTH:0.483988
G1 X113.637 Y108.955 E2.65747
;WIDTH:0.496172
G1 X113.57 Y110.296 E2.72978
;WIDTH:0.472263
G1 X113.51 Y111.286 E2.78024
;WIDTH:0.432946
G1 X113.462 Y111.898 E2.80846
;WIDTH:0.400886
G1 X113.414 Y112.509 E2.83418
;WIDTH:0.41101
G1 X113.385 Y112.573 E2.83722
;WIDTH:0.453195
G1 X113.355 Y112.637 E2.84065
;WIDTH:0.495379
G1 X113.326 Y112.701 E2.84443
;WIDTH:0.537564
G1 X113.296 Y112.765 E2.8486
;WIDTH:0.579748
G1 X113.267 Y112.829 E2.85312
;WIDTH:0.621933
G1 X113.237 Y112.893 E2.85804
G1 X113.216 Y112.826 E2.86292
;WIDTH:0.579748
G1 X113.195 Y112.76 E2.86737
;WIDTH:0.537564
G1 X113.174 Y112.693 E2.87151
;WIDTH:0.495379
G1 X113.153 Y112.627 E2.87523
;WIDTH:0.453195
G1 X113.132 Y112.56 E2.87864
;WIDTH:0.41101
G1 X113.111 Y112.494 E2.88163
;WIDTH:0.400886
G1 X113.127 Y111.88 E2.90741
;WIDTH:0.432946
G1 X113.136 Y111.548 E2.92268
G1 E.92268 F2400
G92 E0
G1 X112.653 Y105.93 F7800
G1 E2 F2400
;WIDTH:0.45
G1 F3600
G1 X112.596 Y105.865 E2.00416
G1 X112.181 Y105.689 E2.02584
G1 X108.135 Y105.689 E2.22044
G1 X107.803 Y105.865 E2.23851
G1 X107.609 Y106.122 E2.254
G1 X107.564 Y106.346 E2.26499
G1 X107.564 Y108.95 E2.39023
G1 X107.606 Y109.148 E2.39997
G1 X107.606 Y118.579 E2.85357
G1 X107.371 Y118.515 E2.86528
G1 X107.269 Y118.419 E2.87202
G1 X107.077 Y117.829 E2.90186
G1 X106.856 Y116.658 E2.95918
G1 X106.58 Y115.006 E3.03974
G1 X106.366 Y113.529 E3.11152
G1 X106.188 Y112.065 E3.18245
G1 X106.071 Y110.819 E3.24264
G1 X105.991 Y109.571 E3.30279
G1 X105.95 Y108.389 E3.35967
G1 X105.936 Y107.112 E3.42109
G1 X105.952 Y105.67 E3.49045
G1 X105.98 Y104.89 E3.52799
;WIDTH:0.492936
G1 X106.012 Y104.624 E3.54231
;WIDTH:0.535873
G1 X106.043 Y104.359 E3.558
G1 X106.183 Y104.557 E3.57226
;WIDTH:0.492936
G1 X106.323 Y104.756 E3.58527
;WIDTH:0.45
G1 X106.731 Y104.924 E3.60649
G1 X113.592 Y104.924 E3.93648
G1 X114.021 Y104.764 E3.9585
G1 X114.063 Y106.729 E4.05303
G1 X114.06 Y107.868 E4.10781
G1 X114.03 Y109.077 E4.16598
G1 X113.966 Y110.32 E4.22584
G1 X113.886 Y111.318 E4.27399
G1 X113.756 Y112.556 E4.33386
G1 X113.485 Y114.55 E4.43065
;WIDTH:0.496077
G1 X113.442 Y114.678 E4.43792
;WIDTH:0.542154
G1 X113.399 Y114.806 E4.44597
;WIDTH:0.588231
G1 X113.356 Y114.934 E4.45479
G1 X113.312 Y115.313 E4.47972
;WIDTH:0.559219
G1 X113.269 Y115.692 E4.50326
;WIDTH:0.530207
G1 X112.929 Y117.604 E4.61609
G1 X112.806 Y118.111 E4.6464
G1 X112.806 Y115.654 E4.78915
;WIDTH:0.559219
G1 X112.82 Y115.274 E4.81262
;WIDTH:0.588231
G1 X112.835 Y114.894 E4.83747
G1 X112.812 Y114.761 E4.84629
;WIDTH:0.542154
G1 X112.789 Y114.628 E4.85433
;WIDTH:0.496077
G1 X112.766 Y114.495 E4.8616
;WIDTH:0.45
G1 X112.766 Y109.201 E5.11622
G1 X112.802 Y109.144 E5.11946
G1 X112.835 Y108.951 E5.12888
G1 X112.835 Y106.346 E5.25417
G1 X112.739 Y106.027 E5.27019
G1 X112.693 Y105.975 E5.27353
G1 X112.38 Y106.199 F7800
;TYPE:External perimeter
G1 F1800
G1 X112.319 Y106.133 E5.27785
G1 X112.181 Y106.075 E5.28505
G1 X108.189 Y106.075 E5.47705
G1 X108.004 Y106.211 E5.48809
G1 X107.95 Y106.343 E5.49495
G1 X107.95 Y108.95 E5.62034
G1 X107.992 Y109.072 E5.62655
G1 X107.992 Y119.025 E6.10525
G1 X107.436 Y118.944 E6.13227
G1 X107.22 Y118.87 E6.14325
G1 X107.04 Y118.747 E6.15374
G1 X106.84 Y118.425 E6.17197
G1 X106.701 Y117.916 E6.19735
G1 X106.477 Y116.726 E6.25559
G1 X106.199 Y115.065 E6.33659
G1 X105.984 Y113.58 E6.40876
G1 X105.805 Y112.106 E6.48018
G1 X105.686 Y110.849 E6.54091
G1 X105.606 Y109.59 E6.60159
G1 X105.564 Y108.398 E6.65896
G1 X105.55 Y107.112 E6.72082
G1 X105.566 Y105.661 E6.79061
G1 X105.707 Y101.85 E6.97403
G1 X105.924 Y101.521 E6.99299
G1 X106.244 Y101.306 E7.01153
G1 X106.712 Y101.141 E7.0354
G1 X107.314 Y101.027 E7.06487
G1 X107.983 Y100.955 E7.09723
G1 X108.947 Y100.9 E7.14367
G1 X110.009 Y100.882 E7.19476
G1 X111.053 Y100.9 E7.24498
G1 X111.866 Y100.943 E7.28414
G1 X112.565 Y101.01 E7.31791
G1 X113.157 Y101.112 E7.3468
G1 X113.575 Y101.23 E7.36769
G1 X113.858 Y101.359 E7.38265
G1 X114.049 Y101.495 E7.39393
G1 X114.283 Y101.809 E7.41276
G1 X114.314 Y102.15 E7.42923
;WIDTH:0.499841
G1 X114.318 Y102.949 E7.47263
;WIDTH:0.523064
G1 X114.353 Y104.266 E7.548
G1 X114.379 Y104.508 E7.56192
;WIDTH:0.486532
G1 X114.406 Y104.75 E7.57474
;WIDTH:0.45
G1 X114.449 Y106.73 E7.66999
G1 X114.445 Y107.874 E7.72501
G1 X114.415 Y109.091 E7.78356
G1 X114.351 Y110.345 E7.84395
G1 X114.27 Y111.354 E7.89264
G1 X114.14 Y112.601 E7.95294
G1 X113.954 Y114.037 E8.02258
G1 X113.689 Y115.762 E8.10652
G1 X113.346 Y117.691 E8.20075
G1 X113.195 Y118.314 E8.23158
G1 X113.058 Y118.622 E8.24779
G1 X112.913 Y118.791 E8.2585
G1 X112.644 Y118.928 E8.27302
G1 X112.38 Y118.979 E8.28595
G1 X112.38 Y109.119 E8.76018
G1 X112.449 Y108.951 E8.76892
G1 X112.449 Y106.346 E8.89421
G1 X112.419 Y106.244 E8.89932
G1 X112.05 Y106.087 F7800
M106 S224.4
;LAYER_CHANGE
;Z:13.85
;HEIGHT:0.3
G1 E6.89932 F2400
G92 E0
G1 Z13.85 F7800
G1 X112.713 Y121.271
G1 E2 F2400
;TYPE:Support material interface
;WIDTH:0.35
G1 F3600
G1 X112.713 Y119.54 E2.06167
G1 X112.428 Y119.595 E2.07201
G1 X112.428 Y121.143 E2.12716
G1 X112.142 Y121.143 E2.13735
G1 X112.142 Y119.631 E2.19121
G1 X112.032 Y119.643 E2.19515
G1 X111.856 Y119.486 E2.20355
G1 X111.856 Y121.143 E2.26258
G1 X111.571 Y121.143 E2.27273
G1 X111.571 Y115.571 E2.47123
G1 X111.285 Y115.571 E2.48142
G1 X111.285 Y121.143 E2.67992
G1 X111 Y121.143 E2.69007
G1 X111 Y119.533 E2.74742
G1 X110.826 Y119.711 E2.75629
G1 X110.714 Y119.713 E2.76028
G1 X110.714 Y121.143 E2.81122
G1 X110.428 Y121.143 E2.82141
G1 X110.428 Y119.719 E2.87214
G1 X110.143 Y119.721 E2.88229
G1 X110.143 Y121.143 E2.93295
G1 X109.857 Y121.143 E2.94314
G1 X109.857 Y119.721 E2.9938
G1 X109.572 Y119.719 E3.00395
G1 X109.572 Y121.143 E3.05468
G1 X109.286 Y121.143 E3.06487
G1 X109.286 Y115.571 E3.26337
G1 X109 Y115.571 E3.27356
G1 X109 Y121.143 E3.47206
G1 X108.715 Y121.143 E3.48221
G1 X108.715 Y115.571 E3.68071
G1 X108.585 Y115.571 E3.68534
G1 X108.585 Y119.455 E3.8237
G1 X108.429 Y119.6 E3.83129
G1 X108.429 Y121.143 E3.88626
G1 X108.143 Y121.143 E3.89645
G1 X108.143 Y119.659 E3.94932
G1 X107.858 Y119.631 E3.95952
G1 X107.858 Y121.143 E4.01338
G1 X107.572 Y121.143 E4.02357
G1 X107.572 Y119.595 E4.07872
G1 X107.287 Y119.539 E4.08907
G1 X107.287 Y121.271 E4.15077
G1 E2.15077 F2400
G92 E0
G1 X111.571 Y112.914 F7800
G1 E2 F2400
G1 F3600
G1 X111.571 Y107.214 E2.20306
G1 X111.285 Y107.214 E2.21325
G1 X111.285 Y112.786 E2.41175
G1 X111.035 Y112.786 E2.42066
G1 X111 Y107.214 E2.61916
G1 X110.714 Y107.214 E2.62935
G1 X110.714 Y108.629 E2.67976
G1 X110.428 Y108.629 E2.68995
G1 X110.428 Y107.214 E2.74036
G1 X110.143 Y107.214 E2.75051
G1 X110.143 Y108.757 E2.80548
G1 X109.554 Y107.214 F7800
;TYPE:Support material
G1 F3600
G1 X108.703 Y107.214 E2.8358
G1 X111.824 Y106.897 F7800
G1 F3600
G1 X109.682 Y106.897 E2.91211
G1 X109.682 Y108.596 E2.97264
G1 X109.539 Y108.596 E2.97773
G1 X109.305 Y108.831 E2.98954
G1 X109.305 Y109.968 E3.03004
G1 X108.617 Y109.968 E3.05455
G1 X108.575 Y106.7 E3.17098
G1 X111.824 Y106.7 E3.28672
G1 X111.824 Y106.854 E3.29221
G1 E1.29221 F2400
G92 E0
G1 X113.174 Y103.914 F7800
G1 E2 F2400
G1 F3600
G1 X112.818 Y103.914 E2.01268
G1 X112.818 Y103.317 E2.03395
G1 X113.174 Y103.317 E2.04663
G1 X113.174 Y103.871 E2.06637
G1 E.06637 F2400
G92 E0
G1 X107.182 Y103.914 F7800
G1 E2 F2400
G1 F3600
G1 X107.149 Y103.317 E2.0213
G1 X107.182 Y103.871 E2.04107
G1 E.04107 F2400
G92 E0
G1 X109.961 Y109.253 F7800
G1 E2 F2400
;TYPE:External perimeter
;WIDTH:0.513531
G1 F900
G1 X110.411 Y109.253 E2.02521
G1 X110.411 Y119.087 E2.57612
G1 X109.961 Y119.09 E2.60133
G1 X109.961 Y109.313 E3.14904
G1 X110.357 Y109.254 F7800
G1 E1.14904 F2400
G92 E0
G1 X106.568 Y102.81 F7800
G1 E2 F2400
;WIDTH:0.45
G1 F900
G1 X106.76 Y102.692 E2.01084
G1 X113.563 Y102.692 E2.33804
G1 X113.699 Y102.748 E2.34511
;WIDTH:0.490931
G1 X113.849 Y102.957 E2.3588
;WIDTH:0.51539
G1 X113.861 Y104.274 E2.43289
G1 X113.818 Y104.344 E2.43751
;WIDTH:0.489
G1 X113.776 Y104.415 E2.44188
;WIDTH:0.46261
G1 X113.563 Y104.539 E2.45412
;WIDTH:0.45
G1 X106.76 Y104.539 E2.78132
G1 X106.552 Y104.41 E2.79309
G1 X106.495 Y104.274 E2.80018
G1 X106.495 Y102.957 E2.86352
G1 X106.536 Y102.858 E2.86867
G1 X106.905 Y102.704 F7800
G1 X106.079 Y104.356
;TYPE:Perimeter
;WIDTH:0.521737
G1 F900
G1 X106.078 Y104.274 E2.87335
;WIDTH:0.512967
G1 X106.091 Y103.615 E2.91023
;WIDTH:0.487112
G1 X106.104 Y102.957 E2.94493
;WIDTH:0.461257
G1 X106.104 Y102.934 E2.94607
G1 X107.468 Y101.853 F7800
;WIDTH:0.6239
G1 F900
G1 X107.846 Y101.834 E2.97248
;WIDTH:0.662881
G1 X108.223 Y101.814 E3.00066
;WIDTH:0.709279
G1 X109.157 Y101.791 E3.07581
;WIDTH:0.721035
G1 X111.166 Y101.797 E3.24035
;WIDTH:0.697695
G1 X111.919 Y101.82 E3.29986
;WIDTH:0.651961
G1 X112.224 Y101.836 E3.32224
;WIDTH:0.618728
G1 X112.529 Y101.853 E3.34336
G1 E1.34336 F2400
G92 E0
G1 X106.296 Y102.535 F7800
G1 E2 F2400
;WIDTH:0.45
G1 F900
G1 X106.28 Y102.547 E2.00096
;WIDTH:0.460807
G1 X106.104 Y102.934 E2.02198
G1 X106.135 Y102.026 E2.0669
;WIDTH:0.45
G1 X106.2 Y101.837 E2.07651
G1 X106.475 Y101.639 E2.09281
G1 X106.872 Y101.507 E2.11293
G1 X107.421 Y101.403 E2.1398
G1 X108.199 Y101.323 E2.17742
G1 X109.151 Y101.276 E2.22326
G1 X110.17 Y101.264 E2.27227
G1 X111.197 Y101.288 E2.32168
G1 X111.972 Y101.336 E2.35903
G1 X112.615 Y101.408 E2.39015
G1 X113.176 Y101.519 E2.41766
G1 X113.696 Y101.732 E2.44469
G1 X113.862 Y101.94 E2.45749
G1 X113.89 Y102.431 E2.48114
G1 X113.684 Y102.319 E2.49242
G1 X113.563 Y102.306 E2.49827
G1 X106.949 Y102.306 E2.81638
G1 X106.569 Y102.339 E2.83473
G1 X106.345 Y102.5 E2.848
G1 E.848 F2400
G92 E0
G1 X113.238 Y112.695 F7800
G1 E2 F2400
;WIDTH:0.624011
G1 F900
G1 X113.215 Y113.085 E2.02727
;WIDTH:0.577968
G1 X113.192 Y113.474 E2.05223
;WIDTH:0.531925
G1 X113.17 Y113.785 E2.07041
;WIDTH:0.487527
G1 X113.148 Y114.097 E2.08692
;WIDTH:0.443129
G1 X113.126 Y114.408 E2.10165
G1 E.10165 F2400
G92 E0
G1 X107.201 Y116.21 F7800
G1 E2 F2400
;WIDTH:0.531734
G1 F900
G1 X107.18 Y115.944 E2.01555
;WIDTH:0.573945
G1 X107.159 Y115.678 E2.03251
;WIDTH:0.616157
G1 X107.138 Y115.412 E2.05087
G1 E.05087 F2400
G92 E0
G1 X106.868 Y111.152 F7800
G1 E2 F2400
;WIDTH:0.418307
G1 F900
G1 X106.851 Y110.771 E2.01684
;WIDTH:0.456047
G1 X106.832 Y110.157 E2.04685
;WIDTH:0.493787
G1 X106.784 Y108.994 E2.10919
;WIDTH:0.490089
G1 X106.773 Y108.337 E2.14408
;WIDTH:0.499845
G1 X106.773 Y106.346 E2.25222
;WIDTH:0.526638
G1 X106.795 Y106.154 E2.26336
;WIDTH:0.564299
G1 X106.816 Y105.963 E2.27534
;WIDTH:0.601961
G1 X106.837 Y105.771 E2.28829
G1 E.28829 F2400
G92 E0
G1 X107.221 Y110.76 F7800
G1 E2 F2400
;WIDTH:0.45
G1 F900
G1 X107.221 Y111.152 E2.01885
;WIDTH:0.497068
G1 X107.197 Y111.285 E2.02614
;WIDTH:0.544136
G1 X107.174 Y111.419 E2.03428
;WIDTH:0.591204
G1 X107.15 Y111.552 E2.04316
G1 X107.16 Y112.004 E2.07287
;WIDTH:0.57051
G1 X107.178 Y112.608 E2.11102
;WIDTH:0.535391
G1 X107.196 Y113.213 E2.14658
;WIDTH:0.500273
G1 X107.227 Y114.116 E2.1957
;WIDTH:0.452869
G1 X107.258 Y115.02 E2.23953
;WIDTH:0.447604
G1 X107.234 Y115.098 E2.24343
;WIDTH:0.489742
G1 X107.21 Y115.177 E2.24781
;WIDTH:0.53188
G1 X107.186 Y115.255 E2.25257
;WIDTH:0.574018
G1 X107.162 Y115.334 E2.25782
;WIDTH:0.616157
G1 X107.138 Y115.412 E2.26344
G1 X107.101 Y115.337 E2.2692
;WIDTH:0.567307
G1 X107.064 Y115.262 E2.27445
;WIDTH:0.518457
G1 X107.028 Y115.187 E2.27916
;WIDTH:0.469608
G1 X106.991 Y115.112 E2.28339
;WIDTH:0.420758
G1 X106.954 Y115.038 E2.28707
;WIDTH:0.405466
G1 X106.903 Y114.614 E2.30524
;WIDTH:0.452869
G1 X106.832 Y113.922 E2.33895
;WIDTH:0.500273
G1 X106.761 Y113.231 E2.37672
;WIDTH:0.535391
G1 X106.708 Y112.632 E2.41205
;WIDTH:0.57051
G1 X106.656 Y112.033 E2.45001
;WIDTH:0.591204
G1 X106.624 Y111.576 E2.48011
G1 X106.589 Y111.445 E2.48902
;WIDTH:0.544136
G1 X106.553 Y111.315 E2.49709
;WIDTH:0.497068
G1 X106.518 Y111.184 E2.50441
;WIDTH:0.45
G1 X106.406 Y109.561 E2.58266
G1 X106.367 Y108.346 E2.64113
G1 X106.357 Y107.15 E2.69866
G1 X106.398 Y105.16 E2.79439
G1 X106.76 Y105.31 E2.81324
G1 X107.405 Y105.31 E2.84426
;WIDTH:0.458139
G1 X108.051 Y105.314 E2.87599
G1 X107.526 Y105.596 E2.90526
;WIDTH:0.45
G1 X107.26 Y105.957 E2.92683
G1 X107.178 Y106.346 E2.94595
G1 X107.178 Y108.95 E3.07119
G1 X107.221 Y109.217 E3.0842
G1 X107.221 Y110.7 E3.15553
G1 E1.15553 F2400
G92 E0
G1 X108.051 Y105.314 F7800
G1 E2 F2400
;WIDTH:0.458139
G1 F900
G1 X108.218 Y105.307 E2.00821
;WIDTH:0.443579
G1 X112.181 Y105.307 E2.19564
G1 E.19564 F2400
G92 E0
G1 X113.131 Y111.492 F7800
G1 E2 F2400
;WIDTH:0.412308
G1 F900
G1 X113.133 Y111.404 E2.00382
;WIDTH:0.440626
G1 X113.147 Y110.786 E2.03283
;WIDTH:0.47854
G1 X113.166 Y109.551 E2.09663
G1 X113.222 Y108.951 E2.12776
;WIDTH:0.463438
G1 X113.227 Y108.342 E2.15807
;WIDTH:0.467977
G1 X113.227 Y106.33 E2.25935
;WIDTH:0.498437
G1 X113.185 Y106.142 E2.26978
;WIDTH:0.53396
G1 X113.142 Y105.953 E2.28113
;WIDTH:0.569483
G1 X113.1 Y105.765 E2.29327
G1 X112.916 Y105.555 E2.31086
G1 X112.671 Y105.472 E2.32716
;WIDTH:0.527515
G1 X112.426 Y105.389 E2.3421
;WIDTH:0.485547
G1 X112.181 Y105.307 E2.35567
G1 X112.452 Y105.328 E2.36995
;WIDTH:0.527515
G1 X112.723 Y105.349 E2.38565
;WIDTH:0.569483
G1 X112.994 Y105.37 E2.40277
G1 X113.554 Y105.37 E2.43805
G1 X113.582 Y105.859 E2.46891
;WIDTH:0.533986
G1 X113.604 Y106.101 E2.48314
;WIDTH:0.498489
G1 X113.626 Y106.342 E2.49624
;WIDTH:0.467977
G1 X113.633 Y106.956 E2.52715
G1 X113.626 Y108.345 E2.59707
;WIDTH:0.463438
G1 X113.61 Y108.994 E2.62938
;WIDTH:0.47854
G1 X113.523 Y110.795 E2.72252
;WIDTH:0.440626
G1 X113.471 Y111.547 E2.75789
;WIDTH:0.412308
G1 X113.419 Y112.299 E2.7906
;WIDTH:0.431994
G1 X113.383 Y112.378 E2.79458
;WIDTH:0.479998
G1 X113.347 Y112.458 E2.79913
;WIDTH:0.528002
G1 X113.311 Y112.537 E2.80415
;WIDTH:0.576006
G1 X113.275 Y112.616 E2.80969
;WIDTH:0.624011
G1 X113.238 Y112.695 E2.81578
G1 X113.217 Y112.629 E2.82061
;WIDTH:0.581309
G1 X113.196 Y112.562 E2.82514
;WIDTH:0.538607
G1 X113.174 Y112.495 E2.82931
;WIDTH:0.495905
G1 X113.153 Y112.429 E2.83304
;WIDTH:0.453203
G1 X113.132 Y112.362 E2.83645
;WIDTH:0.410501
G1 X113.11 Y112.296 E2.83945
;WIDTH:0.38399
G1 X113.118 Y112.022 E2.85038
;WIDTH:0.412308
G1 X113.129 Y111.552 E2.87078
G1 E.87078 F2400
G92 E0
G1 X112.654 Y105.929 F7800
G1 E2 F2400
;WIDTH:0.45
G1 F3600
G1 X112.596 Y105.865 E2.00415
G1 X112.181 Y105.689 E2.02583
G1 X108.135 Y105.689 E2.22043
G1 X107.803 Y105.865 E2.2385
G1 X107.613 Y106.113 E2.25353
G1 X107.564 Y106.346 E2.26498
G1 X107.564 Y108.95 E2.39022
G1 X107.606 Y109.148 E2.39996
G1 X107.606 Y118.579 E2.85356
G1 X107.336 Y118.503 E2.86705
G1 X107.19 Y118.243 E2.88139
G1 X107.065 Y117.739 E2.90637
G1 X106.801 Y116.278 E2.97778
G1 X106.544 Y114.669 E3.05615
G1 X106.354 Y113.292 E3.12301
G1 X106.212 Y112.076 E3.18189
G1 X106.098 Y110.829 E3.24212
G1 X106.021 Y109.58 E3.30231
G1 X105.981 Y108.353 E3.36136
G1 X105.972 Y107.149 E3.41927
G1 X105.991 Y105.674 E3.49022
G1 X106.022 Y104.885 E3.5282
;WIDTH:0.485868
G1 X106.051 Y104.621 E3.54216
;WIDTH:0.521737
G1 X106.079 Y104.356 E3.55736
G1 X106.215 Y104.556 E3.57116
;WIDTH:0.485868
G1 X106.352 Y104.756 E3.5839
;WIDTH:0.45
G1 X106.76 Y104.924 E3.60512
G1 X113.563 Y104.924 E3.93232
G1 X113.974 Y104.758 E3.95364
G1 X114.028 Y106.959 E4.05953
G1 X114.019 Y108.354 E4.12663
G1 X113.979 Y109.58 E4.18563
G1 X113.902 Y110.829 E4.24582
G1 X113.788 Y112.076 E4.30605
G1 X113.615 Y113.529 E4.37643
G1 X113.482 Y114.459 E4.42161
;WIDTH:0.49624
G1 X113.44 Y114.587 E4.42887
;WIDTH:0.54248
G1 X113.399 Y114.716 E4.43694
;WIDTH:0.588721
G1 X113.357 Y114.844 E4.44575
G1 X113.33 Y115.093 E4.46213
;WIDTH:0.571223
G1 X113.267 Y115.604 E4.49468
;WIDTH:0.52916
G1 X113.204 Y116.115 E4.52453
;WIDTH:0.487096
G1 X113.141 Y116.625 E4.55162
;WIDTH:0.445033
G1 X112.916 Y117.844 E4.61047
G1 X112.763 Y118.341 E4.63516
G1 X112.763 Y116.594 E4.7181
;WIDTH:0.487096
G1 X112.788 Y116 E4.74945
;WIDTH:0.52916
G1 X112.812 Y115.407 E4.78385
;WIDTH:0.571223
G1 X112.836 Y114.813 E4.82143
G1 X112.813 Y114.678 E4.83009
;WIDTH:0.530816
G1 X112.789 Y114.543 E4.83807
;WIDTH:0.490408
G1 X112.766 Y114.408 E4.84535
;WIDTH:0.45
G1 X112.766 Y109.201 E5.09579
G1 X112.801 Y109.145 E5.09897
G1 X112.835 Y108.951 E5.10844
G1 X112.835 Y106.346 E5.23373
G1 X112.733 Y106.018 E5.25025
G1 X112.694 Y105.974 E5.25308
G1 X112.38 Y106.198 F7800
;TYPE:External perimeter
G1 F1800
G1 X112.319 Y106.133 E5.25737
G1 X112.181 Y106.075 E5.26457
G1 X108.189 Y106.075 E5.45657
G1 X108.004 Y106.211 E5.46761
G1 X107.95 Y106.343 E5.47447
G1 X107.95 Y108.95 E5.59986
G1 X107.992 Y109.072 E5.60607
G1 X107.992 Y119.029 E6.08497
G1 X107.395 Y118.936 E6.11403
G1 X107.191 Y118.862 E6.12447
G1 X107.009 Y118.717 E6.13566
G1 X106.823 Y118.368 E6.15468
G1 X106.687 Y117.82 E6.18184
G1 X106.421 Y116.343 E6.25402
G1 X106.163 Y114.726 E6.33278
G1 X105.971 Y113.341 E6.40003
G1 X105.829 Y112.116 E6.45934
G1 X105.713 Y110.858 E6.5201
G1 X105.636 Y109.598 E6.58081
G1 X105.596 Y108.361 E6.64034
G1 X105.586 Y107.148 E6.69868
G1 X105.606 Y105.664 E6.77006
G1 X105.756 Y101.846 E6.95383
G1 X105.835 Y101.701 E6.96177
G1 X106 Y101.491 E6.97462
G1 X106.291 Y101.3 E6.99136
G1 X106.751 Y101.137 E7.01483
G1 X107.345 Y101.023 E7.04392
G1 X108.156 Y100.939 E7.08313
G1 X109.129 Y100.89 E7.12999
G1 X110.172 Y100.878 E7.18016
G1 X111.204 Y100.902 E7.22981
G1 X111.993 Y100.95 E7.26783
G1 X112.654 Y101.023 E7.29982
G1 X113.201 Y101.128 E7.32661
G1 X113.649 Y101.267 E7.34917
G1 X113.995 Y101.485 E7.36884
G1 X114.239 Y101.818 E7.3887
G1 X114.266 Y102.14 E7.40424
;WIDTH:0.490931
G1 X114.275 Y102.949 E7.44728
;WIDTH:0.51539
G1 X114.312 Y104.265 E7.52134
G1 X114.337 Y104.504 E7.53486
;WIDTH:0.482695
G1 X114.362 Y104.743 E7.5474
;WIDTH:0.45
G1 X114.413 Y106.961 E7.65411
G1 X114.404 Y108.361 E7.72145
G1 X114.364 Y109.598 E7.78098
G1 X114.287 Y110.858 E7.84169
G1 X114.171 Y112.116 E7.90245
G1 X113.998 Y113.58 E7.97335
G1 X113.771 Y115.159 E8.05008
G1 X113.519 Y116.693 E8.12485
G1 X113.293 Y117.909 E8.18434
G1 X113.168 Y118.38 E8.20778
G1 X112.958 Y118.768 E8.229
G1 X112.64 Y118.936 E8.2463
G1 X112.38 Y118.987 E8.25904
G1 X112.38 Y109.119 E8.73366
G1 X112.449 Y108.951 E8.7424
G1 X112.449 Y106.346 E8.86769
G1 X112.418 Y106.244 E8.87282
G1 X112.05 Y106.087 F7800
;LAYER_CHANGE
;Z:13.95
;HEIGHT:0.0999994
G1 E6.87282 F2400
G92 E0
G1 Z13.95 F7800
G1 X110.143 Y108.757
G1 E2 F2400
;TYPE:Support material interface
;WIDTH:0.35
G1 F3600
G1 X110.143 Y107.214 E2.02108
G1 X110.428 Y107.214 E2.02497
G1 X110.428 Y108.629 E2.0443
G1 X110.714 Y108.629 E2.04821
G1 X110.714 Y107.214 E2.06754
G1 X111 Y107.214 E2.07145
G1 X111.035 Y109.039 E2.09638
G1 X111.285 Y109.039 E2.09979
G1 X111.285 Y107.214 E2.12472
G1 X111.571 Y107.214 E2.12863
G1 X111.571 Y109.168 E2.15532
G1 E.15532 F2400
G92 E0
G1 X112.713 Y121.271 F7800
G1 E2 F2400
G1 F3600
G1 X112.713 Y119.54 E2.02364
G1 X112.428 Y119.595 E2.0276
G1 X112.428 Y121.142 E2.04873
G1 X112.142 Y121.142 E2.05264
G1 X112.142 Y119.632 E2.07327
G1 X112.032 Y119.643 E2.07478
G1 X111.856 Y119.486 E2.078
G1 X111.856 Y121.142 E2.10062
G1 X111.571 Y121.142 E2.10451
G1 X111.571 Y119.263 E2.13018
G1 X111.285 Y119.282 E2.1341
G1 X111.285 Y121.142 E2.15951
G1 X111 Y121.142 E2.1634
G1 X111 Y119.533 E2.18538
G1 X110.826 Y119.711 E2.18878
G1 X110.714 Y119.713 E2.19031
G1 X110.714 Y121.142 E2.20983
G1 X110.428 Y121.142 E2.21374
G1 X110.428 Y119.719 E2.23318
G1 X110.143 Y119.721 E2.23707
G1 X110.143 Y121.142 E2.25648
G1 X109.857 Y121.142 E2.26039
G1 X109.857 Y119.721 E2.2798
G1 X109.572 Y119.719 E2.28369
G1 X109.572 Y121.142 E2.30313
G1 X109.286 Y121.142 E2.30704
G1 X109.286 Y119.302 E2.33217
G1 X109 Y119.291 E2.33608
G1 X109 Y121.142 E2.36136
G1 X108.715 Y121.142 E2.36525
G1 X108.715 Y119.28 E2.39068
G1 X108.585 Y119.275 E2.39246
G1 X108.585 Y119.455 E2.39492
G1 X108.429 Y119.6 E2.39783
G1 X108.429 Y121.142 E2.41889
G1 X108.143 Y121.142 E2.4228
G1 X108.143 Y119.659 E2.44306
G1 X107.858 Y119.631 E2.44697
G1 X107.858 Y121.142 E2.46761
G1 X107.572 Y121.142 E2.47152
G1 X107.572 Y119.595 E2.49265
G1 X107.287 Y119.54 E2.49661
G1 X107.287 Y121.271 E2.52025
;LAYER_CHANGE
;Z:14.15
;HEIGHT:0.2
G1 E.52025 F2400
G92 E0
G1 Z14.15 F7800
G1 X113.145 Y103.871
G1 E2 F2400
;TYPE:Support material
;HEIGHT:0.3
G1 F3600
G1 X113.145 Y103.317 E2.01974
G1 X112.818 Y103.317 E2.03139
G1 X112.818 Y103.914 E2.05266
G1 X113.145 Y103.914 E2.06431
G1 E.06431 F2400
G92 E0
G1 X111.824 Y108.596 F7800
G1 E2 F2400
;HEIGHT:0.2
G1 F3600
G1 X109.682 Y108.596 E2.05469
;HEIGHT:0.3
G1 X108.575 Y108.596 E2.09413
G1 X108.575 Y106.7 E2.16167
G1 X111.824 Y106.7 E2.27741
G1 X111.824 Y106.897 E2.28443
;HEIGHT:0.2
G1 X111.824 Y108.554 E2.32674
G1 X111.696 Y107.214 F7800
G1 F3600
G1 X109.682 Y107.214 E2.37817
;HEIGHT:0.3
G1 X108.703 Y107.214 E2.41305
G1 E.41305 F2400
G92 E0
G1 X107.182 Y103.914 F7800
G1 E2 F2400
G1 F3600
G1 X107.179 Y103.317 E2.02127
G1 X107.182 Y103.871 E2.04101
G1 E.04101 F2400
G92 E0
G1 X109.961 Y109.253 F7800
G1 E2 F2400
;TYPE:External perimeter
;WIDTH:0.513531
G1 F900
G1 X110.411 Y109.253 E2.02521
G1 X110.411 Y119.091 E2.57634
G1 X109.961 Y119.094 E2.60155
G1 X109.961 Y109.313 E3.14949
G1 X110.357 Y109.254 F7800
G1 E1.14949 F2400
G92 E0
G1 X106.596 Y102.809 F7800
G1 E2 F2400
;WIDTH:0.45
G1 F900
G1 X106.741 Y102.698 E2.00878
G1 X113.536 Y102.692 E2.3356
G1 X113.67 Y102.748 E2.34259
;WIDTH:0.482874
G1 X113.815 Y102.957 E2.35587
;WIDTH:0.5089
G1 X113.828 Y104.274 E2.42889
G1 X113.746 Y104.415 E2.43793
;WIDTH:0.461924
G1 X113.534 Y104.539 E2.45011
;WIDTH:0.45
G1 X106.861 Y104.539 E2.77106
G1 X106.653 Y104.482 E2.78143
G1 X106.524 Y104.297 E2.79228
G1 X106.524 Y102.957 E2.85673
G1 X106.565 Y102.859 E2.86184
G1 X106.935 Y102.707 F7800
G1 X106.115 Y104.354
;TYPE:Perimeter
;WIDTH:0.508897
G1 F900
G1 X106.114 Y104.274 E2.86628
;WIDTH:0.500273
G1 X106.127 Y103.615 E2.90211
;WIDTH:0.47299
G1 X106.141 Y102.957 E2.93565
;WIDTH:0.445707
G1 X106.142 Y102.933 E2.93679
G1 X107.501 Y101.852 F7800
;WIDTH:0.627343
G1 F900
G1 X107.873 Y101.832 E2.96295
;WIDTH:0.666293
G1 X108.246 Y101.813 E2.99099
;WIDTH:0.712707
G1 X109.168 Y101.789 E3.06557
;WIDTH:0.724499
G1 X111.14 Y101.795 E3.22793
;WIDTH:0.701575
G1 X111.895 Y101.818 E3.28796
;WIDTH:0.655354
G1 X112.196 Y101.835 E3.31018
;WIDTH:0.622175
G1 X112.496 Y101.851 E3.33108
G1 E1.33108 F2400
G92 E0
G1 X106.326 Y102.535 F7800
G1 E2 F2400
;WIDTH:0.45
G1 F900
G1 X106.309 Y102.547 E2.001
G1 X106.142 Y102.933 E2.02123
G1 X106.182 Y102.023 E2.06504
G1 X106.22 Y101.885 E2.07192
G1 X106.397 Y101.703 E2.08413
G1 X106.912 Y101.503 E2.1107
G1 X107.453 Y101.399 E2.1372
G1 X108.221 Y101.319 E2.17434
G1 X109.162 Y101.272 E2.21966
G1 X110.165 Y101.261 E2.2679
G1 X111.171 Y101.285 E2.3163
G1 X111.949 Y101.333 E2.35379
G1 X112.583 Y101.405 E2.38448
G1 X113.137 Y101.516 E2.41166
G1 X113.649 Y101.728 E2.43831
G1 X113.815 Y101.939 E2.45122
G1 X113.843 Y102.424 E2.47459
G1 X113.635 Y102.315 E2.48588
G1 X113.539 Y102.306 E2.49052
G1 X107.501 Y102.306 E2.78093
G1 X106.61 Y102.335 E2.82381
G1 X106.375 Y102.5 E2.83762
G1 E.83762 F2400
G92 E0
G1 X113.239 Y112.515 F7800
G1 E2 F2400
;WIDTH:0.624477
G1 F900
G1 X113.22 Y112.839 E2.02267
;WIDTH:0.586945
G1 X113.201 Y113.163 E2.04382
;WIDTH:0.549414
G1 X113.182 Y113.487 E2.06345
;WIDTH:0.511883
G1 X113.163 Y113.757 E2.07856
;WIDTH:0.473929
G1 X113.144 Y114.028 E2.09244
;WIDTH:0.435975
G1 X113.125 Y114.299 E2.10503
G1 E.10503 F2400
G92 E0
G1 X107.202 Y116.152 F7800
G1 E2 F2400
;WIDTH:0.530861
G1 F900
G1 X107.18 Y115.876 E2.01611
;WIDTH:0.573788
G1 X107.159 Y115.601 E2.03363
;WIDTH:0.616715
G1 X107.137 Y115.325 E2.0527
G1 E.0527 F2400
G92 E0
G1 X106.869 Y110.889 F7800
G1 E2 F2400
;WIDTH:0.391977
G1 F900
G1 X106.864 Y110.783 E2.00434
;WIDTH:0.428255
G1 X106.846 Y110.168 E2.03226
;WIDTH:0.464533
G1 X106.799 Y108.99 E2.0911
;WIDTH:0.457931
G1 X106.789 Y108.348 E2.12262
;WIDTH:0.463535
G1 X106.791 Y106.346 E2.22229
;WIDTH:0.492359
G1 X106.815 Y106.149 E2.23288
;WIDTH:0.531942
G1 X106.838 Y105.953 E2.24439
;WIDTH:0.571525
G1 X106.861 Y105.756 E2.25694
G1 E.25694 F2400
G92 E0
G1 X107.221 Y110.76 F7800
G1 E2 F2400
;WIDTH:0.45
G1 F900
G1 X107.221 Y110.783 E2.00111
;WIDTH:0.497111
G1 X107.197 Y110.952 E2.01032
;WIDTH:0.544222
G1 X107.174 Y111.12 E2.02047
;WIDTH:0.591334
G1 X107.15 Y111.288 E2.03162
G1 X107.166 Y111.987 E2.07757
;WIDTH:0.560279
G1 X107.183 Y112.606 E2.11587
;WIDTH:0.525109
G1 X107.201 Y113.226 E2.15151
;WIDTH:0.48994
G1 X107.23 Y114.079 E2.19681
;WIDTH:0.443321
G1 X107.258 Y114.931 E2.2371
;WIDTH:0.440705
G1 X107.234 Y115.01 E2.24098
;WIDTH:0.484707
G1 X107.21 Y115.089 E2.24531
;WIDTH:0.52871
G1 X107.186 Y115.168 E2.25009
;WIDTH:0.572712
G1 X107.162 Y115.246 E2.25526
;WIDTH:0.616715
G1 X107.137 Y115.325 E2.26097
G1 X107.101 Y115.25 E2.2667
;WIDTH:0.567695
G1 X107.064 Y115.175 E2.27195
;WIDTH:0.518675
G1 X107.028 Y115.1 E2.27666
;WIDTH:0.469656
G1 X106.991 Y115.025 E2.28089
;WIDTH:0.420636
G1 X106.954 Y114.95 E2.28461
;WIDTH:0.396703
G1 X106.917 Y114.627 E2.29809
;WIDTH:0.443321
G1 X106.846 Y113.935 E2.33097
;WIDTH:0.48994
G1 X106.776 Y113.244 E2.36783
;WIDTH:0.525109
G1 X106.723 Y112.623 E2.40365
;WIDTH:0.560279
G1 X106.67 Y112.003 E2.44214
;WIDTH:0.591334
G1 X106.624 Y111.312 E2.48766
G1 X106.586 Y111.144 E2.49898
;WIDTH:0.544222
G1 X106.547 Y110.977 E2.50924
;WIDTH:0.497111
G1 X106.508 Y110.809 E2.51855
;WIDTH:0.45
G1 X106.435 Y109.571 E2.5782
G1 X106.399 Y108.354 E2.63676
G1 X106.394 Y106.959 E2.70386
G1 X106.437 Y105.164 E2.79022
G1 X106.789 Y105.31 E2.80855
G1 X107.405 Y105.31 E2.83818
;WIDTH:0.458139
G1 X108.051 Y105.314 E2.86991
G1 X107.526 Y105.596 E2.89918
;WIDTH:0.45
G1 X107.266 Y105.943 E2.92003
G1 X107.178 Y106.346 E2.93987
G1 X107.178 Y108.95 E3.06511
G1 X107.221 Y109.217 E3.07812
G1 X107.221 Y110.7 E3.14945
G1 E1.14945 F2400
G92 E0
G1 X108.051 Y105.314 F7800
G1 E2 F2400
;WIDTH:0.458139
G1 F900
G1 X108.218 Y105.307 E2.00821
;WIDTH:0.443579
G1 X112.181 Y105.307 E2.19564
G1 E.19564 F2400
G92 E0
G1 X113.125 Y111.486 F7800
G1 E2 F2400
;WIDTH:0.399883
G1 F900
G1 X113.126 Y111.415 E2.00297
;WIDTH:0.427486
G1 X113.14 Y110.797 E2.03097
;WIDTH:0.463925
G1 X113.158 Y109.561 E2.09257
G1 X113.215 Y108.95 E2.12315
;WIDTH:0.447379
G1 X113.219 Y108.351 E2.15176
;WIDTH:0.450189
G1 X113.217 Y106.327 E2.24916
;WIDTH:0.481549
G1 X113.172 Y106.136 E2.25937
;WIDTH:0.518809
G1 X113.127 Y105.944 E2.27055
;WIDTH:0.55607
G1 X113.082 Y105.752 E2.28264
G1 X112.911 Y105.559 E2.29845
G1 X112.668 Y105.475 E2.31422
;WIDTH:0.518573
G1 X112.424 Y105.391 E2.32884
;WIDTH:0.481076
G1 X112.181 Y105.307 E2.3422
G1 X112.452 Y105.325 E2.35632
;WIDTH:0.518573
G1 X112.723 Y105.344 E2.37171
;WIDTH:0.55607
G1 X113.521 Y105.363 E2.42066
G1 X113.551 Y105.85 E2.45058
;WIDTH:0.518843
G1 X113.574 Y106.096 E2.46458
;WIDTH:0.481617
G1 X113.598 Y106.342 E2.47744
;WIDTH:0.450189
G1 X113.606 Y106.962 E2.50728
G1 X113.602 Y108.353 E2.57422
;WIDTH:0.447379
G1 X113.588 Y108.99 E2.60466
;WIDTH:0.463925
G1 X113.503 Y110.806 E2.69526
;WIDTH:0.427486
G1 X113.461 Y111.427 E2.72345
;WIDTH:0.399883
G1 X113.42 Y112.048 E2.74949
;WIDTH:0.414312
G1 X113.39 Y112.126 E2.75314
;WIDTH:0.456345
G1 X113.359 Y112.203 E2.7572
;WIDTH:0.498378
G1 X113.329 Y112.281 E2.76172
;WIDTH:0.540411
G1 X113.299 Y112.359 E2.76668
;WIDTH:0.582444
G1 X113.269 Y112.437 E2.77208
;WIDTH:0.624477
G1 X113.239 Y112.515 E2.77792
G1 X113.218 Y112.435 E2.7837
;WIDTH:0.582444
G1 X113.197 Y112.355 E2.78904
;WIDTH:0.540411
G1 X113.176 Y112.274 E2.79401
;WIDTH:0.498378
G1 X113.155 Y112.194 E2.79849
;WIDTH:0.456345
G1 X113.134 Y112.114 E2.80253
;WIDTH:0.414312
G1 X113.113 Y112.034 E2.80614
;WIDTH:0.399883
G1 X113.123 Y111.546 E2.82656
G1 E.82656 F2400
G92 E0
G1 X112.654 Y105.929 F7800
G1 E2 F2400
;WIDTH:0.45
G1 F3600
G1 X112.596 Y105.865 E2.00415
G1 X112.181 Y105.689 E2.02583
G1 X108.135 Y105.689 E2.22043
G1 X107.803 Y105.865 E2.2385
G1 X107.617 Y106.104 E2.25307
G1 X107.564 Y106.346 E2.26499
G1 X107.564 Y108.95 E2.39023
G1 X107.606 Y109.149 E2.40001
G1 X107.606 Y118.585 E2.85385
G1 X107.341 Y118.51 E2.8671
G1 X107.197 Y118.253 E2.88127
G1 X107.074 Y117.75 E2.90618
G1 X106.803 Y116.218 E2.98101
G1 X106.562 Y114.681 E3.05584
G1 X106.374 Y113.303 E3.12273
G1 X106.232 Y112.056 E3.18309
G1 X106.124 Y110.838 E3.2419
G1 X106.05 Y109.588 E3.30213
G1 X106.014 Y108.361 E3.36117
G1 X106.008 Y106.957 E3.4287
G1 X106.063 Y104.88 E3.52863
;WIDTH:0.479448
G1 X106.089 Y104.617 E3.54231
;WIDTH:0.508897
G1 X106.115 Y104.354 E3.55696
G1 X106.248 Y104.555 E3.57032
;WIDTH:0.479448
G1 X106.381 Y104.756 E3.5828
;WIDTH:0.45
G1 X106.789 Y104.924 E3.60402
G1 X113.534 Y104.924 E3.92843
G1 X113.936 Y104.758 E3.94935
G1 X113.992 Y106.964 E4.05549
G1 X113.986 Y108.361 E4.12268
G1 X113.95 Y109.588 E4.18172
G1 X113.876 Y110.838 E4.24195
G1 X113.765 Y112.085 E4.30216
G1 X113.596 Y113.54 E4.37261
G1 X113.482 Y114.349 E4.4119
;WIDTH:0.496279
G1 X113.44 Y114.477 E4.41916
;WIDTH:0.542558
G1 X113.399 Y114.606 E4.42723
;WIDTH:0.588838
G1 X113.357 Y114.734 E4.43604
G1 X113.318 Y115.105 E4.46044
;WIDTH:0.563045
G1 X113.256 Y115.616 E4.49246
;WIDTH:0.521609
G1 X113.194 Y116.127 E4.52182
;WIDTH:0.480174
G1 X113.132 Y116.638 E4.54851
;WIDTH:0.438739
G1 X112.91 Y117.856 E4.60632
G1 X112.76 Y118.35 E4.63043
G1 X112.76 Y116.607 E4.71181
;WIDTH:0.480174
G1 X112.786 Y115.974 E4.74467
;WIDTH:0.521609
G1 X112.811 Y115.34 E4.78085
;WIDTH:0.563045
G1 X112.837 Y114.707 E4.82025
G1 X112.813 Y114.571 E4.82884
;WIDTH:0.525363
G1 X112.79 Y114.435 E4.83677
;WIDTH:0.487681
G1 X112.766 Y114.299 E4.84406
;WIDTH:0.45
G1 X112.766 Y109.347 E5.08223
G1 X112.835 Y108.95 E5.10161
G1 X112.835 Y106.346 E5.22685
G1 X112.726 Y106.008 E5.24393
G1 X112.694 Y105.973 E5.24621
G1 X112.38 Y106.198 F7800
;TYPE:External perimeter
G1 F1800
G1 X112.319 Y106.133 E5.2505
G1 X112.181 Y106.075 E5.2577
G1 X108.189 Y106.075 E5.4497
G1 X108.004 Y106.211 E5.46074
G1 X107.95 Y106.342 E5.46755
G1 X107.95 Y108.95 E5.59299
G1 X107.992 Y109.073 E5.59924
G1 X107.992 Y119.034 E6.07833
G1 X107.398 Y118.943 E6.10723
G1 X107.197 Y118.869 E6.11753
G1 X107.015 Y118.726 E6.12866
G1 X106.831 Y118.378 E6.14759
G1 X106.697 Y117.83 E6.17472
G1 X106.422 Y116.282 E6.25034
G1 X106.18 Y114.736 E6.3256
G1 X105.992 Y113.351 E6.39282
G1 X105.849 Y112.095 E6.45362
G1 X105.739 Y110.866 E6.51297
G1 X105.665 Y109.605 E6.57372
G1 X105.628 Y108.367 E6.63329
G1 X105.622 Y106.954 E6.70125
G1 X105.645 Y105.668 E6.76311
G1 X105.803 Y101.845 E6.94714
G1 X105.881 Y101.702 E6.95497
G1 X106.046 Y101.489 E6.96793
G1 X106.333 Y101.298 E6.98451
G1 X106.789 Y101.134 E7.00782
G1 X107.376 Y101.02 E7.03658
G1 X108.178 Y100.936 E7.07536
G1 X109.14 Y100.887 E7.12169
G1 X110.158 Y100.875 E7.17066
G1 X111.178 Y100.899 E7.21973
G1 X111.97 Y100.947 E7.25789
G1 X112.623 Y101.019 E7.28949
G1 X113.162 Y101.125 E7.31591
G1 X113.606 Y101.264 E7.33829
G1 X113.949 Y101.482 E7.35784
G1 X114.191 Y101.817 E7.37772
G1 X114.218 Y102.127 E7.39269
;WIDTH:0.482874
G1 X114.234 Y102.948 E7.43555
;WIDTH:0.5089
G1 X114.273 Y104.265 E7.5086
G1 X114.297 Y104.501 E7.52175
;WIDTH:0.47945
G1 X114.321 Y104.738 E7.53408
;WIDTH:0.45
G1 X114.378 Y106.965 E7.64123
G1 X114.372 Y108.367 E7.70866
G1 X114.335 Y109.605 E7.76823
G1 X114.261 Y110.867 E7.82903
G1 X114.148 Y112.125 E7.88978
G1 X113.978 Y113.589 E7.96067
G1 X113.755 Y115.169 E8.03742
G1 X113.506 Y116.703 E8.11217
G1 X113.284 Y117.92 E8.17167
G1 X113.16 Y118.39 E8.19505
G1 X112.952 Y118.776 E8.21614
G1 X112.635 Y118.943 E8.23337
G1 X112.38 Y118.992 E8.24586
G1 X112.38 Y109.119 E8.72072
G1 X112.449 Y108.95 E8.7295
G1 X112.449 Y106.346 E8.85474
G1 X112.417 Y106.244 E8.85988
G1 X112.049 Y106.087 F7800
M106 S226.95
;LAYER_CHANGE
;Z:14.39
;HEIGHT:0.240001
G1 E6.85988 F2400
G92 E0
G1 Z14.39 F7800
G1 X111.824 Y108.596
G1 E2 F2400
;TYPE:Support material
;WIDTH:0.35
G1 F3600
G1 X108.575 Y108.596 E2.09677
G1 X108.575 Y106.7 E2.15324
G1 X111.824 Y106.7 E2.25001
G1 X111.824 Y108.552 E2.30517
G1 X111.691 Y107.214 F7800
G1 F3600
G1 X108.708 Y107.214 E2.39402
G1 E.39402 F2400
G92 E0
G1 X113.115 Y103.914 F7800
G1 E2 F2400
G1 F3600
G1 X112.818 Y103.914 E2.00885
G1 X112.818 Y103.317 E2.02663
G1 X113.115 Y103.317 E2.03548
G1 X113.115 Y103.869 E2.05192
;LAYER_CHANGE
;Z:14.45
;HEIGHT:0.0599995
G1 E.05192 F2400
G92 E0
G1 Z14.45 F7800
G1 X112.653 Y105.93
G1 E2 F2400
;TYPE:Perimeter
;WIDTH:0.45
;HEIGHT:0.3
G1 F900
G1 X112.747 Y106.039 E2.00692
G1 X112.835 Y106.346 E2.02228
G1 X112.835 Y108.95 E2.14752
G1 X112.823 Y109.069 E2.15327
G1 X112.672 Y109.353 E2.16874
G1 X112.596 Y109.431 E2.17398
G1 X112.181 Y109.607 E2.19566
G1 X111.955 Y109.607 E2.20653
;TYPE:Overhang perimeter
;WIDTH:0.4
;HEIGHT:0.4
M106 S255
G1 X110.867 Y109.607 E2.26337
M106 S226.95
;TYPE:Perimeter
;WIDTH:0.45
;HEIGHT:0.3
G1 X109.505 Y109.607 E2.32888
;TYPE:Overhang perimeter
;WIDTH:0.4
;HEIGHT:0.4
M106 S255
G1 X108.417 Y109.607 E2.38572
M106 S226.95
;TYPE:Perimeter
;WIDTH:0.45
;HEIGHT:0.3
G1 X108.218 Y109.607 E2.39529
G1 X107.915 Y109.521 E2.41044
G1 X107.727 Y109.353 E2.42257
G1 X107.575 Y109.064 E2.43828
G1 X107.564 Y108.255 E2.47719
G1 X107.564 Y106.346 E2.56901
G1 X107.621 Y106.095 E2.58139
G1 X107.803 Y105.865 E2.5955
G1 X108.135 Y105.689 E2.61357
G1 X112.181 Y105.689 E2.80817
G1 X112.596 Y105.865 E2.82985
G1 X112.613 Y105.885 E2.83111
G1 X112.379 Y106.199 F7800
;TYPE:External perimeter
G1 F900
G1 X112.42 Y106.244 E2.83404
G1 X112.449 Y106.346 E2.83914
G1 X112.449 Y108.95 E2.96438
G1 X112.395 Y109.085 E2.97137
G1 X112.206 Y109.22 E2.98254
G1 X111.955 Y109.22 E2.99461
;TYPE:Overhang perimeter
;WIDTH:0.4
;HEIGHT:0.4
M106 S255
G1 X110.867 Y109.221 E3.05145
M106 S226.95
;TYPE:External perimeter
;WIDTH:0.45
;HEIGHT:0.3
G1 X109.505 Y109.221 E3.11696
;TYPE:Overhang perimeter
;WIDTH:0.4
;HEIGHT:0.4
M106 S255
G1 X108.417 Y109.221 E3.1738
M106 S226.95
;TYPE:External perimeter
;WIDTH:0.45
;HEIGHT:0.3
G1 X108.218 Y109.221 E3.18337
G1 X108.079 Y109.163 E3.19061
G1 X107.953 Y108.988 E3.20098
G1 X107.95 Y108.255 E3.23624
G1 X107.95 Y106.346 E3.32806
G1 X108.004 Y106.211 E3.33505
G1 X108.189 Y106.075 E3.34609
G1 X112.181 Y106.075 E3.53809
G1 X112.319 Y106.133 E3.54529
G1 X112.339 Y106.155 E3.54672
G1 X112.44 Y106.542 F7800
G1 E1.54672 F2400
G92 E0
G1 X106.625 Y102.809 F7800
G1 E2 F2400
G1 F900
G1 X106.774 Y102.697 E2.00897
G1 X113.505 Y102.692 E2.33271
G1 X113.641 Y102.748 E2.33978
;WIDTH:0.475117
G1 X113.782 Y102.957 E2.3527
;WIDTH:0.502218
G1 X113.796 Y104.274 E2.42462
G1 X113.717 Y104.414 E2.4334
;WIDTH:0.461181
G1 X113.505 Y104.539 E2.44558
;WIDTH:0.45
G1 X106.819 Y104.539 E2.76715
G1 X106.683 Y104.482 E2.77424
G1 X106.554 Y104.296 E2.78513
G1 X106.554 Y102.957 E2.84953
G1 X106.594 Y102.859 E2.85462
G1 X106.964 Y102.707 F7800
G1 X106.149 Y104.352
;TYPE:Perimeter
;WIDTH:0.497869
G1 F900
G1 X106.148 Y104.274 E2.85884
;WIDTH:0.489385
G1 X106.163 Y103.615 E2.89378
;WIDTH:0.460504
G1 X106.177 Y102.957 E2.9263
;WIDTH:0.431623
G1 X106.178 Y102.932 E2.92745
G1 X107.532 Y101.85 F7800
;WIDTH:0.630029
G1 F900
G1 X107.9 Y101.831 E2.95345
;WIDTH:0.668905
G1 X108.267 Y101.811 E2.98116
;WIDTH:0.715289
G1 X109.178 Y101.788 E3.05514
;WIDTH:0.727135
G1 X110.981 Y101.791 E3.20418
;WIDTH:0.709997
G1 X111.427 Y101.804 E3.24011
;WIDTH:0.68389
G1 X111.873 Y101.817 E3.27459
;WIDTH:0.657783
G1 X112.169 Y101.833 E3.29653
;WIDTH:0.624776
G1 X112.465 Y101.85 E3.31725
G1 E1.31725 F2400
G92 E0
G1 X106.356 Y102.534 F7800
G1 E2 F2400
;WIDTH:0.45
G1 F900
G1 X106.338 Y102.547 E2.00107
G1 X106.178 Y102.932 E2.02112
G1 X106.227 Y102.021 E2.065
G1 X106.265 Y101.885 E2.07179
G1 X106.442 Y101.699 E2.08414
G1 X106.95 Y101.5 E2.11038
G1 X107.484 Y101.397 E2.13654
G1 X108.242 Y101.317 E2.1732
G1 X109.172 Y101.27 E2.21799
G1 X110.15 Y101.258 E2.26503
G1 X111.011 Y101.276 E2.30645
G1 X111.928 Y101.33 E2.35063
G1 X112.553 Y101.402 E2.38089
G1 X113.1 Y101.513 E2.40774
G1 X113.604 Y101.724 E2.43402
G1 X113.769 Y101.937 E2.44698
G1 X113.798 Y102.417 E2.47011
G1 X113.505 Y102.306 E2.48518
G1 X107.532 Y102.306 E2.77246
G1 X106.651 Y102.331 E2.81485
G1 X106.406 Y102.5 E2.82917
G1 E.82917 F2400
G92 E0
G1 X108.051 Y105.314 F7800
G1 E2 F2400
;WIDTH:0.458139
G1 F900
G1 X108.218 Y105.307 E2.00821
;WIDTH:0.443579
G1 X112.181 Y105.307 E2.19564
G1 E.19564 F2400
G92 E0
G1 X106.828 Y109.213 F7800
G1 E2 F2400
;WIDTH:0.431295
G1 F900
G1 X106.804 Y108.255 E2.04386
;WIDTH:0.428999
G1 X106.81 Y106.346 E2.13068
;WIDTH:0.457758
G1 X106.835 Y106.144 E2.14067
;WIDTH:0.499563
G1 X106.86 Y105.943 E2.15166
;WIDTH:0.541369
G1 X106.885 Y105.741 E2.16377
G1 E.16377 F2400
G92 E0
G1 X106.85 Y109.315 F7800
G1 E2 F2400
;WIDTH:0.45
G1 F900
G1 X107.173 Y109.89 E2.03172
G1 X107.51 Y110.178 E2.05304
G1 X108.218 Y110.378 E2.08842
G1 X108.417 Y110.378 E2.09799
;TYPE:Overhang perimeter
;WIDTH:0.4
;HEIGHT:0.4
M106 S255
G1 X109.505 Y110.378 E2.15483
M106 S226.95
;TYPE:Perimeter
;WIDTH:0.45
;HEIGHT:0.3
G1 X110.867 Y110.378 E2.22034
;TYPE:Overhang perimeter
;WIDTH:0.4
;HEIGHT:0.4
M106 S255
G1 X111.955 Y110.371 E2.27718
M106 S226.95
;TYPE:Perimeter
;WIDTH:0.45
;HEIGHT:0.3
G1 X112.356 Y110.367 E2.29647
G1 X113.129 Y109.978 E2.33809
G1 X113.063 Y111.037 E2.38912
G1 X112.949 Y112.26 E2.4482
G1 X112.781 Y113.682 E2.51707
G1 X112.471 Y115.806 E2.62031
G1 X112.095 Y117.863 E2.72088
G1 X111.956 Y117.878 E2.7276
;TYPE:Overhang perimeter
;WIDTH:0.4
;HEIGHT:0.4
M106 S255
G1 X111.317 Y117.941 E2.76115
G1 X110.867 Y117.951 E2.78467
M106 S226.95
;TYPE:Perimeter
;WIDTH:0.45
;HEIGHT:0.3
G1 X109.505 Y117.967 E2.85018
;TYPE:Overhang perimeter
;WIDTH:0.4
;HEIGHT:0.4
M106 S255
G1 X108.417 Y117.923 E2.90707
M106 S226.95
;TYPE:Perimeter
;WIDTH:0.45
;HEIGHT:0.3
G1 X107.904 Y117.873 E2.93186
G1 X107.839 Y117.602 E2.94526
G1 X107.587 Y116.162 E3.01557
G1 X107.342 Y114.581 E3.09252
G1 X107.148 Y113.12 E3.16341
G1 X107.002 Y111.773 E3.22858
G1 X106.902 Y110.544 E3.28789
G1 X106.853 Y109.375 E3.34416
G1 E1.34416 F2400
G92 E0
G1 X112.181 Y105.307 F7800
G1 E2 F2400
;WIDTH:0.493308
G1 F3600
G1 X112.833 Y105.331 E2.0349
;WIDTH:0.543037
G1 X113.486 Y105.356 E2.07391
G1 X113.515 Y105.696 E2.09428
;WIDTH:0.512595
G1 X113.543 Y106.019 E2.1124
;WIDTH:0.469343
G1 X113.57 Y106.342 E2.12877
;WIDTH:0.433784
G1 X113.582 Y107.194 E2.16803
G1 X113.576 Y108.603 E2.23295
;WIDTH:0.43216
G1 X113.555 Y109.19 E2.25989
;WIDTH:0.45
G1 X113.447 Y111.067 E2.35032
G1 X113.333 Y112.301 E2.40992
G1 X113.164 Y113.732 E2.47922
G1 X112.852 Y115.867 E2.583
G1 X112.525 Y117.746 E2.67473
G1 X112.401 Y118.192 E2.69699
G1 X111.956 Y118.265 E2.71868
;TYPE:Overhang perimeter
;WIDTH:0.4
;HEIGHT:0.4
M106 S255
G1 X111.33 Y118.326 E2.75154
G1 X110.867 Y118.336 E2.77574
M106 S226.95
;TYPE:Perimeter
;WIDTH:0.45
;HEIGHT:0.3
G1 X109.505 Y118.353 E2.84125
;TYPE:Overhang perimeter
;WIDTH:0.4
;HEIGHT:0.4
M106 S255
G1 X108.417 Y118.301 E2.89816
M106 S226.95
;TYPE:Perimeter
;WIDTH:0.45
;HEIGHT:0.3
G1 X108.141 Y118.286 E2.91145
G1 X107.601 Y118.206 E2.93771
G1 X107.461 Y117.681 E2.96384
G1 X107.206 Y116.225 E3.03493
G1 X106.96 Y114.636 E3.11227
G1 X106.765 Y113.166 E3.18359
G1 X106.618 Y111.81 E3.24919
G1 X106.517 Y110.57 E3.30903
G1 X106.454 Y109.332 E3.36865
G1 X106.429 Y108.259 E3.42027
G1 X106.428 Y106.984 E3.48159
G1 X106.475 Y105.176 E3.56858
G1 X106.819 Y105.31 E3.58634
G1 X107.405 Y105.31 E3.61452
;WIDTH:0.458139
G1 X108.051 Y105.314 E3.64625
G1 X107.526 Y105.596 E3.67552
;WIDTH:0.45
G1 X107.273 Y105.928 E3.6956
G1 X107.178 Y106.346 E3.71622
G1 X107.178 Y108.255 E3.80804
G1 X107.197 Y109.139 E3.85057
G1 X107.45 Y109.621 E3.87675
G1 X107.712 Y109.849 E3.89345
G1 X108.218 Y109.993 E3.91875
G1 X108.417 Y109.993 E3.92832
;TYPE:Overhang perimeter
;WIDTH:0.4
;HEIGHT:0.4
M106 S255
G1 X109.505 Y109.993 E3.98516
M106 S226.95
;TYPE:Perimeter
;WIDTH:0.45
;HEIGHT:0.3
G1 X110.867 Y109.993 E4.05067
;TYPE:Overhang perimeter
;WIDTH:0.4
;HEIGHT:0.4
M106 S255
G1 X111.955 Y109.987 E4.10751
M106 S226.95
;TYPE:Perimeter
;WIDTH:0.45
;HEIGHT:0.3
G1 X112.306 Y109.984 E4.12439
G1 X112.873 Y109.7 E4.15489
G1 X112.972 Y109.597 E4.16176
G1 X113.191 Y109.146 E4.18587
;WIDTH:0.43216
G1 X113.21 Y108.599 E4.21098
;WIDTH:0.433784
G1 X113.208 Y106.328 E4.31561
;WIDTH:0.469296
G1 X113.155 Y106.074 E4.32871
;WIDTH:0.512595
G1 X113.101 Y105.819 E4.34328
;WIDTH:0.543037
G1 X112.906 Y105.564 E4.36244
G1 X112.543 Y105.435 E4.38544
;WIDTH:0.493308
G1 X112.237 Y105.327 E4.4028
G1 X111.424 Y104.924 F7800
;WIDTH:0.45
G1 F3600
G1 X113.505 Y104.924 E4.50289
G1 X113.894 Y104.763 E4.52314
G1 X113.932 Y105.681 E4.56733
G1 X113.959 Y107.196 E4.64021
G1 X113.951 Y108.61 E4.70822
G1 X113.911 Y109.844 E4.7676
G1 X113.832 Y111.097 E4.82798
G1 X113.717 Y112.341 E4.88807
G1 X113.546 Y113.783 E4.95791
G1 X113.233 Y115.928 E5.06217
G1 X112.999 Y117.272 E5.12778
G1 X112.789 Y118.245 E5.17566
G1 X112.653 Y118.509 E5.18994
G1 X112.402 Y118.607 E5.2029
G1 X111.956 Y118.653 E5.22446
;TYPE:Overhang perimeter
;WIDTH:0.4
;HEIGHT:0.4
M106 S255
G1 X111.403 Y118.71 E5.2535
G1 X110.867 Y118.728 E5.28152
M106 S226.95
;TYPE:Perimeter
;WIDTH:0.45
;HEIGHT:0.3
G1 X109.505 Y118.739 E5.34703
;TYPE:Overhang perimeter
;WIDTH:0.4
;HEIGHT:0.4
M106 S255
G1 X108.417 Y118.698 E5.40391
M106 S226.95
;TYPE:Perimeter
;WIDTH:0.45
;HEIGHT:0.3
G1 X107.832 Y118.646 E5.43216
G1 X107.345 Y118.516 E5.4564
G1 X107.205 Y118.262 E5.47035
G1 X107.083 Y117.76 E5.4952
G1 X106.826 Y116.288 E5.56707
G1 X106.578 Y114.69 E5.64485
G1 X106.382 Y113.212 E5.71656
G1 X106.234 Y111.846 E5.78264
G1 X106.132 Y110.595 E5.84301
G1 X106.069 Y109.346 E5.90316
G1 X106.044 Y108.264 E5.95521
G1 X106.042 Y106.98 E6.01697
G1 X106.102 Y104.876 E6.11821
;WIDTH:0.497869
G1 X106.149 Y104.352 E6.14665
G1 X106.41 Y104.756 E6.17265
;WIDTH:0.45
G1 X106.819 Y104.924 E6.19392
G1 X111.364 Y104.924 E6.41252
G1 E4.41252 F2400
G92 E0
G1 X114.129 Y101.793 F7800
G1 E2 F2400
;TYPE:External perimeter
G1 F1800
G1 X114.145 Y101.816 E2.00135
G1 X114.171 Y102.12 E2.01602
;WIDTH:0.475117
G1 X114.193 Y102.948 E2.05845
;WIDTH:0.502218
G1 X114.233 Y104.265 E2.1304
G1 X114.256 Y104.498 E2.14319
;WIDTH:0.476109
G1 X114.279 Y104.732 E2.15526
;WIDTH:0.45
G1 X114.317 Y105.67 E2.20041
G1 X114.345 Y107.198 E2.27391
G1 X114.337 Y108.617 E2.34216
G1 X114.296 Y109.862 E2.40207
G1 X114.216 Y111.127 E2.46303
G1 X114.1 Y112.381 E2.5236
G1 X113.929 Y113.833 E2.59392
G1 X113.614 Y115.989 E2.69872
G1 X113.273 Y117.946 E2.79426
G1 X113.116 Y118.511 E2.82246
G1 X112.973 Y118.724 E2.8348
G1 X112.832 Y118.862 E2.84429
G1 X112.479 Y118.987 E2.8623
G1 X111.956 Y119.041 E2.88759
;TYPE:Overhang perimeter
;WIDTH:0.4
;HEIGHT:0.4
M106 S255
G1 F3600
G1 X111.429 Y119.095 E2.91527
G1 X110.867 Y119.113 E2.94465
M106 S226.95
;TYPE:External perimeter
;WIDTH:0.45
;HEIGHT:0.3
G1 F1800
G1 X109.505 Y119.125 E3.01016
;TYPE:Overhang perimeter
;WIDTH:0.4
;HEIGHT:0.4
M106 S255
G1 F3600
G1 X108.417 Y119.085 E3.06704
M106 S226.95
;TYPE:External perimeter
;WIDTH:0.45
;HEIGHT:0.3
G1 F1800
G1 X107.776 Y119.028 E3.09799
G1 X107.244 Y118.896 E3.12435
G1 X107.029 Y118.74 E3.13713
G1 X106.838 Y118.386 E3.15648
G1 X106.706 Y117.839 E3.18354
G1 X106.445 Y116.35 E3.25625
G1 X106.197 Y114.745 E3.33436
G1 X105.999 Y113.258 E3.40651
G1 X105.85 Y111.883 E3.47303
G1 X105.747 Y110.62 E3.53398
G1 X105.684 Y109.36 E3.59466
G1 X105.658 Y108.269 E3.64715
G1 X105.657 Y106.976 E3.70934
G1 X105.685 Y105.584 E3.7763
G1 X105.849 Y101.844 E3.95635
G1 X105.925 Y101.703 E3.96405
G1 X106.091 Y101.487 E3.97715
G1 X106.374 Y101.296 E3.99357
G1 X106.826 Y101.131 E4.01671
G1 X107.406 Y101.017 E4.04514
G1 X108.199 Y100.933 E4.08349
G1 X109.149 Y100.885 E4.12924
G1 X110.143 Y100.872 E4.17705
G1 X111.016 Y100.89 E4.21905
G1 X111.948 Y100.945 E4.26395
G1 X112.593 Y101.017 E4.29516
G1 X113.125 Y101.122 E4.32124
G1 X113.565 Y101.262 E4.34345
G1 X113.905 Y101.48 E4.36288
G1 X114.094 Y101.744 E4.3785
G1 X114.164 Y102.138 F7800
G1 E2.3785 F2400
G92 E0
G1 X112.027 Y117.64 F7800
G1 E2 F2400
;TYPE:Bridge infill
;WIDTH:0.41691
;HEIGHT:0.4
M106 S255
G1 F3600
G1 X109.28 Y117.64 E2.15591
G1 X108.169 Y117.579 E2.21906
G1 X108.096 Y117.174 E2.24242
G1 X111.904 Y117.174 E2.45855
G1 X111.93 Y117.024 E2.46719
G1 X111.93 Y116.707 E2.48518
G1 X108.012 Y116.707 E2.70755
G1 X107.927 Y116.24 E2.73449
G1 X111.93 Y116.24 E2.96168
G1 X111.93 Y115.773 E2.98818
G1 X107.852 Y115.773 E3.21963
G1 X107.779 Y115.306 E3.24646
G1 X112.22 Y115.306 E3.49851
G1 X112.288 Y114.839 E3.52529
G1 X107.707 Y114.839 E3.78529
G1 X107.638 Y114.372 E3.81208
G1 X112.356 Y114.372 E4.07985
G1 X112.424 Y113.905 E4.10663
G1 X107.576 Y113.905 E4.38178
G1 X107.514 Y113.438 E4.40852
G1 X112.487 Y113.438 E4.69077
G1 X112.542 Y112.971 E4.71746
G1 X107.455 Y112.971 E5.00618
G1 X107.404 Y112.504 E5.03284
G1 X112.597 Y112.504 E5.32757
G1 X112.647 Y112.038 E5.35417
G1 X107.354 Y112.038 E5.65458
G1 X107.309 Y111.571 E5.68121
G1 X112.69 Y111.571 E5.98661
G1 X112.734 Y111.104 E6.01323
G1 X107.275 Y111.104 E6.32306
G1 X107.241 Y110.637 E6.34964
G1 X112.969 Y110.637 E6.67474
M106 S226.95
M106 S216.75
;LAYER_CHANGE
;Z:14.66
;HEIGHT:0.21
G1 E4.67474 F2400
G92 E0
G1 Z14.66 F7800
G1 X111.824 Y106.7
G1 E2 F2400
;TYPE:Support material
;WIDTH:0.35
;HEIGHT:0.27
G1 F3600
G1 X111.824 Y108.596 E2.06216
G1 X108.575 Y108.596 E2.16868
G1 X108.575 Y106.7 E2.23084
G1 X111.78 Y106.7 E2.33591
G1 X111.693 Y107.214 F7800
G1 F3600
G1 X108.706 Y107.214 E2.43384
G1 E.43384 F2400
G92 E0
G1 X113.086 Y103.914 F7800
G1 E2 F2400
G1 F3600
G1 X112.818 Y103.914 E2.00879
G1 X112.818 Y103.317 E2.02836
G1 X113.086 Y103.317 E2.03715
G1 X113.086 Y103.87 E2.05528
;LAYER_CHANGE
;Z:14.75
;HEIGHT:0.0900002
G1 E.05528 F2400
G92 E0
G1 Z14.75 F7800
G1 X112.653 Y105.93
G1 E2 F2400
;TYPE:Perimeter
;WIDTH:0.45
;HEIGHT:0.3
G1 F900
G1 X112.746 Y106.037 E2.00682
G1 X112.835 Y106.346 E2.02229
G1 X112.835 Y108.95 E2.14753
G1 X112.823 Y109.068 E2.15323
G1 X112.672 Y109.353 E2.16874
G1 X112.596 Y109.431 E2.17398
G1 X112.181 Y109.607 E2.19566
G1 X108.218 Y109.607 E2.38627
G1 X107.976 Y109.554 E2.39819
G1 X107.727 Y109.353 E2.41358
G1 X107.575 Y109.065 E2.42924
G1 X107.564 Y106.346 E2.56002
G1 X107.625 Y106.086 E2.57286
G1 X107.803 Y105.865 E2.58651
G1 X108.135 Y105.689 E2.60458
G1 X112.181 Y105.689 E2.79918
G1 X112.596 Y105.865 E2.82086
G1 X112.613 Y105.885 E2.82212
G1 X112.379 Y106.199 F7800
;TYPE:External perimeter
G1 F900
G1 X112.42 Y106.243 E2.82501
G1 X112.449 Y106.346 E2.83016
G1 X112.449 Y108.95 E2.9554
G1 X112.395 Y109.085 E2.96239
G1 X112.203 Y109.22 E2.97368
G1 X108.218 Y109.221 E3.16534
G1 X108.08 Y109.163 E3.17254
G1 X107.953 Y108.989 E3.1829
G1 X107.95 Y106.346 E3.31002
G1 X108.004 Y106.211 E3.31701
G1 X108.19 Y106.075 E3.32809
G1 X112.181 Y106.075 E3.52004
G1 X112.319 Y106.133 E3.52724
G1 X112.339 Y106.155 E3.52867
G1 X112.44 Y106.542 F7800
G1 E1.52867 F2400
G92 E0
G1 X106.654 Y102.809 F7800
G1 E2 F2400
G1 F900
G1 X106.807 Y102.696 E2.00915
G1 X113.475 Y102.692 E2.32986
G1 X113.611 Y102.748 E2.33693
;WIDTH:0.468119
G1 X113.749 Y102.957 E2.34954
;WIDTH:0.496681
G1 X113.764 Y104.274 E2.42056
G1 X113.687 Y104.414 E2.42918
;WIDTH:0.460397
G1 X113.475 Y104.539 E2.44134
;WIDTH:0.45
G1 X106.846 Y104.539 E2.76017
G1 X106.64 Y104.41 E2.77186
G1 X106.583 Y104.274 E2.77895
G1 X106.583 Y102.957 E2.84229
G1 X106.624 Y102.859 E2.8474
G1 X106.993 Y102.706 F7800
G1 X106.184 Y104.35
;TYPE:Perimeter
;WIDTH:0.486645
G1 F900
G1 X106.183 Y104.274 E2.8514
;WIDTH:0.478291
G1 X106.198 Y103.615 E2.88543
;WIDTH:0.44815
G1 X106.213 Y102.957 E2.91693
;WIDTH:0.418009
G1 X106.214 Y102.931 E2.91808
G1 X107.563 Y101.849 F7800
;WIDTH:0.631919
G1 F900
G1 X107.926 Y101.83 E2.94381
;WIDTH:0.670689
G1 X108.288 Y101.81 E2.97123
;WIDTH:0.716991
G1 X109.188 Y101.787 E3.04451
;WIDTH:0.728857
G1 X110.969 Y101.79 E3.19211
;WIDTH:0.711697
G1 X111.41 Y101.803 E3.22773
;WIDTH:0.685635
G1 X111.851 Y101.816 E3.26192
;WIDTH:0.659573
G1 X112.142 Y101.832 E3.28356
;WIDTH:0.626672
G1 X112.434 Y101.849 E3.30407
G1 E1.30407 F2400
G92 E0
G1 X106.386 Y102.534 F7800
G1 E2 F2400
;WIDTH:0.45
G1 F900
G1 X106.367 Y102.547 E2.00111
G1 X106.214 Y102.931 E2.02099
G1 X106.272 Y102.018 E2.06499
G1 X106.319 Y101.867 E2.0726
G1 X106.487 Y101.695 E2.08416
G1 X106.987 Y101.498 E2.11001
G1 X107.514 Y101.395 E2.13584
G1 X108.263 Y101.315 E2.17207
G1 X109.181 Y101.268 E2.21628
G1 X110.134 Y101.256 E2.26212
G1 X110.999 Y101.274 E2.30373
G1 X111.906 Y101.329 E2.34743
G1 X112.524 Y101.4 E2.37735
G1 X113.064 Y101.511 E2.40387
G1 X113.56 Y101.721 E2.42978
G1 X113.724 Y101.936 E2.44279
G1 X113.753 Y102.412 E2.46573
G1 X113.475 Y102.306 E2.48004
G1 X107.563 Y102.306 E2.76439
G1 X106.691 Y102.328 E2.80634
G1 X106.436 Y102.5 E2.82113
G1 E.82113 F2400
G92 E0
G1 X106.843 Y109.212 F7800
G1 E2 F2400
;WIDTH:0.445494
G1 F900
G1 X106.938 Y109.555 E2.01692
;WIDTH:0.45
G1 X107.173 Y109.89 E2.0366
G1 X107.654 Y110.255 E2.06564
G1 X108.218 Y110.378 E2.0934
G1 X112.334 Y110.37 E2.29137
G1 X113.102 Y109.991 E2.33256
G1 X113.038 Y111.046 E2.3834
G1 X112.927 Y112.27 E2.44251
G1 X112.763 Y113.692 E2.51136
G1 X112.457 Y115.817 E2.61462
G1 X112.089 Y117.865 E2.7147
G1 X111.317 Y117.941 E2.75201
G1 X109.995 Y117.969 E2.81561
G1 X109.397 Y117.966 E2.84437
G1 X108.496 Y117.931 E2.88774
G1 X107.911 Y117.875 E2.91601
G1 X107.848 Y117.613 E2.92897
G1 X107.601 Y116.184 E2.99872
G1 X107.376 Y114.714 E3.07025
G1 X107.176 Y113.196 E3.14389
G1 X107.048 Y112.028 E3.2004
G1 X106.94 Y110.747 E3.26223
G1 X106.847 Y109.272 E3.33331
G1 E1.33331 F2400
G92 E0
G1 X108.051 Y105.314 F7800
G1 E2 F2400
;WIDTH:0.458139
G1 F900
G1 X108.218 Y105.307 E2.00821
;WIDTH:0.443579
G1 X112.181 Y105.307 E2.19564
G1 E.19564 F2400
G92 E0
G1 X106.843 Y109.212 F7800
G1 E2 F2400
;WIDTH:0.400543
G1 F900
G1 X106.82 Y108.363 E2.03561
;WIDTH:0.395687
G1 X106.82 Y107.031 E2.09065
;WIDTH:0.395475
G1 X106.828 Y106.346 E2.11894
;WIDTH:0.424447
G1 X106.854 Y106.139 E2.12831
;WIDTH:0.468644
G1 X106.881 Y105.933 E2.13879
;WIDTH:0.512841
G1 X106.908 Y105.727 E2.15041
G1 E.15041 F2400
G92 E0
G1 X112.181 Y105.307 F7800
G1 E2 F2400
;WIDTH:0.487023
G1 F3600
G1 X112.817 Y105.328 E2.03354
;WIDTH:0.530468
G1 X113.454 Y105.35 E2.07059
G1 X113.487 Y105.701 E2.09108
;WIDTH:0.494262
G1 X113.515 Y106.021 E2.1083
;WIDTH:0.451274
G1 X113.543 Y106.342 E2.12385
;WIDTH:0.417037
G1 X113.557 Y107.199 E2.16155
G1 X113.553 Y108.609 E2.22357
;WIDTH:0.417474
G1 X113.534 Y109.184 E2.24891
;WIDTH:0.45
G1 X113.422 Y111.075 E2.34002
G1 X113.311 Y112.309 E2.39961
G1 X113.145 Y113.742 E2.46899
G1 X112.838 Y115.877 E2.57273
G1 X112.516 Y117.756 E2.66442
G1 X112.395 Y118.198 E2.68646
G1 X111.97 Y118.264 E2.70715
G1 X111.33 Y118.326 E2.73808
G1 X109.994 Y118.354 E2.80235
G1 X109.383 Y118.351 E2.83174
G1 X108.139 Y118.286 E2.89165
G1 X107.606 Y118.208 E2.91756
G1 X107.47 Y117.691 E2.94327
G1 X107.221 Y116.246 E3.01379
G1 X106.994 Y114.768 E3.08571
G1 X106.793 Y113.243 E3.15969
G1 X106.664 Y112.066 E3.21664
G1 X106.556 Y110.774 E3.279
G1 X106.492 Y109.586 E3.33622
G1 X106.461 Y108.368 E3.39482
G1 X106.462 Y107.027 E3.45932
G1 X106.514 Y105.174 E3.54848
G1 X106.848 Y105.31 E3.56582
G1 X107.405 Y105.31 E3.59261
;WIDTH:0.458139
G1 X108.051 Y105.314 E3.62434
G1 X107.526 Y105.596 E3.65361
;WIDTH:0.45
G1 X107.28 Y105.914 E3.67295
G1 X107.178 Y106.346 E3.6943
G1 X107.179 Y108.975 E3.82075
G1 X107.281 Y109.383 E3.84098
G1 X107.45 Y109.621 E3.85502
G1 X107.815 Y109.904 E3.87723
G1 X108.218 Y109.993 E3.89708
G1 X112.29 Y109.986 E4.09293
G1 X112.873 Y109.699 E4.12418
G1 X112.962 Y109.608 E4.1303
G1 X113.185 Y109.142 E4.15515
;WIDTH:0.417474
G1 X113.203 Y108.606 E4.17877
;WIDTH:0.417037
G1 X113.199 Y106.326 E4.27906
;WIDTH:0.451215
G1 X113.145 Y106.073 E4.29154
;WIDTH:0.494262
G1 X113.091 Y105.82 E4.30541
;WIDTH:0.530468
G1 X112.902 Y105.568 E4.32372
G1 X112.541 Y105.437 E4.34605
;WIDTH:0.487023
G1 X112.237 Y105.327 E4.36309
G1 X111.378 Y104.924 F7800
;WIDTH:0.45
G1 F3600
G1 X113.475 Y104.924 E4.46395
G1 X113.855 Y104.767 E4.48373
G1 X113.895 Y105.685 E4.52792
G1 X113.926 Y107.2 E4.6008
G1 X113.921 Y108.615 E4.66886
G1 X113.883 Y109.851 E4.72834
G1 X113.807 Y111.104 E4.78872
G1 X113.695 Y112.349 E4.84884
G1 X113.528 Y113.791 E4.91866
G1 X113.219 Y115.937 E5.02294
G1 X112.989 Y117.277 E5.08833
G1 X112.782 Y118.251 E5.13622
G1 X112.647 Y118.514 E5.15044
G1 X112.4 Y118.609 E5.16317
G1 X111.402 Y118.71 E5.21142
G1 X110.44 Y118.741 E5.25771
G1 X109.415 Y118.739 E5.30701
G1 X108.467 Y118.702 E5.35264
G1 X107.833 Y118.646 E5.38325
G1 X107.349 Y118.519 E5.40732
G1 X107.212 Y118.269 E5.42103
G1 X107.092 Y117.768 E5.44581
G1 X106.84 Y116.308 E5.51707
G1 X106.612 Y114.823 E5.58933
G1 X106.41 Y113.289 E5.66375
G1 X106.281 Y112.103 E5.72113
G1 X106.171 Y110.8 E5.78402
G1 X106.106 Y109.601 E5.84177
G1 X106.076 Y108.373 E5.90085
G1 X106.076 Y107.023 E5.96578
G1 X106.142 Y104.871 E6.06933
;WIDTH:0.486645
G1 X106.184 Y104.35 E6.09686
G1 X106.44 Y104.756 E6.12214
;WIDTH:0.45
G1 X106.842 Y104.924 E6.1431
G1 X111.318 Y104.924 E6.35838
G1 E4.35838 F2400
G92 E0
G1 X114.096 Y101.809 F7800
G1 E2 F2400
;TYPE:External perimeter
G1 F1800
G1 X114.1 Y101.815 E2.00035
G1 X114.125 Y102.105 E2.01435
;WIDTH:0.468119
G1 X114.153 Y102.948 E2.05682
;WIDTH:0.496681
G1 X114.196 Y104.264 E2.12782
G1 X114.239 Y104.727 E2.15289
;WIDTH:0.45
G1 X114.28 Y105.673 E2.19843
G1 X114.311 Y107.202 E2.27198
G1 X114.306 Y108.622 E2.34028
G1 X114.268 Y109.868 E2.40024
G1 X114.192 Y111.133 E2.46119
G1 X114.078 Y112.388 E2.5218
G1 X113.91 Y113.841 E2.59215
G1 X113.6 Y115.997 E2.69691
G1 X113.264 Y117.954 E2.79241
G1 X113.109 Y118.516 E2.82045
G1 X112.968 Y118.728 E2.8327
G1 X112.827 Y118.865 E2.84216
G1 X112.476 Y118.989 E2.86006
G1 X111.427 Y119.095 E2.91077
G1 X110.446 Y119.127 E2.95798
G1 X109.407 Y119.124 E3.00795
G1 X108.442 Y119.087 E3.0544
G1 X107.779 Y119.029 E3.08641
G1 X107.248 Y118.898 E3.11271
G1 X107.034 Y118.745 E3.12536
G1 X106.845 Y118.392 E3.14462
G1 X106.714 Y117.846 E3.17163
G1 X106.46 Y116.37 E3.24366
G1 X106.231 Y114.877 E3.31631
G1 X106.027 Y113.335 E3.39112
G1 X105.897 Y112.14 E3.44893
G1 X105.786 Y110.827 E3.51231
G1 X105.721 Y109.616 E3.57064
G1 X105.69 Y108.377 E3.63025
G1 X105.69 Y107.019 E3.69557
G1 X105.722 Y105.615 E3.76312
G1 X105.894 Y101.843 E3.94473
G1 X105.968 Y101.704 E3.9523
G1 X106.134 Y101.485 E3.96552
G1 X106.414 Y101.294 E3.98182
G1 X106.861 Y101.13 E4.00472
G1 X107.435 Y101.015 E4.03288
G1 X108.219 Y100.931 E4.0708
G1 X109.159 Y100.883 E4.11607
G1 X110.127 Y100.871 E4.16263
G1 X111.005 Y100.888 E4.20487
G1 X111.926 Y100.943 E4.24925
G1 X112.564 Y101.015 E4.28013
G1 X113.089 Y101.12 E4.30588
G1 X113.525 Y101.26 E4.3279
G1 X113.862 Y101.478 E4.3472
G1 X114.061 Y101.76 E4.3638
G1 X114.121 Y102.155 F7800
G1 E2.3638 F2400
G92 E0
G1 X108.185 Y117.486 F7800
G1 E2 F2400
;TYPE:Solid infill
;WIDTH:0.574677
G1 F1200
G1 X108.14 Y117.531 E2.00405
G1 X108.156 Y117.593 E2.00813
G1 X108.218 Y117.61 E2.01222
G1 X108.263 Y117.564 E2.01632
G1 X108.246 Y117.503 E2.02035
;WIDTH:0.45
G1 X108.946 Y117.659 E2.05484
G1 X107.987 Y116.7 E2.12007
G1 X107.872 Y116.04 E2.15229
G1 X109.511 Y117.678 E2.26374
G1 X110.057 Y117.68 E2.29
G1 X107.773 Y115.396 E2.44535
G1 X107.674 Y114.751 E2.47674
G1 X110.598 Y117.675 E2.67563
G1 X111.126 Y117.658 E2.70104
G1 X107.59 Y114.121 E2.94159
G1 X107.507 Y113.493 E2.97206
G1 X111.634 Y117.62 E3.25277
G1 X111.936 Y117.655 E3.26739
;WIDTH:0.404381
G1 X111.917 Y117.726 E3.27051
G1 X111.988 Y117.707 E3.27363
G1 X111.977 Y117.666 E3.27543
;WIDTH:0.45
G1 X111.9 Y117.341 E3.29149
G1 X107.431 Y112.872 E3.59547
G1 X107.364 Y112.26 E3.62508
G1 X111.98 Y116.876 E3.93905
G1 X112.061 Y116.411 E3.96175
G1 X107.307 Y111.658 E4.28508
G1 X107.257 Y111.062 E4.31385
G1 X112.141 Y115.946 E4.64605
G1 X112.215 Y115.474 E4.66903
G1 X107.215 Y110.475 E5.00909
G1 X107.188 Y110.171 E5.02377
;WIDTH:0.404381
G1 X107.199 Y110.212 E5.02557
G1 X107.127 Y110.231 E5.02873
G1 X107.147 Y110.16 E5.03186
G1 X107.882 Y110.596 F7800
;WIDTH:0.45
G1 F1200
G1 X112.283 Y114.997 E5.33121
G1 X112.352 Y114.52 E5.35439
G1 X108.498 Y110.667 E5.6165
G1 X109.042 Y110.665 E5.64266
G1 X112.42 Y114.044 E5.87246
G1 X112.486 Y113.565 E5.89572
G1 X109.586 Y110.664 E6.09301
G1 X110.13 Y110.663 E6.11917
G1 X112.543 Y113.076 E6.2833
G1 X112.6 Y112.587 E6.30698
G1 X110.674 Y110.662 E6.43795
G1 X112.334 Y110.658 E6.51779
G1 X112.784 Y110.458 E6.54147
G1 X112.653 Y112.095 E6.62046
G1 X111.354 Y110.797 E6.70878
G1 X112.277 Y111.043 F7800
;WIDTH:0.572047
G1 F1200
G1 X112.232 Y111.088 E6.71281
G1 X112.249 Y111.149 E6.71682
G1 X112.31 Y111.166 E6.72083
G1 X112.355 Y111.121 E6.72486
G1 X112.339 Y111.059 E6.72891
M106 S219.3
;LAYER_CHANGE
;Z:14.93
;HEIGHT:0.18
G1 E4.72891 F2400
G92 E0
G1 Z14.93 F7800
G1 X111.824 Y106.7
G1 E2 F2400
;TYPE:Support material
;WIDTH:0.35
;HEIGHT:0.27
G1 F3600
G1 X111.824 Y108.596 E2.06216
G1 X108.575 Y108.596 E2.16868
G1 X108.575 Y106.7 E2.23084
G1 X111.78 Y106.7 E2.33591
G1 X111.693 Y107.214 F7800
G1 F3600
G1 X108.706 Y107.214 E2.43384
G1 E.43384 F2400
G92 E0
G1 X113.057 Y103.914 F7800
G1 E2 F2400
G1 F3600
G1 X112.818 Y103.914 E2.00784
G1 X112.818 Y103.317 E2.02741
G1 X113.057 Y103.317 E2.03525
G1 X113.057 Y103.87 E2.05338
;LAYER_CHANGE
;Z:15.05
;HEIGHT:0.12
G1 E.05338 F2400
G92 E0
G1 Z15.05 F7800
G1 X112.653 Y105.93
G1 E2 F2400
;TYPE:Perimeter
;WIDTH:0.45
;HEIGHT:0.3
G1 F900
G1 X112.744 Y106.034 E2.00665
G1 X112.835 Y106.346 E2.02228
G1 X112.835 Y108.951 E2.14757
G1 X112.823 Y109.066 E2.15313
G1 X112.596 Y109.431 E2.1738
G1 X112.181 Y109.607 E2.19548
G1 X108.218 Y109.607 E2.38609
G1 X107.998 Y109.564 E2.39687
G1 X107.727 Y109.353 E2.41339
G1 X107.575 Y109.063 E2.42914
G1 X107.564 Y106.346 E2.55982
G1 X107.63 Y106.078 E2.57309
G1 X107.803 Y105.865 E2.58629
G1 X108.135 Y105.689 E2.60436
G1 X112.181 Y105.689 E2.79896
G1 X112.596 Y105.865 E2.82064
G1 X112.613 Y105.885 E2.8219
G1 X112.379 Y106.199 F7800
;TYPE:External perimeter
G1 F900
G1 X112.419 Y106.242 E2.82472
G1 X112.449 Y106.346 E2.82993
G1 X112.449 Y108.951 E2.95522
G1 X112.395 Y109.085 E2.96217
G1 X112.2 Y109.221 E2.9736
G1 X108.218 Y109.221 E3.16512
G1 X108.145 Y109.207 E3.1687
G1 X107.971 Y109.039 E3.18033
G1 X107.95 Y108.37 E3.21252
G1 X107.95 Y106.346 E3.30987
G1 X108.004 Y106.211 E3.31686
G1 X108.189 Y106.075 E3.3279
G1 X112.181 Y106.075 E3.5199
G1 X112.319 Y106.133 E3.5271
G1 X112.339 Y106.155 E3.52853
G1 X112.44 Y106.542 F7800
G1 E1.52853 F2400
G92 E0
G1 X106.684 Y102.809 F7800
G1 E2 F2400
G1 F900
G1 X106.839 Y102.696 E2.00923
G1 X113.446 Y102.692 E2.327
G1 X113.582 Y102.748 E2.33407
;WIDTH:0.461571
G1 X113.717 Y102.957 E2.3464
;WIDTH:0.491538
G1 X113.732 Y104.274 E2.41657
G1 X113.658 Y104.414 E2.42501
;WIDTH:0.459603
G1 X113.446 Y104.539 E2.43714
;WIDTH:0.45
G1 X106.877 Y104.539 E2.75309
G1 X106.669 Y104.41 E2.76486
G1 X106.612 Y104.274 E2.77195
G1 X106.612 Y102.957 E2.83529
G1 X106.653 Y102.859 E2.8404
G1 X107.023 Y102.706 F7800
G1 X106.218 Y104.348
;TYPE:Perimeter
;WIDTH:0.476165
G1 F900
G1 X106.218 Y104.274 E2.8442
;WIDTH:0.467935
G1 X106.233 Y103.615 E2.87738
;WIDTH:0.436583
G1 X106.249 Y102.957 E2.90794
;WIDTH:0.405231
G1 X106.25 Y102.93 E2.90909
G1 X107.595 Y101.848 F7800
;WIDTH:0.627735
G1 F900
G1 X107.883 Y101.832 E2.92936
;WIDTH:0.660491
G1 X108.171 Y101.816 E2.95081
;WIDTH:0.686407
G1 X108.606 Y101.803 E2.98457
;WIDTH:0.712323
G1 X109.04 Y101.79 E3.01966
;WIDTH:0.729596
G1 X110.958 Y101.79 E3.1788
;WIDTH:0.712454
G1 X111.393 Y101.803 E3.21398
;WIDTH:0.686475
G1 X111.829 Y101.816 E3.24782
;WIDTH:0.660495
G1 X112.117 Y101.832 E3.26927
;WIDTH:0.627735
G1 X112.405 Y101.848 E3.28954
G1 E1.28954 F2400
G92 E0
G1 X106.417 Y102.534 F7800
G1 E2 F2400
;WIDTH:0.45
G1 F900
G1 X106.397 Y102.547 E2.00115
G1 X106.25 Y102.93 E2.02088
G1 X106.316 Y102.015 E2.065
G1 X106.363 Y101.863 E2.07265
G1 X106.53 Y101.692 E2.08415
G1 X107.022 Y101.496 E2.10962
G1 X107.543 Y101.393 E2.13516
G1 X108.142 Y101.326 E2.16415
G1 X109.032 Y101.273 E2.20703
G1 X110.109 Y101.255 E2.25884
G1 X110.989 Y101.274 E2.30117
G1 X111.884 Y101.328 E2.34429
G1 X112.495 Y101.399 E2.37387
G1 X113.029 Y101.51 E2.4001
G1 X113.517 Y101.718 E2.42561
G1 X113.68 Y101.934 E2.43862
G1 X113.709 Y102.408 E2.46146
G1 X113.446 Y102.306 E2.47503
G1 X107.595 Y102.306 E2.75644
G1 X106.73 Y102.325 E2.79805
G1 X106.467 Y102.501 E2.81327
G1 E.81327 F2400
G92 E0
G1 X108.051 Y105.314 F7800
G1 E2 F2400
;WIDTH:0.458139
G1 F900
G1 X108.218 Y105.307 E2.00821
;WIDTH:0.443597
G1 X112.181 Y105.307 E2.19565
G1 E.19565 F2400
G92 E0
G1 X106.983 Y105.713 F7800
G1 E2 F2400
;WIDTH:0.485143
G1 F900
G1 X106.957 Y105.759 E2.00277
G1 X106.904 Y105.759 E2.00555
G1 X106.878 Y105.713 E2.00832
G1 X106.904 Y105.667 E2.01109
G1 X106.957 Y105.667 E2.01387
G1 E.01387 F2400
G92 E0
G1 X113.075 Y110.004 F7800
G1 E2 F2400
;WIDTH:0.45
G1 F900
G1 X113.013 Y111.054 E2.05059
G1 X112.906 Y112.279 E2.10973
G1 X112.744 Y113.701 E2.17857
G1 X112.444 Y115.826 E2.28179
G1 X112.083 Y117.864 E2.38134
G1 X111.35 Y117.937 E2.41677
G1 X110.428 Y117.967 E2.46114
G1 X109.431 Y117.964 E2.50909
G1 X108.515 Y117.93 E2.55318
G1 X107.945 Y117.88 E2.5807
G1 X107.857 Y117.622 E2.59381
G1 X107.603 Y116.12 E2.66708
G1 X107.375 Y114.6 E2.741
G1 X107.199 Y113.238 E2.80705
G1 X107.07 Y112.037 E2.86515
G1 X106.969 Y110.808 E2.92446
G1 X106.932 Y110.105 E2.95832
;WIDTH:0.458743
G1 X106.931 Y109.574 E2.98444
G1 X107.249 Y109.968 E3.00934
;WIDTH:0.45
G1 X107.706 Y110.277 E3.03587
G1 X108.218 Y110.378 E3.06097
G1 X112.313 Y110.372 E3.25793
G1 X113.021 Y110.03 E3.29575
G1 E1.29575 F2400
G92 E0
G1 X112.181 Y105.307 F7800
G1 E2 F2400
;WIDTH:0.480964
G1 F3600
G1 X112.802 Y105.325 E2.03228
;WIDTH:0.518332
G1 X113.423 Y105.344 E2.06746
G1 X113.46 Y105.704 E2.08795
;WIDTH:0.476493
G1 X113.489 Y106.023 E2.10441
;WIDTH:0.433635
G1 X113.517 Y106.342 E2.11916
;WIDTH:0.400562
G1 X113.532 Y107.204 E2.15531
G1 X113.53 Y108.616 E2.21452
;WIDTH:0.402991
G1 X113.513 Y109.178 E2.23827
;WIDTH:0.45
G1 X113.398 Y111.083 E2.33006
G1 X113.289 Y112.317 E2.38964
G1 X113.127 Y113.75 E2.459
G1 X112.825 Y115.885 E2.56271
G1 X112.6 Y117.216 E2.62763
G1 X112.392 Y118.197 E2.67586
G1 X111.973 Y118.263 E2.69626
G1 X111.331 Y118.323 E2.72727
G1 X109.384 Y118.348 E2.82092
G1 X108.136 Y118.284 E2.88102
G1 X107.611 Y118.208 E2.90653
G1 X107.479 Y117.699 E2.93182
G1 X107.222 Y116.181 E3.00587
G1 X106.993 Y114.654 E3.08013
G1 X106.816 Y113.283 E3.14662
G1 X106.687 Y112.073 E3.20515
G1 X106.584 Y110.834 E3.26495
G1 X106.547 Y110.126 E3.29905
;WIDTH:0.458743
G1 X106.524 Y109.598 E3.32505
;WIDTH:0.507017
G1 X106.545 Y109.47 E3.33221
;WIDTH:0.555292
G1 X106.566 Y109.341 E3.34021
;WIDTH:0.603567
G1 X106.588 Y109.212 E3.34901
G1 X106.577 Y108.956 E3.36624
;WIDTH:0.600479
G1 X106.569 Y107.077 E3.49188
;WIDTH:0.599177
G1 X106.583 Y106.308 E3.54318
;WIDTH:0.59021
G1 X106.564 Y106.098 E3.55701
;WIDTH:0.543474
G1 X106.546 Y105.887 E3.56966
;WIDTH:0.496737
G1 X106.528 Y105.677 E3.58103
;WIDTH:0.45
G1 X106.552 Y105.175 E3.6052
G1 X106.877 Y105.31 E3.62213
G1 X107.405 Y105.31 E3.64752
;WIDTH:0.458139
G1 X108.051 Y105.314 E3.67925
G1 X107.526 Y105.596 E3.70852
;WIDTH:0.45
G1 X107.288 Y105.9 E3.72709
;WIDTH:0.496799
G1 X107.228 Y106.048 E3.7357
;WIDTH:0.543598
G1 X107.168 Y106.197 E3.7453
;WIDTH:0.590397
G1 X107.108 Y106.346 E3.75584
;WIDTH:0.599177
G1 X107.104 Y107.08 E3.8048
;WIDTH:0.600479
G1 X107.103 Y108.37 E3.89106
;WIDTH:0.603567
G1 X107.122 Y109.154 E3.9438
G1 X107.204 Y109.27 E3.95335
;WIDTH:0.565175
G1 X107.286 Y109.387 E3.96227
;WIDTH:0.526783
G1 X107.368 Y109.504 E3.97051
;WIDTH:0.488391
G1 X107.45 Y109.621 E3.97807
;WIDTH:0.45
G1 X107.852 Y109.92 E4.00217
G1 X108.218 Y109.993 E4.02012
G1 X112.275 Y109.988 E4.21525
G1 X112.873 Y109.7 E4.24717
G1 X112.952 Y109.618 E4.25265
G1 X113.178 Y109.139 E4.27812
;WIDTH:0.402991
G1 X113.195 Y108.613 E4.30035
;WIDTH:0.400562
G1 X113.191 Y106.324 E4.39633
;WIDTH:0.433564
G1 X113.135 Y106.072 E4.40822
;WIDTH:0.476493
G1 X113.08 Y105.82 E4.42148
;WIDTH:0.518332
G1 X112.898 Y105.573 E4.43885
G1 X112.539 Y105.44 E4.46053
;WIDTH:0.480964
G1 X112.237 Y105.328 E4.47727
G1 X111.331 Y104.924 F7800
;WIDTH:0.45
G1 F3600
G1 X113.446 Y104.924 E4.57899
G1 X113.817 Y104.771 E4.59829
G1 X113.858 Y105.688 E4.64244
G1 X113.893 Y107.205 E4.71542
G1 X113.891 Y108.621 E4.78352
G1 X113.856 Y109.857 E4.84299
G1 X113.783 Y111.111 E4.90341
G1 X113.673 Y112.356 E4.96352
G1 X113.509 Y113.799 E5.03337
G1 X113.206 Y115.944 E5.13756
G1 X112.98 Y117.28 E5.20273
G1 X112.776 Y118.255 E5.25064
G1 X112.642 Y118.517 E5.26479
G1 X112.399 Y118.608 E5.27727
G1 X111.401 Y118.707 E5.32551
G1 X110.44 Y118.738 E5.37175
G1 X109.415 Y118.735 E5.42105
G1 X108.468 Y118.7 E5.46663
G1 X107.835 Y118.645 E5.49719
G1 X107.353 Y118.52 E5.52114
G1 X107.219 Y118.275 E5.53457
G1 X107.101 Y117.775 E5.55928
G1 X106.841 Y116.242 E5.63406
G1 X106.611 Y114.707 E5.70871
G1 X106.433 Y113.328 E5.77559
G1 X106.303 Y112.11 E5.8345
G1 X106.199 Y110.86 E5.89483
G1 X106.134 Y109.607 E5.95518
G1 X106.106 Y108.378 E6.01431
G1 X106.109 Y107.07 E6.07722
G1 X106.18 Y104.868 E6.18318
;WIDTH:0.476165
G1 X106.218 Y104.348 E6.20996
G1 X106.469 Y104.756 E6.23456
;WIDTH:0.45
G1 X106.877 Y104.924 E6.25578
G1 X111.271 Y104.924 E6.46712
G1 E4.46712 F2400
G92 E0
G1 X114.052 Y101.808 F7800
G1 E2 F2400
;TYPE:External perimeter
G1 F1800
G1 X114.056 Y101.814 E2.00035
G1 X114.081 Y102.095 E2.01392
;WIDTH:0.461571
G1 X114.114 Y102.948 E2.05621
;WIDTH:0.491538
G1 X114.159 Y104.264 E2.12636
G1 X114.201 Y104.723 E2.15092
;WIDTH:0.45
G1 X114.244 Y105.675 E2.19675
G1 X114.278 Y107.205 E2.27036
G1 X114.277 Y108.626 E2.33871
G1 X114.241 Y109.873 E2.39871
G1 X114.167 Y111.139 E2.4597
G1 X114.057 Y112.395 E2.52034
G1 X113.892 Y113.848 E2.59067
G1 X113.587 Y116.004 E2.6954
G1 X113.256 Y117.959 E2.79077
G1 X113.103 Y118.521 E2.81878
G1 X112.963 Y118.73 E2.83088
G1 X112.824 Y118.866 E2.84023
G1 X112.473 Y118.988 E2.8581
G1 X111.426 Y119.092 E2.9087
G1 X110.446 Y119.123 E2.95586
G1 X109.408 Y119.121 E3.00578
G1 X108.444 Y119.085 E3.05218
G1 X107.781 Y119.027 E3.08419
G1 X107.252 Y118.899 E3.11037
G1 X107.039 Y118.747 E3.12296
G1 X106.852 Y118.397 E3.14205
G1 X106.723 Y117.852 E3.16899
G1 X106.46 Y116.302 E3.24461
G1 X106.229 Y114.76 E3.3196
G1 X106.05 Y113.373 E3.38686
G1 X105.919 Y112.146 E3.44621
G1 X105.815 Y110.886 E3.50702
G1 X105.749 Y109.621 E3.56794
G1 X105.72 Y108.382 E3.62755
G1 X105.723 Y107.065 E3.69089
G1 X105.757 Y105.649 E3.75901
G1 X105.938 Y101.842 E3.94232
G1 X106.011 Y101.704 E3.94983
G1 X106.176 Y101.484 E3.96306
G1 X106.452 Y101.293 E3.9792
G1 X106.896 Y101.128 E4.00198
G1 X107.464 Y101.014 E4.02984
G1 X108.095 Y100.942 E4.06039
G1 X109.006 Y100.888 E4.10428
G1 X110.109 Y100.87 E4.15734
G1 X110.994 Y100.888 E4.19991
G1 X111.905 Y100.942 E4.2438
G1 X112.536 Y101.014 E4.27435
G1 X113.054 Y101.118 E4.29976
G1 X113.486 Y101.258 E4.3216
G1 X113.82 Y101.476 E4.34078
G1 X114.018 Y101.759 E4.35739
G1 X114.077 Y102.154 F7800
G1 E2.35739 F2400
G92 E0
G1 X108.227 Y110.667 F7800
G1 E2 F2400
;TYPE:Solid infill
G1 F1200
G1 X110.191 Y110.667 E2.09446
G1 X107.506 Y113.352 E2.27709
G1 X107.358 Y112.009 E2.34207
G1 X107.232 Y110.301 E2.42444
G1 X107.633 Y110.554 E2.44724
G1 X108.038 Y110.631 E2.46707
G1 X108.038 Y111.019 E2.48573
G1 X107.658 Y110.952 E2.50429
G1 X107.8 Y112.512 E2.57963
G1 X109.26 Y111.053 E2.6789
G1 X108.227 Y111.053 E2.72858
G1 X108.225 Y111.49 E2.7496
;WIDTH:0.590415
G1 X108.178 Y111.443 E2.75396
G1 X108.115 Y111.46 E2.75824
G1 X108.098 Y111.524 E2.76258
G1 X108.144 Y111.57 E2.76685
G1 X108.208 Y111.553 E2.77119
G1 E.77119 F2400
G92 E0
G1 X107.568 Y113.835 F7800
G1 E2 F2400
;WIDTH:0.45
G1 F1200
G1 X110.736 Y110.667 E2.21548
G1 X111.281 Y110.668 E2.24169
G1 X107.63 Y114.318 E2.48999
G1 X107.697 Y114.797 E2.51325
G1 X111.827 Y110.668 E2.79413
G1 X112.403 Y110.637 E2.82187
G1 X107.768 Y115.271 E3.1371
G1 X107.839 Y115.746 E3.1602
G1 X112.736 Y110.849 E3.49329
G1 X112.806 Y110.472 E3.51173
;WIDTH:0.419539
G1 X112.763 Y110.483 E3.5137
G1 X112.744 Y110.409 E3.51708
G1 X112.818 Y110.429 E3.52048
G1 X112.689 Y111.441 F7800
;WIDTH:0.45
G1 F1200
G1 X107.913 Y116.217 E3.84534
G1 X107.994 Y116.681 E3.86799
G1 X112.636 Y112.039 E4.18373
G1 X112.573 Y112.648 E4.21318
G1 X108.075 Y117.146 E4.51913
G1 X108.158 Y117.609 E4.54175
G1 X112.503 Y113.263 E4.83733
G1 X112.426 Y113.886 E4.86752
G1 X108.666 Y117.646 E5.12327
G1 X109.191 Y117.666 E5.14854
G1 X112.336 Y114.521 E5.36246
G1 X112.246 Y115.156 E5.39331
G1 X109.726 Y117.676 E5.56472
G1 X110.271 Y117.677 E5.59093
G1 X112.156 Y115.791 E5.71918
G1 X111.964 Y116.603 F7800
;WIDTH:0.555726
G1 F1200
G1 X111.804 Y117.548 E5.77792
G1 X110.961 Y117.606 E5.8297
G1 X111.828 Y116.74 E5.9048
;LAYER_CHANGE
;Z:15.2
;HEIGHT:0.15
G1 E3.9048 F2400
G92 E0
G1 Z15.2 F7800
G1 X111.824 Y106.7
G1 E2 F2400
;TYPE:Support material
;WIDTH:0.35
;HEIGHT:0.27
G1 F3600
G1 X111.824 Y108.596 E2.06216
G1 X108.575 Y108.596 E2.16868
G1 X108.575 Y106.7 E2.23084
G1 X111.78 Y106.7 E2.33591
G1 X111.693 Y107.214 F7800
G1 F3600
G1 X108.706 Y107.214 E2.43384
G1 E.43384 F2400
G92 E0
G1 X113.028 Y103.914 F7800
G1 E2 F2400
G1 F3600
G1 X112.818 Y103.914 E2.00688
G1 X112.818 Y103.317 E2.02645
G1 X113.028 Y103.317 E2.03333
G1 X113.028 Y103.87 E2.05146
;LAYER_CHANGE
;Z:15.35
;HEIGHT:0.150001
G1 E.05146 F2400
G92 E0
G1 Z15.35 F7800
G1 X112.653 Y105.93
G1 E2 F2400
;TYPE:Perimeter
;WIDTH:0.45
;HEIGHT:0.3
G1 F900
G1 X112.742 Y106.031 E2.00647
G1 X112.835 Y106.346 E2.02227
G1 X112.835 Y108.95 E2.14751
G1 X112.823 Y109.065 E2.15307
G1 X112.596 Y109.431 E2.17378
G1 X112.181 Y109.607 E2.19546
G1 X108.218 Y109.607 E2.38607
G1 X107.951 Y109.541 E2.3993
G1 X107.727 Y109.353 E2.41337
G1 X107.575 Y109.062 E2.42916
G1 X107.564 Y106.346 E2.55979
G1 X107.634 Y106.069 E2.57353
G1 X107.803 Y105.865 E2.58627
G1 X108.135 Y105.689 E2.60434
G1 X112.181 Y105.689 E2.79894
G1 X112.596 Y105.865 E2.82062
G1 X112.613 Y105.885 E2.82188
G1 X112.379 Y106.199 F7800
;TYPE:External perimeter
G1 F900
G1 X112.418 Y106.241 E2.82464
G1 X112.449 Y106.346 E2.82991
G1 X112.449 Y108.95 E2.95515
G1 X112.387 Y109.093 E2.96265
G1 X112.181 Y109.221 E2.97431
G1 X108.218 Y109.221 E3.16492
G1 X108.08 Y109.163 E3.17212
G1 X107.953 Y108.988 E3.18252
G1 X107.95 Y106.346 E3.30959
G1 X108.004 Y106.211 E3.31658
G1 X108.189 Y106.075 E3.32762
G1 X112.181 Y106.075 E3.51962
G1 X112.319 Y106.133 E3.52682
G1 X112.339 Y106.155 E3.52825
G1 X112.44 Y106.542 F7800
G1 E1.52825 F2400
G92 E0
G1 X106.713 Y102.809 F7800
G1 E2 F2400
G1 F900
G1 X106.872 Y102.695 E2.00941
G1 X113.417 Y102.692 E2.3242
G1 X113.553 Y102.748 E2.33127
;WIDTH:0.455402
G1 X113.684 Y102.948 E2.34293
;WIDTH:0.486725
G1 X113.7 Y104.274 E2.41278
G1 X113.628 Y104.414 E2.42107
;WIDTH:0.458792
G1 X113.417 Y104.539 E2.43313
;WIDTH:0.45
G1 X106.906 Y104.539 E2.74629
G1 X106.698 Y104.41 E2.75806
G1 X106.641 Y104.274 E2.76515
G1 X106.641 Y102.957 E2.82849
G1 X106.682 Y102.859 E2.8336
G1 X107.052 Y102.705 F7800
G1 X106.252 Y104.347
;TYPE:Perimeter
;WIDTH:0.466313
G1 F900
G1 X106.252 Y104.274 E2.83726
;WIDTH:0.458201
G1 X106.268 Y103.615 E2.86964
;WIDTH:0.425691
G1 X106.284 Y102.957 E2.8993
;WIDTH:0.393181
G1 X106.285 Y102.93 E2.90041
G1 X107.624 Y101.848 F7800
;WIDTH:0.627903
G1 F900
G1 X107.908 Y101.832 E2.9204
;WIDTH:0.660497
G1 X108.192 Y101.816 E2.94155
;WIDTH:0.686303
G1 X108.622 Y101.803 E2.97492
;WIDTH:0.712111
G1 X109.051 Y101.79 E3.00959
;WIDTH:0.729369
G1 X110.947 Y101.79 E3.16685
;WIDTH:0.712221
G1 X111.377 Y101.803 E3.20161
;WIDTH:0.686357
G1 X111.808 Y101.816 E3.23506
;WIDTH:0.660495
G1 X112.092 Y101.832 E3.25621
;WIDTH:0.627896
G1 X112.377 Y101.848 E3.27627
G1 E1.27627 F2400
G92 E0
G1 X106.447 Y102.533 F7800
G1 E2 F2400
;WIDTH:0.45
G1 F900
G1 X106.426 Y102.547 E2.00121
G1 X106.356 Y102.738 E2.01099
;WIDTH:0.421255
G1 X106.285 Y102.93 E2.0201
G1 X106.322 Y102.471 E2.0406
;WIDTH:0.45
G1 X106.359 Y102.013 E2.0627
G1 X106.407 Y101.86 E2.07041
G1 X106.572 Y101.689 E2.08184
G1 X107.057 Y101.495 E2.10696
G1 X107.571 Y101.393 E2.13216
G1 X108.163 Y101.326 E2.16081
G1 X109.043 Y101.273 E2.20321
G1 X110.09 Y101.256 E2.25357
G1 X110.978 Y101.274 E2.29629
G1 X111.864 Y101.328 E2.33898
G1 X112.468 Y101.399 E2.36823
G1 X112.995 Y101.509 E2.39412
G1 X113.475 Y101.716 E2.41926
G1 X113.637 Y101.933 E2.43228
G1 X113.666 Y102.405 E2.45502
G1 X113.417 Y102.306 E2.46791
G1 X107.624 Y102.306 E2.74653
G1 X106.769 Y102.323 E2.78766
G1 X106.497 Y102.501 E2.80329
G1 E.80329 F2400
G92 E0
G1 X108.051 Y105.314 F7800
G1 E2 F2400
;WIDTH:0.458139
G1 F900
G1 X108.218 Y105.307 E2.00821
;WIDTH:0.443579
G1 X112.181 Y105.307 E2.19564
G1 E.19564 F2400
G92 E0
G1 X107.002 Y105.699 F7800
G1 E2 F2400
;WIDTH:0.457607
G1 F900
G1 X106.978 Y105.742 E2.00242
G1 X106.904 Y105.699 E2.00662
G1 X106.978 Y105.657 E2.01079
G1 E.01079 F2400
G92 E0
G1 X113.048 Y110.016 F7800
G1 E2 F2400
;WIDTH:0.45
G1 F900
G1 X112.989 Y111.06 E2.05029
G1 X112.859 Y112.531 E2.12132
G1 X112.697 Y113.939 E2.18949
G1 X112.401 Y116.021 E2.29063
G1 X112.08 Y117.861 E2.38046
G1 X111.351 Y117.932 E2.41569
G1 X110.428 Y117.961 E2.4601
G1 X109.431 Y117.958 E2.50805
G1 X108.515 Y117.924 E2.55214
G1 X107.943 Y117.876 E2.57975
G1 X107.846 Y117.519 E2.59754
G1 X107.599 Y116.021 E2.67056
G1 X107.392 Y114.61 E2.73915
G1 X107.203 Y113.11 E2.81187
G1 X107.07 Y111.799 E2.87525
G1 X106.956 Y110.095 E2.95739
;WIDTH:0.452783
G1 X106.941 Y109.586 E2.98206
G1 X107.173 Y109.89 E3.00059
;WIDTH:0.45
G1 X107.594 Y110.225 E3.02647
G1 X108.218 Y110.378 E3.05737
G1 X112.284 Y110.378 E3.25293
G1 X112.994 Y110.042 E3.29071
G1 E1.29071 F2400
G92 E0
G1 X112.181 Y105.307 F7800
G1 E2 F2400
;WIDTH:0.475082
G1 F3600
G1 X112.786 Y105.322 E2.031
;WIDTH:0.506585
G1 X113.391 Y105.338 E2.06438
G1 X113.433 Y105.707 E2.08486
;WIDTH:0.45909
G1 X113.462 Y106.025 E2.10058
;WIDTH:0.416304
G1 X113.491 Y106.342 E2.11455
;WIDTH:0.384292
G1 X113.508 Y107.209 E2.14915
;WIDTH:0.384871
G1 X113.508 Y108.621 E2.20559
;WIDTH:0.388616
G1 X113.492 Y109.172 E2.22788
;WIDTH:0.419308
G1 X113.468 Y109.509 E2.24284
;WIDTH:0.45
G1 X113.374 Y111.088 E2.31892
G1 X113.243 Y112.57 E2.39048
G1 X113.079 Y113.988 E2.45914
G1 X112.782 Y116.08 E2.56077
G1 X112.48 Y117.858 E2.64751
G1 X112.378 Y118.208 E2.66504
G1 X111.332 Y118.318 E2.71563
G1 X109.385 Y118.342 E2.80928
G1 X108.243 Y118.288 E2.86427
G1 X107.655 Y118.213 E2.89278
G1 X107.596 Y118.161 E2.89656
G1 X107.467 Y117.593 E2.92457
G1 X107.218 Y116.08 E2.99832
G1 X107.01 Y114.662 E3.06725
G1 X106.82 Y113.154 E3.14035
G1 X106.686 Y111.833 E3.20421
G1 X106.571 Y110.113 E3.28712
;WIDTH:0.452783
G1 X106.548 Y109.605 E3.31175
;WIDTH:0.498251
G1 X106.568 Y109.472 E3.31903
;WIDTH:0.54372
G1 X106.588 Y109.339 E3.32707
;WIDTH:0.589189
G1 X106.608 Y109.206 E3.33587
G1 X106.598 Y108.956 E3.35225
;WIDTH:0.585488
G1 X106.593 Y107.13 E3.47093
;WIDTH:0.583129
G1 X106.609 Y106.306 E3.52425
;WIDTH:0.572888
G1 X106.593 Y106.11 E3.53672
;WIDTH:0.531925
G1 X106.578 Y105.913 E3.54824
;WIDTH:0.490962
G1 X106.562 Y105.716 E3.55876
;WIDTH:0.45
G1 X106.589 Y105.179 E3.58462
G1 X106.906 Y105.31 E3.60112
G1 X107.405 Y105.31 E3.62512
;WIDTH:0.458139
G1 X108.051 Y105.314 E3.65685
G1 X107.526 Y105.596 E3.68612
;WIDTH:0.45
G1 X107.295 Y105.885 E3.70391
;WIDTH:0.491032
G1 X107.236 Y106.039 E3.71269
;WIDTH:0.532064
G1 X107.176 Y106.192 E3.72228
;WIDTH:0.573096
G1 X107.117 Y106.346 E3.73274
;WIDTH:0.583129
G1 X107.112 Y107.132 E3.7836
;WIDTH:0.585488
G1 X107.111 Y108.376 E3.86445
;WIDTH:0.589189
G1 X107.128 Y109.15 E3.91513
G1 X107.235 Y109.307 E3.92757
;WIDTH:0.542792
G1 X107.343 Y109.464 E3.93894
;WIDTH:0.496396
G1 X107.45 Y109.622 E3.94922
;WIDTH:0.45
G1 X107.772 Y109.883 E3.96916
G1 X108.218 Y109.993 E3.99125
G1 X112.255 Y109.993 E4.18542
G1 X112.873 Y109.7 E4.21832
G1 X112.949 Y109.622 E4.22356
G1 X113.06 Y109.379 E4.23641
;WIDTH:0.419308
G1 X113.171 Y109.136 E4.24824
;WIDTH:0.388616
G1 X113.188 Y108.619 E4.26916
;WIDTH:0.384871
G1 X113.188 Y107.209 E4.32552
;WIDTH:0.384292
G1 X113.182 Y106.323 E4.36087
;WIDTH:0.416219
G1 X113.126 Y106.071 E4.3722
;WIDTH:0.45909
G1 X113.07 Y105.82 E4.38486
;WIDTH:0.506585
G1 X112.893 Y105.577 E4.40144
G1 X112.537 Y105.442 E4.42244
;WIDTH:0.475082
G1 X112.237 Y105.328 E4.43888
G1 X111.284 Y104.924 F7800
;WIDTH:0.45
G1 F3600
G1 X113.417 Y104.924 E4.54147
G1 X113.779 Y104.775 E4.5603
G1 X113.823 Y105.691 E4.60441
G1 X113.86 Y107.208 E4.67739
G1 X113.861 Y108.625 E4.74554
G1 X113.829 Y109.862 E4.80506
G1 X113.759 Y111.116 E4.86547
G1 X113.627 Y112.609 E4.93756
G1 X113.462 Y114.037 E5.0067
G1 X113.163 Y116.14 E5.10886
G1 X112.86 Y117.922 E5.1958
G1 X112.721 Y118.409 E5.22016
G1 X112.594 Y118.547 E5.22918
G1 X112.096 Y118.634 E5.25349
G1 X111.344 Y118.703 E5.28981
G1 X109.371 Y118.728 E5.38471
G1 X108.211 Y118.673 E5.44056
G1 X107.581 Y118.592 E5.47111
G1 X107.311 Y118.476 E5.48524
G1 X107.227 Y118.281 E5.49545
G1 X107.089 Y117.667 E5.52572
G1 X106.837 Y116.14 E5.60016
G1 X106.628 Y114.714 E5.66948
G1 X106.437 Y113.198 E5.74297
G1 X106.302 Y111.867 E5.80731
G1 X106.212 Y110.67 E5.86504
G1 X106.161 Y109.613 E5.91594
G1 X106.136 Y108.382 E5.97516
G1 X106.141 Y107.122 E6.03576
G1 X106.177 Y105.702 E6.10408
G1 X106.218 Y104.864 E6.14443
;WIDTH:0.466313
G1 X106.252 Y104.347 E6.1704
G1 X106.498 Y104.756 E6.19433
;WIDTH:0.45
G1 X106.906 Y104.924 E6.21555
G1 X111.224 Y104.924 E6.42323
G1 E4.42323 F2400
G92 E0
G1 X114.009 Y101.807 F7800
G1 E2 F2400
;TYPE:External perimeter
G1 F1800
G1 X114.013 Y101.813 E2.00035
G1 X114.037 Y102.082 E2.01334
;WIDTH:0.455402
G1 X114.075 Y102.947 E2.05557
;WIDTH:0.486725
G1 X114.122 Y104.264 E2.12499
G1 X114.162 Y104.719 E2.14905
;WIDTH:0.45
G1 X114.208 Y105.677 E2.19518
G1 X114.246 Y107.208 E2.26884
G1 X114.247 Y108.63 E2.33723
G1 X114.215 Y109.878 E2.39727
G1 X114.143 Y111.144 E2.45826
G1 X114.01 Y112.648 E2.53088
G1 X113.844 Y114.087 E2.60055
G1 X113.544 Y116.199 E2.70315
G1 X113.24 Y117.987 E2.79038
G1 X113.131 Y118.384 E2.81018
G1 X113.004 Y118.676 E2.8255
G1 X112.824 Y118.863 E2.83798
G1 X112.471 Y118.985 E2.85594
G1 X111.425 Y119.087 E2.90649
G1 X110.445 Y119.117 E2.95365
G1 X109.408 Y119.115 E3.00353
G1 X108.445 Y119.08 E3.04988
G1 X107.846 Y119.029 E3.07879
G1 X107.344 Y118.939 E3.10332
G1 X107.048 Y118.769 E3.11974
G1 X106.859 Y118.401 E3.13964
G1 X106.71 Y117.741 E3.17218
G1 X106.456 Y116.199 E3.24734
G1 X106.246 Y114.766 E3.317
G1 X106.054 Y113.241 E3.39093
G1 X105.918 Y111.901 E3.45571
G1 X105.827 Y110.694 E3.51393
G1 X105.776 Y109.626 E3.56536
G1 X105.75 Y108.385 E3.62506
G1 X105.755 Y107.116 E3.68609
G1 X105.792 Y105.687 E3.75484
G1 X105.982 Y101.841 E3.94004
G1 X106.112 Y101.593 E3.95351
G1 X106.381 Y101.354 E3.97082
G1 X106.929 Y101.128 E3.99933
G1 X107.491 Y101.014 E4.02691
G1 X108.116 Y100.942 E4.05717
G1 X109.017 Y100.888 E4.10058
G1 X110.09 Y100.87 E4.15219
G1 X110.983 Y100.888 E4.19515
G1 X111.884 Y100.942 E4.23856
G1 X112.509 Y101.014 E4.26882
G1 X113.02 Y101.117 E4.29389
G1 X113.448 Y101.257 E4.31555
G1 X113.779 Y101.475 E4.33461
G1 X113.975 Y101.758 E4.35117
G1 X114.035 Y102.153 F7800
G1 E2.35117 F2400
G92 E0
G1 X108.201 Y117.482 F7800
G1 E2 F2400
;TYPE:Solid infill
;WIDTH:0.573677
G1 F1200
G1 X108.156 Y117.527 E2.00404
G1 X108.173 Y117.588 E2.00806
G1 X108.234 Y117.605 E2.01208
G1 X108.279 Y117.56 E2.01612
G1 X108.263 Y117.498 E2.02019
;WIDTH:0.45
G1 X108.959 Y117.651 E2.05446
G1 X108.01 Y116.703 E2.11898
G1 X107.896 Y116.044 E2.15115
G1 X109.522 Y117.669 E2.26171
G1 X110.069 Y117.67 E2.28802
G1 X107.8 Y115.402 E2.44232
G1 X107.707 Y114.763 E2.47338
G1 X110.609 Y117.666 E2.6708
G1 X111.138 Y117.649 E2.69626
G1 X107.624 Y114.135 E2.93528
G1 X107.545 Y113.511 E2.96553
G1 X111.646 Y117.612 E3.24447
G1 X111.923 Y117.653 E3.25794
;WIDTH:0.404381
G1 X111.904 Y117.724 E3.26106
G1 X111.975 Y117.705 E3.26418
G1 X111.964 Y117.664 E3.26598
;WIDTH:0.45
G1 X111.889 Y117.309 E3.28343
G1 X107.472 Y112.893 E3.58383
G1 X107.41 Y112.286 E3.61318
G1 X111.968 Y116.843 E3.92318
G1 X112.047 Y116.377 E3.94591
G1 X107.352 Y111.682 E4.26526
G1 X107.313 Y111.097 E4.29346
G1 X112.125 Y115.909 E4.62077
G1 X112.193 Y115.432 E4.64394
G1 X107.273 Y110.513 E4.97856
G1 X107.208 Y110.238 E4.99215
;WIDTH:0.404381
G1 X107.689 Y110.394 E5.01359
;WIDTH:0.45
G1 X112.26 Y114.954 E5.32413
G1 X112.328 Y114.477 E5.3473
G1 X108.519 Y110.668 E5.60638
G1 X109.064 Y110.668 E5.63259
G1 X112.396 Y113.999 E5.85919
G1 X112.455 Y113.513 E5.88274
G1 X109.61 Y110.668 E6.07625
G1 X110.155 Y110.668 E6.10246
G1 X112.511 Y113.024 E6.26271
G1 X112.568 Y112.535 E6.28639
G1 X110.7 Y110.668 E6.41342
G1 X112.268 Y110.663 E6.48884
G1 X112.733 Y110.472 E6.51302
G1 X112.613 Y112.035 E6.58842
G1 X111.381 Y110.802 E6.67225
G1 X112.254 Y111.032 F7800
;WIDTH:0.530193
G1 F1200
G1 X112.213 Y111.074 E6.67566
G1 X112.228 Y111.13 E6.67903
G1 X112.284 Y111.145 E6.6824
G1 X112.325 Y111.104 E6.68577
G1 X112.31 Y111.048 E6.68914
;LAYER_CHANGE
;Z:15.47
;HEIGHT:0.12
G1 E4.68914 F2400
G92 E0
G1 Z15.47 F7800
G1 X111.824 Y106.7
G1 E2 F2400
;TYPE:Support material
;WIDTH:0.35
;HEIGHT:0.27
G1 F3600
G1 X111.824 Y108.596 E2.06216
G1 X108.575 Y108.596 E2.16868
G1 X108.575 Y106.7 E2.23084
G1 X111.78 Y106.7 E2.33591
G1 X111.693 Y107.214 F7800
G1 F3600
G1 X108.706 Y107.214 E2.43384
G1 E.43384 F2400
G92 E0
G1 X112.998 Y103.914 F7800
G1 E2 F2400
G1 F3600
G1 X112.818 Y103.914 E2.0059
G1 X112.818 Y103.317 E2.02547
G1 X112.998 Y103.317 E2.03137
G1 X112.998 Y103.87 E2.0495
;LAYER_CHANGE
;Z:15.65
;HEIGHT:0.179999
G1 E.0495 F2400
G92 E0
G1 Z15.65 F7800
G1 X112.648 Y105.934
G1 E2 F2400
;TYPE:Perimeter
;WIDTH:0.45
;HEIGHT:0.3
G1 F900
G1 X112.79 Y106.121 E2.01129
G1 X112.835 Y106.346 E2.02233
G1 X112.823 Y109.067 E2.1532
G1 X112.596 Y109.431 E2.17383
G1 X112.181 Y109.607 E2.19551
G1 X108.218 Y109.607 E2.38612
G1 X107.9 Y109.512 E2.40208
G1 X107.727 Y109.353 E2.41338
G1 X107.574 Y109.058 E2.42936
G1 X107.564 Y108.144 E2.47332
G1 X107.564 Y106.346 E2.5598
G1 X107.639 Y106.061 E2.57397
G1 X107.803 Y105.865 E2.58626
G1 X108.135 Y105.689 E2.60433
G1 X112.181 Y105.689 E2.79893
G1 X112.596 Y105.865 E2.82061
G1 X112.612 Y105.886 E2.82188
G1 X112.376 Y106.202 F7800
;TYPE:External perimeter
G1 F900
G1 X112.449 Y106.289 E2.82734
G1 X112.449 Y108.95 E2.95532
G1 X112.395 Y109.085 E2.96231
G1 X112.301 Y109.179 E2.9687
G1 X112.08 Y109.221 E2.97952
G1 X108.218 Y109.221 E3.16527
G1 X108.08 Y109.163 E3.17247
G1 X107.953 Y108.986 E3.18295
G1 X107.95 Y108.144 E3.22345
G1 X107.95 Y106.346 E3.30993
G1 X108.004 Y106.211 E3.31692
G1 X108.189 Y106.075 E3.32796
G1 X112.181 Y106.075 E3.51996
G1 X112.319 Y106.133 E3.52716
G1 X112.338 Y106.156 E3.52859
G1 X112.44 Y106.542 F7800
G1 E1.52859 F2400
G92 E0
G1 X106.742 Y102.809 F7800
G1 E2 F2400
G1 F900
G1 X106.887 Y102.698 E2.00878
G1 X113.388 Y102.692 E2.32146
G1 X113.595 Y102.821 E2.33319
;WIDTH:0.448551
G1 X113.65 Y102.957 E2.34022
;WIDTH:0.47883
G1 X113.667 Y104.274 E2.4083
G1 X113.598 Y104.413 E2.41632
;WIDTH:0.457295
G1 X113.388 Y104.539 E2.42832
;WIDTH:0.45
G1 X106.936 Y104.539 E2.73864
G1 X106.8 Y104.482 E2.74573
G1 X106.671 Y104.295 E2.75666
G1 X106.671 Y102.957 E2.82101
G1 X106.711 Y102.859 E2.8261
G1 X107.082 Y102.707 F7800
G1 X106.285 Y104.345
;TYPE:Perimeter
;WIDTH:0.458781
G1 F900
G1 X106.285 Y104.274 E2.82959
;WIDTH:0.450789
G1 X106.302 Y103.615 E2.86136
;WIDTH:0.416683
G1 X106.319 Y102.957 E2.89028
;WIDTH:0.382577
G1 X106.32 Y102.929 E2.89139
G1 X107.651 Y101.848 F7800
;WIDTH:0.627105
G1 F900
G1 X107.932 Y101.832 E2.91114
;WIDTH:0.659491
G1 X108.213 Y101.816 E2.93203
;WIDTH:0.685169
G1 X108.637 Y101.803 E2.96487
;WIDTH:0.710847
G1 X109.062 Y101.79 E2.99915
;WIDTH:0.728065
G1 X110.937 Y101.79 E3.15436
;WIDTH:0.710933
G1 X111.362 Y101.803 E3.18865
;WIDTH:0.68521
G1 X111.787 Y101.816 E3.22157
;WIDTH:0.659487
G1 X112.068 Y101.832 E3.24246
;WIDTH:0.627098
G1 X112.349 Y101.848 E3.26221
G1 E1.26221 F2400
G92 E0
G1 X106.476 Y102.533 F7800
G1 E2 F2400
;WIDTH:0.45
G1 F900
G1 X106.455 Y102.547 E2.00121
G1 X106.388 Y102.738 E2.01095
;WIDTH:0.415923
G1 X106.32 Y102.929 E2.01984
G1 X106.348 Y102.72 E2.02909
;WIDTH:0.45
G1 X106.402 Y102.01 E2.06334
G1 X106.45 Y101.857 E2.07105
G1 X106.614 Y101.687 E2.08241
G1 X107.09 Y101.495 E2.1071
G1 X107.598 Y101.393 E2.13202
G1 X108.183 Y101.327 E2.16033
G1 X109.053 Y101.274 E2.20225
G1 X110.068 Y101.257 E2.25107
G1 X110.968 Y101.275 E2.29437
G1 X111.844 Y101.329 E2.33658
G1 X112.441 Y101.4 E2.3655
G1 X112.962 Y101.509 E2.3911
G1 X113.434 Y101.714 E2.41585
G1 X113.588 Y101.921 E2.42826
G1 X113.612 Y102.399 E2.45128
G1 X113.388 Y102.306 E2.46295
G1 X107.651 Y102.306 E2.73888
G1 X106.789 Y102.325 E2.78035
G1 X106.526 Y102.5 E2.79554
G1 E.79554 F2400
G92 E0
G1 X108.051 Y105.314 F7800
G1 E2 F2400
;WIDTH:0.458139
G1 F900
G1 X108.218 Y105.307 E2.00821
;WIDTH:0.443579
G1 X112.181 Y105.307 E2.19564
G1 E.19564 F2400
G92 E0
G1 X107.022 Y105.686 F7800
G1 E2 F2400
;WIDTH:0.430373
G1 F900
G1 X106.999 Y105.725 E2.00207
G1 X106.931 Y105.686 E2.00565
G1 X106.999 Y105.646 E2.00925
G1 E.00925 F2400
G92 E0
G1 X113.022 Y110.084 F7800
G1 E2 F2400
;WIDTH:0.45
G1 F900
G1 X112.947 Y111.314 E2.05927
G1 X112.813 Y112.779 E2.13003
G1 X112.65 Y114.173 E2.19753
G1 X112.388 Y116.027 E2.28759
G1 X112.074 Y117.858 E2.37694
G1 X111.064 Y117.936 E2.42566
G1 X109.983 Y117.951 E2.47766
G1 X109.263 Y117.945 E2.51229
G1 X107.931 Y117.866 E2.57647
G1 X107.856 Y117.528 E2.59312
G1 X107.584 Y115.842 E2.67526
G1 X107.362 Y114.265 E2.75186
G1 X107.186 Y112.777 E2.82393
G1 X107.072 Y111.561 E2.88267
G1 X106.996 Y110.432 E2.93709
G1 X106.96 Y109.534 E2.98032
G1 X107.173 Y109.89 E3.00027
G1 X107.476 Y110.156 E3.01966
G1 X108.218 Y110.378 E3.05691
G1 X112.181 Y110.378 E3.24752
G1 X112.965 Y110.103 E3.28748
G1 E1.28748 F2400
G92 E0
G1 X112.181 Y105.307 F7800
G1 E2 F2400
;WIDTH:0.4688
G1 F3600
G1 X112.769 Y105.319 E2.02967
;WIDTH:0.494021
G1 X113.357 Y105.332 E2.06119
G1 X113.4 Y105.804 E2.08659
;WIDTH:0.448241
G1 X113.433 Y106.073 E2.09957
;WIDTH:0.402462
G1 X113.466 Y106.342 E2.111
;WIDTH:0.369716
G1 X113.486 Y107.442 E2.1529
G1 X113.484 Y108.999 E2.2122
;WIDTH:0.409323
G1 X113.445 Y109.549 E2.23592
;WIDTH:0.45
G1 X113.332 Y111.343 E2.32238
G1 X113.197 Y112.819 E2.39367
G1 X113.032 Y114.223 E2.46166
G1 X112.769 Y116.086 E2.55215
G1 X112.471 Y117.865 E2.63891
G1 X112.374 Y118.204 E2.65587
G1 X112.055 Y118.246 E2.67135
G1 X111.072 Y118.321 E2.71877
G1 X109.247 Y118.331 E2.80655
G1 X108.227 Y118.281 E2.85567
G1 X107.67 Y118.214 E2.88265
G1 X107.598 Y118.15 E2.88728
G1 X107.477 Y117.6 E2.91437
G1 X107.203 Y115.899 E2.99724
G1 X106.98 Y114.314 E3.07422
G1 X106.8 Y112.787 E3.14817
G1 X106.688 Y111.592 E3.2059
G1 X106.588 Y110.127 E3.27653
;WIDTH:0.488541
G1 X106.599 Y109.736 E3.29722
;WIDTH:0.527082
G1 X106.609 Y109.345 E3.31979
;WIDTH:0.565624
G1 X106.619 Y108.954 E3.34424
;WIDTH:0.571002
G1 X106.62 Y106.938 E3.47163
;WIDTH:0.565136
G1 X106.635 Y106.3 E3.51149
;WIDTH:0.555821
G1 X106.623 Y106.091 E3.52432
;WIDTH:0.520547
G1 X106.612 Y105.883 E3.53617
;WIDTH:0.485273
G1 X106.601 Y105.674 E3.54716
;WIDTH:0.45
G1 X106.623 Y105.196 E3.57017
G1 X106.868 Y105.307 E3.58311
G1 X107.405 Y105.31 E3.60894
;WIDTH:0.458139
G1 X108.051 Y105.314 E3.64067
G1 X107.526 Y105.596 E3.66994
;WIDTH:0.45
G1 X107.303 Y105.871 E3.68697
;WIDTH:0.48537
G1 X107.244 Y106.029 E3.69583
;WIDTH:0.52074
G1 X107.185 Y106.187 E3.70543
;WIDTH:0.556111
G1 X107.125 Y106.346 E3.71585
;WIDTH:0.565136
G1 X107.121 Y106.941 E3.75301
;WIDTH:0.571002
G1 X107.118 Y108.144 E3.82903
;WIDTH:0.575209
G1 X107.134 Y109.141 E3.89256
G1 X107.239 Y109.301 E3.90475
;WIDTH:0.533472
G1 X107.345 Y109.461 E3.91598
;WIDTH:0.491736
G1 X107.45 Y109.621 E3.92618
;WIDTH:0.45
G1 X107.688 Y109.834 E3.94154
G1 X108.218 Y109.993 E3.96815
G1 X112.181 Y109.993 E4.15876
G1 X112.782 Y109.782 E4.1894
G1 X112.949 Y109.621 E4.20056
G1 X113.056 Y109.379 E4.21329
;WIDTH:0.412655
G1 X113.164 Y109.137 E4.2248
;WIDTH:0.375311
G1 X113.18 Y108.867 E4.23529
;WIDTH:0.369716
G1 X113.174 Y106.346 E4.3313
;WIDTH:0.39472
G1 X113.12 Y105.982 E4.34646
;WIDTH:0.44437
G1 X113.056 Y105.836 E4.35402
;WIDTH:0.494021
G1 X112.993 Y105.69 E4.36254
G1 X112.889 Y105.581 E4.37061
G1 X112.535 Y105.444 E4.39095
;WIDTH:0.4688
G1 X112.237 Y105.328 E4.40708
G1 X111.235 Y104.924 F7800
;WIDTH:0.45
G1 F3600
G1 X113.388 Y104.924 E4.51063
G1 X113.736 Y104.78 E4.52874
G1 X113.805 Y106.334 E4.60356
G1 X113.831 Y107.436 E4.65658
G1 X113.829 Y108.874 E4.72574
G1 X113.792 Y110.117 E4.78555
G1 X113.716 Y111.372 E4.84602
G1 X113.58 Y112.859 E4.91784
G1 X113.415 Y114.272 E4.98626
G1 X113.15 Y116.145 E5.07724
G1 X112.851 Y117.929 E5.16424
G1 X112.709 Y118.43 E5.18929
G1 X112.58 Y118.551 E5.1978
G1 X112.086 Y118.63 E5.22186
G1 X111.081 Y118.707 E5.27034
G1 X109.231 Y118.716 E5.35932
G1 X108.191 Y118.665 E5.4094
G1 X107.593 Y118.592 E5.43838
G1 X107.317 Y118.474 E5.45282
G1 X107.229 Y118.268 E5.46359
G1 X107.098 Y117.672 E5.49294
G1 X106.821 Y115.957 E5.57649
G1 X106.597 Y114.364 E5.65386
G1 X106.419 Y112.858 E5.7268
G1 X106.304 Y111.623 E5.78646
G1 X106.225 Y110.473 E5.8419
G1 X106.181 Y109.369 E5.89504
G1 X106.165 Y108.145 E5.95392
G1 X106.177 Y106.927 E6.0125
G1 X106.254 Y104.861 E6.11194
;WIDTH:0.458781
G1 X106.285 Y104.345 E6.13737
G1 X106.455 Y104.684 E6.15603
;WIDTH:0.45
G1 X106.528 Y104.756 E6.16096
G1 X106.936 Y104.924 E6.18218
G1 X111.175 Y104.924 E6.38606
G1 E4.38606 F2400
G92 E0
G1 X113.966 Y101.806 F7800
G1 E2 F2400
;TYPE:External perimeter
G1 F1800
G1 X113.968 Y101.808 E2.00014
G1 X114.03 Y102.947 E2.055
;WIDTH:0.47883
G1 X114.081 Y104.263 E2.12308
G1 X114.119 Y104.712 E2.14637
;WIDTH:0.45
G1 X114.19 Y106.325 E2.22402
G1 X114.217 Y107.432 E2.27728
G1 X114.215 Y108.88 E2.34692
G1 X114.178 Y110.134 E2.40726
G1 X114.101 Y111.401 E2.46831
G1 X113.964 Y112.899 E2.54066
G1 X113.797 Y114.322 E2.60957
G1 X113.531 Y116.204 E2.70099
G1 X113.219 Y118.067 E2.79184
G1 X113.064 Y118.588 E2.81798
G1 X112.881 Y118.828 E2.8325
G1 X112.643 Y118.932 E2.84499
G1 X112.116 Y119.015 E2.87065
G1 X111.09 Y119.092 E2.92014
G1 X109.215 Y119.101 E3.01032
G1 X108.156 Y119.049 E3.06132
G1 X107.348 Y118.935 E3.10057
G1 X107.052 Y118.768 E3.11692
G1 X106.86 Y118.385 E3.13753
G1 X106.719 Y117.745 E3.16905
G1 X106.44 Y116.014 E3.25338
G1 X106.215 Y114.413 E3.33114
G1 X106.036 Y112.898 E3.40451
G1 X105.919 Y111.654 E3.46461
G1 X105.84 Y110.494 E3.52053
G1 X105.796 Y109.379 E3.5742
G1 X105.779 Y108.146 E3.63351
G1 X105.791 Y106.92 E3.69248
G1 X105.834 Y105.511 E3.76028
G1 X106.024 Y101.84 E3.93708
G1 X106.153 Y101.591 E3.95057
G1 X106.421 Y101.353 E3.96781
G1 X106.962 Y101.128 E3.99599
G1 X107.518 Y101.015 E4.02328
G1 X108.136 Y100.943 E4.0532
G1 X109.027 Y100.889 E4.09613
G1 X110.068 Y100.871 E4.14621
G1 X110.973 Y100.889 E4.18975
G1 X111.864 Y100.943 E4.23268
G1 X112.482 Y101.015 E4.2626
G1 X112.987 Y101.117 E4.28738
G1 X113.412 Y101.256 E4.30889
G1 X113.739 Y101.474 E4.32779
G1 X113.932 Y101.756 E4.34423
G1 X113.983 Y102.153 F7800
G1 E2.34423 F2400
G92 E0
G1 X108.23 Y110.668 F7800
G1 E2 F2400
;TYPE:Solid infill
G1 F1200
G1 X110.296 Y110.668 E2.09937
G1 X107.553 Y113.411 E2.28595
G1 X107.359 Y111.516 E2.37757
G1 X107.291 Y110.381 E2.43226
G1 X108.045 Y110.614 E2.47022
G1 X108.04 Y111.006 E2.48908
G1 X107.708 Y110.922 E2.50555
G1 X107.845 Y112.573 E2.58523
G1 X109.365 Y111.053 E2.68862
G1 X108.227 Y111.053 E2.74335
G1 X108.29 Y111.508 E2.76544
;WIDTH:0.625469
G1 X108.241 Y111.459 E2.77029
G1 X108.173 Y111.477 E2.77521
G1 X108.155 Y111.545 E2.78013
G1 X108.204 Y111.594 E2.78498
G1 X108.272 Y111.576 E2.7899
G1 E.7899 F2400
G92 E0
G1 X107.61 Y113.899 F7800
G1 E2 F2400
;WIDTH:0.45
G1 F1200
G1 X110.841 Y110.668 E2.21977
G1 X111.387 Y110.668 E2.24603
G1 X107.671 Y114.383 E2.49875
G1 X107.738 Y114.861 E2.52196
G1 X111.932 Y110.668 E2.8072
G1 X112.629 Y110.516 E2.84151
G1 X107.805 Y115.34 E3.16963
G1 X107.873 Y115.817 E3.1928
G1 X112.675 Y111.015 E3.51943
G1 X112.63 Y111.606 E3.54794
G1 X107.951 Y116.284 E3.86617
G1 X108.03 Y116.751 E3.88895
G1 X112.575 Y112.206 E4.1981
G1 X112.519 Y112.808 E4.22718
G1 X108.108 Y117.218 E4.52718
G1 X108.09 Y117.75 E4.55278
;WIDTH:0.404381
G1 X108.049 Y117.761 E4.55458
G1 X108.03 Y117.689 E4.55774
G1 X108.101 Y117.709 E4.56087
;WIDTH:0.45
G1 X108.271 Y117.601 E4.57056
G1 X112.446 Y113.425 E4.85457
G1 X112.374 Y114.043 E4.88449
G1 X108.788 Y117.629 E5.12841
G1 X109.305 Y117.658 E5.15331
G1 X112.287 Y114.676 E5.35614
G1 X112.197 Y115.311 E5.38699
G1 X109.847 Y117.661 E5.54683
G1 X110.391 Y117.662 E5.57299
G1 X112.107 Y115.946 E5.68971
G1 X111.951 Y116.692 E5.72637
;WIDTH:0.513268
G1 X111.806 Y117.557 E5.77548
G1 X111.028 Y117.615 E5.81916
G1 X111.815 Y116.829 E5.88143
M106 S211.65
;LAYER_CHANGE
;Z:15.74
;HEIGHT:0.0900002
G1 E3.88143 F2400
G92 E0
G1 Z15.74 F7800
G1 X111.824 Y108.596
G1 E2 F2400
;TYPE:Support material
;WIDTH:0.35
;HEIGHT:0.27
G1 F3600
G1 X108.575 Y108.596 E2.10652
G1 X108.575 Y106.7 E2.16868
G1 X111.824 Y106.7 E2.2752
G1 X111.824 Y108.553 E2.33595
G1 X111.693 Y107.214 F7800
G1 F3600
G1 X108.706 Y107.214 E2.43388
G1 E.43388 F2400
G92 E0
G1 X112.998 Y103.914 F7800
G1 E2 F2400
G1 F3600
G1 X112.818 Y103.914 E2.0059
G1 X112.818 Y103.317 E2.02547
G1 X112.998 Y103.317 E2.03137
G1 X112.998 Y103.87 E2.0495
;LAYER_CHANGE
;Z:15.95
;HEIGHT:0.21
G1 E.0495 F2400
G92 E0
G1 Z15.95 F7800
G1 X112.648 Y105.934
G1 E2 F2400
;TYPE:Perimeter
;WIDTH:0.45
;HEIGHT:0.3
G1 F900
G1 X112.789 Y106.119 E2.01119
G1 X112.835 Y106.346 E2.02233
G1 X112.835 Y108.951 E2.14762
G1 X112.823 Y109.068 E2.15328
G1 X112.596 Y109.431 E2.17387
G1 X112.449 Y109.541 E2.1827
G1 X112.181 Y109.607 E2.19597
G1 X108.213 Y109.607 E2.38682
G1 X108.054 Y109.583 E2.39455
G1 X107.803 Y109.431 E2.40866
G1 X107.593 Y109.132 E2.42623
G1 X107.564 Y108.95 E2.43509
G1 X107.564 Y106.346 E2.56033
G1 X107.644 Y106.052 E2.57498
G1 X107.803 Y105.865 E2.58679
G1 X108.135 Y105.689 E2.60486
G1 X112.181 Y105.689 E2.79946
G1 X112.596 Y105.865 E2.82114
G1 X112.612 Y105.886 E2.82241
G1 X112.376 Y106.202 F7800
;TYPE:External perimeter
G1 F900
G1 X112.449 Y106.288 E2.82784
G1 X112.449 Y108.951 E2.95592
G1 X112.395 Y109.085 E2.96287
G1 X112.246 Y109.221 E2.97257
G1 X108.216 Y109.221 E3.1664
G1 X108.08 Y109.163 E3.17351
G1 X107.959 Y109.011 E3.18285
G1 X107.95 Y106.346 E3.31103
G1 X108.004 Y106.211 E3.31802
G1 X108.189 Y106.075 E3.32906
G1 X112.181 Y106.075 E3.52106
G1 X112.319 Y106.133 E3.52826
G1 X112.338 Y106.156 E3.52969
G1 X112.441 Y106.542 F7800
G1 E1.52969 F2400
G92 E0
G1 X106.772 Y102.809 F7800
G1 E2 F2400
G1 F900
G1 X106.935 Y102.694 E2.00959
G1 X113.358 Y102.692 E2.31851
G1 X113.566 Y102.821 E2.33028
;WIDTH:0.447047
G1 X113.618 Y102.957 E2.33723
;WIDTH:0.474624
G1 X113.636 Y104.274 E2.40462
G1 X113.569 Y104.413 E2.41252
;WIDTH:0.456468
G1 X113.358 Y104.539 E2.42454
;WIDTH:0.45
G1 X106.965 Y104.539 E2.73202
G1 X106.757 Y104.41 E2.74379
G1 X106.7 Y104.274 E2.75088
G1 X106.7 Y102.957 E2.81422
G1 X106.741 Y102.858 E2.81937
G1 X107.11 Y102.705 F7800
G1 X106.319 Y104.343
;TYPE:Perimeter
;WIDTH:0.449779
G1 F900
G1 X106.318 Y104.274 E2.82269
;WIDTH:0.441897
G1 X106.336 Y103.615 E2.85373
;WIDTH:0.406741
G1 X106.354 Y102.957 E2.88184
;WIDTH:0.371585
G1 X106.355 Y102.928 E2.88295
G1 X107.677 Y101.849 F7800
;WIDTH:0.625253
G1 F900
G1 X107.955 Y101.833 E2.90243
;WIDTH:0.657393
G1 X108.232 Y101.817 E2.92295
;WIDTH:0.68291
G1 X108.652 Y101.804 E2.95537
;WIDTH:0.708427
G1 X109.072 Y101.792 E2.98912
;WIDTH:0.725591
G1 X110.927 Y101.792 E3.1421
;WIDTH:0.708486
G1 X111.347 Y101.804 E3.17586
;WIDTH:0.682939
G1 X111.768 Y101.817 E3.20836
;WIDTH:0.657391
G1 X112.045 Y101.833 E3.22888
;WIDTH:0.625257
G1 X112.323 Y101.849 E3.24836
G1 E1.24836 F2400
G92 E0
G1 X106.506 Y102.533 F7800
G1 E2 F2400
;WIDTH:0.45
G1 F900
G1 X106.485 Y102.547 E2.00121
G1 X106.42 Y102.737 E2.01087
;WIDTH:0.410408
G1 X106.355 Y102.928 E2.01958
G1 X106.386 Y102.722 E2.02857
;WIDTH:0.45
G1 X106.416 Y102.516 E2.03858
G1 X106.443 Y102.008 E2.06305
G1 X106.492 Y101.855 E2.07078
G1 X106.654 Y101.685 E2.08207
G1 X107.122 Y101.496 E2.10635
G1 X107.624 Y101.395 E2.13098
G1 X108.203 Y101.329 E2.15901
G1 X109.063 Y101.277 E2.20045
G1 X110.054 Y101.26 E2.24812
G1 X110.958 Y101.278 E2.29161
G1 X111.824 Y101.331 E2.33334
G1 X112.415 Y101.401 E2.36196
G1 X112.93 Y101.51 E2.38728
G1 X113.395 Y101.713 E2.41168
G1 X113.546 Y101.92 E2.424
G1 X113.571 Y102.394 E2.44683
G1 X113.358 Y102.306 E2.45791
G1 X107.677 Y102.306 E2.73115
G1 X106.826 Y102.323 E2.77209
G1 X106.556 Y102.5 E2.78762
G1 E.78762 F2400
G92 E0
G1 X108.051 Y105.314 F7800
G1 E2 F2400
;WIDTH:0.458139
G1 F900
G1 X108.218 Y105.307 E2.00821
;WIDTH:0.443579
G1 X112.181 Y105.307 E2.19564
G1 E.19564 F2400
G92 E0
G1 X107.041 Y105.673 F7800
G1 E2 F2400
;WIDTH:0.404499
G1 F900
G1 X107.02 Y105.71 E2.0018
G1 X106.956 Y105.673 E2.00494
G1 X107.02 Y105.636 E2.00808
G1 E.00808 F2400
G92 E0
G1 X112.992 Y110.086 F7800
G1 E2 F2400
;WIDTH:0.45
G1 F900
G1 X112.904 Y111.566 E2.07131
G1 X112.767 Y113.024 E2.14174
G1 X112.603 Y114.402 E2.20848
G1 X112.319 Y116.39 E2.30507
G1 X112.07 Y117.849 E2.37626
G1 X111.099 Y117.923 E2.4231
G1 X109.982 Y117.94 E2.47683
G1 X109.264 Y117.934 E2.51136
G1 X107.946 Y117.858 E2.57486
G1 X107.864 Y117.518 E2.59168
G1 X107.592 Y115.804 E2.67515
G1 X107.369 Y114.181 E2.75394
G1 X107.208 Y112.785 E2.82153
G1 X107.096 Y111.567 E2.88036
G1 X107.016 Y110.333 E2.93984
G1 X106.989 Y109.585 E2.97584
G1 X107.173 Y109.89 E2.99297
G1 X107.418 Y110.116 E3.009
G1 X107.834 Y110.323 E3.03135
G1 X108.218 Y110.378 E3.05001
G1 X112.181 Y110.378 E3.24062
G1 X112.808 Y110.224 E3.27167
G1 X112.944 Y110.122 E3.27985
G1 E1.27985 F2400
G92 E0
G1 X107.348 Y105.31 F7800
G1 E2 F2400
G1 F900
G1 X107.405 Y105.31 E2.00274
;WIDTH:0.458139
G1 X108.051 Y105.314 E2.03447
G1 X107.526 Y105.596 E2.06374
;WIDTH:0.45
G1 X107.311 Y105.857 E2.08
;WIDTH:0.494543
G1 X107.223 Y106.101 E2.09392
;WIDTH:0.539086
G1 X107.134 Y106.346 E2.10935
;WIDTH:0.549372
G1 X107.129 Y106.996 E2.14867
;WIDTH:0.555899
G1 X107.125 Y108.148 E2.21929
;WIDTH:0.56085
G1 X107.14 Y109.138 E2.2806
G1 X107.244 Y109.299 E2.29247
;WIDTH:0.5239
G1 X107.347 Y109.46 E2.30342
;WIDTH:0.48695
G1 X107.45 Y109.622 E2.31354
;WIDTH:0.45
G1 X107.647 Y109.805 E2.32647
G1 X107.944 Y109.953 E2.34243
G1 X108.218 Y109.993 E2.35575
G1 X112.181 Y109.993 E2.54636
G1 X112.628 Y109.882 E2.56851
G1 X112.948 Y109.622 E2.58834
;WIDTH:0.491451
G1 X113.019 Y109.531 E2.59449
;WIDTH:0.532902
G1 X113.09 Y109.44 E2.60123
;WIDTH:0.574353
G1 X113.161 Y109.349 E2.60857
;WIDTH:0.615804
G1 X113.231 Y109.258 E2.61647
;WIDTH:0.657255
G1 X113.302 Y109.167 E2.625
G1 X113.319 Y109.295 E2.63455
;WIDTH:0.615804
G1 X113.336 Y109.423 E2.64343
;WIDTH:0.574353
G1 X113.352 Y109.551 E2.65163
;WIDTH:0.532902
G1 X113.369 Y109.679 E2.65918
;WIDTH:0.491451
G1 X113.386 Y109.807 E2.66606
;WIDTH:0.45
G1 X113.369 Y110.355 E2.69243
G1 X113.289 Y111.597 E2.75229
G1 X113.151 Y113.065 E2.82321
G1 X112.986 Y114.452 E2.89039
G1 X112.7 Y116.45 E2.98747
G1 X112.444 Y117.95 E3.06066
G1 X112.366 Y118.198 E3.07316
G1 X112.271 Y118.22 E3.07785
G1 X111.118 Y118.309 E3.13347
G1 X109.249 Y118.319 E3.22336
G1 X108.241 Y118.272 E3.27189
G1 X107.631 Y118.198 E3.30144
G1 X107.485 Y117.594 E3.33133
G1 X107.211 Y115.861 E3.41572
G1 X106.986 Y114.23 E3.49491
G1 X106.824 Y112.824 E3.56298
G1 X106.711 Y111.598 E3.6222
G1 X106.617 Y109.977 E3.7003
;WIDTH:0.483786
G1 X106.625 Y109.636 E3.71814
;WIDTH:0.517572
G1 X106.633 Y109.294 E3.73748
;WIDTH:0.551358
G1 X106.641 Y108.953 E3.7582
;WIDTH:0.555899
G1 X106.644 Y106.993 E3.87836
;WIDTH:0.549372
G1 X106.66 Y106.299 E3.92035
;WIDTH:0.538775
G1 X106.66 Y105.744 E3.95319
;WIDTH:0.494387
G1 X106.66 Y105.189 E3.98296
;WIDTH:0.45
G1 X106.94 Y105.31 E3.99763
G1 X107.288 Y105.31 E4.01437
G1 E2.01437 F2400
G92 E0
G1 X112.937 Y105.657 F7800
G1 E2 F2400
;WIDTH:0.482944
G1 F900
G1 X112.885 Y105.585 E2.00464
G1 X112.181 Y105.307 E2.04415
G1 X113.326 Y105.326 E2.10393
G1 X113.358 Y105.915 E2.13472
;WIDTH:0.526862
G1 X113.339 Y106.05 E2.14258
;WIDTH:0.57078
G1 X113.321 Y106.184 E2.15112
;WIDTH:0.614699
G1 X113.302 Y106.319 E2.16048
G1 X113.255 Y106.2 E2.16926
;WIDTH:0.57078
G1 X113.207 Y106.08 E2.17742
;WIDTH:0.526862
G1 X113.159 Y105.961 E2.18482
;WIDTH:0.482944
G1 X112.972 Y105.705 E2.20137
G1 X113.302 Y106.319 F7800
;WIDTH:0.615047
G1 F900
G1 X113.303 Y106.346 E2.20323
;WIDTH:0.643437
G1 X113.317 Y107.446 E2.28268
;WIDTH:0.644157
G1 X113.318 Y108.87 E2.38565
;WIDTH:0.657255
G1 X113.302 Y109.167 E2.40764
G1 E.40764 F2400
G92 E0
G1 X111.19 Y104.924 F7800
G1 E2 F2400
;WIDTH:0.45
G1 F3600
G1 X113.358 Y104.924 E2.10427
G1 X113.7 Y104.783 E2.12206
G1 X113.771 Y106.334 E2.19674
G1 X113.8 Y107.439 E2.2499
G1 X113.8 Y108.877 E2.31906
G1 X113.754 Y110.373 E2.39105
G1 X113.673 Y111.627 E2.45149
G1 X113.534 Y113.106 E2.52294
G1 X113.368 Y114.502 E2.59056
G1 X113.081 Y116.51 E2.68812
G1 X112.815 Y118.069 E2.76419
G1 X112.641 Y118.499 E2.7865
G1 X112.331 Y118.602 E2.80221
G1 X111.137 Y118.694 E2.85981
G1 X110.272 Y118.713 E2.90142
G1 X109.274 Y118.706 E2.94942
G1 X108.349 Y118.669 E2.99394
G1 X107.785 Y118.618 E3.02118
G1 X107.407 Y118.518 E3.03999
G1 X107.278 Y118.379 E3.04911
G1 X107.107 Y117.67 E3.08419
G1 X106.829 Y115.917 E3.16956
G1 X106.603 Y114.278 E3.24914
G1 X106.44 Y112.864 E3.3176
G1 X106.327 Y111.628 E3.3773
G1 X106.245 Y110.372 E3.43784
G1 X106.209 Y109.373 E3.48592
G1 X106.195 Y108.148 E3.54484
G1 X106.208 Y106.982 E3.60092
G1 X106.253 Y105.575 E3.66863
G1 X106.319 Y104.343 E3.72797
G1 X106.485 Y104.684 E3.74621
G1 X106.557 Y104.756 E3.75111
G1 X106.965 Y104.924 E3.77233
G1 X111.13 Y104.924 E3.97265
G1 E1.97265 F2400
G92 E0
G1 X113.924 Y101.805 F7800
G1 E2 F2400
;TYPE:External perimeter
G1 F1800
G1 X113.926 Y101.807 E2.00014
G1 X113.992 Y102.947 E2.05506
;WIDTH:0.474624
G1 X114.046 Y104.263 E2.12245
G1 X114.082 Y104.708 E2.14529
;WIDTH:0.45
G1 X114.156 Y106.324 E2.2231
G1 X114.185 Y107.434 E2.27651
G1 X114.186 Y108.883 E2.3462
G1 X114.14 Y110.392 E2.41881
G1 X114.058 Y111.658 E2.47983
G1 X113.918 Y113.147 E2.55176
G1 X113.75 Y114.552 E2.61982
G1 X113.462 Y116.569 E2.71781
G1 X113.204 Y118.079 E2.79149
G1 X113.074 Y118.514 E2.81333
G1 X112.957 Y118.723 E2.82485
G1 X112.772 Y118.878 E2.83646
G1 X112.39 Y118.985 E2.85554
G1 X111.156 Y119.079 E2.91506
G1 X110.577 Y119.092 E2.94291
G1 X109.218 Y119.09 E3.00827
G1 X108.172 Y119.04 E3.05864
G1 X107.35 Y118.928 E3.09854
G1 X107.066 Y118.769 E3.11419
G1 X106.918 Y118.529 E3.12775
G1 X106.729 Y117.745 E3.16654
G1 X106.448 Y115.974 E3.25278
G1 X106.221 Y114.326 E3.33279
G1 X106.057 Y112.904 E3.40164
G1 X105.942 Y111.658 E3.46182
G1 X105.86 Y110.391 E3.52289
G1 X105.824 Y109.382 E3.57145
G1 X105.81 Y108.148 E3.6308
G1 X105.823 Y106.973 E3.68732
G1 X105.868 Y105.559 E3.75536
G1 X106.066 Y101.839 E3.93453
G1 X106.194 Y101.59 E3.948
G1 X106.46 Y101.351 E3.9652
G1 X106.994 Y101.129 E3.99301
G1 X107.544 Y101.016 E4.02002
G1 X108.155 Y100.945 E4.0496
G1 X109.037 Y100.892 E4.0921
G1 X110.044 Y100.874 E4.14054
G1 X110.963 Y100.892 E4.18475
G1 X111.845 Y100.945 E4.22725
G1 X112.456 Y101.016 E4.25683
G1 X112.955 Y101.118 E4.28133
G1 X113.376 Y101.256 E4.30264
G1 X113.7 Y101.474 E4.32142
G1 X113.891 Y101.755 E4.33776
G1 X113.942 Y102.152 F7800
G1 E2.33776 F2400
G92 E0
G1 X108.222 Y117.466 F7800
G1 E2 F2400
;TYPE:Solid infill
;WIDTH:0.573531
G1 F1200
G1 X108.177 Y117.511 E2.00404
G1 X108.194 Y117.572 E2.00806
G1 X108.255 Y117.589 E2.01208
G1 X108.3 Y117.544 E2.01612
G1 X108.284 Y117.482 E2.02019
;WIDTH:0.45
G1 X108.972 Y117.628 E2.05402
G1 X108.024 Y116.68 E2.1185
G1 X107.921 Y116.032 E2.15006
G1 X109.537 Y117.647 E2.25994
G1 X110.086 Y117.651 E2.28635
G1 X107.827 Y115.393 E2.43997
G1 X107.74 Y114.76 E2.4707
G1 X110.624 Y117.644 E2.66687
G1 X111.154 Y117.629 E2.69237
G1 X107.654 Y114.128 E2.93047
G1 X107.583 Y113.512 E2.96029
G1 X111.661 Y117.59 E3.23767
G1 X111.909 Y117.643 E3.24987
;WIDTH:0.404381
G1 X111.89 Y117.714 E3.25299
G1 X111.961 Y117.695 E3.25611
G1 X111.95 Y117.654 E3.25791
;WIDTH:0.45
G1 X111.877 Y117.261 E3.27714
G1 X107.511 Y112.895 E3.57411
G1 X107.453 Y112.291 E3.60329
G1 X111.956 Y116.795 E3.90961
G1 X112.036 Y116.329 E3.93235
G1 X107.398 Y111.691 E4.24782
G1 X107.357 Y111.105 E4.27607
G1 X112.104 Y115.852 E4.59896
G1 X112.172 Y115.375 E4.62213
G1 X107.321 Y110.524 E4.95209
G1 X107.267 Y110.239 E4.96604
;WIDTH:0.404381
G1 X107.278 Y110.281 E4.96788
G1 X107.207 Y110.3 E4.971
G1 X107.226 Y110.228 E4.97416
G1 X107.977 Y110.635 F7800
;WIDTH:0.45
G1 F1200
G1 X112.24 Y114.897 E5.26409
G1 X112.308 Y114.42 E5.28726
G1 X108.556 Y110.667 E5.5425
G1 X109.101 Y110.667 E5.56871
G1 X112.368 Y113.934 E5.79093
G1 X112.426 Y113.447 E5.81452
G1 X109.646 Y110.667 E6.00361
G1 X110.192 Y110.667 E6.02987
G1 X112.483 Y112.959 E6.18573
G1 E4.18573 F2400
G92 E0
G1 X110.873 Y110.804 F7800
G1 E2 F2400
G1 F1200
G1 X112.53 Y112.46 E2.11267
G1 X112.616 Y111.543 E2.15697
G1 X112.68 Y110.547 E2.20497
G1 X112.169 Y110.668 E2.23023
G1 X110.737 Y110.667 E2.2991
G1 X111.641 Y111.042 F7800
;WIDTH:0.427625
G1 F1200
G1 X112.274 Y111.029 E2.32778
G1 X112.231 Y111.632 E2.35517
G1 X111.777 Y111.178 E2.38426
;LAYER_CHANGE
;Z:16.01
;HEIGHT:0.0600004
G1 E.38426 F2400
G92 E0
G1 Z16.01 F7800
G1 X111.824 Y108.596
G1 E2 F2400
;TYPE:Support material
;WIDTH:0.35
;HEIGHT:0.27
G1 F3600
G1 X108.575 Y108.596 E2.10652
G1 X108.575 Y106.7 E2.16868
G1 X111.824 Y106.7 E2.2752
G1 X111.824 Y108.553 E2.33595
G1 X111.693 Y107.214 F7800
G1 F3600
G1 X108.706 Y107.214 E2.43388
G1 E.43388 F2400
G92 E0
G1 X112.969 Y103.914 F7800
G1 E2 F2400
G1 F3600
G1 X112.818 Y103.914 E2.00495
G1 X112.818 Y103.317 E2.02452
G1 X112.969 Y103.317 E2.02947
G1 X112.969 Y103.87 E2.0476
;LAYER_CHANGE
;Z:16.25
;HEIGHT:0.24
G1 E.0476 F2400
G92 E0
G1 Z16.25 F7800
G1 X112.649 Y105.934
G1 E2 F2400
;TYPE:Perimeter
;WIDTH:0.45
;HEIGHT:0.3
G1 F900
G1 X112.788 Y106.117 E2.01105
G1 X112.835 Y106.346 E2.02229
G1 X112.835 Y108.95 E2.14753
G1 X112.823 Y109.067 E2.15319
G1 X112.596 Y109.431 E2.17382
G1 X112.442 Y109.545 E2.18304
G1 X112.181 Y109.607 E2.19594
G1 X108.218 Y109.607 E2.38655
G1 X107.886 Y109.502 E2.4033
G1 X107.727 Y109.353 E2.41378
G1 X107.564 Y109.037 E2.43088
G1 X107.564 Y106.346 E2.56031
G1 X107.649 Y106.044 E2.5754
G1 X107.803 Y105.865 E2.58676
G1 X108.135 Y105.689 E2.60483
G1 X112.181 Y105.689 E2.79943
G1 X112.596 Y105.865 E2.82111
G1 X112.612 Y105.886 E2.82238
G1 X112.377 Y106.202 F7800
;TYPE:External perimeter
G1 F900
G1 X112.449 Y106.288 E2.82777
G1 X112.449 Y108.95 E2.9558
G1 X112.395 Y109.085 E2.96279
G1 X112.245 Y109.221 E2.97253
G1 X108.218 Y109.221 E3.16621
G1 X108.08 Y109.163 E3.17341
G1 X107.95 Y108.981 E3.18417
G1 X107.95 Y106.346 E3.3109
G1 X108.004 Y106.211 E3.31789
G1 X108.189 Y106.075 E3.32893
G1 X112.181 Y106.075 E3.52093
G1 X112.319 Y106.133 E3.52813
G1 X112.338 Y106.156 E3.52956
G1 X112.441 Y106.542 F7800
G1 E1.52956 F2400
G92 E0
G1 X106.801 Y102.81 F7800
G1 E2 F2400
G1 F900
G1 X106.967 Y102.694 E2.00974
G1 X113.329 Y102.692 E2.31573
G1 X113.536 Y102.822 E2.32749
;WIDTH:0.445469
G1 X113.586 Y102.957 E2.33433
;WIDTH:0.470539
G1 X113.604 Y104.274 E2.40105
G1 X113.539 Y104.412 E2.40878
;WIDTH:0.455623
G1 X113.329 Y104.539 E2.42076
;WIDTH:0.45
G1 X106.994 Y104.539 E2.72545
G1 X106.786 Y104.41 E2.73722
G1 X106.729 Y104.274 E2.74431
G1 X106.729 Y102.957 E2.80765
G1 X106.77 Y102.858 E2.8128
G1 X107.139 Y102.705 F7800
G1 X106.352 Y104.342
;TYPE:Perimeter
;WIDTH:0.440963
G1 F900
G1 X106.352 Y104.274 E2.81599
;WIDTH:0.433189
G1 X106.37 Y103.615 E2.84632
;WIDTH:0.397057
G1 X106.388 Y102.957 E2.87363
;WIDTH:0.360925
G1 X106.389 Y102.927 E2.87474
G1 X107.702 Y101.851 F7800
;WIDTH:0.622288
G1 F900
G1 X107.977 Y101.835 E2.89391
;WIDTH:0.654137
G1 X108.251 Y101.819 E2.9141
;WIDTH:0.679452
G1 X108.667 Y101.806 E2.94603
;WIDTH:0.704767
G1 X109.083 Y101.793 E2.97927
;WIDTH:0.721857
G1 X110.917 Y101.793 E3.12967
;WIDTH:0.704789
G1 X111.333 Y101.806 E3.16291
;WIDTH:0.67946
G1 X111.749 Y101.819 E3.19484
;WIDTH:0.654131
G1 X112.023 Y101.835 E3.21503
;WIDTH:0.622284
G1 X112.298 Y101.851 E3.2342
G1 E1.2342 F2400
G92 E0
G1 X106.536 Y102.532 F7800
G1 E2 F2400
;WIDTH:0.45
G1 F900
G1 X106.514 Y102.547 E2.00128
G1 X106.452 Y102.737 E2.01089
;WIDTH:0.40506
G1 X106.389 Y102.927 E2.0194
G1 X106.423 Y102.724 E2.02815
;WIDTH:0.45
G1 X106.457 Y102.521 E2.03805
G1 X106.489 Y101.94 E2.06604
G1 X106.65 Y101.709 E2.07958
G1 X107.127 Y101.503 E2.10457
G1 X107.63 Y101.4 E2.12926
G1 X108.208 Y101.333 E2.15725
G1 X109.062 Y101.281 E2.1984
G1 X110.017 Y101.263 E2.24434
G1 X110.938 Y101.281 E2.28865
G1 X111.792 Y101.333 E2.3298
G1 X112.37 Y101.4 E2.35779
G1 X112.873 Y101.503 E2.38248
G1 X113.353 Y101.711 E2.40764
G1 X113.504 Y101.916 E2.41989
G1 X113.53 Y102.39 E2.44272
G1 X113.329 Y102.306 E2.4532
G1 X107.702 Y102.306 E2.72384
G1 X106.862 Y102.322 E2.76425
G1 X106.587 Y102.5 E2.78001
G1 E.78001 F2400
G92 E0
G1 X108.051 Y105.314 F7800
G1 E2 F2400
;WIDTH:0.458139
G1 F900
G1 X108.218 Y105.307 E2.00821
;WIDTH:0.443579
G1 X112.181 Y105.307 E2.19564
G1 E.19564 F2400
G92 E0
G1 X107.061 Y105.66 F7800
G1 E2 F2400
;WIDTH:0.379031
G1 F900
G1 X107.041 Y105.694 E2.00155
G1 X106.982 Y105.66 E2.00422
G1 X107.041 Y105.626 E2.00689
G1 E.00689 F2400
G92 E0
G1 X112.965 Y110.104 F7800
G1 E2 F2400
;WIDTH:0.45
G1 F900
G1 X112.88 Y111.571 E2.07068
G1 X112.746 Y113.03 E2.14115
G1 X112.585 Y114.408 E2.20788
G1 X112.305 Y116.396 E2.30444
G1 X112.062 Y117.843 E2.37501
G1 X111.198 Y117.905 E2.41667
G1 X109.983 Y117.924 E2.47511
G1 X109.265 Y117.918 E2.50964
G1 X107.944 Y117.845 E2.57327
G1 X107.877 Y117.537 E2.58843
G1 X107.614 Y115.854 E2.67036
G1 X107.398 Y114.269 E2.7473
G1 X107.229 Y112.789 E2.81895
G1 X107.12 Y111.573 E2.87767
G1 X107.043 Y110.355 E2.93637
G1 X107.018 Y109.636 E2.97097
G1 X107.173 Y109.89 E2.98528
G1 X107.444 Y110.134 E3.00282
G1 X108.218 Y110.378 E3.04185
G1 X112.181 Y110.378 E3.23246
G1 X112.79 Y110.233 E3.26257
G1 X112.916 Y110.14 E3.2701
G1 E1.2701 F2400
G92 E0
G1 X106.696 Y105.187 F7800
G1 E2 F2400
G1 F900
G1 X106.994 Y105.31 E2.01551
G1 X107.405 Y105.31 E2.03528
;WIDTH:0.458139
G1 X108.051 Y105.314 E2.06701
G1 X107.526 Y105.596 E2.09628
;WIDTH:0.45
G1 X107.319 Y105.845 E2.11185
;WIDTH:0.486125
G1 X107.23 Y106.095 E2.12581
;WIDTH:0.522251
G1 X107.142 Y106.346 E2.141
;WIDTH:0.533101
G1 X107.137 Y106.999 E2.17918
;WIDTH:0.540747
G1 X107.133 Y108.153 E2.24775
;WIDTH:0.546384
G1 X107.147 Y109.135 E2.30679
G1 X107.299 Y109.378 E2.32402
;WIDTH:0.498192
G1 X107.45 Y109.621 E2.3395
;WIDTH:0.45
G1 X107.665 Y109.818 E2.35353
G1 X108.218 Y109.993 E2.38143
G1 X112.181 Y109.993 E2.57204
G1 X112.616 Y109.889 E2.59355
G1 X112.949 Y109.622 E2.61408
;WIDTH:0.49461
G1 X113.033 Y109.507 E2.62172
;WIDTH:0.53922
G1 X113.118 Y109.392 E2.63019
;WIDTH:0.58383
G1 X113.203 Y109.277 E2.63946
;WIDTH:0.62844
G1 X113.288 Y109.162 E2.64952
G1 X113.306 Y109.32 E2.66071
;WIDTH:0.58383
G1 X113.324 Y109.479 E2.67108
;WIDTH:0.53922
G1 X113.342 Y109.637 E2.6805
;WIDTH:0.49461
G1 X113.359 Y109.795 E2.68903
;WIDTH:0.45
G1 X113.343 Y110.359 E2.71617
G1 X113.265 Y111.601 E2.77602
G1 X113.13 Y113.07 E2.84697
G1 X112.967 Y114.457 E2.91414
G1 X112.686 Y116.455 E3.01118
G1 X112.483 Y117.667 E3.07028
G1 X112.36 Y118.191 E3.09617
G1 X111.843 Y118.255 E3.12123
G1 X111.213 Y118.29 E3.15158
G1 X110.29 Y118.311 E3.19598
G1 X109.282 Y118.305 E3.24446
G1 X108.374 Y118.27 E3.28816
G1 X107.818 Y118.222 E3.315
G1 X107.619 Y118.168 E3.32492
G1 X107.498 Y117.607 E3.35252
G1 X107.232 Y115.91 E3.43514
G1 X107.015 Y114.317 E3.51247
G1 X106.843 Y112.798 E3.586
G1 X106.735 Y111.603 E3.64371
G1 X106.641 Y110.107 E3.7158
;WIDTH:0.493493
G1 X106.651 Y109.53 E3.74669
;WIDTH:0.536987
G1 X106.662 Y108.953 E3.78071
;WIDTH:0.540747
G1 X106.668 Y106.996 E3.89699
;WIDTH:0.533101
G1 X106.686 Y106.297 E3.93787
;WIDTH:0.521912
G1 X106.691 Y105.742 E3.96954
;WIDTH:0.485956
G1 X106.696 Y105.247 E3.99557
G1 E1.99557 F2400
G92 E0
G1 X112.933 Y105.66 F7800
G1 E2 F2400
;WIDTH:0.472916
G1 F900
G1 X112.881 Y105.589 E2.00448
;WIDTH:0.472119
G1 X112.181 Y105.307 E2.04286
G1 X113.296 Y105.321 E2.09957
;WIDTH:0.472916
G1 X113.328 Y105.918 E2.13003
;WIDTH:0.508865
G1 X113.314 Y106.051 E2.13744
;WIDTH:0.544815
G1 X113.3 Y106.184 E2.14545
;WIDTH:0.580765
G1 X113.285 Y106.317 E2.15407
G1 X113.241 Y106.198 E2.16224
;WIDTH:0.544815
G1 X113.197 Y106.079 E2.16984
;WIDTH:0.508865
G1 X113.152 Y105.959 E2.17695
;WIDTH:0.472916
G1 X112.968 Y105.708 E2.19281
G1 X113.285 Y106.317 F7800
;WIDTH:0.581161
G1 F900
G1 X113.286 Y106.346 E2.19468
;WIDTH:0.611767
G1 X113.301 Y107.449 E2.26999
;WIDTH:0.615215
G1 X113.303 Y108.874 E2.36789
;WIDTH:0.62844
G1 X113.288 Y109.162 E2.38818
G1 E.38818 F2400
G92 E0
G1 X111.134 Y104.924 F7800
G1 E2 F2400
;WIDTH:0.45
G1 F3600
G1 X113.329 Y104.924 E2.10557
G1 X113.663 Y104.786 E2.12295
G1 X113.737 Y106.333 E2.19744
G1 X113.768 Y107.442 E2.2508
G1 X113.771 Y108.881 E2.32001
G1 X113.728 Y110.377 E2.39199
G1 X113.649 Y111.631 E2.45242
G1 X113.513 Y113.11 E2.52385
G1 X113.35 Y114.507 E2.5915
G1 X113.067 Y116.513 E2.68894
G1 X112.806 Y118.07 E2.76487
G1 X112.639 Y118.49 E2.78661
G1 X112.401 Y118.578 E2.79881
G1 X111.875 Y118.64 E2.82428
G1 X111.228 Y118.675 E2.85544
G1 X109.978 Y118.695 E2.91557
G1 X109.235 Y118.689 E2.95131
G1 X108.18 Y118.64 E3.00211
G1 X107.57 Y118.568 E3.03165
G1 X107.326 Y118.464 E3.04441
G1 X107.25 Y118.285 E3.05376
G1 X107.118 Y117.678 E3.08364
G1 X106.851 Y115.966 E3.16698
G1 X106.632 Y114.365 E3.2447
G1 X106.462 Y112.867 E3.31721
G1 X106.351 Y111.632 E3.37685
G1 X106.272 Y110.393 E3.43656
G1 X106.237 Y109.376 E3.4855
G1 X106.226 Y108.152 E3.54437
G1 X106.286 Y105.631 E3.66566
G1 X106.352 Y104.342 E3.72774
G1 X106.514 Y104.684 E3.74594
G1 X106.586 Y104.756 E3.75084
G1 X106.994 Y104.924 E3.77206
G1 X111.074 Y104.924 E3.96829
G1 E1.96829 F2400
G92 E0
G1 X113.882 Y101.801 F7800
G1 E2 F2400
;TYPE:External perimeter
G1 F1800
G1 X113.884 Y101.805 E2.00022
G1 X113.955 Y102.946 E2.0552
;WIDTH:0.470539
G1 X114.045 Y104.705 E2.14442
;WIDTH:0.45
G1 X114.123 Y106.322 E2.22228
G1 X114.153 Y107.437 E2.27593
G1 X114.157 Y108.886 E2.34562
G1 X114.114 Y110.395 E2.41823
G1 X114.034 Y111.661 E2.47924
G1 X113.897 Y113.15 E2.55116
G1 X113.732 Y114.556 E2.61925
G1 X113.448 Y116.572 E2.71717
G1 X113.195 Y118.081 E2.79076
G1 X113.029 Y118.626 E2.81816
G1 X112.863 Y118.822 E2.83051
G1 X112.438 Y118.965 E2.85208
G1 X111.907 Y119.024 E2.87778
G1 X110.595 Y119.076 E2.94093
G1 X109.22 Y119.074 E3.00706
G1 X108.147 Y119.024 E3.05872
G1 X107.352 Y118.919 E3.09729
G1 X107.061 Y118.758 E3.11329
G1 X106.881 Y118.403 E3.13243
G1 X106.739 Y117.748 E3.16467
G1 X106.469 Y116.022 E3.24869
G1 X106.25 Y114.413 E3.32679
G1 X106.078 Y112.906 E3.39974
G1 X105.966 Y111.661 E3.45986
G1 X105.887 Y110.412 E3.52005
G1 X105.852 Y109.385 E3.56947
G1 X105.84 Y108.151 E3.62882
G1 X105.855 Y106.975 E3.68539
G1 X105.901 Y105.614 E3.75089
G1 X106.108 Y101.838 E3.93278
G1 X106.235 Y101.589 E3.94622
G1 X106.499 Y101.351 E3.96332
G1 X107.025 Y101.131 E3.99074
G1 X107.569 Y101.019 E4.01745
G1 X108.174 Y100.948 E4.04675
G1 X109.047 Y100.895 E4.08882
G1 X110.017 Y100.877 E4.13548
G1 X110.953 Y100.895 E4.18051
G1 X111.826 Y100.948 E4.22258
G1 X112.431 Y101.019 E4.25188
G1 X112.924 Y101.12 E4.27608
G1 X113.341 Y101.257 E4.29719
G1 X113.663 Y101.477 E4.31595
G1 X113.848 Y101.752 E4.33189
G1 X113.902 Y102.148 F7800
G1 E2.33189 F2400
G92 E0
G1 X107.413 Y110.422 F7800
G1 E2 F2400
;TYPE:Solid infill
;WIDTH:0.490771
G1 F1200
G1 X107.375 Y110.384 E2.00286
G1 X107.324 Y110.398 E2.00567
G1 X107.31 Y110.45 E2.00853
G1 X107.348 Y110.487 E2.01135
G1 X107.399 Y110.474 E2.01415
;WIDTH:0.45
G1 X107.824 Y110.548 E2.0349
G1 X107.375 Y110.997 E2.06544
G1 X107.406 Y111.511 E2.09021
G1 X108.249 Y110.668 E2.14755
G1 X108.795 Y110.668 E2.17381
G1 X107.45 Y112.013 E2.2653
G1 X107.495 Y112.513 E2.28945
G1 X109.34 Y110.668 E2.41494
G1 X109.885 Y110.668 E2.44115
G1 X107.545 Y113.008 E2.60031
G1 X107.601 Y113.498 E2.62403
G1 X110.431 Y110.668 E2.81652
G1 X110.976 Y110.668 E2.84273
G1 X107.657 Y113.987 E3.06848
G1 X107.717 Y114.472 E3.09198
G1 X111.521 Y110.668 E3.35072
G1 X112.067 Y110.668 E3.37698
G1 X107.783 Y114.952 E3.66837
G1 X107.848 Y115.432 E3.69167
G1 X112.65 Y110.63 E4.0183
G1 X112.776 Y110.413 E4.03037
;WIDTH:0.404381
G1 X112.424 Y110.466 E4.04547
;WIDTH:0.45
G1 X112.613 Y111.212 E4.08248
G1 X107.916 Y115.909 E4.40196
G1 X107.992 Y116.379 E4.42486
G1 X112.569 Y111.802 E4.73618
G1 X112.513 Y112.402 E4.76516
G1 X108.068 Y116.848 E5.06754
G1 X108.139 Y117.659 F7800
;WIDTH:0.404381
G1 F1200
G1 X108.068 Y117.64 E5.07066
G1 X108.087 Y117.711 E5.07378
G1 X108.128 Y117.7 E5.07558
;WIDTH:0.45
G1 X108.144 Y117.318 E5.09397
G1 X112.458 Y113.003 E5.38744
G1 X112.386 Y113.621 E5.41736
G1 X108.421 Y117.585 E5.68702
G1 X108.94 Y117.612 E5.71202
G1 X112.314 Y114.238 E5.94152
G1 X112.228 Y114.869 E5.97215
G1 X109.466 Y117.631 E6.16002
G1 X110.008 Y117.635 E6.18609
G1 X112.138 Y115.504 E6.331
G1 X112.019 Y116.354 E6.37228
G1 X111.814 Y117.576 E6.43188
G1 X111.187 Y117.616 E6.4621
G1 X110.561 Y117.627 E6.49221
G1 X111.907 Y116.281 E6.58376
;LAYER_CHANGE
;Z:16.28
;HEIGHT:0.0300007
G1 E4.58376 F2400
G92 E0
G1 Z16.28 F7800
G1 X111.824 Y108.596
G1 E2 F2400
;TYPE:Support material
;WIDTH:0.35
;HEIGHT:0.27
G1 F3600
G1 X108.575 Y108.596 E2.10652
G1 X108.575 Y106.7 E2.16868
G1 X111.824 Y106.7 E2.2752
G1 X111.824 Y108.553 E2.33595
G1 X111.693 Y107.214 F7800
G1 F3600
G1 X108.706 Y107.214 E2.43388
G1 E.43388 F2400
G92 E0
G1 X112.94 Y103.914 F7800
G1 E2 F2400
G1 F3600
G1 X112.818 Y103.914 E2.004
G1 X112.818 Y103.317 E2.02357
G1 X112.94 Y103.317 E2.02757
G1 X112.94 Y103.87 E2.0457
;LAYER_CHANGE
;Z:16.55
;HEIGHT:0.269999
G1 E.0457 F2400
G92 E0
G1 Z16.55 F7800
G1 X109.212 Y106.72
G1 E2 F2400
G1 F3600
G1 X111.804 Y106.72 E2.08498
G1 X111.804 Y108.576 E2.14583
G1 X108.595 Y108.576 E2.25103
G1 X108.595 Y106.72 E2.31188
G1 X109.168 Y106.72 E2.33067
G1 X108.726 Y107.214 F7800
G1 F3600
G1 X111.673 Y107.214 E2.42729
G1 E.42729 F2400
G92 E0
G1 X112.911 Y103.914 F7800
G1 E2 F2400
G1 F3600
G1 X112.818 Y103.914 E2.00305
G1 X112.818 Y103.317 E2.02262
G1 X112.911 Y103.317 E2.02567
G1 X112.911 Y103.87 E2.0438
G1 E.0438 F2400
G92 E0
G1 X112.656 Y105.926 F7800
G1 E2 F2400
;TYPE:Perimeter
;WIDTH:0.45
;HEIGHT:0.3
G1 F900
G1 X112.672 Y105.943 E2.00112
G1 X112.835 Y106.346 E2.02203
G1 X112.835 Y108.954 E2.14747
G1 X112.789 Y109.177 E2.15842
G1 X112.596 Y109.431 E2.17376
G1 X112.349 Y109.582 E2.18768
G1 X111.265 Y109.607 E2.23983
G1 X108.218 Y109.607 E2.38638
G1 X107.888 Y109.504 E2.40301
G1 X107.727 Y109.353 E2.41363
G1 X107.569 Y109.03 E2.43092
G1 X107.564 Y106.346 E2.56001
G1 X107.655 Y106.035 E2.5756
G1 X107.803 Y105.865 E2.58644
G1 X108.135 Y105.689 E2.60451
G1 X112.181 Y105.689 E2.79911
G1 X112.596 Y105.865 E2.82079
G1 X112.614 Y105.883 E2.82201
G1 X112.382 Y106.202 F7800
;TYPE:External perimeter
G1 F900
G1 X112.449 Y106.346 E2.82965
G1 X112.449 Y108.952 E2.95499
G1 X112.395 Y109.085 E2.96189
G1 X112.237 Y109.213 E2.97167
G1 X108.218 Y109.221 E3.16497
G1 X108.08 Y109.163 E3.17217
G1 X107.95 Y108.95 E3.18417
G1 X107.95 Y106.346 E3.30941
G1 X108.004 Y106.211 E3.3164
G1 X108.189 Y106.075 E3.32744
G1 X112.181 Y106.075 E3.51944
G1 X112.334 Y106.167 E3.52803
G1 X112.44 Y106.553 F7800
G1 E1.52803 F2400
G92 E0
G1 X106.839 Y102.819 F7800
G1 E2 F2400
;WIDTH:0.545188
G1 F900
G1 X106.89 Y102.777 E2.00396
;WIDTH:0.497594
G1 X106.992 Y102.695 E2.01103
;WIDTH:0.45
G1 X113.3 Y102.692 E2.31442
G1 X113.506 Y102.822 E2.32614
;WIDTH:0.444655
G1 X113.556 Y102.957 E2.33297
;WIDTH:0.47102
G1 X113.575 Y104.274 E2.39977
G1 X113.51 Y104.412 E2.40751
;WIDTH:0.455575
G1 X113.3 Y104.539 E2.41948
;WIDTH:0.45
G1 X107.024 Y104.539 E2.72133
G1 X106.887 Y104.482 E2.72847
G1 X106.76 Y104.296 E2.7393
G1 X106.758 Y103.345 E2.78504
;WIDTH:0.497594
G1 X106.735 Y103.211 E2.79239
;WIDTH:0.545188
G1 X106.711 Y103.076 E2.80061
;WIDTH:0.592782
G1 X106.688 Y102.942 E2.80957
G1 X106.789 Y102.859 E2.81819
;WIDTH:0.545188
G1 X106.792 Y102.857 E2.81841
G1 X107.163 Y102.707 F7800
G1 X106.385 Y104.34
;TYPE:Perimeter
;WIDTH:0.433473
G1 F900
G1 X106.398 Y103.843 E2.8413
;WIDTH:0.403207
G1 X106.411 Y103.345 E2.86235
G1 X107.723 Y101.853 F7800
;WIDTH:0.622977
G1 F900
G1 X108.061 Y101.834 E2.88594
;WIDTH:0.660177
G1 X108.399 Y101.816 E2.91109
;WIDTH:0.704807
G1 X109.24 Y101.793 E2.97829
;WIDTH:0.716161
G1 X111.056 Y101.799 E3.12592
;WIDTH:0.693461
G1 X111.729 Y101.821 E3.17875
;WIDTH:0.649723
G1 X112.001 Y101.837 E3.19864
;WIDTH:0.618075
G1 X112.274 Y101.853 E3.21753
G1 E1.21753 F2400
G92 E0
G1 X106.565 Y102.551 F7800
G1 E2 F2400
;WIDTH:0.45
G1 F900
G1 X106.489 Y102.668 E2.00671
G1 X106.53 Y101.938 E2.04188
G1 X106.686 Y101.71 E2.05517
G1 X107.157 Y101.506 E2.07986
G1 X107.652 Y101.404 E2.10417
G1 X108.359 Y101.326 E2.13838
G1 X109.223 Y101.28 E2.17999
G1 X110.142 Y101.269 E2.22419
G1 X111.078 Y101.292 E2.26922
G1 X111.773 Y101.337 E2.30272
G1 X112.346 Y101.404 E2.33047
G1 X112.843 Y101.506 E2.35487
G1 X113.314 Y101.71 E2.37956
G1 X113.466 Y101.923 E2.39215
G1 X113.494 Y102.387 E2.41451
G1 X113.3 Y102.306 E2.42462
G1 X106.944 Y102.312 E2.73032
G1 X106.615 Y102.475 E2.74798
G1 X106.598 Y102.501 E2.74947
G1 E.74947 F2400
G92 E0
G1 X112.937 Y110.098 F7800
G1 E2 F2400
G1 F900
G1 X112.816 Y112.068 E2.09493
G1 X112.647 Y113.739 E2.17571
G1 X112.425 Y115.47 E2.25965
G1 X112.056 Y117.813 E2.37373
G1 X111.557 Y117.867 E2.39787
G1 X109.967 Y117.906 E2.47437
G1 X109.052 Y117.893 E2.51838
G1 X107.949 Y117.828 E2.57152
G1 X107.871 Y117.43 E2.59103
G1 X107.575 Y115.469 E2.68642
G1 X107.38 Y113.967 E2.75927
G1 X107.228 Y112.554 E2.82762
G1 X107.128 Y111.353 E2.88558
G1 X107.048 Y109.654 E2.96739
G1 X107.173 Y109.89 E2.98023
G1 X107.448 Y110.137 E2.99801
G1 X108.113 Y110.374 E3.03196
G1 X112.181 Y110.378 E3.22762
G1 X112.574 Y110.32 E3.24673
G1 X112.886 Y110.129 E3.26432
G1 E1.26432 F2400
G92 E0
G1 X106.796 Y105.311 F7800
G1 E2 F2400
;WIDTH:0.59379
G1 F900
G1 X106.942 Y105.378 E2.01061
G1 X107.405 Y105.382 E2.04118
G1 X107.62 Y105.359 E2.05546
;WIDTH:0.548573
G1 X107.835 Y105.336 E2.06852
;WIDTH:0.503356
G1 X108.051 Y105.314 E2.08041
G1 X107.859 Y105.391 E2.09174
;WIDTH:0.548573
G1 X107.666 Y105.469 E2.10431
;WIDTH:0.59379
G1 X107.474 Y105.546 E2.11797
G1 X107.269 Y105.789 E2.13896
G1 X107.211 Y106.067 E2.15771
;WIDTH:0.547796
G1 X107.152 Y106.346 E2.1749
;WIDTH:0.524734
G1 X107.141 Y107.958 E2.26746
;WIDTH:0.534605
G1 X107.157 Y109.154 E2.33761
G1 X107.303 Y109.388 E2.35379
;WIDTH:0.492302
G1 X107.45 Y109.621 E2.36849
;WIDTH:0.45
G1 X107.668 Y109.82 E2.38269
G1 X108.218 Y109.993 E2.41042
G1 X112.181 Y109.993 E2.60103
G1 X112.462 Y109.951 E2.6147
G1 X112.873 Y109.7 E2.63786
;WIDTH:0.479838
G1 X113.022 Y109.519 E2.65001
;WIDTH:0.509677
G1 X113.171 Y109.339 E2.66299
;WIDTH:0.552952
G1 X113.224 Y109.237 E2.66999
;WIDTH:0.596227
G1 X113.277 Y109.135 E2.67762
G1 X113.296 Y109.352 E2.69207
;WIDTH:0.547484
G1 X113.315 Y109.569 E2.7052
;WIDTH:0.498742
G1 X113.334 Y109.786 E2.717
;WIDTH:0.45
G1 X113.304 Y110.61 E2.75666
G1 X113.2 Y112.101 E2.82855
G1 X113.03 Y113.783 E2.90986
G1 X112.807 Y115.523 E2.99423
G1 X112.608 Y116.848 E3.05867
G1 X112.499 Y117.539 E3.09232
G1 X112.36 Y118.163 E3.12307
G1 X111.575 Y118.252 E3.16107
G1 X110.969 Y118.279 E3.19025
G1 X109.962 Y118.292 E3.23869
G1 X109.035 Y118.279 E3.28328
G1 X108.241 Y118.243 E3.32151
G1 X107.641 Y118.163 E3.35062
G1 X107.608 Y118.089 E3.35452
G1 X107.491 Y117.496 E3.38359
G1 X107.193 Y115.522 E3.47961
G1 X106.997 Y114.013 E3.5528
G1 X106.841 Y112.562 E3.62299
G1 X106.742 Y111.364 E3.68081
G1 X106.671 Y109.95 E3.7489
;WIDTH:0.486633
G1 X106.677 Y109.451 E3.77518
;WIDTH:0.523266
G1 X106.683 Y108.951 E3.8038
;WIDTH:0.524734
G1 X106.681 Y107.952 E3.86116
G1 X106.716 Y106.307 E3.95563
;WIDTH:0.547796
G1 X106.756 Y105.809 E3.98575
;WIDTH:0.59379
G1 X106.791 Y105.371 E4.01476
G1 X108.051 Y105.314 F7800
;WIDTH:0.458139
G1 F900
G1 X108.218 Y105.307 E4.02297
;WIDTH:0.443579
G1 X112.181 Y105.307 E4.2104
G1 X112.934 Y105.651 F7800
;WIDTH:0.461931
G1 F900
G1 X112.877 Y105.592 E4.21447
G1 X112.181 Y105.307 E4.25176
G1 X113.269 Y105.316 E4.30571
G1 X113.278 Y105.53 E4.31633
;WIDTH:0.505825
G1 X113.274 Y105.915 E4.33753
;WIDTH:0.549719
G1 X113.269 Y106.3 E4.36084
G1 X113.111 Y105.985 E4.38217
;WIDTH:0.505825
G1 X112.968 Y105.7 E4.39973
G1 X113.269 Y106.3 F7800
;WIDTH:0.550593
G1 F900
G1 X113.271 Y106.346 E4.40252
;WIDTH:0.586043
G1 X113.286 Y108.956 E4.57234
;WIDTH:0.596227
G1 X113.277 Y109.135 E4.58423
G1 E2.58423 F2400
G92 E0
G1 X111.087 Y104.924 F7800
G1 E2 F2400
;WIDTH:0.45
G1 F3600
G1 X113.3 Y104.924 E2.10644
G1 X113.637 Y104.795 E2.1238
G1 X113.707 Y106.336 E2.19799
G1 X113.742 Y107.915 E2.27395
G1 X113.735 Y109.379 E2.34436
G1 X113.69 Y110.63 E2.40457
G1 X113.585 Y112.134 E2.47708
G1 X113.413 Y113.826 E2.55888
G1 X113.189 Y115.577 E2.64378
G1 X112.903 Y117.477 E2.73619
G1 X112.788 Y118.094 E2.76638
G1 X112.666 Y118.449 E2.78443
G1 X112.56 Y118.526 E2.79073
G1 X111.754 Y118.63 E2.82982
G1 X111.007 Y118.664 E2.86579
G1 X110 Y118.678 E2.91423
G1 X109.05 Y118.665 E2.95993
G1 X108.265 Y118.631 E2.99772
G1 X107.747 Y118.584 E3.02274
G1 X107.365 Y118.486 E3.04171
G1 X107.238 Y118.206 E3.0565
G1 X107.111 Y117.562 E3.08807
G1 X106.811 Y115.576 E3.18467
G1 X106.614 Y114.058 E3.25829
G1 X106.46 Y112.627 E3.32751
G1 X106.358 Y111.408 E3.38634
G1 X106.298 Y110.38 E3.43587
G1 X106.261 Y109.131 E3.49597
G1 X106.258 Y107.95 E3.55277
G1 X106.327 Y105.498 E3.67075
G1 X106.385 Y104.34 E3.72652
G1 X106.543 Y104.684 E3.74473
G1 X106.615 Y104.756 E3.74963
G1 X107.024 Y104.924 E3.7709
G1 X111.027 Y104.924 E3.96343
G1 E1.96343 F2400
G92 E0
G1 X113.841 Y101.806 F7800
G1 E2 F2400
;TYPE:External perimeter
G1 F1800
G1 X113.846 Y101.814 E2.00045
G1 X113.923 Y102.946 E2.05502
;WIDTH:0.47102
G1 X113.982 Y104.262 E2.12183
G1 X114.02 Y104.735 E2.1459
;WIDTH:0.45
G1 X114.092 Y106.327 E2.22255
G1 X114.128 Y107.912 E2.2988
G1 X114.12 Y109.387 E2.36974
G1 X114.075 Y110.65 E2.43052
G1 X113.969 Y112.167 E2.50366
G1 X113.796 Y113.87 E2.58599
G1 X113.571 Y115.63 E2.67133
G1 X113.283 Y117.541 E2.76428
G1 X113.167 Y118.165 E2.79481
G1 X112.998 Y118.662 E2.82006
G1 X112.825 Y118.834 E2.83179
G1 X112.661 Y118.902 E2.84033
G1 X111.788 Y119.014 E2.88266
G1 X111.018 Y119.049 E2.91973
G1 X110 Y119.063 E2.9687
G1 X109.039 Y119.051 E3.01492
G1 X108.248 Y119.016 E3.053
G1 X107.711 Y118.968 E3.07893
G1 X107.26 Y118.857 E3.10127
G1 X107.044 Y118.72 E3.11357
G1 X106.868 Y118.322 E3.1345
G1 X106.731 Y117.629 E3.16848
G1 X106.429 Y115.63 E3.26572
G1 X106.231 Y114.103 E3.33978
G1 X106.076 Y112.664 E3.40939
G1 X105.974 Y111.435 E3.4687
G1 X105.913 Y110.397 E3.51871
G1 X105.875 Y109.137 E3.57934
G1 X105.872 Y107.945 E3.63667
G1 X105.942 Y105.482 E3.75518
G1 X106.065 Y103.326 E3.85904
;WIDTH:0.497737
G1 X106.096 Y103.198 E3.86616
;WIDTH:0.545474
G1 X106.127 Y103.07 E3.87406
;WIDTH:0.593211
G1 X106.158 Y102.942 E3.88275
G1 X106.143 Y102.796 E3.89243
;WIDTH:0.545474
G1 X106.127 Y102.65 E3.90124
;WIDTH:0.497737
G1 X106.112 Y102.504 E3.90917
;WIDTH:0.45
G1 X106.15 Y101.833 E3.94149
G1 X106.287 Y101.571 E3.95571
G1 X106.533 Y101.353 E3.97152
G1 X107.055 Y101.133 E3.99877
G1 X107.592 Y101.023 E4.02513
G1 X108.328 Y100.942 E4.06074
G1 X109.21 Y100.895 E4.10322
G1 X110.145 Y100.883 E4.14819
G1 X111.096 Y100.907 E4.19394
G1 X111.807 Y100.953 E4.22821
G1 X112.371 Y101.019 E4.25552
G1 X112.894 Y101.123 E4.28117
G1 X113.306 Y101.259 E4.30204
G1 X113.626 Y101.479 E4.32072
G1 X113.808 Y101.756 E4.33666
G1 X113.865 Y102.152 F7800
G1 E2.33666 F2400
G92 E0
G1 X108.229 Y117.439 F7800
G1 E2 F2400
;TYPE:Solid infill
;WIDTH:0.570533
G1 F1200
G1 X108.185 Y117.484 E2.00397
G1 X108.201 Y117.545 E2.00795
G1 X108.262 Y117.561 E2.01193
G1 X108.307 Y117.516 E2.01595
G1 X108.29 Y117.455 E2.01995
;WIDTH:0.45
G1 X108.976 Y117.599 E2.05366
G1 X108.057 Y116.68 E2.11617
G1 X107.956 Y116.034 E2.14762
G1 X109.533 Y117.611 E2.25489
G1 X110.083 Y117.616 E2.28134
G1 X107.856 Y115.389 E2.43282
G1 X107.775 Y114.762 E2.46323
G1 X110.621 Y117.609 E2.65685
G1 X111.153 Y117.596 E2.68244
G1 X107.693 Y114.136 E2.91778
G1 X107.623 Y113.519 E2.94765
G1 X111.674 Y117.571 E3.22323
G1 X111.904 Y117.619 E3.23453
;WIDTH:0.404381
G1 X111.885 Y117.69 E3.23765
G1 X111.956 Y117.671 E3.24077
G1 X111.945 Y117.63 E3.24257
;WIDTH:0.45
G1 X111.861 Y117.213 E3.26303
G1 X107.557 Y112.908 E3.55582
G1 X107.497 Y112.303 E3.58506
G1 X111.935 Y116.741 E3.88693
G1 X112.008 Y116.269 E3.9099
G1 X107.448 Y111.708 E4.2201
G1 X107.404 Y111.12 E4.24846
G1 X112.082 Y115.797 E4.56662
G1 X112.152 Y115.323 E4.58967
G1 X107.372 Y110.542 E4.91483
G1 X107.311 Y110.266 E4.92842
;WIDTH:0.404381
G1 X107.322 Y110.307 E4.93022
G1 X107.251 Y110.326 E4.93334
G1 X107.27 Y110.255 E4.93646
G1 X108.014 Y110.639 F7800
;WIDTH:0.45
G1 F1200
G1 X112.214 Y114.839 E5.22214
G1 X112.276 Y114.356 E5.24556
G1 X108.588 Y110.668 E5.49641
G1 X109.133 Y110.668 E5.52262
G1 X112.338 Y113.872 E5.74059
G1 X112.392 Y113.381 E5.76435
G1 X109.679 Y110.668 E5.94888
G1 X110.224 Y110.668 E5.97509
G1 X112.443 Y112.886 E6.12599
G1 E4.12599 F2400
G92 E0
G1 X110.906 Y110.804 F7800
G1 E2 F2400
G1 F1200
G1 X112.493 Y112.391 E2.10795
G1 X112.624 Y110.602 E2.19423
G1 X112.052 Y110.668 E2.22192
G1 X110.769 Y110.668 E2.28363
G1 X111.643 Y111.03 F7800
;WIDTH:0.402807
G1 F1200
G1 X112.233 Y111.025 E2.30854
G1 X112.196 Y111.582 E2.3321
G1 X111.78 Y111.166 E2.35693
M106 S206.55
;LAYER_CHANGE
;Z:16.75
;HEIGHT:0.200001
G1 E.35693 F2400
G92 E0
G1 Z16.75 F7800
G1 X112.881 Y103.868
G1 E2 F2400
;TYPE:Support material
;WIDTH:0.35
G1 F3600
G1 X112.881 Y103.317 E2.01407
G1 X112.818 Y103.317 E2.01568
G1 X112.818 Y103.914 E2.03092
G1 X112.881 Y103.914 E2.03253
G1 E.03253 F2400
G92 E0
G1 X109.646 Y107.214 F7800
G1 E2 F2400
G1 F3600
G1 X110.754 Y107.214 E2.02829
G1 X110.891 Y108.53 F7800
G1 F3600
G1 X110.891 Y106.72 E2.07451
G1 X109.509 Y106.72 E2.1098
G1 X109.509 Y108.576 E2.15719
G1 X110.891 Y108.576 E2.19248
;LAYER_CHANGE
;Z:16.85
;HEIGHT:0.1
G1 E.19248 F2400
G92 E0
G1 Z16.85 F7800
G1 X112.622 Y105.921
G1 E2 F2400
;TYPE:Perimeter
;WIDTH:0.45
;HEIGHT:0.3
G1 F900
G1 X112.653 Y105.936 E2.00166
G1 X112.815 Y106.341 E2.02264
G1 X112.815 Y108.961 E2.14865
G1 X112.769 Y109.184 E2.1596
G1 X112.606 Y109.409 E2.17296
G1 X112.34 Y109.566 E2.18782
G1 X111.214 Y109.586 E2.24199
G1 X108.209 Y109.586 E2.38652
G1 X107.893 Y109.492 E2.40238
G1 X107.746 Y109.36 E2.41188
G1 X107.593 Y109.061 E2.42803
G1 X107.584 Y106.337 E2.55905
G1 X107.675 Y106.025 E2.57468
G1 X107.793 Y105.887 E2.58341
G1 X108.126 Y105.71 E2.60155
G1 X112.189 Y105.71 E2.79697
G1 X112.568 Y105.894 E2.81723
G1 X112.359 Y106.194 F7800
;TYPE:External perimeter
G1 F900
G1 X112.375 Y106.203 E2.81811
G1 X112.429 Y106.341 E2.82524
G1 X112.429 Y108.96 E2.9512
G1 X112.375 Y109.093 E2.9581
G1 X112.24 Y109.194 E2.96621
G1 X111.214 Y109.201 E3.01556
G1 X108.209 Y109.201 E3.16009
G1 X108.071 Y109.142 E3.16731
G1 X107.97 Y108.96 E3.17732
G1 X107.97 Y106.337 E3.30348
G1 X108.024 Y106.203 E3.31043
G1 X108.18 Y106.095 E3.31956
G1 X112.189 Y106.095 E3.51238
G1 X112.307 Y106.164 E3.51895
G1 X112.421 Y106.547 F7800
G1 E1.51895 F2400
G92 E0
G1 X106.858 Y102.81 F7800
G1 E2 F2400
;WIDTH:0.495994
G1 F900
G1 X106.917 Y102.748 E2.00461
;WIDTH:0.45
G1 X107.053 Y102.692 E2.01168
G1 X113.27 Y102.692 E2.3107
G1 X113.406 Y102.748 E2.31777
;WIDTH:0.449331
G1 X113.524 Y102.946 E2.32884
;WIDTH:0.466709
G1 X113.544 Y104.274 E2.39549
G1 X113.48 Y104.412 E2.40312
;WIDTH:0.454671
G1 X113.27 Y104.539 E2.41507
;WIDTH:0.45
G1 X107.053 Y104.539 E2.71409
G1 X106.845 Y104.41 E2.72586
G1 X106.788 Y104.274 E2.73295
G1 X106.788 Y103.523 E2.76907
;WIDTH:0.495994
G1 X106.765 Y103.334 E2.77932
;WIDTH:0.541988
G1 X106.742 Y103.145 E2.79066
;WIDTH:0.587982
G1 X106.719 Y102.957 E2.80303
G1 X106.785 Y102.887 E2.80931
;WIDTH:0.541988
G1 X106.817 Y102.853 E2.81209
G1 X107.188 Y102.705 F7800
G1 X106.419 Y104.339
;TYPE:Perimeter
;WIDTH:0.424671
G1 F900
G1 X106.43 Y103.931 E2.83043
;WIDTH:0.399007
G1 X106.44 Y103.523 E2.84746
G1 E.84746 F2400
G92 E0
G1 X107.747 Y101.855 F7800
G1 E2 F2400
;WIDTH:0.615303
G1 F900
G1 X108.058 Y101.838 E2.0214
;WIDTH:0.650053
G1 X108.369 Y101.821 E2.04415
;WIDTH:0.697942
G1 X109.249 Y101.797 E2.11371
;WIDTH:0.709271
G1 X110.898 Y101.799 E2.24635
;WIDTH:0.692869
G1 X111.714 Y101.824 E2.31035
;WIDTH:0.643233
G1 X111.982 Y101.84 E2.32973
;WIDTH:0.61211
G1 X112.251 Y101.855 E2.34814
G1 E.34814 F2400
G92 E0
G1 X106.593 Y102.549 F7800
G1 E2 F2400
;WIDTH:0.45
G1 F900
G1 X106.53 Y102.64 E2.00532
G1 X106.571 Y101.936 E2.03924
G1 X106.724 Y101.71 E2.05237
G1 X107.186 Y101.51 E2.07658
G1 X107.697 Y101.407 E2.10165
G1 X108.343 Y101.336 E2.13291
G1 X109.242 Y101.287 E2.17621
G1 X110.115 Y101.276 E2.2182
G1 X110.928 Y101.293 E2.25731
G1 X111.769 Y101.345 E2.29784
G1 X112.788 Y101.505 E2.34745
G1 X113.235 Y101.686 E2.37064
G1 X113.393 Y101.861 E2.38198
G1 X113.453 Y102.382 E2.4072
G1 X113.27 Y102.306 E2.41673
G1 X106.979 Y102.311 E2.71931
G1 X106.645 Y102.475 E2.73721
G1 X106.627 Y102.5 E2.73869
G1 E.73869 F2400
G92 E0
G1 X108.04 Y105.324 F7800
G1 E2 F2400
;WIDTH:0.479123
G1 F900
G1 X108.209 Y105.317 E2.00875
;WIDTH:0.464407
G1 X112.189 Y105.317 E2.20733
G1 E.20733 F2400
G92 E0
G1 X112.909 Y110.093 F7800
G1 E2 F2400
;WIDTH:0.45
G1 F900
G1 X112.892 Y110.594 E2.02411
G1 X112.791 Y112.073 E2.09541
G1 X112.625 Y113.744 E2.17617
G1 X112.418 Y115.389 E2.25591
G1 X112.135 Y117.302 E2.34892
G1 X112.044 Y117.804 E2.37346
G1 X110.944 Y117.866 E2.42645
G1 X109.969 Y117.879 E2.47335
G1 X109.028 Y117.866 E2.51861
G1 X107.958 Y117.806 E2.57015
G1 X107.886 Y117.433 E2.58842
G1 X107.594 Y115.474 E2.68368
G1 X107.401 Y113.972 E2.75651
G1 X107.252 Y112.558 E2.8249
G1 X107.152 Y111.334 E2.88397
G1 X107.077 Y109.68 E2.9636
G1 X107.191 Y109.896 E2.97535
G1 X107.471 Y110.137 E2.99312
G1 X108.209 Y110.357 E3.03016
G1 X112.189 Y110.357 E3.22158
G1 X112.541 Y110.311 E3.23865
G1 X112.858 Y110.124 E3.25635
G1 E1.25635 F2400
G92 E0
G1 X106.83 Y105.297 F7800
G1 E2 F2400
;WIDTH:0.586509
G1 F900
G1 X107.015 Y105.377 E2.01313
G1 X107.603 Y105.36 E2.05144
;WIDTH:0.550713
G1 X107.822 Y105.342 E2.06477
;WIDTH:0.514918
G1 X108.04 Y105.324 E2.07706
G1 X107.849 Y105.407 E2.08876
;WIDTH:0.550713
G1 X107.658 Y105.489 E2.10137
;WIDTH:0.586509
G1 X107.466 Y105.572 E2.11499
G1 X107.293 Y105.78 E2.13261
G1 X107.235 Y106.059 E2.15117
;WIDTH:0.540444
G1 X107.176 Y106.337 E2.16804
;WIDTH:0.519453
G1 X107.164 Y108.073 E2.26658
;WIDTH:0.530094
G1 X107.179 Y109.161 E2.32978
G1 X107.324 Y109.394 E2.34572
;WIDTH:0.490047
G1 X107.468 Y109.628 E2.36031
;WIDTH:0.45
G1 X107.682 Y109.815 E2.37398
G1 X108.209 Y109.972 E2.40043
G1 X112.189 Y109.972 E2.59185
G1 X112.441 Y109.938 E2.60408
G1 X112.883 Y109.677 E2.62877
;WIDTH:0.478185
G1 X113.017 Y109.511 E2.63978
;WIDTH:0.506371
G1 X113.151 Y109.345 E2.65154
;WIDTH:0.546309
G1 X113.202 Y109.243 E2.65839
;WIDTH:0.586247
G1 X113.252 Y109.141 E2.66578
G1 X113.27 Y109.356 E2.67982
;WIDTH:0.540831
G1 X113.288 Y109.572 E2.6927
;WIDTH:0.495415
G1 X113.306 Y109.787 E2.7043
;WIDTH:0.45
G1 X113.277 Y110.614 E2.7441
G1 X113.176 Y112.105 E2.81598
G1 X113.008 Y113.787 E2.89728
G1 X112.8 Y115.441 E2.97746
G1 X112.511 Y117.392 E3.07232
G1 X112.35 Y118.156 E3.10987
G1 X112.211 Y118.18 E3.11665
G1 X110.988 Y118.252 E3.17557
G1 X110 Y118.265 E3.22309
G1 X109.037 Y118.252 E3.26941
G1 X108.279 Y118.221 E3.3059
G1 X107.781 Y118.178 E3.32994
G1 X107.626 Y118.117 E3.33795
G1 X107.505 Y117.499 E3.36824
G1 X107.212 Y115.527 E3.46413
G1 X107.018 Y114.017 E3.53735
G1 X106.865 Y112.565 E3.60757
G1 X106.767 Y111.357 E3.66586
G1 X106.699 Y109.951 E3.73356
;WIDTH:0.484043
G1 X106.705 Y109.455 E3.75952
;WIDTH:0.518086
G1 X106.711 Y108.96 E3.78753
;WIDTH:0.519453
G1 X106.709 Y108.067 E3.83822
G1 X106.747 Y106.298 E3.93865
;WIDTH:0.540444
G1 X106.788 Y105.798 E3.96844
;WIDTH:0.586509
G1 X106.825 Y105.357 E3.99726
G1 E1.99726 F2400
G92 E0
G1 X112.911 Y105.667 F7800
G1 E2 F2400
;WIDTH:0.494754
G1 F900
G1 X112.885 Y105.618 E2.00298
;WIDTH:0.464407
G1 X112.189 Y105.317 E2.04081
G1 X113.236 Y105.312 E2.09305
;WIDTH:0.454635
G1 X113.246 Y105.531 E2.10372
;WIDTH:0.494754
G1 X113.244 Y105.91 E2.12406
;WIDTH:0.534873
G1 X113.242 Y106.29 E2.14636
G1 X113.063 Y105.954 E2.1687
;WIDTH:0.494754
G1 X112.939 Y105.72 E2.18292
G1 X113.242 Y106.29 F7800
;WIDTH:0.536155
G1 F900
G1 X113.244 Y106.341 E2.18592
;WIDTH:0.574437
G1 X113.261 Y108.963 E2.35273
;WIDTH:0.586247
G1 X113.252 Y109.141 E2.36433
G1 E.36433 F2400
G92 E0
G1 X111.039 Y104.924 F7800
G1 E2 F2400
;WIDTH:0.45
G1 F900
G1 X113.27 Y104.924 E2.1073
G1 X113.6 Y104.8 E2.12426
G1 X113.672 Y106.33 E2.19793
G1 X113.711 Y107.918 E2.27433
G1 X113.705 Y109.382 E2.34474
G1 X113.662 Y110.633 E2.40494
G1 X113.56 Y112.137 E2.47744
G1 X113.391 Y113.83 E2.55927
G1 X113.182 Y115.494 E2.63993
G1 X112.891 Y117.461 E2.73557
G1 X112.749 Y118.188 E2.7712
G1 X112.605 Y118.489 E2.78725
G1 X112.256 Y118.564 E2.80442
G1 X111.001 Y118.637 E2.86488
G1 X110 Y118.65 E2.91303
G1 X108.263 Y118.606 E2.9966
G1 X107.747 Y118.562 E3.02151
G1 X107.359 Y118.464 E3.04076
G1 X107.253 Y118.221 E3.05351
G1 X107.125 Y117.564 E3.0857
G1 X106.83 Y115.579 E3.18222
G1 X106.635 Y114.062 E3.25578
G1 X106.484 Y112.63 E3.32504
G1 X106.383 Y111.387 E3.38502
G1 X106.326 Y110.383 E3.43339
G1 X106.292 Y109.2 E3.49031
G1 X106.288 Y108.065 E3.5449
G1 X106.361 Y105.543 E3.66625
G1 X106.419 Y104.339 E3.72423
G1 X106.572 Y104.684 E3.74238
G1 X106.645 Y104.756 E3.74731
G1 X107.053 Y104.924 E3.76853
G1 X110.979 Y104.924 E3.95736
G1 E1.95736 F2400
G92 E0
G1 X113.801 Y101.806 F7800
G1 E2 F2400
;TYPE:External perimeter
G1 F1800
G1 X113.804 Y101.811 E2.00028
G1 X113.885 Y102.946 E2.05501
;WIDTH:0.466709
G1 X113.983 Y104.736 E2.14497
;WIDTH:0.45
G1 X114.058 Y106.321 E2.22129
G1 X114.096 Y107.914 E2.29793
G1 X114.091 Y109.389 E2.36887
G1 X114.048 Y110.653 E2.4297
G1 X113.944 Y112.169 E2.50279
G1 X113.775 Y113.873 E2.58515
G1 X113.564 Y115.546 E2.66625
G1 X113.275 Y117.501 E2.7613
G1 X113.155 Y118.161 E2.79356
G1 X112.989 Y118.653 E2.81853
G1 X112.82 Y118.818 E2.82989
G1 X112.301 Y118.948 E2.85562
G1 X111.015 Y119.022 E2.91757
G1 X110 Y119.036 E2.96639
G1 X108.247 Y118.991 E3.05073
G1 X107.713 Y118.946 E3.0765
G1 X107.255 Y118.835 E3.09917
G1 X107.055 Y118.719 E3.11029
G1 X106.881 Y118.325 E3.13101
G1 X106.745 Y117.629 E3.16512
G1 X106.448 Y115.632 E3.26223
G1 X106.252 Y114.106 E3.33623
G1 X106.1 Y112.666 E3.40587
G1 X105.998 Y111.414 E3.46629
G1 X105.94 Y110.4 E3.51514
G1 X105.906 Y109.206 E3.57259
G1 X105.903 Y108.06 E3.62771
G1 X105.976 Y105.526 E3.74964
G1 X106.094 Y103.503 E3.8471
;WIDTH:0.497609
G1 X106.125 Y103.371 E3.85443
;WIDTH:0.545219
G1 X106.157 Y103.239 E3.86258
;WIDTH:0.592829
G1 X106.188 Y103.108 E3.87145
G1 X106.176 Y102.908 E3.88466
;WIDTH:0.545219
G1 X106.164 Y102.708 E3.89668
;WIDTH:0.497609
G1 X106.152 Y102.508 E3.90751
;WIDTH:0.45
G1 X106.191 Y101.832 E3.94008
G1 X106.326 Y101.57 E3.95426
G1 X106.57 Y101.354 E3.96993
G1 X107.084 Y101.138 E3.99675
G1 X107.616 Y101.028 E4.02288
G1 X108.297 Y100.952 E4.05584
G1 X109.218 Y100.902 E4.1002
G1 X110.107 Y100.89 E4.14296
G1 X110.934 Y100.907 E4.18274
G1 X111.79 Y100.959 E4.22399
G1 X112.347 Y101.024 E4.25096
G1 X112.865 Y101.127 E4.27636
G1 X113.273 Y101.262 E4.29703
G1 X113.589 Y101.481 E4.31552
G1 X113.768 Y101.755 E4.33126
G1 X113.825 Y102.151 F7800
G1 E2.33126 F2400
G92 E0
G1 X107.465 Y110.437 F7800
G1 E2 F2400
;TYPE:Solid infill
;WIDTH:0.489867
G1 F1200
G1 X107.428 Y110.4 E2.00278
G1 X107.376 Y110.413 E2.00562
G1 X107.363 Y110.465 E2.00846
G1 X107.4 Y110.502 E2.01124
G1 X107.452 Y110.489 E2.01408
;WIDTH:0.45
G1 X107.871 Y110.568 E2.03459
G1 X107.424 Y111.014 E2.06496
G1 X107.458 Y111.526 E2.08964
G1 X108.337 Y110.647 E2.14943
G1 X108.508 Y110.512 E2.15991
;WIDTH:0.404381
G1 X108.467 Y110.523 E2.16171
G1 X108.448 Y110.452 E2.16483
G1 X108.519 Y110.471 E2.16795
;WIDTH:0.45
G1 X108.883 Y110.647 E2.1874
G1 X107.499 Y112.03 E2.2815
G1 X107.54 Y112.535 E2.30587
G1 X109.428 Y110.647 E2.43429
G1 X109.973 Y110.647 E2.4605
G1 X107.592 Y113.028 E2.62245
G1 X107.645 Y113.521 E2.6463
G1 X110.519 Y110.647 E2.84179
G1 X111.064 Y110.647 E2.868
G1 X107.698 Y114.013 E3.09695
G1 X107.76 Y114.496 E3.12037
G1 X111.609 Y110.647 E3.38217
G1 X112.155 Y110.647 E3.40843
G1 X107.822 Y114.98 E3.70316
G1 X107.885 Y115.462 E3.72654
G1 X112.587 Y110.76 E4.04636
G1 X112.716 Y110.529 E4.05909
;WIDTH:0.404381
G1 X112.675 Y110.54 E4.06089
G1 X112.656 Y110.469 E4.06401
G1 X112.727 Y110.488 E4.06713
G1 X112.549 Y111.343 F7800
;WIDTH:0.45
G1 F1200
G1 X107.957 Y115.935 E4.37947
G1 X108.03 Y116.408 E4.40249
G1 X112.511 Y111.926 E4.70732
G1 X112.455 Y112.527 E4.73635
G1 X108.102 Y116.88 E5.03244
G1 X108.143 Y117.664 F7800
;WIDTH:0.404381
G1 F1200
G1 X108.102 Y117.675 E5.03424
G1 X108.083 Y117.604 E5.03736
G1 X108.154 Y117.623 E5.04048
;WIDTH:0.45
G1 X108.175 Y117.353 E5.05351
G1 X112.395 Y113.133 E5.34055
G1 X112.334 Y113.74 E5.36989
G1 X108.523 Y117.551 E5.62911
G1 X109.042 Y117.577 E5.6541
G1 X112.255 Y114.364 E5.87264
G1 X112.177 Y114.987 E5.90284
G1 X109.58 Y117.584 E6.07948
G1 X110.122 Y117.588 E6.10555
G1 X112.09 Y115.62 E6.23941
G1 X111.891 Y116.462 F7800
;WIDTH:0.588765
G1 F1200
G1 X111.738 Y117.462 E6.30558
G1 X110.844 Y117.509 E6.36413
G1 X111.755 Y116.598 E6.44839
M106 S219.3
;LAYER_CHANGE
;Z:16.95
;HEIGHT:0.1
G1 E4.44839 F2400
G92 E0
G1 Z16.95 F7800
G1 X110.891 Y108.576
G1 E2 F2400
;TYPE:Support material
;WIDTH:0.35
;HEIGHT:0.2
G1 F3600
G1 X109.509 Y108.576 E2.03529
G1 X109.509 Y106.72 E2.08268
G1 X110.891 Y106.72 E2.11797
G1 X110.891 Y108.53 E2.16419
G1 X110.754 Y107.214 F7800
G1 F3600
G1 X109.646 Y107.214 E2.19248
G1 E.19248 F2400
G92 E0
G1 X112.881 Y103.914 F7800
G1 E2 F2400
G1 F3600
G1 X112.818 Y103.914 E2.00161
G1 X112.818 Y103.317 E2.01685
G1 X112.881 Y103.317 E2.01846
G1 X112.881 Y103.868 E2.03253
;LAYER_CHANGE
;Z:17.15
;HEIGHT:0.199999
G1 E.03253 F2400
G92 E0
G1 Z17.15 F7800
G1 X111.716 Y105.938
G1 E2 F2400
;TYPE:Perimeter
;WIDTH:0.45
;HEIGHT:0.3
G1 F900
G1 X111.865 Y106.143 E2.01219
G1 X111.902 Y106.359 E2.02273
G1 X111.902 Y106.52 E2.03047
;TYPE:Overhang perimeter
;WIDTH:0.4
;HEIGHT:0.4
M106 S255
G1 X111.902 Y108.776 E2.14833
M106 S219.3
;TYPE:Perimeter
;WIDTH:0.45
;HEIGHT:0.3
G1 X111.878 Y109.112 E2.16453
G1 X111.663 Y109.431 E2.18303
G1 X111.367 Y109.607 E2.19959
G1 X109.153 Y109.607 E2.30608
G1 X108.881 Y109.539 E2.31956
G1 X108.621 Y109.306 E2.33635
G1 X108.499 Y109.003 E2.35206
G1 X108.499 Y108.776 E2.36298
;TYPE:Overhang perimeter
;WIDTH:0.4
;HEIGHT:0.4
M106 S255
G1 X108.499 Y106.52 E2.48084
M106 S219.3
;TYPE:Perimeter
;WIDTH:0.45
;HEIGHT:0.3
G1 X108.511 Y106.225 E2.49504
G1 X108.738 Y105.865 E2.51551
G1 X109.069 Y105.689 E2.53354
G1 X111.247 Y105.689 E2.63829
G1 X111.663 Y105.865 E2.66002
G1 X111.681 Y105.89 E2.6615
G1 X111.443 Y106.203 F7800
;TYPE:External perimeter
G1 F900
G1 X111.516 Y106.293 E2.66707
G1 X111.516 Y106.52 E2.67799
;TYPE:Overhang perimeter
;WIDTH:0.4
;HEIGHT:0.4
M106 S255
G1 X111.516 Y108.776 E2.79585
M106 S219.3
;TYPE:External perimeter
;WIDTH:0.45
;HEIGHT:0.3
G1 X111.516 Y108.951 E2.80427
G1 X111.462 Y109.085 E2.81122
G1 X111.29 Y109.221 E2.82177
G1 X109.153 Y109.221 E2.92455
G1 X109.014 Y109.163 E2.93179
G1 X108.925 Y109.069 E2.93802
G1 X108.884 Y108.95 E2.94407
G1 X108.884 Y108.776 E2.95244
;TYPE:Overhang perimeter
;WIDTH:0.4
;HEIGHT:0.4
M106 S255
G1 X108.884 Y106.52 E3.0703
M106 S219.3
;TYPE:External perimeter
;WIDTH:0.45
;HEIGHT:0.3
G1 X108.884 Y106.346 E3.07867
G1 X108.939 Y106.211 E3.08568
G1 X109.123 Y106.075 E3.09668
G1 X111.247 Y106.075 E3.19884
G1 X111.386 Y106.133 E3.20608
G1 X111.405 Y106.157 E3.20755
G1 X111.507 Y106.544 F7800
G1 E1.20755 F2400
G92 E0
G1 X106.897 Y102.819 F7800
G1 E2 F2400
;WIDTH:0.538213
G1 F900
G1 X106.947 Y102.777 E2.00386
;WIDTH:0.494106
G1 X107.045 Y102.695 E2.01071
;WIDTH:0.45
G1 X113.241 Y102.692 E2.30872
G1 X113.377 Y102.749 E2.31581
;WIDTH:0.448828
G1 X113.492 Y102.946 E2.32675
;WIDTH:0.462228
G1 X113.512 Y104.274 E2.39266
G1 X113.451 Y104.412 E2.40015
;WIDTH:0.453677
G1 X113.368 Y104.491 E2.40571
;WIDTH:0.45
G1 X113.241 Y104.539 E2.41224
G1 X107.082 Y104.539 E2.70847
G1 X106.946 Y104.482 E2.71556
G1 X106.818 Y104.296 E2.72642
G1 X106.817 Y103.69 E2.75557
;WIDTH:0.497586
G1 X106.793 Y103.557 E2.76287
;WIDTH:0.545172
G1 X106.769 Y103.424 E2.77097
;WIDTH:0.592758
G1 X106.746 Y103.291 E2.77987
G1 X106.751 Y102.941 E2.80294
;WIDTH:0.582319
G1 X106.849 Y102.859 E2.81119
;WIDTH:0.538213
G1 X106.851 Y102.858 E2.81132
G1 X107.222 Y102.708 F7800
G1 X106.452 Y104.338
;TYPE:Perimeter
;WIDTH:0.416095
G1 F900
G1 X106.47 Y103.69 E2.83976
G1 E.83976 F2400
G92 E0
G1 X107.771 Y101.859 F7800
G1 E2 F2400
;WIDTH:0.604695
G1 F900
G1 X108.037 Y101.843 E2.01796
;WIDTH:0.635355
G1 X108.303 Y101.828 E2.03693
;WIDTH:0.684167
G1 X109.109 Y101.804 E2.09926
;WIDTH:0.700543
G1 X110.89 Y101.804 E2.24057
;WIDTH:0.684241
G1 X111.697 Y101.828 E2.30299
;WIDTH:0.635351
G1 X111.963 Y101.843 E2.32196
;WIDTH:0.604691
G1 X112.229 Y101.859 E2.33992
G1 E.33992 F2400
G92 E0
G1 X106.621 Y102.546 F7800
G1 E2 F2400
;WIDTH:0.45
G1 F900
G1 X106.572 Y102.612 E2.00395
G1 X106.613 Y101.935 E2.03657
G1 X106.761 Y101.712 E2.04944
G1 X107.214 Y101.515 E2.0732
G1 X107.72 Y101.414 E2.09802
G1 X108.274 Y101.351 E2.12484
G1 X109.1 Y101.301 E2.16464
G1 X110.073 Y101.285 E2.21144
G1 X110.92 Y101.302 E2.25219
G1 X111.752 Y101.353 E2.29228
G1 X112.759 Y101.51 E2.3413
G1 X113.197 Y101.687 E2.36402
G1 X113.351 Y101.858 E2.37509
G1 X113.412 Y102.377 E2.40022
G1 X113.241 Y102.306 E2.40913
G1 X107.014 Y102.31 E2.70863
G1 X106.674 Y102.475 E2.72681
G1 X106.657 Y102.498 E2.72819
G1 E.72819 F2400
G92 E0
G1 X108.986 Y105.314 F7800
G1 E2 F2400
;WIDTH:0.458139
G1 F900
G1 X109.153 Y105.307 E2.00821
;WIDTH:0.443579
G1 X111.247 Y105.307 E2.10725
G1 E.10725 F2400
G92 E0
G1 X107.863 Y105.751 F7800
G1 E2 F2400
;WIDTH:0.561575
G1 F3600
G1 X107.703 Y106.052 E2.02114
G1 X107.678 Y106.346 E2.03944
;WIDTH:0.574337
G1 X107.665 Y107.94 E2.14083
;WIDTH:0.574571
G1 X107.665 Y109.197 E2.22082
G1 X107.813 Y109.428 E2.23828
;WIDTH:0.533047
G1 X107.96 Y109.659 E2.25429
;WIDTH:0.491523
G1 X108.108 Y109.89 E2.26891
;WIDTH:0.45
G1 X108.518 Y110.22 E2.29422
G1 X109.153 Y110.378 E2.32569
G1 X111.2 Y110.378 E2.42414
G1 X111.612 Y110.328 E2.4441
G1 X112.023 Y110.133 E2.46598
G1 X112.292 Y109.89 E2.48342
G1 X112.6 Y109.322 E2.5145
;WIDTH:0.41069
G1 X112.634 Y108.953 E2.53051
;WIDTH:0.374188
G1 X112.625 Y106.359 E2.63074
;WIDTH:0.388
G1 X112.558 Y105.883 E2.65014
G1 X112.42 Y105.664 E2.66059
G1 X112.864 Y105.664 E2.67851
G1 X112.914 Y106.356 E2.70651
;WIDTH:0.374188
G1 X112.945 Y107.929 E2.7673
G1 X112.943 Y108.971 E2.80756
;WIDTH:0.411559
G1 X112.903 Y109.784 E2.84281
;WIDTH:0.45
G1 X112.765 Y112.077 E2.95329
G1 X112.601 Y113.748 E3.03405
G1 X112.395 Y115.396 E3.11393
G1 X112.033 Y117.76 E3.22896
G1 X111.56 Y117.804 E3.25181
G1 X109.971 Y117.838 E3.32825
G1 X108.997 Y117.826 E3.3751
G1 X107.97 Y117.771 E3.42457
G1 X107.9 Y117.4 E3.44273
G1 X107.585 Y115.248 E3.54734
G1 X107.398 Y113.736 E3.62062
G1 X107.254 Y112.297 E3.69018
G1 X107.164 Y111.091 E3.74835
G1 X107.116 Y110.1 E3.79607
;WIDTH:0.491523
G1 X107.129 Y109.717 E3.81649
;WIDTH:0.533047
G1 X107.142 Y109.333 E3.83895
;WIDTH:0.574571
G1 X107.155 Y107.938 E3.92772
;WIDTH:0.574337
G1 X107.195 Y106.296 E4.03219
;WIDTH:0.561575
G1 X107.219 Y105.751 E4.06602
G1 X107.803 Y105.751 E4.10224
G1 E2.10224 F2400
G92 E0
G1 X111.247 Y105.307 F7800
G1 E2 F2400
;WIDTH:0.45
G1 F3600
G1 X113.201 Y105.31 E2.09398
G1 X113.252 Y106.347 E2.14392
G1 X113.292 Y107.925 E2.21984
G1 X113.289 Y109.378 E2.28972
G1 X113.249 Y110.617 E2.34934
G1 X113.149 Y112.108 E2.42121
G1 X112.984 Y113.791 E2.50254
G1 X112.778 Y115.448 E2.58285
G1 X112.47 Y117.51 E2.68313
G1 X112.347 Y118.112 E2.71268
G1 X111.575 Y118.189 E2.74999
G1 X109.966 Y118.224 E2.8274
G1 X108.209 Y118.179 E2.91193
G1 X107.658 Y118.119 E2.93859
G1 X107.632 Y118.058 E2.94178
G1 X107.519 Y117.464 E2.97086
G1 X107.206 Y115.326 E3.07479
G1 X107.016 Y113.79 E3.14923
G1 X106.872 Y112.354 E3.21864
G1 X106.779 Y111.115 E3.2784
G1 X106.707 Y109.132 E3.37384
G1 X106.708 Y107.929 E3.4317
G1 X106.803 Y105.21 E3.56255
G1 X107.082 Y105.31 E3.5768
G1 X108.339 Y105.31 E3.63726
;WIDTH:0.458139
G1 X108.986 Y105.314 E3.66904
G1 X108.461 Y105.596 E3.69831
;WIDTH:0.45
G1 X108.385 Y105.675 E3.70358
G1 X108.134 Y106.144 E3.72916
G1 X108.113 Y106.346 E3.73893
G1 X108.113 Y109.038 E3.86841
G1 X108.317 Y109.543 E3.89461
G1 X108.7 Y109.88 E3.91915
G1 X109.153 Y109.993 E3.94161
G1 X111.2 Y109.993 E4.04006
G1 X111.508 Y109.957 E4.05497
G1 X111.801 Y109.818 E4.07057
G1 X111.94 Y109.7 E4.07934
G1 X112.249 Y109.22 E4.1068
G1 X112.287 Y108.952 E4.11982
G1 X112.287 Y106.359 E4.24453
G1 X112.226 Y106.007 E4.26171
G1 X111.94 Y105.596 E4.28579
G1 X111.303 Y105.33 E4.31899
G1 X110.993 Y104.924 F7800
G1 F900
G1 X113.241 Y104.924 E4.42711
G1 X113.563 Y104.804 E4.44364
G1 X113.637 Y106.337 E4.51746
G1 X113.678 Y107.92 E4.59362
G1 X113.675 Y109.385 E4.66408
G1 X113.634 Y110.636 E4.72428
G1 X113.534 Y112.14 E4.79678
G1 X113.367 Y113.833 E4.8786
G1 X113.16 Y115.5 E4.95939
G1 X112.875 Y117.439 E5.05365
G1 X112.757 Y118.094 E5.08566
G1 X112.655 Y118.391 E5.10076
G1 X112.562 Y118.475 E5.10679
G1 X111.755 Y118.568 E5.14586
G1 X110 Y118.61 E5.23029
G1 X108.228 Y118.567 E5.31554
G1 X107.704 Y118.522 E5.34084
G1 X107.38 Y118.445 E5.35686
G1 X107.261 Y118.173 E5.37114
G1 X107.139 Y117.528 E5.40271
G1 X106.824 Y115.378 E5.50722
G1 X106.633 Y113.833 E5.58209
G1 X106.487 Y112.387 E5.65199
G1 X106.394 Y111.139 E5.71218
G1 X106.345 Y110.134 E5.76057
G1 X106.321 Y109.137 E5.80854
G1 X106.322 Y107.923 E5.86693
G1 X106.452 Y104.338 E6.03947
G1 X106.602 Y104.684 E6.05761
G1 X106.674 Y104.756 E6.06251
G1 X107.082 Y104.924 E6.08373
G1 X110.933 Y104.924 E6.26895
G1 E4.26895 F2400
G92 E0
G1 X113.759 Y101.803 F7800
G1 E2 F2400
;TYPE:External perimeter
G1 F1800
G1 X113.762 Y101.808 E2.00028
G1 X113.848 Y102.946 E2.05517
;WIDTH:0.462228
G1 X113.946 Y104.736 E2.14413
;WIDTH:0.45
G1 X114.023 Y106.327 E2.22074
G1 X114.064 Y107.915 E2.29714
G1 X114.061 Y109.391 E2.36813
G1 X114.019 Y110.655 E2.42896
G1 X113.918 Y112.172 E2.50208
G1 X113.751 Y113.876 E2.58443
G1 X113.542 Y115.551 E2.66562
G1 X113.256 Y117.501 E2.76041
G1 X113.136 Y118.163 E2.79277
G1 X112.975 Y118.637 E2.81685
G1 X112.814 Y118.792 E2.8276
G1 X112.655 Y118.853 E2.83579
G1 X111.785 Y118.953 E2.87791
G1 X111.016 Y118.983 E2.91492
G1 X110 Y118.996 E2.96379
G1 X108.984 Y118.983 E3.01266
G1 X108.177 Y118.95 E3.05151
G1 X107.671 Y118.907 E3.07593
G1 X107.265 Y118.813 E3.09597
G1 X107.068 Y118.695 E3.10701
G1 X106.89 Y118.287 E3.12842
G1 X106.758 Y117.592 E3.16244
G1 X106.442 Y115.43 E3.26753
G1 X106.249 Y113.876 E3.34285
G1 X106.103 Y112.421 E3.41318
G1 X106.009 Y111.163 E3.47385
G1 X105.959 Y110.148 E3.52273
G1 X105.936 Y109.141 E3.57118
G1 X105.936 Y107.916 E3.6301
G1 X106.014 Y105.483 E3.74718
G1 X106.123 Y103.67 E3.83454
;WIDTH:0.497586
G1 X106.154 Y103.538 E3.84187
;WIDTH:0.545172
G1 X106.186 Y103.406 E3.85001
;WIDTH:0.592758
G1 X106.218 Y103.275 E3.8589
G1 X106.233 Y102.941 E3.88093
;WIDTH:0.582782
G1 X106.219 Y102.798 E3.89022
;WIDTH:0.538521
G1 X106.205 Y102.656 E3.89866
;WIDTH:0.49426
G1 X106.192 Y102.513 E3.90636
;WIDTH:0.45
G1 X106.233 Y101.831 E3.93922
G1 X106.366 Y101.57 E3.95331
G1 X106.608 Y101.355 E3.96888
G1 X107.112 Y101.143 E3.99518
G1 X107.64 Y101.035 E4.0211
G1 X108.227 Y100.967 E4.04952
G1 X109.075 Y100.916 E4.09038
G1 X110.064 Y100.899 E4.13795
G1 X110.925 Y100.916 E4.17937
G1 X111.773 Y100.967 E4.22023
G1 X112.325 Y101.031 E4.24696
G1 X112.837 Y101.132 E4.27206
G1 X113.24 Y101.265 E4.29247
G1 X113.553 Y101.483 E4.31082
G1 X113.727 Y101.753 E4.32627
G1 X113.784 Y102.149 F7800
G1 E2.32627 F2400
G92 E0
G1 X108.251 Y117.381 F7800
G1 E2 F2400
;TYPE:Solid infill
;WIDTH:0.569139
G1 F1200
G1 X108.206 Y117.426 E2.00401
G1 X108.223 Y117.487 E2.008
G1 X108.284 Y117.503 E2.01197
G1 X108.328 Y117.458 E2.01593
G1 X108.312 Y117.397 E2.0199
;WIDTH:0.45
G1 X108.991 Y117.536 E2.05323
G1 X108.085 Y116.63 E2.11485
G1 X107.988 Y115.988 E2.14608
G1 X109.544 Y117.544 E2.25192
G1 X110.094 Y117.548 E2.27837
G1 X107.891 Y115.346 E2.42818
G1 X107.811 Y114.72 E2.45853
G1 X110.632 Y117.542 E2.65044
G1 X111.163 Y117.527 E2.67599
G1 X107.734 Y114.098 E2.90923
G1 X107.663 Y113.482 E2.93905
G1 X111.68 Y117.498 E3.21225
G1 X111.885 Y117.573 E3.22275
;WIDTH:0.404381
G1 X111.866 Y117.644 E3.22587
G1 X111.937 Y117.625 E3.22899
G1 X111.926 Y117.584 E3.23079
;WIDTH:0.45
G1 X111.843 Y117.116 E3.25365
G1 X107.602 Y112.875 E3.54212
G1 X107.542 Y112.27 E3.57136
G1 X111.914 Y116.642 E3.86874
G1 X111.986 Y116.168 E3.8918
G1 X107.498 Y111.68 E4.19707
G1 X107.454 Y111.091 E4.22548
G1 X112.058 Y115.695 E4.53864
G1 X112.126 Y115.218 E4.56181
G1 X107.425 Y110.517 E4.88157
G1 X107.424 Y109.97 E4.90788
G1 X112.187 Y114.733 E5.23185
G1 X112.247 Y114.248 E5.25535
G1 X108.511 Y110.512 E5.50947
G1 X108.239 Y110.308 E5.52582
;WIDTH:0.404381
G1 X107.827 Y109.914 E5.54999
;WIDTH:0.439489
G1 X107.485 Y109.52 E5.5744
G1 E3.5744 F2400
G92 E0
G1 X109.211 Y110.667 F7800
G1 E2 F2400
;WIDTH:0.45
G1 F1200
G1 X112.307 Y113.763 E2.21059
G1 X112.357 Y113.268 E2.23452
G1 X109.756 Y110.667 E2.41144
G1 X110.302 Y110.667 E2.4377
G1 X112.406 Y112.771 E2.58081
G1 E.58081 F2400
G92 E0
G1 X110.984 Y110.804 F7800
G1 E2 F2400
G1 F1200
G1 X112.455 Y112.274 E2.10002
G1 X112.575 Y110.583 E2.18156
G1 X112.594 Y109.993 E2.20995
G1 X112.208 Y110.354 E2.23537
G1 X111.719 Y110.595 E2.26159
G1 X111.241 Y110.668 E2.28485
G1 X110.848 Y110.667 E2.30375
G1 X111.678 Y110.979 F7800
;WIDTH:0.411501
G1 F1200
G1 X112.195 Y110.774 E2.32783
G1 X112.15 Y111.451 E2.35721
G1 X111.814 Y111.115 E2.37778
;LAYER_CHANGE
;Z:17.25
;HEIGHT:0.1
G1 E.37778 F2400
G92 E0
G1 Z17.25 F7800
G1 X110.891 Y108.576
G1 E2 F2400
;TYPE:Support material
;WIDTH:0.35
;HEIGHT:0.3
G1 F3600
G1 X109.509 Y108.576 E2.04923
G1 X109.509 Y106.72 E2.11535
G1 X110.891 Y106.72 E2.16458
G1 X110.891 Y108.533 E2.22917
G1 X110.762 Y107.214 F7800
G1 F3600
G1 X109.638 Y107.214 E2.26921
;LAYER_CHANGE
;Z:17.45
;HEIGHT:0.200001
G1 E.26921 F2400
G92 E0
G1 Z17.45 F7800
G1 X111.716 Y105.938
G1 E2 F2400
;TYPE:Perimeter
;WIDTH:0.45
;HEIGHT:0.3
G1 F900
G1 X111.862 Y106.134 E2.01175
G1 X111.902 Y106.361 E2.02284
G1 X111.902 Y108.951 E2.14741
G1 X111.878 Y109.114 E2.15533
G1 X111.663 Y109.431 E2.17375
G1 X111.511 Y109.543 E2.18283
G1 X111.247 Y109.607 E2.1959
G1 X109.153 Y109.607 E2.29661
G1 X108.886 Y109.542 E2.30983
G1 X108.624 Y109.31 E2.32666
G1 X108.499 Y109.004 E2.34256
G1 X108.499 Y106.346 E2.4704
G1 X108.513 Y106.218 E2.47659
G1 X108.738 Y105.865 E2.49672
G1 X109.069 Y105.689 E2.51475
G1 X111.247 Y105.689 E2.6195
G1 X111.663 Y105.865 E2.64123
G1 X111.681 Y105.889 E2.64267
G1 X111.443 Y106.203 F7800
;TYPE:External perimeter
G1 F900
G1 X111.516 Y106.291 E2.64817
G1 X111.516 Y108.951 E2.77611
G1 X111.462 Y109.085 E2.78306
G1 X111.335 Y109.2 E2.7913
G1 X110 Y109.221 E2.85552
G1 X109.153 Y109.221 E2.89626
G1 X109.014 Y109.163 E2.9035
G1 X108.884 Y108.969 E2.91473
G1 X108.884 Y106.346 E3.04089
G1 X108.939 Y106.211 E3.0479
G1 X109.123 Y106.075 E3.0589
G1 X111.247 Y106.075 E3.16106
G1 X111.386 Y106.133 E3.1683
G1 X111.405 Y106.157 E3.16977
G1 X111.507 Y106.544 F7800
G1 E1.16977 F2400
G92 E0
G1 X106.918 Y102.811 F7800
G1 E2 F2400
;WIDTH:0.492418
G1 F900
G1 X106.975 Y102.748 E2.00454
;WIDTH:0.45
G1 X107.111 Y102.692 E2.01161
G1 X113.212 Y102.692 E2.30505
G1 X113.348 Y102.749 E2.31214
;WIDTH:0.448146
G1 X113.46 Y102.946 E2.32299
;WIDTH:0.457455
G1 X113.481 Y104.274 E2.38811
G1 X113.421 Y104.412 E2.39549
;WIDTH:0.45255
G1 X113.337 Y104.493 E2.40114
;WIDTH:0.45
G1 X113.212 Y104.539 E2.40755
G1 X107.111 Y104.539 E2.70099
G1 X106.975 Y104.482 E2.70808
G1 X106.848 Y104.296 E2.71891
G1 X106.846 Y103.863 E2.73974
;WIDTH:0.497566
G1 X106.823 Y103.73 E2.74703
;WIDTH:0.545132
G1 X106.799 Y103.597 E2.75513
;WIDTH:0.592698
G1 X106.775 Y103.463 E2.7641
G1 X106.783 Y102.957 E2.79745
;WIDTH:0.577255
G1 X106.847 Y102.887 E2.80352
;WIDTH:0.534836
G1 X106.877 Y102.855 E2.80609
G1 X107.248 Y102.705 F7800
G1 X106.486 Y104.336
;TYPE:Perimeter
;WIDTH:0.406537
G1 F900
G1 X106.499 Y103.863 E2.82628
G1 E.82628 F2400
G92 E0
G1 X107.792 Y101.863 F7800
G1 E2 F2400
;WIDTH:0.595477
G1 F900
G1 X108.055 Y101.848 E2.01745
;WIDTH:0.625615
G1 X108.319 Y101.833 E2.03596
;WIDTH:0.673641
G1 X109.118 Y101.809 E2.0967
;WIDTH:0.689865
G1 X110.882 Y101.809 E2.23432
;WIDTH:0.673677
G1 X111.681 Y101.833 E2.29507
;WIDTH:0.625637
G1 X111.945 Y101.848 E2.31358
;WIDTH:0.595507
G1 X112.208 Y101.863 E2.33103
G1 E.33103 F2400
G92 E0
G1 X106.646 Y102.536 F7800
G1 E2 F2400
;WIDTH:0.451107
G1 F900
G1 X106.63 Y102.546 E2.00091
G1 X106.624 Y102.439 E2.00608
;WIDTH:0.45
G1 X106.654 Y101.933 E2.03046
G1 X106.798 Y101.714 E2.04307
G1 X107.242 Y101.522 E2.06634
G1 X107.741 Y101.423 E2.09081
G1 X108.29 Y101.36 E2.11739
G1 X109.109 Y101.312 E2.15685
G1 X110.024 Y101.295 E2.20087
G1 X110.912 Y101.312 E2.24359
G1 X111.736 Y101.363 E2.2833
G1 X112.732 Y101.517 E2.33177
G1 X113.161 Y101.689 E2.354
G1 X113.31 Y101.856 E2.36476
G1 X113.37 Y102.372 E2.38975
G1 X113.212 Y102.306 E2.39799
G1 X107.01 Y102.315 E2.69628
;WIDTH:0.451107
G1 X106.698 Y102.504 E2.71388
G1 E.71388 F2400
G92 E0
G1 X108.986 Y105.314 F7800
G1 E2 F2400
;WIDTH:0.458139
G1 F900
G1 X109.153 Y105.307 E2.00821
;WIDTH:0.443579
G1 X111.247 Y105.307 E2.10725
G1 E.10725 F2400
G92 E0
G1 X107.874 Y105.743 F7800
G1 E2 F2400
;WIDTH:0.545046
G1 F3600
G1 X107.715 Y106.036 E2.01999
G1 X107.687 Y106.346 E2.03865
;WIDTH:0.557344
G1 X107.674 Y107.943 E2.13684
;WIDTH:0.558227
G1 X107.673 Y109.193 E2.21383
G1 X107.818 Y109.426 E2.23073
;WIDTH:0.522151
G1 X107.963 Y109.658 E2.24635
;WIDTH:0.486075
G1 X108.108 Y109.89 E2.26074
;WIDTH:0.45
G1 X108.531 Y110.226 E2.28672
G1 X109.153 Y110.378 E2.31752
G1 X111.247 Y110.378 E2.41823
G1 X111.863 Y110.23 E2.4487
G1 X112.292 Y109.89 E2.47503
G1 X112.594 Y109.326 E2.5058
;WIDTH:0.402053
G1 X112.626 Y108.952 E2.52161
;WIDTH:0.357187
G1 X112.616 Y106.361 E2.61624
;WIDTH:0.372642
G1 X112.544 Y105.867 E2.63543
G1 X112.408 Y105.657 E2.64505
G1 X112.834 Y105.657 E2.66143
G1 X112.887 Y106.358 E2.68846
;WIDTH:0.357187
G1 X112.919 Y107.933 E2.74599
G1 X112.918 Y109.031 E2.78609
;WIDTH:0.403378
G1 X112.882 Y109.578 E2.80927
;WIDTH:0.45
G1 X112.82 Y110.85 E2.87052
G1 X112.717 Y112.296 E2.94024
G1 X112.573 Y113.749 E3.01047
G1 X112.356 Y115.481 E3.09442
G1 X112.012 Y117.71 E3.2029
G1 X110.985 Y117.764 E3.25236
G1 X108.572 Y117.747 E3.36842
G1 X107.991 Y117.715 E3.39641
G1 X107.888 Y117.141 E3.42446
G1 X107.616 Y115.278 E3.51501
G1 X107.431 Y113.78 E3.58761
G1 X107.283 Y112.301 E3.6591
G1 X107.194 Y111.095 E3.71726
G1 X107.147 Y110.103 E3.76503
;WIDTH:0.486075
G1 X107.158 Y109.719 E3.78524
;WIDTH:0.522151
G1 X107.169 Y109.334 E3.80723
;WIDTH:0.558227
G1 X107.181 Y107.94 E3.8931
;WIDTH:0.557344
G1 X107.222 Y106.294 E3.99434
;WIDTH:0.545046
G1 X107.248 Y105.743 E4.02741
G1 X107.814 Y105.743 E4.06134
G1 E2.06134 F2400
G92 E0
G1 X111.247 Y105.307 F7800
G1 E2 F2400
;WIDTH:0.45
G1 F3600
G1 X113.164 Y105.31 E2.0922
G1 X113.216 Y106.349 E2.14223
G1 X113.258 Y107.927 E2.21815
G1 X113.257 Y109.379 E2.28799
G1 X113.205 Y110.871 E2.35979
G1 X113.102 Y112.328 E2.43004
G1 X112.956 Y113.792 E2.5008
G1 X112.738 Y115.533 E2.58519
G1 X112.463 Y117.389 E2.67543
G1 X112.329 Y118.071 E2.70886
G1 X110.995 Y118.15 E2.77313
G1 X108.999 Y118.15 E2.86913
G1 X108.149 Y118.116 E2.91004
G1 X107.658 Y118.047 E2.93389
G1 X107.507 Y117.203 E2.97513
G1 X107.234 Y115.329 E3.06621
G1 X107.044 Y113.793 E3.14065
G1 X106.901 Y112.357 E3.21006
G1 X106.809 Y111.118 E3.26982
G1 X106.761 Y110.123 E3.31773
G1 X106.739 Y109.135 E3.36526
G1 X106.742 Y107.931 E3.42317
G1 X106.841 Y105.211 E3.55408
G1 X107.111 Y105.31 E3.56791
G1 X108.339 Y105.31 E3.62697
;WIDTH:0.458139
G1 X108.986 Y105.314 E3.65875
G1 X108.461 Y105.596 E3.68802
;WIDTH:0.45
G1 X108.385 Y105.675 E3.69329
G1 X108.137 Y106.132 E3.7183
G1 X108.113 Y106.346 E3.72866
G1 X108.113 Y109.04 E3.85823
G1 X108.321 Y109.549 E3.88468
G1 X108.708 Y109.884 E3.9093
G1 X109.153 Y109.993 E3.93134
G1 X111.247 Y109.993 E4.03205
G1 X111.687 Y109.887 E4.05382
G1 X111.94 Y109.7 E4.06895
G1 X112.248 Y109.224 E4.09622
G1 X112.287 Y108.951 E4.10948
G1 X112.287 Y106.361 E4.23405
G1 X112.221 Y105.994 E4.25198
G1 X111.94 Y105.596 E4.27541
G1 X111.303 Y105.33 E4.30861
G1 X110.945 Y104.924 F7800
G1 F900
G1 X113.212 Y104.924 E4.41764
G1 X113.525 Y104.809 E4.43368
G1 X113.601 Y106.338 E4.50731
G1 X113.644 Y107.922 E4.58352
G1 X113.643 Y109.386 E4.65393
G1 X113.59 Y110.891 E4.72636
G1 X113.486 Y112.361 E4.79724
G1 X113.339 Y113.835 E4.86849
G1 X113.121 Y115.585 E4.95331
G1 X112.846 Y117.437 E5.04336
G1 X112.733 Y118.055 E5.07358
G1 X112.622 Y118.386 E5.09037
G1 X112.288 Y118.468 E5.10691
G1 X111.005 Y118.535 E5.1687
G1 X108.542 Y118.517 E5.28716
G1 X107.669 Y118.461 E5.32923
G1 X107.393 Y118.388 E5.34296
G1 X107.283 Y118.141 E5.35596
G1 X107.127 Y117.265 E5.39876
G1 X106.852 Y115.381 E5.49033
G1 X106.661 Y113.836 E5.5652
G1 X106.516 Y112.39 E5.6351
G1 X106.424 Y111.141 E5.69534
G1 X106.376 Y110.136 E5.74373
G1 X106.354 Y109.139 E5.79169
G1 X106.356 Y107.924 E5.85013
G1 X106.486 Y104.336 E6.02281
G1 X106.631 Y104.684 E6.04094
G1 X106.703 Y104.756 E6.04584
G1 X107.111 Y104.924 E6.06706
G1 X110.885 Y104.924 E6.24858
G1 E4.24858 F2400
G92 E0
G1 X113.717 Y101.802 F7800
G1 E2 F2400
;TYPE:External perimeter
G1 F1800
G1 X113.721 Y101.807 E2.00031
G1 X113.81 Y102.946 E2.05526
;WIDTH:0.457455
G1 X113.907 Y104.737 E2.14319
;WIDTH:0.45
G1 X113.987 Y106.328 E2.21981
G1 X114.03 Y107.917 E2.29626
G1 X114.028 Y109.393 E2.36725
G1 X113.975 Y110.912 E2.44035
G1 X113.87 Y112.394 E2.51181
G1 X113.722 Y113.878 E2.58354
G1 X113.503 Y115.637 E2.66879
G1 X113.227 Y117.501 E2.75942
G1 X113.112 Y118.125 E2.78994
G1 X112.951 Y118.606 E2.81434
G1 X112.805 Y118.743 E2.82397
G1 X112.329 Y118.852 E2.84746
G1 X111.015 Y118.921 E2.91075
G1 X108.984 Y118.921 E3.00843
G1 X108.134 Y118.887 E3.04934
G1 X107.635 Y118.845 E3.07343
G1 X107.173 Y118.724 E3.0964
G1 X107.003 Y118.524 E3.10902
G1 X106.909 Y118.236 E3.12359
G1 X106.746 Y117.327 E3.16801
G1 X106.47 Y115.432 E3.26011
G1 X106.278 Y113.878 E3.33542
G1 X106.132 Y112.424 E3.4057
G1 X106.039 Y111.165 E3.46642
G1 X105.991 Y110.15 E3.51529
G1 X105.968 Y109.143 E3.56374
G1 X105.97 Y107.918 E3.62266
G1 X106.051 Y105.486 E3.7397
G1 X106.152 Y103.842 E3.81892
;WIDTH:0.497566
G1 X106.183 Y103.71 E3.82625
;WIDTH:0.545132
G1 X106.215 Y103.579 E3.83434
;WIDTH:0.592698
G1 X106.247 Y103.447 E3.84329
G1 X106.27 Y102.941 E3.87667
;WIDTH:0.577255
G1 X106.26 Y102.766 E3.88788
;WIDTH:0.534836
G1 X106.249 Y102.591 E3.89817
;WIDTH:0.492418
G1 X106.239 Y102.416 E3.90753
;WIDTH:0.45
G1 X106.274 Y101.83 E3.93576
G1 X106.405 Y101.57 E3.94976
G1 X106.645 Y101.356 E3.96523
G1 X107.14 Y101.149 E3.99104
G1 X107.662 Y101.044 E4.01665
G1 X108.244 Y100.977 E4.04483
G1 X109.083 Y100.926 E4.08526
G1 X110.015 Y100.91 E4.13009
G1 X110.917 Y100.926 E4.17348
G1 X111.756 Y100.977 E4.21391
G1 X112.303 Y101.04 E4.24039
G1 X112.809 Y101.139 E4.26519
G1 X113.208 Y101.27 E4.28539
G1 X113.517 Y101.486 E4.30352
G1 X113.685 Y101.751 E4.31861
G1 X113.744 Y102.147 F7800
G1 E2.31861 F2400
G92 E0
G1 X107.507 Y109.542 F7800
G1 E2 F2400
;TYPE:Solid infill
G1 F1200
G1 X107.784 Y109.956 E2.02396
G1 X107.968 Y110.161 E2.03721
G1 X108.369 Y110.463 E2.06135
G1 X109.124 Y110.667 E2.09897
G1 X110.234 Y110.667 E2.15236
G1 X107.667 Y113.235 E2.327
G1 X107.573 Y112.298 E2.37229
G1 X107.483 Y111.077 E2.43118
G1 X107.436 Y110.103 E2.47808
G1 X107.483 Y109.734 E2.49597
G1 X107.844 Y110.553 F7800
G1 F1200
G1 X108.139 Y110.773 E2.51367
G1 X108.339 Y110.869 E2.52434
G1 X108.979 Y111.034 E2.55613
G1 X109.303 Y111.053 E2.57174
G1 X107.969 Y112.386 E2.66244
G1 X107.853 Y110.746 E2.74152
G1 X108.418 Y111.332 F7800
;WIDTH:0.602899
G1 F1200
G1 X108.37 Y111.284 E2.74608
G1 X108.305 Y111.302 E2.75061
G1 X108.288 Y111.367 E2.75512
G1 X108.335 Y111.415 E2.75963
G1 X108.4 Y111.397 E2.76416
G1 E.76416 F2400
G92 E0
G1 X107.716 Y113.73 F7800
G1 E2 F2400
;WIDTH:0.45
G1 F1200
G1 X110.779 Y110.667 E2.20834
G1 X111.653 Y110.481 F7800
;WIDTH:0.404381
G1 F1200
G1 X111.582 Y110.462 E2.21146
G1 X111.601 Y110.533 E2.21458
G1 X111.642 Y110.522 E2.21638
;WIDTH:0.45
G1 X111.345 Y110.647 E2.23188
G1 X107.776 Y114.215 E2.4746
G1 E.4746 F2400
G92 E0
G1 X112.575 Y110.109 F7800
G1 E2 F2400
;WIDTH:0.490047
G1 F1200
G1 X112.524 Y110.123 E2.00281
G1 X112.486 Y110.085 E2.00566
G1 X112.5 Y110.034 E2.00847
G1 X112.551 Y110.02 E2.01128
G1 X112.589 Y110.058 E2.01413
;WIDTH:0.45
G1 X112.201 Y110.336 E2.03709
G1 X107.836 Y114.701 E2.33399
G1 X107.896 Y115.186 E2.35749
G1 X112.541 Y110.541 E2.67344
G1 X112.511 Y111.117 E2.70118
G1 X107.967 Y115.661 E3.01026
G1 X108.039 Y116.134 E3.03327
G1 X112.47 Y111.704 E3.33463
G1 X112.427 Y112.291 E3.36294
G1 X108.111 Y116.608 E3.65654
G1 X108.183 Y117.081 E3.67955
G1 X112.367 Y112.897 E3.96414
G1 X112.307 Y113.503 E3.99343
G1 X108.361 Y117.448 E4.2618
G1 X108.174 Y117.549 E4.27202
;WIDTH:0.404381
G1 X108.103 Y117.53 E4.27514
G1 X108.122 Y117.601 E4.27826
G1 X108.163 Y117.59 E4.28006
;WIDTH:0.45
G1 X108.885 Y117.469 E4.31527
G1 X112.235 Y114.12 E4.5431
G1 X112.157 Y114.743 E4.5733
G1 X109.425 Y117.475 E4.75913
G1 X109.971 Y117.475 E4.78539
G1 X112.079 Y115.366 E4.92881
G1 X111.766 Y117.434 E5.02941
G1 X110.516 Y117.475 E5.08956
G1 X111.847 Y116.143 E5.18013
M106 S229.5
;LAYER_CHANGE
;Z:17.5357
;HEIGHT:0.0857143
G1 E3.18013 F2400
G92 E0
G1 Z17.536 F7800
G1 X110.891 Y108.596
G1 E2 F2400
;TYPE:Support material
;WIDTH:0.35
;HEIGHT:0.285714
G1 F3600
G1 X109.509 Y108.596 E2.04739
G1 X109.509 Y106.7 E2.11241
G1 X110.891 Y106.7 E2.1598
G1 X110.891 Y108.553 E2.22334
G1 X110.761 Y107.214 F7800
G1 F3600
G1 X109.639 Y107.214 E2.26182
;LAYER_CHANGE
;Z:17.75
;HEIGHT:0.214285
G1 E.26182 F2400
G92 E0
G1 Z17.75 F7800
G1 X111.998 Y105.658
G1 E2 F2400
;TYPE:Perimeter
;WIDTH:0.45
;HEIGHT:0.3
G1 F900
G1 X112.015 Y105.675 E2.00116
G1 X112.287 Y106.299 E2.0339
G1 X112.287 Y108.951 E2.16145
G1 X112.246 Y109.229 E2.17497
G1 X111.939 Y109.7 E2.20201
G1 X111.677 Y109.892 E2.21763
G1 X111.247 Y109.993 E2.23887
G1 X109.153 Y109.993 E2.33958
G1 X108.853 Y109.945 E2.35419
G1 X108.625 Y109.835 E2.36637
G1 X108.385 Y109.622 E2.3818
G1 X108.251 Y109.448 E2.39236
G1 X108.113 Y109.087 E2.41095
G1 X108.113 Y106.346 E2.54278
G1 X108.224 Y105.896 E2.56507
G1 X108.461 Y105.596 E2.58346
G1 X108.747 Y105.393 E2.60033
G1 X109.153 Y105.303 E2.62033
G1 X111.228 Y105.303 E2.72013
G1 X111.513 Y105.341 E2.73396
G1 X111.812 Y105.486 E2.74994
G1 X111.954 Y105.617 E2.75923
G1 X111.725 Y105.929 F7800
G1 F900
G1 X111.738 Y105.943 E2.76015
G1 X111.902 Y106.363 E2.78184
G1 X111.902 Y108.951 E2.90631
G1 X111.877 Y109.117 E2.91438
G1 X111.663 Y109.431 E2.93266
G1 X111.505 Y109.547 E2.94209
G1 X111.247 Y109.607 E2.95483
G1 X109.153 Y109.607 E3.05554
G1 X108.973 Y109.578 E3.06431
G1 X108.738 Y109.431 E3.07764
G1 X108.582 Y109.249 E3.08917
G1 X108.499 Y108.95 E3.10409
G1 X108.499 Y106.346 E3.22933
G1 X108.565 Y106.076 E3.2427
G1 X108.738 Y105.865 E3.25582
G1 X108.909 Y105.743 E3.26592
G1 X109.153 Y105.689 E3.27794
G1 X111.228 Y105.689 E3.37774
G1 X111.407 Y105.711 E3.38641
G1 X111.663 Y105.865 E3.40078
G1 X111.683 Y105.886 E3.40217
G1 X111.436 Y106.211 F7800
;TYPE:External perimeter
G1 F900
G1 X111.516 Y106.336 E3.40931
G1 X111.516 Y108.951 E3.53508
G1 X111.462 Y109.085 E3.54203
G1 X111.333 Y109.201 E3.55037
G1 X109.153 Y109.221 E3.65522
G1 X109.014 Y109.163 E3.66246
G1 X108.884 Y108.982 E3.67318
G1 X108.884 Y106.346 E3.79996
G1 X108.939 Y106.211 E3.80697
G1 X109.072 Y106.093 E3.81552
G1 X111.228 Y106.075 E3.91922
G1 X111.386 Y106.133 E3.92732
G1 X111.404 Y106.161 E3.92892
G1 X111.505 Y106.548 F7800
G1 X112.73 Y106.274
;TYPE:Perimeter
;WIDTH:0.569871
G1 F900
G1 X112.733 Y106.363 E3.93453
;WIDTH:0.613999
G1 X112.755 Y108.951 E4.11195
;WIDTH:0.635633
G1 X112.744 Y109.2 E4.12971
G1 E2.12971 F2400
G92 E0
G1 X112.461 Y102.27 F7800
G1 E2 F2400
;WIDTH:0.45
G1 F3600
G1 X112.551 Y102.284 E2.00438
G1 X112.604 Y103.117 E2.04453
;TYPE:Overhang perimeter
;WIDTH:0.4
;HEIGHT:0.4
M106 S255
G1 X112.669 Y104.114 E2.09673
M106 S229.5
;TYPE:Perimeter
;WIDTH:0.45
;HEIGHT:0.3
G1 X112.734 Y105.214 E2.14973
;WIDTH:0.48905
G1 X112.732 Y105.567 E2.16843
;WIDTH:0.5281
G1 X112.731 Y105.92 E2.18885
;WIDTH:0.567151
G1 X112.73 Y106.274 E2.21105
G1 X112.584 Y105.984 E2.23141
;WIDTH:0.5281
G1 X112.438 Y105.695 E2.25014
;WIDTH:0.48905
G1 X112.292 Y105.406 E2.26729
;WIDTH:0.45
G1 X112.038 Y105.173 E2.28387
G1 X111.619 Y104.97 E2.30626
G1 X111.247 Y104.918 E2.32433
G1 X109.081 Y104.92 E2.42851
G1 X108.584 Y105.043 E2.45314
G1 X108.184 Y105.328 E2.47676
G1 X107.883 Y105.716 E2.50038
;WIDTH:0.48133
G1 X107.79 Y106.031 E2.51746
;WIDTH:0.512661
G1 X107.696 Y106.346 E2.53584
;WIDTH:0.537465
G1 X107.684 Y107.711 E2.61639
;WIDTH:0.541823
G1 X107.681 Y109.176 E2.70363
G1 X107.801 Y109.411 E2.71934
;WIDTH:0.495911
G1 X107.921 Y109.647 E2.73359
;WIDTH:0.45
G1 X108.108 Y109.89 E2.74834
G1 X108.414 Y110.158 E2.7679
G1 X108.733 Y110.311 E2.78492
G1 X109.153 Y110.378 E2.80538
G1 X111.247 Y110.378 E2.90609
G1 X111.848 Y110.237 E2.93578
G1 X112.292 Y109.89 E2.96288
;WIDTH:0.496408
G1 X112.405 Y109.718 E2.97397
;WIDTH:0.542816
G1 X112.518 Y109.545 E2.9863
;WIDTH:0.589224
G1 X112.631 Y109.372 E2.99983
;WIDTH:0.635633
G1 X112.744 Y109.2 E3.01449
G1 X112.764 Y109.287 E3.02085
;WIDTH:0.595304
G1 X112.784 Y109.375 E3.02683
;WIDTH:0.554976
G1 X112.793 Y109.62 E3.04183
;WIDTH:0.519984
G1 X112.802 Y109.866 E3.05582
;WIDTH:0.484992
G1 X112.811 Y110.111 E3.06868
;WIDTH:0.45
G1 X112.786 Y110.853 E3.10439
G1 X112.681 Y112.326 E3.17542
G1 X112.511 Y113.98 E3.25539
G1 X112.289 Y115.675 E3.33761
G1 X111.975 Y117.608 E3.4318
G1 X110.849 Y117.661 E3.48602
G1 X108.849 Y117.654 E3.58221
G1 X108.026 Y117.613 E3.62184
G1 X107.895 Y116.884 E3.65746
G1 X107.621 Y115.028 E3.74769
G1 X107.437 Y113.519 E3.82081
G1 X107.299 Y112.082 E3.89024
G1 X107.174 Y109.86 E3.99728
;WIDTH:0.495911
G1 X107.189 Y109.374 E4.02345
;WIDTH:0.541823
G1 X107.211 Y107.708 E4.12267
;WIDTH:0.537465
G1 X107.25 Y106.271 E4.20749
;WIDTH:0.512661
G1 X107.248 Y105.906 E4.2279
;WIDTH:0.48133
G1 X107.246 Y105.542 E4.24683
;WIDTH:0.45
G1 X107.334 Y104.114 E4.31564
;TYPE:Overhang perimeter
;WIDTH:0.4
;HEIGHT:0.4
M106 S255
G1 X107.396 Y103.117 E4.36783
M106 S229.5
;TYPE:Perimeter
;WIDTH:0.45
;HEIGHT:0.3
G1 X107.446 Y102.306 E4.40691
G1 X107.883 Y102.197 E4.42857
G1 X108.71 Y102.121 E4.46851
G1 X109.307 Y102.091 E4.49726
G1 X110.129 Y102.081 E4.5368
G1 X110.889 Y102.097 E4.57336
G1 X111.669 Y102.145 E4.61095
G1 X112.401 Y102.261 E4.6466
G1 X112.901 Y102.014 F7800
G1 F3600
G1 X112.92 Y102.022 E4.64759
G1 X112.991 Y103.117 E4.70037
;TYPE:Overhang perimeter
;WIDTH:0.4
;HEIGHT:0.4
M106 S255
G1 X113.052 Y104.067 E4.7501
M106 S229.5
;TYPE:Perimeter
;WIDTH:0.45
;HEIGHT:0.3
G1 X113.178 Y106.345 E4.85983
G1 X113.222 Y107.929 E4.93604
G1 X113.222 Y109.381 E5.00588
G1 X113.171 Y110.873 E5.07768
G1 X113.065 Y112.359 E5.14933
G1 X112.894 Y114.025 E5.22988
G1 X112.671 Y115.729 E5.31254
G1 X112.417 Y117.364 E5.39212
G1 X112.299 Y117.961 E5.42139
G1 X112.192 Y117.984 E5.42665
G1 X110.858 Y118.046 E5.49088
G1 X108.824 Y118.04 E5.58871
G1 X107.748 Y117.976 E5.64055
G1 X107.692 Y117.929 E5.64407
G1 X107.514 Y116.947 E5.69207
G1 X107.239 Y115.079 E5.78288
G1 X107.054 Y113.561 E5.85643
G1 X106.914 Y112.113 E5.9264
G1 X106.829 Y110.871 E5.98628
G1 X106.773 Y108.892 E6.0815
G1 X106.781 Y107.697 E6.13898
G1 X106.86 Y105.523 E6.24361
G1 X107.077 Y102.032 E6.41184
G1 X107.343 Y101.913 E6.42586
G1 X107.841 Y101.813 E6.45029
G1 X108.689 Y101.736 E6.49124
G1 X109.302 Y101.705 E6.52076
G1 X110.137 Y101.695 E6.56092
G1 X110.912 Y101.712 E6.5982
G1 X111.712 Y101.762 E6.63675
G1 X112.604 Y101.899 E6.68016
G1 X112.845 Y101.993 E6.6926
G1 X113.289 Y101.9 F7800
G1 F3600
G1 X113.3 Y101.917 E6.69357
G1 X113.504 Y105.174 E6.85053
G1 X113.563 Y106.33 E6.9062
G1 X113.608 Y107.923 E6.98285
G1 X113.608 Y109.388 E7.05331
G1 X113.556 Y110.893 E7.12574
G1 X113.449 Y112.393 E7.19807
G1 X113.277 Y114.069 E7.2791
G1 X113.053 Y115.784 E7.36229
G1 X112.797 Y117.431 E7.44246
G1 X112.696 Y117.941 E7.46747
G1 X112.586 Y118.294 E7.48525
G1 X112.242 Y118.368 E7.50217
G1 X110.866 Y118.432 E7.56842
G1 X108.849 Y118.425 E7.66543
G1 X108.103 Y118.394 E7.70134
G1 X107.444 Y118.312 E7.73328
G1 X107.318 Y118.033 E7.748
G1 X107.134 Y117.009 E7.79804
G1 X106.856 Y115.131 E7.88935
G1 X106.67 Y113.603 E7.96338
G1 X106.53 Y112.145 E8.03383
G1 X106.444 Y110.892 E8.09424
G1 X106.403 Y109.887 E8.14262
G1 X106.387 Y108.894 E8.19039
G1 X106.396 Y107.688 E8.2484
G1 X106.475 Y105.504 E8.35351
G1 X106.697 Y101.931 E8.52569
G1 X106.835 Y101.717 E8.53794
G1 X107.218 Y101.548 E8.55807
G1 X107.742 Y101.436 E8.58384
G1 X108.379 Y101.366 E8.61466
G1 X109.253 Y101.32 E8.65675
G1 X110.108 Y101.309 E8.69788
G1 X110.893 Y101.325 E8.73564
G1 X111.658 Y101.37 E8.7725
G1 X112.202 Y101.43 E8.79882
G1 X112.732 Y101.531 E8.82477
G1 X113.165 Y101.717 E8.84744
G1 X113.255 Y101.85 E8.85516
G1 X113.676 Y101.805 F7800
;TYPE:External perimeter
G1 F1800
G1 X113.68 Y101.811 E8.85551
G1 X113.889 Y105.155 E9.01666
G1 X113.949 Y106.314 E9.07248
G1 X113.994 Y107.918 E9.14966
G1 X113.994 Y109.394 E9.22065
G1 X113.941 Y110.914 E9.2938
G1 X113.834 Y112.426 E9.3667
G1 X113.66 Y114.114 E9.44832
G1 X113.435 Y115.839 E9.53199
G1 X113.177 Y117.498 E9.61274
G1 X113.047 Y118.15 E9.64472
G1 X112.901 Y118.54 E9.66475
G1 X112.767 Y118.649 E9.67306
G1 X112.292 Y118.751 E9.69643
G1 X110.874 Y118.817 E9.7647
G1 X108.802 Y118.811 E9.86436
G1 X107.682 Y118.744 E9.91832
G1 X107.279 Y118.67 E9.93803
G1 X107.099 Y118.537 E9.94879
G1 X106.945 Y118.137 E9.96941
G1 X106.753 Y117.072 E10.02146
G1 X106.474 Y115.182 E10.11335
G1 X106.287 Y113.645 E10.18782
G1 X106.145 Y112.177 E10.25876
G1 X106.059 Y110.913 E10.31969
G1 X106.017 Y109.898 E10.36855
G1 X106.001 Y108.896 E10.41675
G1 X106.01 Y107.68 E10.47524
G1 X106.09 Y105.485 E10.58088
G1 X106.317 Y101.829 E10.75706
G1 X106.445 Y101.571 E10.77091
G1 X106.702 Y101.347 E10.78731
G1 X107.167 Y101.158 E10.81145
G1 X107.683 Y101.055 E10.83676
G1 X108.348 Y100.982 E10.86894
G1 X109.24 Y100.935 E10.9119
G1 X110.11 Y100.923 E10.95375
G1 X110.908 Y100.94 E10.99214
G1 X111.74 Y100.989 E11.03223
G1 X112.245 Y101.046 E11.05667
G1 X112.756 Y101.143 E11.08169
G1 X113.177 Y101.276 E11.10293
G1 X113.487 Y101.496 E11.12121
G1 X113.644 Y101.754 E11.13574
G1 X113.697 Y102.15 F7800
G1 E9.13574 F2400
G92 E0
G1 X107.561 Y105.896 F7800
G1 E2 F2400
;TYPE:Bridge infill
;WIDTH:0.430884
;HEIGHT:0.4
M106 S255
G1 F3600
G1 X107.769 Y102.545 E2.20354
G1 X108.255 Y102.479 E2.23327
G1 X108.099 Y104.998 E2.38627
G1 X108.446 Y104.751 E2.41209
G1 X108.599 Y104.707 E2.42174
G1 X108.739 Y102.442 E2.55932
G1 X109.222 Y102.416 E2.58864
G1 X109.087 Y104.601 E2.72136
G1 X109.569 Y104.596 E2.75058
G1 X109.705 Y102.407 E2.88354
G1 X110.187 Y102.404 E2.91276
G1 X110.051 Y104.596 E3.0459
G1 X110.533 Y104.596 E3.07512
G1 X110.668 Y102.413 E3.20772
G1 X111.148 Y102.435 E3.23685
G1 X111.014 Y104.596 E3.36811
G1 X111.256 Y104.596 E3.38278
G1 X111.494 Y104.63 E3.39735
G1 X111.628 Y102.464 E3.52891
G1 X112.107 Y102.52 E3.55815
G1 X111.953 Y105.003 E3.70897
M106 S229.5
G1 E1.70897 F2400
G92 E0
G1 X108.306 Y117.22 F7800
G1 E2 F2400
;TYPE:Solid infill
;WIDTH:0.571651
;HEIGHT:0.3
G1 F1200
G1 X108.261 Y117.264 E2.00398
G1 X108.277 Y117.326 E2.00803
G1 X108.339 Y117.342 E2.01208
G1 X108.383 Y117.297 E2.01606
G1 X108.367 Y117.236 E2.02005
;WIDTH:0.45
G1 X109.038 Y117.365 E2.05291
G1 X108.123 Y116.45 E2.11515
G1 X108.029 Y115.811 E2.14621
G1 X109.585 Y117.367 E2.25205
G1 X110.133 Y117.369 E2.27841
G1 X107.934 Y115.171 E2.42795
G1 X107.853 Y114.544 E2.45836
G1 X110.68 Y117.371 E2.65065
G1 X111.208 Y117.354 E2.67606
G1 X107.778 Y113.923 E2.9094
G1 X107.707 Y113.308 E2.93918
G1 X111.729 Y117.33 E3.21275
G1 X111.807 Y116.862 E3.23557
G1 X107.649 Y112.704 E3.51839
G1 X107.591 Y112.101 E3.54753
G1 X111.882 Y116.392 E3.8394
G1 X111.957 Y115.922 E3.86229
G1 X107.549 Y111.514 E4.16212
G1 X107.509 Y110.928 E4.19037
G1 X112.028 Y115.447 E4.49775
G1 X112.091 Y114.964 E4.52118
G1 X107.483 Y110.357 E4.83458
G1 X107.486 Y109.388 F7800
;WIDTH:0.404381
G1 F1200
G1 X107.779 Y109.735 E4.85384
;WIDTH:0.45
G1 X107.473 Y109.801 E4.8689
G1 X112.154 Y114.482 E5.1873
G1 X112.217 Y114 E5.21068
G1 X108.846 Y110.629 E5.43997
G1 X108.573 Y110.467 E5.45524
;WIDTH:0.404381
G1 X108.32 Y110.286 E5.46843
G1 X109.43 Y110.668 F7800
;WIDTH:0.45
G1 F1200
G1 X112.269 Y113.506 E5.6615
G1 X112.32 Y113.012 E5.68539
G1 X109.975 Y110.668 E5.84486
G1 X110.521 Y110.668 E5.87112
G1 X112.37 Y112.517 E5.99689
G1 E3.99689 F2400
G92 E0
G1 X111.202 Y110.804 F7800
G1 E2 F2400
G1 F1200
G1 X112.41 Y112.012 E2.08217
G1 X112.497 Y110.837 E2.13884
G1 X112.523 Y110.067 E2.1759
G1 X112.007 Y110.476 E2.20757
G1 X111.28 Y110.662 E2.24366
G1 X111.066 Y110.668 E2.25396
G1 X112.004 Y110.9 F7800
;WIDTH:0.608286
G1 F1200
G1 X111.956 Y110.948 E2.25857
G1 X111.973 Y111.014 E2.26319
G1 X112.039 Y111.031 E2.26781
G1 X112.087 Y110.983 E2.27242
G1 X112.069 Y110.918 E2.277
M106 S226.95
;LAYER_CHANGE
;Z:17.8214
;HEIGHT:0.0714283
G1 E.277 F2400
G92 E0
G1 Z17.821 F7800
G1 X110.891 Y108.596
G1 E2 F2400
;TYPE:Support material
;WIDTH:0.35
;HEIGHT:0.285714
G1 F3600
G1 X109.509 Y108.596 E2.04739
G1 X109.509 Y106.7 E2.11241
G1 X110.891 Y106.7 E2.1598
G1 X110.891 Y108.553 E2.22334
G1 X110.761 Y107.214 F7800
G1 F3600
G1 X109.639 Y107.214 E2.26182
;LAYER_CHANGE
;Z:18.05
;HEIGHT:0.228571
G1 E.26182 F2400
G92 E0
G1 Z18.05 F7800
G1 X111.993 Y105.659
G1 E2 F2400
;TYPE:Perimeter
;WIDTH:0.45
;HEIGHT:0.3
G1 F900
G1 X112.015 Y105.674 E2.00128
G1 X112.287 Y106.192 E2.02942
G1 X112.287 Y108.95 E2.16207
G1 X112.269 Y109.135 E2.17101
G1 X112.015 Y109.622 E2.19743
G1 X111.676 Y109.892 E2.21827
G1 X111.247 Y109.993 E2.23947
G1 X109.15 Y109.993 E2.34033
G1 X108.727 Y109.893 E2.36124
G1 X108.332 Y109.562 E2.38603
G1 X108.113 Y109.044 E2.41308
G1 X108.113 Y106.346 E2.54284
G1 X108.227 Y105.89 E2.56545
G1 X108.461 Y105.596 E2.58352
G1 X108.753 Y105.39 E2.60071
G1 X109.153 Y105.303 E2.6204
G1 X111.247 Y105.303 E2.72111
G1 X111.577 Y105.362 E2.73723
G1 X111.944 Y105.624 E2.75892
G1 X111.72 Y105.929 F7800
G1 F900
G1 X111.738 Y105.943 E2.76002
G1 X111.902 Y106.254 E2.77693
G1 X111.902 Y108.95 E2.9066
G1 X111.891 Y109.061 E2.91196
G1 X111.663 Y109.431 E2.93286
G1 X111.504 Y109.547 E2.94233
G1 X111.247 Y109.607 E2.95502
G1 X109.151 Y109.607 E3.05583
G1 X108.897 Y109.547 E3.06838
G1 X108.63 Y109.317 E3.08533
G1 X108.499 Y109.007 E3.10152
G1 X108.499 Y106.346 E3.2295
G1 X108.567 Y106.072 E3.24308
G1 X108.738 Y105.865 E3.25599
G1 X108.913 Y105.741 E3.26631
G1 X109.196 Y105.689 E3.28015
G1 X111.247 Y105.689 E3.3788
G1 X111.445 Y105.724 E3.38847
G1 X111.672 Y105.893 E3.40208
G1 X111.447 Y106.199 F7800
;TYPE:External perimeter
G1 F900
G1 X111.462 Y106.211 E3.403
G1 X111.516 Y106.346 E3.40999
G1 X111.516 Y108.95 E3.53523
G1 X111.452 Y109.094 E3.54281
G1 X111.281 Y109.218 E3.55297
G1 X109.152 Y109.221 E3.65537
G1 X109.014 Y109.163 E3.66257
G1 X108.884 Y108.97 E3.67376
G1 X108.884 Y106.346 E3.79997
G1 X108.939 Y106.211 E3.80698
G1 X109.073 Y106.092 E3.8156
G1 X110.038 Y106.075 E3.86202
G1 X111.313 Y106.086 E3.92335
G1 X111.401 Y106.16 E3.92888
G1 X111.506 Y106.546 F7800
G1 X112.693 Y106.072
;TYPE:Perimeter
;WIDTH:0.543977
G1 F900
G1 X112.711 Y106.346 E3.94531
;WIDTH:0.565797
G1 X112.731 Y107.472 E4.01574
;WIDTH:0.579631
G1 X112.738 Y108.891 E4.10693
;WIDTH:0.599631
G1 X112.721 Y109.224 E4.12919
G1 E2.12919 F2400
G92 E0
G1 X112.418 Y102.275 F7800
G1 E2 F2400
;WIDTH:0.45
G1 F3600
G1 X112.505 Y102.288 E2.00423
G1 X112.688 Y105.231 E2.14605
;WIDTH:0.496988
G1 X112.69 Y105.652 E2.16877
;WIDTH:0.543977
G1 X112.693 Y106.072 E2.19389
G1 X112.454 Y105.7 E2.22034
;WIDTH:0.496988
G1 X112.216 Y105.328 E2.24417
;WIDTH:0.45
G1 X111.709 Y104.999 E2.27324
G1 X111.247 Y104.918 E2.2958
G1 X109.074 Y104.92 E2.40031
G1 X108.593 Y105.039 E2.42414
G1 X108.184 Y105.328 E2.44823
G1 X107.888 Y105.708 E2.4714
;WIDTH:0.491756
G1 X107.707 Y106.346 E2.50675
;WIDTH:0.519709
G1 X107.693 Y107.947 E2.59768
;WIDTH:0.520979
G1 X107.692 Y109.188 E2.66835
G1 X107.9 Y109.539 E2.69159
;WIDTH:0.485489
G1 X108.108 Y109.89 E2.71302
;WIDTH:0.45
G1 X108.556 Y110.239 E2.74033
G1 X109.149 Y110.378 E2.76962
G1 X111.484 Y110.357 E2.88193
G1 X111.847 Y110.238 E2.9003
G1 X112.292 Y109.89 E2.92747
;WIDTH:0.499877
G1 X112.435 Y109.668 E2.94181
;WIDTH:0.549754
G1 X112.578 Y109.446 E2.9578
;WIDTH:0.599631
G1 X112.721 Y109.224 E2.97543
G1 X112.74 Y109.52 E2.99523
;WIDTH:0.549754
G1 X112.76 Y109.815 E3.01313
;WIDTH:0.499877
G1 X112.779 Y110.111 E3.02924
;WIDTH:0.45
G1 X112.707 Y111.457 E3.09407
G1 X112.591 Y112.816 E3.15967
G1 X112.416 Y114.335 E3.23321
G1 X112.149 Y116.143 E3.32111
G1 X111.909 Y117.408 E3.38304
G1 X111.122 Y117.454 E3.42096
G1 X110.013 Y117.461 E3.4743
G1 X108.899 Y117.451 E3.52788
G1 X108.093 Y117.407 E3.5667
G1 X107.932 Y116.613 E3.60567
G1 X107.683 Y115.06 E3.68132
G1 X107.453 Y113.201 E3.77141
G1 X107.361 Y112.301 E3.81492
G1 X107.269 Y111.097 E3.873
G1 X107.221 Y110.107 E3.92067
;WIDTH:0.485489
G1 X107.228 Y109.528 E3.95108
;WIDTH:0.520979
G1 X107.237 Y107.944 E4.04129
;WIDTH:0.519709
G1 X107.281 Y106.27 E4.13639
;WIDTH:0.491756
G1 X107.286 Y105.541 E4.17525
;WIDTH:0.45
G1 X107.493 Y102.292 E4.33183
G1 X107.902 Y102.21 E4.35189
G1 X108.401 Y102.156 E4.37603
G1 X109.173 Y102.112 E4.41322
G1 X110.064 Y102.097 E4.45608
G1 X110.883 Y102.114 E4.49548
G1 X111.653 Y102.16 E4.53258
G1 X112.358 Y102.266 E4.56687
G1 X112.86 Y102.013 F7800
G1 F3600
G1 X112.874 Y102.019 E4.5676
G1 X113.135 Y106.331 E4.77537
G1 X113.174 Y107.462 E4.8298
G1 X113.188 Y108.893 E4.89863
G1 X113.164 Y110.125 E4.9579
G1 X113.092 Y111.483 E5.02331
G1 X112.974 Y112.855 E5.08954
G1 X112.798 Y114.385 E5.16361
G1 X112.53 Y116.206 E5.25214
G1 X112.209 Y117.767 E5.32879
G1 X111.133 Y117.84 E5.38066
G1 X110.015 Y117.847 E5.43443
G1 X108.359 Y117.816 E5.51409
G1 X107.789 Y117.756 E5.54166
G1 X107.75 Y117.653 E5.54696
G1 X107.552 Y116.682 E5.59462
G1 X107.302 Y115.115 E5.67094
G1 X107.112 Y113.652 E5.7419
G1 X106.979 Y112.359 E5.80442
G1 X106.884 Y111.121 E5.86414
G1 X106.836 Y110.126 E5.91205
G1 X106.814 Y109.138 E5.95958
G1 X106.817 Y107.935 E6.01744
G1 X106.901 Y105.523 E6.13352
G1 X107.12 Y102.033 E6.30171
G1 X107.369 Y101.924 E6.31478
G1 X107.859 Y101.827 E6.3388
G1 X108.378 Y101.771 E6.36391
G1 X109.166 Y101.726 E6.40187
G1 X110.071 Y101.712 E6.4454
G1 X110.906 Y101.729 E6.48557
G1 X111.696 Y101.777 E6.52364
G1 X112.582 Y101.911 E6.56674
G1 X112.804 Y101.993 E6.57812
G1 X113.247 Y101.897 F7800
G1 F3600
G1 X113.254 Y101.907 E6.57871
G1 X113.52 Y106.317 E6.7912
G1 X113.56 Y107.453 E6.84587
G1 X113.574 Y108.895 E6.91523
G1 X113.55 Y110.139 E6.97507
G1 X113.476 Y111.51 E7.04111
G1 X113.358 Y112.893 E7.10787
G1 X113.18 Y114.435 E7.18253
G1 X112.91 Y116.269 E7.27169
G1 X112.577 Y117.879 E7.35076
G1 X112.477 Y118.101 E7.36247
G1 X111.817 Y118.192 E7.39451
G1 X111.144 Y118.226 E7.42692
G1 X109.272 Y118.237 E7.51696
G1 X108.381 Y118.204 E7.55984
G1 X107.87 Y118.162 E7.5845
G1 X107.499 Y118.075 E7.60283
G1 X107.378 Y117.762 E7.61897
G1 X107.173 Y116.75 E7.66863
G1 X106.92 Y115.17 E7.74559
G1 X106.729 Y113.697 E7.81703
G1 X106.595 Y112.394 E7.88003
G1 X106.499 Y111.145 E7.94028
G1 X106.45 Y110.14 E7.98867
G1 X106.428 Y109.142 E8.03668
G1 X106.431 Y107.927 E8.09512
G1 X106.516 Y105.504 E8.21173
G1 X106.74 Y101.928 E8.38406
G1 X106.871 Y101.721 E8.39584
G1 X107.245 Y101.558 E8.41546
G1 X107.764 Y101.449 E8.44097
G1 X108.308 Y101.388 E8.4673
G1 X109.114 Y101.341 E8.50613
G1 X110.04 Y101.325 E8.55067
G1 X110.885 Y101.341 E8.59132
G1 X111.644 Y101.386 E8.62789
G1 X112.184 Y101.443 E8.65401
G1 X112.707 Y101.542 E8.67961
G1 X113.133 Y101.723 E8.70187
G1 X113.214 Y101.846 E8.70895
G1 X113.631 Y101.796 F7800
;TYPE:External perimeter
G1 F1800
G1 X113.633 Y101.8 E8.70917
G1 X113.905 Y106.304 E8.92619
G1 X113.945 Y107.444 E8.98105
G1 X113.959 Y108.897 E9.05094
G1 X113.935 Y110.153 E9.11136
G1 X113.861 Y111.537 E9.17802
G1 X113.742 Y112.932 E9.24536
G1 X113.563 Y114.485 E9.32055
G1 X113.291 Y116.333 E9.41039
G1 X113.053 Y117.617 E9.4732
G1 X112.892 Y118.185 E9.5016
G1 X112.732 Y118.408 E9.5148
G1 X112.389 Y118.517 E9.53211
G1 X111.845 Y118.576 E9.55843
G1 X111.155 Y118.611 E9.59166
G1 X109.266 Y118.623 E9.68252
G1 X108.331 Y118.588 E9.72752
G1 X107.795 Y118.543 E9.75339
G1 X107.284 Y118.415 E9.77873
G1 X107.176 Y118.31 E9.78597
G1 X107.007 Y117.87 E9.80864
G1 X106.793 Y116.819 E9.86023
G1 X106.538 Y115.226 E9.93782
G1 X106.346 Y113.741 E10.00984
G1 X106.211 Y112.428 E10.07332
G1 X106.114 Y111.169 E10.13405
G1 X106.065 Y110.154 E10.18292
G1 X106.043 Y109.146 E10.23141
G1 X106.046 Y107.92 E10.29038
G1 X106.131 Y105.485 E10.40757
G1 X106.36 Y101.828 E10.5838
G1 X106.485 Y101.572 E10.5975
G1 X106.718 Y101.364 E10.61252
G1 X107.194 Y101.169 E10.63726
G1 X107.705 Y101.068 E10.66231
G1 X108.276 Y101.004 E10.68995
G1 X109.1 Y100.956 E10.72965
G1 X110.04 Y100.94 E10.77487
G1 X110.9 Y100.956 E10.81624
G1 X111.724 Y101.004 E10.85594
G1 X112.227 Y101.06 E10.88028
G1 X112.732 Y101.154 E10.90499
G1 X113.145 Y101.284 E10.92581
G1 X113.442 Y101.489 E10.94317
G1 X113.599 Y101.745 E10.95761
G1 X113.65 Y102.142 F7800
G1 E8.95761 F2400
G92 E0
G1 X110.06 Y102.386 F7800
G1 E2 F2400
;TYPE:Solid infill
G1 F1200
G1 X110.844 Y102.401 E2.03771
G1 X111.599 Y102.445 E2.07408
G1 X112.23 Y102.537 E2.10475
G1 X112.39 Y105.101 E2.22831
G1 X111.773 Y104.72 E2.26319
G1 X111.238 Y104.629 E2.28929
G1 X108.926 Y104.647 E2.40049
G1 X108.444 Y104.795 E2.42474
G1 X107.956 Y105.15 E2.45376
G1 X107.593 Y105.635 E2.4829
G1 X107.575 Y105.553 E2.48694
G1 X107.765 Y102.538 E2.63224
G1 X108.401 Y102.445 E2.66315
G1 X109.154 Y102.401 E2.69943
G1 X109.868 Y102.39 E2.73377
G1 X109.867 Y102.775 E2.75229
G1 X109.169 Y102.787 E2.78587
G1 X108.441 Y102.829 E2.82094
G1 X108.13 Y102.874 E2.83605
G1 X108.02 Y104.622 E2.92029
G1 X108.398 Y104.396 E2.94147
G1 X108.907 Y104.259 E2.96682
G1 X111.236 Y104.243 E3.07884
G1 X111.84 Y104.34 E3.10826
G1 X111.959 Y104.387 E3.11441
G1 X111.865 Y102.873 E3.18737
G1 X111.229 Y102.81 E3.21811
G1 X110.06 Y102.772 E3.27436
G1 X110.059 Y103.158 E3.29293
G1 X110.677 Y103.169 E3.32266
;WIDTH:0.497525
G1 X110.814 Y103.199 E3.33024
;WIDTH:0.545051
G1 X110.95 Y103.229 E3.33859
;WIDTH:0.592577
G1 X111.086 Y103.259 E3.34777
G1 X111.434 Y103.278 E3.37073
;WIDTH:0.588895
G1 X111.467 Y103.812 E3.40573
G1 X111.188 Y103.788 E3.42405
G1 X111.016 Y103.812 E3.43541
;WIDTH:0.542596
G1 X110.844 Y103.836 E3.44577
;WIDTH:0.496298
G1 X110.673 Y103.86 E3.45507
;WIDTH:0.45
G1 X108.974 Y103.869 E3.53679
G1 X108.447 Y103.981 E3.5627
G1 X108.495 Y103.212 E3.59976
G1 X109.183 Y103.172 E3.63291
G1 X109.867 Y103.161 E3.66581
G1 X110.671 Y103.515 F7800
;WIDTH:0.384195
G1 F1200
G1 X108.818 Y103.536 E3.73973
G1 E1.73973 F2400
G92 E0
G1 X107.563 Y109.613 F7800
G1 E2 F2400
;WIDTH:0.45
G1 F1200
G1 X107.797 Y109.97 E2.02053
G1 X107.996 Y110.186 E2.03466
G1 X108.468 Y110.511 E2.06222
G1 X109.159 Y110.667 E2.09629
G1 X110.525 Y110.667 E2.16199
G1 X107.767 Y113.425 E2.34959
G1 X107.651 Y112.299 E2.40403
G1 X107.558 Y111.079 E2.46288
G1 X107.511 Y110.118 E2.50916
G1 X107.543 Y109.805 E2.52429
G1 X107.921 Y110.608 F7800
G1 F1200
G1 X108.172 Y110.79 E2.5392
G1 X108.38 Y110.886 E2.55022
G1 X109.027 Y111.038 E2.58219
G1 X109.594 Y111.053 E2.60947
G1 X108.068 Y112.58 E2.7133
G1 X107.932 Y110.8 E2.79916
G1 X108.31 Y111.232 E2.82677
;WIDTH:0.383903
G1 X108.802 Y111.347 E2.84691
G1 X108.353 Y111.796 E2.87222
G1 X108.324 Y111.424 E2.88709
G1 E.88709 F2400
G92 E0
G1 X107.826 Y113.912 F7800
G1 E2 F2400
;WIDTH:0.45
G1 F1200
G1 X111.07 Y110.668 E2.22065
G1 X112.54 Y109.971 F7800
;WIDTH:0.404381
G1 F1200
G1 X112.35 Y110.088 E2.23011
G1 X111.965 Y110.419 E2.25164
;WIDTH:0.45
G1 X111.692 Y110.591 E2.26716
G1 X107.889 Y114.394 E2.52584
G1 X107.951 Y114.877 E2.54926
G1 X112.467 Y110.361 E2.85643
G1 X112.441 Y110.933 E2.88397
G1 X108.023 Y115.351 E3.18448
G1 X108.098 Y115.821 E3.20737
G1 X112.412 Y111.507 E3.5008
G1 X112.361 Y112.103 E3.52957
G1 X108.173 Y116.292 E3.81447
G1 X108.256 Y116.755 E3.83709
G1 X112.31 Y112.7 E4.11287
G1 X112.242 Y113.313 E4.14253
G1 X108.418 Y117.138 E4.40267
G1 X108.26 Y117.256 E4.41215
;WIDTH:0.404381
G1 X108.189 Y117.237 E4.41527
G1 X108.208 Y117.308 E4.41839
G1 X108.249 Y117.297 E4.42019
;WIDTH:0.45
G1 X108.94 Y117.161 E4.45406
G1 X112.171 Y113.93 E4.67383
G1 X112.091 Y114.555 E4.70414
G1 X109.471 Y117.175 E4.88235
G1 X110.019 Y117.172 E4.90871
G1 X111.997 Y115.195 E5.04322
G1 X111.801 Y116.036 F7800
;WIDTH:0.590643
G1 F1200
G1 X111.612 Y117.07 E5.11221
G1 X110.739 Y117.097 E5.16954
G1 X111.664 Y116.172 E5.2554
M106 S221.85
;LAYER_CHANGE
;Z:18.1071
;HEIGHT:0.0571442
G1 E3.2554 F2400
G92 E0
G1 Z18.107 F7800
G1 X110.891 Y108.596
G1 E2 F2400
;TYPE:Support material
;WIDTH:0.35
;HEIGHT:0.285714
G1 F3600
G1 X109.509 Y108.596 E2.04739
G1 X109.509 Y106.7 E2.11241
G1 X110.891 Y106.7 E2.1598
G1 X110.891 Y108.553 E2.22334
G1 X110.761 Y107.214 F7800
G1 F3600
G1 X109.639 Y107.214 E2.26182
;LAYER_CHANGE
;Z:18.35
;HEIGHT:0.242857
G1 E.26182 F2400
G92 E0
G1 Z18.35 F7800
G1 X111.99 Y105.656
G1 E2 F2400
;TYPE:Perimeter
;WIDTH:0.45
;HEIGHT:0.3
G1 F900
G1 X112.015 Y105.675 E2.00151
G1 X112.287 Y106.309 E2.03469
G1 X112.287 Y108.951 E2.16176
G1 X112.27 Y109.129 E2.17036
G1 X112.182 Y109.389 E2.18356
G1 X111.94 Y109.7 E2.20251
G1 X111.762 Y109.844 E2.21352
G1 X111.247 Y109.993 E2.23931
G1 X109.006 Y109.981 E2.3471
G1 X108.55 Y109.781 E2.37105
G1 X108.385 Y109.622 E2.38207
G1 X108.113 Y109.109 E2.41
G1 X108.113 Y106.346 E2.54289
G1 X108.188 Y105.972 E2.56124
G1 X108.461 Y105.596 E2.58359
G1 X108.76 Y105.387 E2.60114
G1 X109.2 Y105.303 E2.62268
G1 X111.247 Y105.303 E2.72113
G1 X111.578 Y105.362 E2.7373
G1 X111.941 Y105.621 E2.75875
G1 X111.716 Y105.931 F7800
G1 F900
G1 X111.755 Y105.961 E2.76112
G1 X111.902 Y106.346 E2.78094
G1 X111.902 Y108.951 E2.90623
G1 X111.838 Y109.213 E2.9192
G1 X111.663 Y109.431 E2.93265
G1 X111.556 Y109.518 E2.93928
G1 X111.247 Y109.607 E2.95475
G1 X109.153 Y109.607 E3.05546
G1 X108.791 Y109.48 E3.07391
G1 X108.662 Y109.353 E3.08262
G1 X108.499 Y109.007 E3.10102
G1 X108.499 Y106.346 E3.229
G1 X108.544 Y106.122 E3.23999
G1 X108.738 Y105.865 E3.25548
G1 X108.917 Y105.739 E3.26601
G1 X109.2 Y105.689 E3.27983
G1 X111.247 Y105.689 E3.37828
G1 X111.445 Y105.724 E3.38795
G1 X111.669 Y105.895 E3.4015
G1 X111.436 Y106.212 F7800
;TYPE:External perimeter
G1 F900
G1 X111.516 Y106.338 E3.40868
G1 X111.516 Y108.953 E3.53445
G1 X111.462 Y109.085 E3.54131
G1 X111.35 Y109.192 E3.54876
G1 X111.247 Y109.221 E3.55391
G1 X109.153 Y109.221 E3.65462
G1 X109.014 Y109.163 E3.66186
G1 X108.884 Y108.97 E3.67305
G1 X108.884 Y106.346 E3.79926
G1 X108.939 Y106.211 E3.80627
G1 X109.074 Y106.091 E3.81496
G1 X111.247 Y106.075 E3.91948
G1 X111.386 Y106.133 E3.92672
G1 X111.403 Y106.161 E3.9283
G1 X111.505 Y106.548 F7800
G1 X112.684 Y106.291
;TYPE:Perimeter
;WIDTH:0.475919
G1 F900
G1 X112.686 Y106.346 E3.93112
;WIDTH:0.521251
G1 X112.708 Y107.477 E3.99558
;WIDTH:0.534075
G1 X112.715 Y108.65 E4.0643
;WIDTH:0.551181
G1 X112.699 Y109.21 E4.09832
G1 E2.09832 F2400
G92 E0
G1 X112.369 Y102.286 F7800
G1 E2 F2400
;WIDTH:0.45
G1 F3600
G1 X112.468 Y102.3 E2.00481
G1 X112.657 Y105.313 E2.15001
;WIDTH:0.474825
G1 X112.684 Y106.291 E2.2001
G1 X112.331 Y105.447 E2.24693
;WIDTH:0.45
G1 X112.216 Y105.328 E2.25489
G1 X111.71 Y104.999 E2.28392
G1 X111.247 Y104.918 E2.30653
G1 X109.153 Y104.918 E2.40724
G1 X108.603 Y105.035 E2.43429
G1 X108.108 Y105.406 E2.46404
;WIDTH:0.484236
G1 X107.955 Y105.608 E2.47731
;WIDTH:0.518472
G1 X107.801 Y105.81 E2.4917
G1 X107.715 Y106.378 E2.52424
;WIDTH:0.496184
G1 X107.704 Y107.813 E2.60153
;WIDTH:0.497411
G1 X107.704 Y109.194 E2.67612
G1 X108.108 Y109.89 E2.71958
;WIDTH:0.45
G1 X108.309 Y110.082 E2.73295
G1 X108.947 Y110.363 E2.76648
G1 X109.153 Y110.378 E2.77641
G1 X111.375 Y110.378 E2.88328
G1 X111.968 Y110.17 E2.9135
G1 X112.216 Y109.968 E2.92888
G1 X112.525 Y109.564 E2.95334
;WIDTH:0.483727
G1 X112.583 Y109.446 E2.96022
;WIDTH:0.517454
G1 X112.641 Y109.328 E2.96765
;WIDTH:0.551181
G1 X112.699 Y109.21 E2.97563
G1 X112.714 Y109.346 E2.98394
;WIDTH:0.517454
G1 X112.729 Y109.482 E2.99167
;WIDTH:0.483727
G1 X112.745 Y109.618 E2.99883
;WIDTH:0.45
G1 X112.706 Y110.609 E3.04653
G1 X112.61 Y111.888 E3.10822
G1 X112.442 Y113.509 E3.1866
G1 X112.292 Y114.58 E3.23861
G1 X112.13 Y115.521 E3.28453
G1 X111.99 Y116.197 E3.31773
G1 X111.782 Y116.916 E3.35373
G1 X111.459 Y116.984 E3.36961
G1 X110.918 Y117.029 E3.39572
G1 X109.408 Y117.044 E3.46835
G1 X108.783 Y117.008 E3.49846
G1 X108.215 Y116.92 E3.5261
G1 X108.069 Y116.443 E3.55009
G1 X107.926 Y115.778 E3.58281
G1 X107.702 Y114.537 E3.64346
G1 X107.528 Y113.268 E3.70507
G1 X107.378 Y111.806 E3.77576
G1 X107.284 Y110.466 E3.84037
;WIDTH:0.497411
G1 X107.273 Y107.811 E3.98377
;WIDTH:0.496184
G1 X107.306 Y106.286 E4.06592
;WIDTH:0.518472
G1 X107.365 Y105.709 E4.09877
G1 X107.367 Y105.395 E4.11655
;WIDTH:0.484236
G1 X107.368 Y105.08 E4.13305
;WIDTH:0.45
G1 X107.534 Y102.302 E4.2669
G1 X107.832 Y102.24 E4.28154
G1 X108.42 Y102.174 E4.31
G1 X109.179 Y102.132 E4.34656
G1 X110.129 Y102.118 E4.39226
G1 X110.874 Y102.134 E4.4281
G1 X111.639 Y102.179 E4.46496
G1 X112.31 Y102.277 E4.49758
G1 X112.813 Y102.016 F7800
G1 F900
G1 X112.837 Y102.024 E4.4988
G1 X113.042 Y105.293 E4.65634
G1 X113.13 Y107.466 E4.76094
G1 X113.142 Y108.65 E4.81789
G1 X113.13 Y109.629 E4.86498
G1 X113.092 Y110.622 E4.91277
G1 X113.026 Y111.611 E4.96044
G1 X112.825 Y113.555 E5.05444
G1 X112.673 Y114.637 E5.10699
G1 X112.519 Y115.548 E5.15143
G1 X112.381 Y116.219 E5.18438
G1 X112.252 Y116.726 E5.20954
G1 X112.062 Y117.249 E5.2363
G1 X111.55 Y117.363 E5.26153
G1 X110.971 Y117.413 E5.28948
G1 X110.286 Y117.438 E5.32245
G1 X109.434 Y117.432 E5.36343
G1 X108.816 Y117.398 E5.3932
G1 X108.302 Y117.339 E5.41808
G1 X107.937 Y117.242 E5.43624
G1 X107.86 Y117.08 E5.44487
G1 X107.695 Y116.54 E5.47203
G1 X107.481 Y115.543 E5.52107
G1 X107.327 Y114.638 E5.56522
G1 X107.145 Y113.317 E5.62936
G1 X106.995 Y111.862 E5.69971
G1 X106.908 Y110.621 E5.75954
G1 X106.861 Y109.135 E5.83105
G1 X106.864 Y107.803 E5.89511
G1 X106.906 Y106.351 E5.96498
G1 X107.133 Y102.548 E6.14822
G1 X107.183 Y102.012 E6.17411
G1 X107.787 Y101.857 E6.2041
G1 X108.398 Y101.789 E6.23367
G1 X109.173 Y101.746 E6.271
G1 X110.137 Y101.732 E6.31737
G1 X110.896 Y101.749 E6.35388
G1 X111.68 Y101.795 E6.39165
G1 X112.561 Y101.925 E6.43448
G1 X112.757 Y101.996 E6.44451
G1 X113.189 Y101.89 F7800
G1 F3600
G1 X113.22 Y101.972 E6.44873
G1 X113.428 Y105.273 E6.60781
G1 X113.515 Y107.456 E6.71289
G1 X113.528 Y108.65 E6.77032
G1 X113.476 Y110.66 E6.86703
G1 X113.377 Y111.967 E6.93007
G1 X113.208 Y113.602 E7.00913
G1 X113.054 Y114.699 E7.06241
G1 X112.886 Y115.676 E7.11009
G1 X112.737 Y116.39 E7.14517
G1 X112.577 Y116.987 E7.1749
G1 X112.374 Y117.478 E7.20045
G1 X112.226 Y117.607 E7.20989
G1 X111.608 Y117.745 E7.24035
G1 X110.994 Y117.798 E7.26999
G1 X110.291 Y117.824 E7.30382
G1 X109.422 Y117.817 E7.34562
G1 X108.795 Y117.783 E7.37582
G1 X108.256 Y117.722 E7.40191
G1 X107.709 Y117.577 E7.42913
G1 X107.499 Y117.22 E7.44905
G1 X107.322 Y116.637 E7.47835
G1 X107.102 Y115.616 E7.52858
G1 X106.946 Y114.697 E7.57341
G1 X106.763 Y113.363 E7.63817
G1 X106.611 Y111.896 E7.70911
G1 X106.523 Y110.641 E7.76962
G1 X106.475 Y109.141 E7.8418
G1 X106.478 Y107.797 E7.90644
G1 X106.521 Y106.334 E7.97684
G1 X106.783 Y101.94 E8.18855
G1 X106.899 Y101.737 E8.1998
G1 X107.214 Y101.589 E8.21654
G1 X107.743 Y101.474 E8.24258
G1 X108.376 Y101.404 E8.27321
G1 X109.167 Y101.361 E8.31131
G1 X110.144 Y101.347 E8.35831
G1 X110.918 Y101.364 E8.39555
G1 X111.722 Y101.412 E8.43429
G1 X112.266 Y101.476 E8.46063
G1 X112.91 Y101.632 E8.4925
G1 X113.148 Y101.785 E8.50611
G1 X113.167 Y101.834 E8.50864
G1 X113.585 Y101.788 F7800
;TYPE:External perimeter
G1 F1800
G1 X113.604 Y101.934 E8.51572
G1 X113.813 Y105.254 E8.67572
G1 X113.901 Y107.447 E8.78128
G1 X113.914 Y108.651 E8.83919
G1 X113.901 Y109.649 E8.88719
G1 X113.862 Y110.663 E8.936
G1 X113.795 Y111.676 E8.98483
G1 X113.591 Y113.649 E9.08023
G1 X113.436 Y114.755 E9.13394
G1 X113.277 Y115.69 E9.17956
G1 X113.125 Y116.431 E9.21594
G1 X112.983 Y116.978 E9.24312
G1 X112.812 Y117.467 E9.26804
G1 X112.654 Y117.761 E9.28409
G1 X112.368 Y117.971 E9.30116
G1 X111.667 Y118.127 E9.3357
G1 X111.018 Y118.183 E9.36703
G1 X110.297 Y118.21 E9.40173
G1 X109.409 Y118.203 E9.44444
G1 X108.71 Y118.164 E9.47811
G1 X108.103 Y118.092 E9.50751
G1 X107.55 Y117.934 E9.53517
G1 X107.352 Y117.751 E9.54814
G1 X107.139 Y117.359 E9.5696
G1 X106.948 Y116.734 E9.60103
G1 X106.723 Y115.689 E9.65244
G1 X106.564 Y114.755 E9.69801
G1 X106.38 Y113.409 E9.76335
G1 X106.226 Y111.929 E9.83492
G1 X106.138 Y110.66 E9.8961
G1 X106.09 Y109.147 E9.96891
G1 X106.093 Y107.791 E10.03413
G1 X106.136 Y106.317 E10.10505
G1 X106.363 Y102.503 E10.28881
G1 X106.424 Y101.796 E10.32294
G1 X106.624 Y101.457 E10.34187
G1 X106.743 Y101.377 E10.34877
G1 X107.079 Y101.228 E10.36645
G1 X107.628 Y101.099 E10.39357
G1 X108.292 Y101.023 E10.42571
G1 X109.108 Y100.976 E10.46502
G1 X110.107 Y100.96 E10.51307
G1 X110.892 Y100.976 E10.55083
G1 X111.709 Y101.023 E10.59019
G1 X112.208 Y101.077 E10.61433
G1 X112.708 Y101.168 E10.63877
G1 X113.115 Y101.294 E10.65926
G1 X113.406 Y101.496 E10.6763
G1 X113.556 Y101.736 E10.68991
G1 X113.612 Y102.132 F7800
G1 E8.68991 F2400
G92 E0
G1 X107.657 Y105.092 F7800
G1 E2 F2400
;TYPE:Solid infill
G1 F1200
G1 X107.809 Y102.545 E2.12272
G1 X108.444 Y102.462 E2.15352
G1 X109.184 Y102.421 E2.18917
G1 X110.144 Y102.408 E2.23535
G1 X110.857 Y102.422 E2.26965
G1 X111.615 Y102.468 E2.30617
G1 X112.193 Y102.546 E2.33422
G1 X112.353 Y105.078 E2.45624
G1 X111.773 Y104.72 E2.48902
G1 X111.238 Y104.629 E2.51512
G1 X108.947 Y104.644 E2.62531
G1 X108.456 Y104.789 E2.64993
G1 X108 Y105.108 E2.6767
G1 X107.676 Y105.476 E2.70028
G1 X107.667 Y105.285 E2.70948
G1 X108.074 Y104.586 F7800
G1 F1200
G1 X108.175 Y102.885 E2.79144
G1 X108.466 Y102.847 E2.80555
G1 X109.189 Y102.806 E2.84038
G1 X110.136 Y102.793 E2.88593
G1 X110.835 Y102.807 E2.91956
G1 X111.828 Y102.886 E2.96747
G1 X111.922 Y104.372 E3.03908
G1 X111.84 Y104.34 E3.04331
G1 X111.237 Y104.243 E3.07269
G1 X108.934 Y104.256 E3.18346
G1 X108.415 Y104.389 E3.20923
G1 X108.241 Y104.489 E3.21888
G1 X108.572 Y103.875 E3.25243
;WIDTH:0.588512
G1 X108.607 Y103.295 E3.29042
;WIDTH:0.594003
G1 X109.196 Y103.264 E3.32938
;WIDTH:0.598864
G1 X110.809 Y103.263 E3.43691
;WIDTH:0.590937
G1 X111.402 Y103.291 E3.4759
;WIDTH:0.579737
G1 X111.418 Y103.808 E3.50915
;WIDTH:0.590937
G1 X110.795 Y103.789 E3.55008
;WIDTH:0.598864
G1 X108.994 Y103.797 E3.67014
;WIDTH:0.588503
G1 X108.762 Y103.84 E3.68556
G1 E1.68556 F2400
G92 E0
G1 X108.345 Y116.352 F7800
G1 E2 F2400
;WIDTH:0.45
G1 F1200
G1 X108.699 Y116.706 E2.02408
G1 X108.349 Y116.729 E2.04095
;WIDTH:0.404381
G1 X108.33 Y116.8 E2.04407
G1 X108.401 Y116.781 E2.04719
G1 X108.39 Y116.74 E2.04899
G1 X109.286 Y116.748 F7800
;WIDTH:0.45
G1 F1200
G1 X108.195 Y115.657 E2.1232
G1 X108.071 Y114.987 E2.15597
G1 X109.844 Y116.76 E2.27657
G1 X110.388 Y116.759 E2.30273
G1 X107.967 Y114.338 E2.4674
G1 X107.88 Y113.706 E2.49808
G1 X110.914 Y116.74 E2.70445
G1 X111.696 Y116.747 F7800
;WIDTH:0.404381
G1 F1200
G1 X111.707 Y116.788 E2.70625
G1 X111.636 Y116.807 E2.70937
G1 X111.655 Y116.736 E2.71249
;WIDTH:0.45
G1 X111.417 Y116.697 E2.72409
G1 X107.799 Y113.08 E2.97015
G1 X107.736 Y112.471 E2.9996
G1 X111.641 Y116.375 E3.26518
G1 X111.749 Y115.939 E3.28678
G1 X107.673 Y111.863 E3.56402
G1 X107.63 Y111.274 E3.59242
G1 X111.842 Y115.486 E3.87892
G1 X111.923 Y115.022 E3.90157
G1 X107.589 Y110.688 E4.19636
G1 X107.575 Y110.128 E4.2233
G1 X112.003 Y114.556 E4.52449
G1 X112.07 Y114.079 E4.54766
G1 X108.44 Y110.448 E4.7946
G1 X108.168 Y110.261 E4.81048
;WIDTH:0.404381
G1 X107.954 Y110.054 E4.82311
;WIDTH:0.439031
G1 X107.784 Y109.854 E4.83538
;WIDTH:0.473681
G1 X107.613 Y109.654 E4.84881
G1 X108.924 Y110.503 F7800
;WIDTH:0.404381
G1 F1200
G1 X108.905 Y110.574 E4.85193
G1 X108.976 Y110.555 E4.85505
G1 X108.965 Y110.514 E4.85685
;WIDTH:0.45
G1 X109.205 Y110.668 E4.87057
G1 X112.138 Y113.6 E5.07004
G1 X112.193 Y113.11 E5.09376
G1 X109.75 Y110.668 E5.2599
G1 X110.295 Y110.668 E5.28611
G1 X112.244 Y112.616 E5.41864
G1 E3.41864 F2400
G92 E0
G1 X110.977 Y110.804 F7800
G1 E2 F2400
G1 F1200
G1 X112.295 Y112.122 E2.08965
G1 X112.353 Y111.554 E2.11711
G1 X112.429 Y110.166 E2.18397
G1 X112.088 Y110.429 E2.20468
G1 X111.466 Y110.648 E2.2364
G1 X110.841 Y110.668 E2.26648
G1 X111.616 Y110.958 F7800
;WIDTH:0.363729
G1 F1200
G1 X112.051 Y110.805 E2.2837
G1 X112.021 Y111.363 E2.30456
G1 X111.752 Y111.094 E2.31876
M106 S216.75
;LAYER_CHANGE
;Z:18.3929
;HEIGHT:0.0428562
G1 E.31876 F2400
G92 E0
G1 Z18.393 F7800
G1 X110.891 Y108.596
G1 E2 F2400
;TYPE:Support material
;WIDTH:0.35
;HEIGHT:0.285714
G1 F3600
G1 X109.509 Y108.596 E2.04739
G1 X109.509 Y106.7 E2.11241
G1 X110.891 Y106.7 E2.1598
G1 X110.891 Y108.553 E2.22334
G1 X110.761 Y107.214 F7800
G1 F3600
G1 X109.639 Y107.214 E2.26182
;LAYER_CHANGE
;Z:18.65
;HEIGHT:0.257143
G1 Z18.65 F7800
G1 X110.714 Y108.757
;TYPE:Support material interface
G1 F3600
G1 X110.714 Y106.667 E2.32769
G1 X110.428 Y106.667 E2.3367
G1 X110.428 Y108.629 E2.39854
G1 X110.143 Y108.629 E2.40752
G1 X110.143 Y106.667 E2.46936
G1 X109.857 Y106.667 E2.47837
G1 X109.857 Y108.629 E2.54021
G1 X109.572 Y108.629 E2.54919
G1 X109.572 Y106.539 E2.61506
G1 E.61506 F2400
G92 E0
G1 X111.995 Y105.66 F7800
G1 E2 F2400
;TYPE:Perimeter
;WIDTH:0.45
;HEIGHT:0.3
G1 F900
G1 X112.015 Y105.675 E2.0012
G1 X112.245 Y106.064 E2.02294
G1 X112.287 Y106.346 E2.03665
G1 X112.287 Y108.95 E2.16189
G1 X112.267 Y109.148 E2.17146
G1 X112.015 Y109.621 E2.19724
G1 X111.94 Y109.7 E2.20248
G1 X111.44 Y109.973 E2.22988
G1 X110.779 Y109.993 E2.26169
G1 X109.153 Y109.993 E2.33989
G1 X108.652 Y109.852 E2.36492
G1 X108.385 Y109.622 E2.38187
G1 X108.261 Y109.464 E2.39153
G1 X108.113 Y109.092 E2.41079
G1 X108.113 Y106.346 E2.54286
G1 X108.234 Y105.878 E2.56611
G1 X108.461 Y105.596 E2.58352
G1 X108.766 Y105.384 E2.60139
G1 X109.153 Y105.303 E2.62041
G1 X111.247 Y105.303 E2.72112
G1 X111.577 Y105.362 E2.73724
G1 X111.946 Y105.625 E2.75903
G1 X111.721 Y105.93 F7800
G1 F900
G1 X111.738 Y105.943 E2.76006
G1 X111.902 Y106.22 E2.77554
G1 X111.902 Y108.95 E2.90684
G1 X111.889 Y109.069 E2.9126
G1 X111.663 Y109.431 E2.93313
G1 X111.363 Y109.595 E2.94957
G1 X109.153 Y109.607 E3.05586
G1 X108.852 Y109.523 E3.07089
G1 X108.588 Y109.259 E3.08885
G1 X108.499 Y109.035 E3.10044
G1 X108.499 Y106.346 E3.22977
G1 X108.571 Y106.065 E3.24372
G1 X108.738 Y105.865 E3.25625
G1 X108.921 Y105.738 E3.26696
G1 X109.153 Y105.689 E3.27836
G1 X111.247 Y105.689 E3.37907
G1 X111.445 Y105.724 E3.38874
G1 X111.673 Y105.894 E3.40242
G1 X111.442 Y106.205 F7800
;TYPE:External perimeter
G1 F900
G1 X111.516 Y106.3 E3.40821
G1 X111.516 Y108.95 E3.53567
G1 X111.429 Y109.118 E3.54477
G1 X111.286 Y109.218 E3.55316
G1 X109.153 Y109.221 E3.65575
G1 X109.014 Y109.163 E3.66299
G1 X108.884 Y108.979 E3.67383
G1 X108.884 Y106.346 E3.80047
G1 X108.939 Y106.211 E3.80748
G1 X109.076 Y106.091 E3.81624
G1 X111.247 Y106.075 E3.92066
G1 X111.386 Y106.133 E3.9279
G1 X111.405 Y106.158 E3.92941
G1 X111.507 Y106.544 F7800
G1 E1.92941 F2400
G92 E0
G1 X112.315 Y102.298 F7800
G1 E2 F2400
;TYPE:Perimeter
G1 F3600
G1 X112.415 Y102.312 E2.00486
G1 X112.598 Y105.271 E2.14745
;WIDTH:0.476449
G1 X112.627 Y105.948 E2.18228
G1 X112.216 Y105.328 E2.22051
;WIDTH:0.45
G1 X111.709 Y104.999 E2.24958
G1 X111.247 Y104.918 E2.27214
G1 X109.153 Y104.918 E2.37285
G1 X108.612 Y105.031 E2.39943
G1 X108.184 Y105.328 E2.42449
G1 X107.897 Y105.691 E2.44675
G1 X107.73 Y106.346 E2.47926
;WIDTH:0.466808
G1 X107.719 Y107.533 E2.53884
;WIDTH:0.470248
G1 X107.717 Y108.64 E2.59488
;WIDTH:0.478468
G1 X107.739 Y109.216 E2.62465
G1 X107.935 Y109.67 E2.65019
;WIDTH:0.45
G1 X108.108 Y109.89 E2.66365
G1 X108.452 Y110.182 E2.68535
G1 X109.002 Y110.37 E2.71331
G1 X109.153 Y110.378 E2.72058
G1 X110.779 Y110.378 E2.79878
G1 X111.518 Y110.351 E2.83435
G1 X112.216 Y109.968 E2.87264
G1 X112.292 Y109.89 E2.87788
;WIDTH:0.495749
G1 X112.667 Y109.231 E2.91867
G1 X112.662 Y110.098 E2.96532
;WIDTH:0.45
G1 X112.582 Y111.297 E3.02312
G1 X112.481 Y112.293 E3.07127
G1 X112.354 Y113.229 E3.1167
G1 X112.191 Y114.171 E3.16268
G1 X112.067 Y114.726 E3.19003
G1 X111.924 Y115.234 E3.21541
G1 X111.708 Y115.73 E3.24143
G1 X111.549 Y115.853 E3.2511
G1 X111.043 Y116.005 E3.27651
G1 X110.455 Y116.083 E3.30504
G1 X109.952 Y116.099 E3.32924
G1 X109.451 Y116.076 E3.35336
G1 X108.936 Y116.006 E3.37836
G1 X108.422 Y115.841 E3.40432
G1 X108.255 Y115.658 E3.41624
G1 X108.08 Y115.219 E3.43897
G1 X107.928 Y114.702 E3.46489
G1 X107.79 Y114.062 E3.49638
G1 X107.605 Y112.948 E3.55069
G1 X107.472 Y111.863 E3.60327
G1 X107.382 Y110.835 E3.6529
G1 X107.328 Y109.852 E3.70025
;WIDTH:0.478468
G1 X107.311 Y108.639 E3.7629
;WIDTH:0.470248
G1 X107.317 Y107.53 E3.81904
;WIDTH:0.466808
G1 X107.35 Y106.304 E3.8806
;WIDTH:0.45
G1 X107.38 Y105.543 E3.91723
G1 X107.579 Y102.328 E4.07216
G1 X108.105 Y102.227 E4.09792
G1 X108.662 Y102.181 E4.1248
G1 X110.163 Y102.143 E4.19702
G1 X111.005 Y102.164 E4.23753
G1 X111.62 Y102.201 E4.26716
G1 X112.256 Y102.29 E4.29805
G1 E2.29805 F2400
G92 E0
G1 X112.627 Y105.948 F7800
G1 E2 F2400
;WIDTH:0.476449
G1 F900
G1 X112.663 Y106.346 E2.02054
;WIDTH:0.468827
G1 X112.682 Y107.523 E2.07992
;WIDTH:0.469885
G1 X112.683 Y108.95 E2.15209
;WIDTH:0.495749
G1 X112.667 Y109.231 E2.16723
G1 E.16723 F2400
G92 E0
G1 X112.768 Y102.018 F7800
G1 E2 F2400
;WIDTH:0.45
G1 F900
G1 X112.784 Y102.021 E2.00078
G1 X112.983 Y105.247 E2.15623
G1 X113.077 Y107.516 E2.26545
G1 X113.078 Y109.136 E2.34337
G1 X113.047 Y110.117 E2.39058
G1 X112.967 Y111.329 E2.449
G1 X112.859 Y112.371 E2.49939
G1 X112.727 Y113.34 E2.54643
G1 X112.555 Y114.308 E2.59372
G1 X112.412 Y114.933 E2.62456
G1 X112.259 Y115.434 E2.64975
G1 X112.022 Y115.957 E2.67737
G1 X111.825 Y116.147 E2.69053
G1 X111.431 Y116.31 E2.71104
G1 X110.912 Y116.425 E2.73661
G1 X110.402 Y116.476 E2.76126
G1 X109.865 Y116.487 E2.78709
G1 X109.338 Y116.456 E2.81248
G1 X108.77 Y116.361 E2.84018
G1 X108.237 Y116.181 E2.86724
G1 X108.02 Y116.007 E2.88062
G1 X107.774 Y115.541 E2.90596
G1 X107.57 Y114.866 E2.93988
G1 X107.42 Y114.192 E2.97309
G1 X107.229 Y113.053 E3.02864
G1 X107.09 Y111.928 E3.08316
G1 X106.997 Y110.862 E3.13463
G1 X106.943 Y109.873 E3.18227
G1 X106.916 Y108.645 E3.24135
G1 X106.923 Y107.52 E3.29546
G1 X106.994 Y105.524 E3.39152
G1 X107.211 Y102.037 E3.55956
G1 X107.605 Y101.917 E3.57937
G1 X108.073 Y101.843 E3.60216
G1 X109.311 Y101.767 E3.66182
G1 X110.172 Y101.758 E3.70323
G1 X111.027 Y101.779 E3.74436
G1 X111.661 Y101.818 E3.77491
G1 X112.184 Y101.876 E3.80022
G1 X112.71 Y102.003 E3.82625
G1 X113.15 Y101.896 F7800
G1 F900
G1 X113.163 Y101.915 E3.82736
G1 X113.368 Y105.223 E3.98677
G1 X113.463 Y107.51 E4.09686
G1 X113.464 Y109.143 E4.1754
G1 X113.432 Y110.136 E4.22318
G1 X113.351 Y111.362 E4.28227
G1 X113.241 Y112.423 E4.33357
G1 X113.107 Y113.406 E4.38129
G1 X112.897 Y114.549 E4.43718
G1 X112.782 Y115.039 E4.46139
G1 X112.617 Y115.578 E4.4885
G1 X112.336 Y116.184 E4.52063
G1 X112.101 Y116.422 E4.53672
G1 X111.686 Y116.632 E4.55909
G1 X111.075 Y116.785 E4.58938
G1 X110.532 Y116.851 E4.61569
G1 X109.967 Y116.87 E4.64288
G1 X109.407 Y116.846 E4.66984
G1 X108.888 Y116.779 E4.69501
G1 X108.318 Y116.637 E4.72326
G1 X107.835 Y116.376 E4.74967
G1 X107.648 Y116.14 E4.76415
G1 X107.412 Y115.675 E4.78923
G1 X107.196 Y114.964 E4.82497
G1 X107.042 Y114.266 E4.85935
G1 X106.848 Y113.109 E4.91577
G1 X106.707 Y111.969 E4.97102
G1 X106.612 Y110.89 E5.02312
G1 X106.557 Y109.888 E5.07139
G1 X106.53 Y108.648 E5.13104
G1 X106.537 Y107.512 E5.18568
G1 X106.609 Y105.505 E5.28227
G1 X106.829 Y101.97 E5.45262
G1 X106.865 Y101.839 E5.45915
G1 X106.996 Y101.7 E5.46834
G1 X107.492 Y101.548 E5.49329
G1 X108.04 Y101.459 E5.51999
G1 X109.306 Y101.381 E5.581
G1 X110.18 Y101.372 E5.62304
G1 X111.05 Y101.394 E5.6649
G1 X111.702 Y101.434 E5.69632
G1 X112.615 Y101.565 E5.74068
G1 X113.03 Y101.717 E5.76194
G1 X113.117 Y101.846 E5.76942
G1 X113.535 Y101.796 F7800
;TYPE:External perimeter
G1 F1800
G1 X113.543 Y101.809 E5.77015
G1 X113.753 Y105.2 E5.93356
G1 X113.848 Y107.503 E6.04442
G1 X113.85 Y109.149 E6.12359
G1 X113.817 Y110.155 E6.172
G1 X113.735 Y111.394 E6.23172
G1 X113.63 Y112.429 E6.28176
G1 X113.498 Y113.406 E6.32918
G1 X113.326 Y114.396 E6.37751
G1 X113.216 Y114.888 E6.40176
G1 X113.087 Y115.376 E6.42604
G1 X112.911 Y115.879 E6.45167
G1 X112.649 Y116.411 E6.48019
G1 X112.333 Y116.73 E6.50179
G1 X111.922 Y116.96 E6.52444
G1 X111.438 Y117.105 E6.54874
G1 X110.903 Y117.201 E6.57488
G1 X110.324 Y117.249 E6.60282
G1 X109.726 Y117.251 E6.63158
G1 X109.133 Y117.205 E6.66019
G1 X108.427 Y117.066 E6.6948
G1 X107.866 Y116.861 E6.72353
G1 X107.511 Y116.598 E6.74478
G1 X107.282 Y116.286 E6.76339
G1 X107.049 Y115.808 E6.78897
G1 X106.823 Y115.061 E6.82651
G1 X106.663 Y114.339 E6.86208
G1 X106.466 Y113.164 E6.91938
G1 X106.323 Y112.009 E6.97536
G1 X106.228 Y110.917 E7.02808
G1 X106.172 Y109.902 E7.07697
G1 X106.144 Y108.651 E7.13715
G1 X106.152 Y107.504 E7.19232
G1 X106.224 Y105.486 E7.28944
G1 X106.448 Y101.88 E7.46321
G1 X106.568 Y101.577 E7.47888
G1 X106.83 Y101.348 E7.49562
G1 X107.478 Y101.149 E7.52822
G1 X108.007 Y101.074 E7.55392
G1 X109.302 Y100.995 E7.61632
G1 X110.189 Y100.987 E7.65898
G1 X111.073 Y101.009 E7.70151
G1 X111.743 Y101.051 E7.7338
G1 X112.327 Y101.118 E7.76207
G1 X113.086 Y101.307 E7.79969
G1 X113.331 Y101.464 E7.81369
G1 X113.504 Y101.745 E7.82956
G1 X113.56 Y102.141 F7800
G1 E5.82956 F2400
G92 E0
G1 X109.965 Y102.435 F7800
G1 E2 F2400
;TYPE:Solid infill
G1 F1200
G1 X108.659 Y102.47 E2.06284
G1 X107.855 Y102.562 E2.10176
G1 X107.687 Y105.446 E2.24071
G1 X107.727 Y105.444 E2.24264
G1 X107.998 Y105.109 E2.26336
G1 X108.465 Y104.785 E2.2907
G1 X108.965 Y104.642 E2.31571
G1 X111.238 Y104.629 E2.42504
G1 X111.773 Y104.72 E2.45114
G1 X112.294 Y105.04 E2.48055
G1 X112.141 Y102.559 E2.6001
G1 X111.573 Y102.487 E2.62764
G1 X110.968 Y102.451 E2.65679
G1 X110.158 Y102.433 E2.69576
G1 X110.168 Y102.819 E2.71433
G1 X111.157 Y102.849 E2.76192
G1 X111.776 Y102.902 E2.7918
G1 X111.865 Y104.344 E2.86129
G1 X111.237 Y104.243 E2.89188
G1 X108.958 Y104.253 E3.00149
G1 X108.429 Y104.384 E3.0277
G1 X108.125 Y104.552 E3.04441
G1 X108.221 Y102.909 E3.12357
G1 X108.709 Y102.854 E3.14719
G1 X109.975 Y102.821 E3.2081
G1 X109.964 Y103.274 E3.22989
;WIDTH:0.584969
G1 X109.328 Y103.279 E3.27119
;WIDTH:0.582693
G1 X108.729 Y103.303 E3.30994
;WIDTH:0.57636
G1 X108.647 Y103.312 E3.31521
G1 X108.614 Y103.872 E3.35103
G1 X109.011 Y103.802 E3.37677
;WIDTH:0.585659
G1 X110.924 Y103.796 E3.50115
;WIDTH:0.575593
G1 X111.386 Y103.81 E3.53062
;WIDTH:0.569548
G1 X111.354 Y103.307 E3.56238
;WIDTH:0.585659
G1 X110.157 Y103.272 E3.64024
G1 E1.64024 F2400
G92 E0
G1 X107.656 Y109.751 F7800
G1 E2 F2400
;WIDTH:0.45
G1 F1200
G1 X107.965 Y110.156 E2.0245
G1 X108.336 Y110.443 E2.04706
G1 X108.937 Y110.648 E2.0776
G1 X109.156 Y110.668 E2.08818
G1 X111.242 Y110.668 E2.18851
G1 X111.62 Y110.615 E2.20687
G1 X112.36 Y110.209 E2.24747
G1 X112.294 Y111.273 E2.29874
G1 X112.193 Y112.258 E2.34636
G1 X112.076 Y113.104 E2.38744
G1 X111.718 Y113.031 E2.40501
G1 X111.143 Y113.043 E2.43267
G1 X110.692 Y113.151 E2.45497
G1 X110.203 Y113.224 E2.47875
G1 X109.601 Y113.213 E2.50771
G1 X109.106 Y113.089 E2.53225
G1 X108.468 Y113.024 E2.56309
G1 X107.944 Y113.085 E2.58846
G1 X107.897 Y112.956 E2.59506
G1 X107.762 Y111.857 E2.64832
G1 X107.67 Y110.814 E2.69868
G1 X107.626 Y109.899 E2.74274
G1 X109.156 Y111.053 F7800
G1 F1200
G1 X111.038 Y111.053 E2.83326
G1 X111.585 Y111.021 E2.85961
G1 X111.932 Y110.884 E2.87755
G1 X111.831 Y112.015 E2.93216
G1 X111.75 Y112.649 E2.9629
G1 X111.007 Y112.675 E2.99866
G1 X110.152 Y112.842 E3.04056
G1 X109.66 Y112.83 E3.06423
G1 X109.145 Y112.706 E3.08971
G1 X108.507 Y112.64 E3.12056
G1 X108.249 Y112.657 E3.133
G1 X108.122 Y111.554 E3.1864
G1 X108.052 Y110.722 E3.22656
G1 X108.212 Y110.808 E3.2353
G1 X108.812 Y111.013 E3.2658
G1 X108.964 Y111.031 E3.27316
G1 X108.964 Y111.414 E3.29158
G1 X108.688 Y111.378 E3.30497
G1 X108.488 Y111.31 E3.31513
G1 X108.589 Y112.261 E3.36113
G1 X109.184 Y112.322 E3.3899
G1 X109.672 Y112.435 E3.41399
G1 X110.101 Y112.46 E3.43466
G1 X110.913 Y112.301 E3.47446
G1 X111.414 Y112.266 E3.49862
G1 X111.504 Y111.417 E3.53968
G1 X110.907 Y111.439 E3.56841
G1 X109.156 Y111.439 E3.65263
G1 X108.977 Y111.865 E3.67485
;WIDTH:0.564235
G1 X109.229 Y111.881 E3.69059
G1 X109.355 Y111.861 E3.69854
;WIDTH:0.522894
G1 X109.481 Y111.84 E3.70585
;WIDTH:0.481554
G1 X109.606 Y111.819 E3.71245
G1 X109.481 Y111.84 E3.71905
;WIDTH:0.522894
G1 X109.355 Y111.861 E3.72636
;WIDTH:0.564235
G1 X109.229 Y111.881 E3.73431
G1 X109.362 Y111.935 E3.74326
;WIDTH:0.517579
G1 X109.494 Y111.989 E3.75132
;WIDTH:0.470923
G1 X109.626 Y112.043 E3.75855
;WIDTH:0.424267
G1 X109.758 Y112.097 E3.76495
;WIDTH:0.384285
G1 X110.055 Y112.11 E3.77681
G1 X110.422 Y112.072 E3.79153
;WIDTH:0.403904
G1 X110.543 Y112.02 E3.79711
;WIDTH:0.446889
G1 X110.664 Y111.969 E3.80337
;WIDTH:0.489874
G1 X110.786 Y111.917 E3.81041
;WIDTH:0.532859
G1 X110.907 Y111.866 E3.81808
G1 X110.777 Y111.844 E3.82578
;WIDTH:0.489874
G1 X110.646 Y111.823 E3.83282
;WIDTH:0.446889
G1 X110.516 Y111.801 E3.83911
;WIDTH:0.403904
G1 X110.386 Y111.78 E3.84469
;WIDTH:0.377611
G1 X109.797 Y111.788 E3.8677
G1 X110.907 Y111.866 F7800
;WIDTH:0.532859
G1 F1200
G1 X111.038 Y111.857 E3.87537
G1 E1.87537 F2400
G92 E0
G1 X111.974 Y114.623 F7800
G1 E2 F2400
;TYPE:Top solid infill
;WIDTH:0.402273
G1 F900
G1 X110.815 Y115.781 E2.06905
G1 X110.29 Y115.829 E2.09127
G1 X111.912 Y114.206 E2.18797
G1 X112.018 Y113.623 E2.21294
G1 X109.808 Y115.832 E2.34463
G1 X109.36 Y115.803 E2.36355
G1 X111.765 Y113.398 E2.50689
G1 X111.293 Y113.392 E2.52678
G1 X108.949 Y115.736 E2.66648
G1 X108.584 Y115.624 E2.68257
G1 X110.682 Y113.525 E2.80764
G1 X110.454 Y113.57 E2.81743
G1 X110.129 Y113.6 E2.83118
G1 X108.394 Y115.336 E2.93462
G1 X108.28 Y114.971 E2.95074
G1 X109.666 Y113.586 E3.03332
G1 X109.263 Y113.511 E3.0506
G1 X108.176 Y114.598 E3.11539
G1 X108.089 Y114.207 E3.13227
G1 X108.884 Y113.411 E3.17968
G1 X108.434 Y113.384 E3.19868
G1 X107.883 Y113.935 E3.23152
M106 S219.3
;LAYER_CHANGE
;Z:18.95
;HEIGHT:0.300001
G1 E1.23152 F2400
G92 E0
G1 Z18.95 F7800
G1 X111.99 Y105.656
G1 E2 F2400
;TYPE:Perimeter
;WIDTH:0.45
G1 F900
G1 X112.015 Y105.675 E2.00151
G1 X112.286 Y106.309 E2.03467
G1 X112.287 Y108.95 E2.16169
G1 X112.244 Y109.237 E2.17565
G1 X111.94 Y109.7 E2.20229
G1 X111.517 Y109.954 E2.22602
G1 X111.196 Y109.993 E2.24157
G1 X109.153 Y109.993 E2.33983
G1 X109 Y109.98 E2.34722
G1 X108.654 Y109.854 E2.36493
G1 X108.385 Y109.621 E2.38205
G1 X108.261 Y109.464 E2.39167
G1 X108.113 Y109.101 E2.41052
G1 X108.113 Y106.346 E2.54303
G1 X108.241 Y105.866 E2.56692
G1 X108.461 Y105.596 E2.58367
G1 X108.773 Y105.381 E2.60189
G1 X109.153 Y105.303 E2.62055
G1 X111.247 Y105.303 E2.72126
G1 X111.577 Y105.362 E2.73738
G1 X111.941 Y105.621 E2.75887
G1 X111.718 Y105.928 F7800
G1 F900
G1 X111.739 Y105.944 E2.76014
G1 X111.902 Y106.346 E2.781
G1 X111.902 Y108.95 E2.90624
G1 X111.875 Y109.122 E2.91461
G1 X111.663 Y109.431 E2.93263
G1 X111.409 Y109.584 E2.94689
G1 X110.612 Y109.607 E2.98524
G1 X109.153 Y109.607 E3.05541
G1 X108.854 Y109.524 E3.07033
G1 X108.588 Y109.259 E3.08839
G1 X108.499 Y108.95 E3.10386
G1 X108.499 Y106.346 E3.2291
G1 X108.575 Y106.058 E3.24343
G1 X108.738 Y105.865 E3.25558
G1 X108.925 Y105.736 E3.26651
G1 X109.153 Y105.689 E3.27771
G1 X111.247 Y105.689 E3.37842
G1 X111.445 Y105.724 E3.38809
G1 X111.67 Y105.892 E3.4016
G1 X111.436 Y106.212 F7800
;TYPE:External perimeter
G1 F900
G1 X111.516 Y106.338 E3.40878
G1 X111.516 Y108.95 E3.53441
G1 X111.462 Y109.085 E3.5414
G1 X111.301 Y109.214 E3.55132
G1 X109.153 Y109.221 E3.65463
G1 X109.053 Y109.194 E3.65961
G1 X108.914 Y109.053 E3.66913
G1 X108.884 Y108.866 E3.67824
G1 X108.884 Y106.346 E3.79944
G1 X108.939 Y106.211 E3.80645
G1 X109.077 Y106.09 E3.81528
G1 X111.247 Y106.075 E3.91965
G1 X111.386 Y106.133 E3.92689
G1 X111.403 Y106.161 E3.92847
G1 X111.505 Y106.548 F7800
G1 E1.92847 F2400
G92 E0
G1 X112.227 Y102.326 F7800
G1 E2 F2400
;TYPE:Perimeter
G1 F3600
G1 X112.369 Y102.348 E2.00691
G1 X112.59 Y105.798 E2.17318
;WIDTH:0.407674
G1 X112.63 Y106.296 E2.19457
G1 X112.462 Y105.852 E2.2149
;WIDTH:0.45
G1 X112.294 Y105.408 E2.23773
G1 X112.216 Y105.328 E2.2431
G1 X111.709 Y104.999 E2.27217
G1 X111.247 Y104.918 E2.29473
G1 X109.119 Y104.918 E2.39708
G1 X108.621 Y105.027 E2.4216
G1 X108.184 Y105.328 E2.44712
G1 X107.907 Y105.674 E2.46844
G1 X107.746 Y106.346 E2.50168
;WIDTH:0.43272
G1 X107.739 Y109.171 E2.63146
;WIDTH:0.45
G1 X107.935 Y109.669 E2.6572
G1 X108.108 Y109.89 E2.6707
G1 X108.455 Y110.184 E2.69257
G1 X108.938 Y110.361 E2.71731
G1 X109.153 Y110.378 E2.72768
G1 X111.196 Y110.378 E2.82594
G1 X111.624 Y110.325 E2.84668
G1 X112.114 Y110.063 E2.8734
G1 X112.292 Y109.89 E2.88534
G1 X112.598 Y109.347 E2.91532
;WIDTH:0.420357
G1 X112.624 Y109.213 E2.92138
G1 X112.613 Y109.35 E2.92748
;WIDTH:0.45
G1 X112.473 Y111.039 E3.00899
G1 X112.382 Y111.753 E3.04361
G1 X112.273 Y112.394 E3.07488
G1 X112.146 Y112.972 E3.10334
G1 X111.99 Y113.473 E3.12858
G1 X111.77 Y113.955 E3.15406
G1 X111.587 Y114.127 E3.16614
G1 X111.148 Y114.373 E3.19034
G1 X110.606 Y114.491 E3.21702
G1 X110 Y114.551 E3.24631
G1 X109.39 Y114.491 E3.27579
G1 X108.768 Y114.339 E3.30659
G1 X108.334 Y114.075 E3.33102
G1 X108.191 Y113.89 E3.34227
G1 X107.976 Y113.392 E3.36836
G1 X107.84 Y112.906 E3.39263
G1 X107.72 Y112.352 E3.41989
G1 X107.603 Y111.644 E3.4544
G1 X107.498 Y110.773 E3.4966
G1 X107.375 Y108.867 E3.58846
;WIDTH:0.43272
G1 X107.368 Y107.695 E3.6423
G1 X107.398 Y106.302 E3.70631
;WIDTH:0.45
G1 X107.631 Y102.341 E3.89715
G1 X107.726 Y102.313 E3.90191
G1 X108.605 Y102.218 E3.94443
G1 X110.161 Y102.176 E4.0193
G1 X110.979 Y102.194 E4.05865
G1 X111.609 Y102.23 E4.089
G1 X112.168 Y102.317 E4.11621
G1 E2.11621 F2400
G92 E0
G1 X112.63 Y106.296 F7800
G1 E2 F2400
;WIDTH:0.391235
G1 F900
G1 X112.643 Y107.009 E2.02907
;WIDTH:0.399395
G1 X112.64 Y108.95 E2.11017
;WIDTH:0.404757
G1 X112.624 Y109.213 E2.12136
G1 E.12136 F2400
G92 E0
G1 X112.699 Y102.027 F7800
G1 E2 F2400
;WIDTH:0.45
G1 F900
G1 X112.736 Y102.036 E2.00183
G1 X112.935 Y105.278 E2.15805
G1 X113 Y107.006 E2.24122
G1 X113.008 Y108.398 E2.30817
G1 X112.983 Y109.365 E2.35469
G1 X112.929 Y110.313 E2.40036
G1 X112.857 Y111.082 E2.43751
G1 X112.763 Y111.809 E2.47277
G1 X112.652 Y112.468 E2.50491
G1 X112.537 Y112.989 E2.53057
G1 X112.388 Y113.519 E2.55705
G1 X112.184 Y114.015 E2.58284
G1 X111.923 Y114.367 E2.60392
G1 X111.664 Y114.539 E2.61887
G1 X111.263 Y114.743 E2.64051
G1 X110.503 Y114.908 E2.67791
G1 X109.858 Y114.929 E2.70895
G1 X109.308 Y114.867 E2.73557
G1 X108.622 Y114.696 E2.76957
G1 X108.077 Y114.367 E2.80019
G1 X107.86 Y114.088 E2.81719
G1 X107.653 Y113.62 E2.8418
G1 X107.48 Y113.067 E2.86967
G1 X107.348 Y112.469 E2.89912
G1 X107.224 Y111.725 E2.9354
G1 X107.116 Y110.824 E2.97905
G1 X107.041 Y109.855 E3.02579
G1 X107.001 Y108.879 E3.07277
G1 X106.991 Y107.691 E3.12991
G1 X107.053 Y105.521 E3.23432
G1 X107.263 Y102.048 E3.40166
G1 X107.65 Y101.933 E3.42108
G1 X108.627 Y101.828 E3.46834
G1 X110.128 Y101.79 E3.54056
G1 X110.97 Y101.807 E3.58107
G1 X111.59 Y101.842 E3.61094
G1 X112.106 Y101.893 E3.63588
G1 X112.64 Y102.014 E3.66221
G1 X113.096 Y101.886 F7800
G1 F900
G1 X113.115 Y101.913 E3.6638
G1 X113.32 Y105.259 E3.82503
G1 X113.385 Y107.004 E3.90902
G1 X113.393 Y108.402 E3.97626
G1 X113.368 Y109.393 E4.02394
G1 X113.312 Y110.361 E4.07058
G1 X113.237 Y111.149 E4.10865
G1 X113.138 Y111.904 E4.14527
G1 X113.017 Y112.602 E4.17934
G1 X112.867 Y113.254 E4.21152
G1 X112.703 Y113.767 E4.23742
G1 X112.471 Y114.286 E4.26476
G1 X112.179 Y114.66 E4.28758
G1 X111.844 Y114.883 E4.30694
G1 X111.378 Y115.112 E4.33191
G1 X110.555 Y115.291 E4.37242
G1 X110 Y115.323 E4.39916
G1 X109.44 Y115.291 E4.42614
G1 X108.815 Y115.154 E4.45691
G1 X108.307 Y114.984 E4.48267
G1 X107.821 Y114.66 E4.51076
G1 X107.69 Y114.51 E4.52034
G1 X107.47 Y114.188 E4.5391
G1 X107.247 Y113.647 E4.56724
G1 X107.107 Y113.162 E4.59152
G1 X106.97 Y112.542 E4.62206
G1 X106.842 Y111.78 E4.65922
G1 X106.732 Y110.862 E4.70369
G1 X106.656 Y109.878 E4.75116
G1 X106.616 Y108.889 E4.79877
G1 X106.605 Y107.687 E4.85658
G1 X106.668 Y105.503 E4.96167
G1 X106.891 Y101.887 E5.13592
G1 X107.028 Y101.716 E5.14646
G1 X107.574 Y101.553 E5.17387
G1 X108.522 Y101.451 E5.21973
G1 X110.177 Y101.405 E5.29936
G1 X111.023 Y101.424 E5.34006
G1 X111.687 Y101.463 E5.37205
G1 X112.238 Y101.528 E5.39873
G1 X112.983 Y101.723 E5.43577
G1 X113.062 Y101.837 E5.44244
G1 X113.477 Y101.812 F7800
;TYPE:External perimeter
G1 F900
G1 X113.498 Y101.855 E5.44474
G1 X113.705 Y105.24 E5.60785
G1 X113.771 Y107.002 E5.69266
G1 X113.779 Y108.406 E5.76019
G1 X113.753 Y109.415 E5.80874
G1 X113.696 Y110.397 E5.85605
G1 X113.619 Y111.198 E5.89475
G1 X113.518 Y111.968 E5.9321
G1 X113.394 Y112.685 E5.9671
G1 X113.225 Y113.404 E6.00262
G1 X113.06 Y113.914 E6.0284
G1 X112.796 Y114.495 E6.05909
G1 X112.436 Y114.952 E6.08707
G1 X111.874 Y115.326 E6.11954
G1 X111.493 Y115.482 E6.13934
G1 X110.607 Y115.675 E6.18295
G1 X110 Y115.71 E6.21219
G1 X109.387 Y115.674 E6.24172
G1 X108.694 Y115.523 E6.27583
G1 X108.126 Y115.326 E6.30475
G1 X107.564 Y114.952 E6.33722
G1 X107.4 Y114.764 E6.34922
G1 X107.125 Y114.362 E6.37265
G1 X106.883 Y113.774 E6.40323
G1 X106.733 Y113.258 E6.42908
G1 X106.591 Y112.616 E6.4607
G1 X106.461 Y111.835 E6.49878
G1 X106.348 Y110.9 E6.54408
G1 X106.271 Y109.901 E6.59227
G1 X106.23 Y108.898 E6.64055
G1 X106.219 Y107.683 E6.69899
G1 X106.283 Y105.486 E6.8047
G1 X106.518 Y101.771 E6.98374
G1 X106.654 Y101.536 E6.9968
G1 X106.864 Y101.362 E7.00992
G1 X107.497 Y101.174 E7.04168
G1 X108.575 Y101.058 E7.09383
G1 X110.126 Y101.018 E7.16845
G1 X111 Y101.037 E7.2105
G1 X111.68 Y101.075 E7.24326
G1 X112.231 Y101.131 E7.2699
G1 X113.016 Y101.308 E7.3086
G1 X113.337 Y101.515 E7.32697
G1 X113.452 Y101.757 E7.33986
G1 X113.511 Y102.153 F7800
G1 E5.33986 F2400
G92 E0
G1 X107.727 Y105.388 F7800
G1 E2 F2400
;TYPE:Solid infill
G1 F1200
G1 X107.906 Y102.584 E2.13514
G1 X109.003 Y102.493 E2.18808
G1 X110.158 Y102.465 E2.24365
G1 X111.596 Y102.522 E2.31287
G1 X112.094 Y102.594 E2.33707
G1 X112.242 Y105.006 E2.4533
G1 X111.773 Y104.72 E2.47972
G1 X111.239 Y104.629 E2.50577
G1 X109.007 Y104.634 E2.61312
G1 X108.477 Y104.78 E2.63956
G1 X107.999 Y105.109 E2.66747
G1 X107.865 Y105.269 E2.67751
G1 X108.169 Y104.524 F7800
G1 F1200
G1 X108.27 Y102.933 E2.75419
G1 X109.013 Y102.879 E2.79002
G1 X110.154 Y102.851 E2.84491
G1 X111.727 Y102.91 E2.92062
G1 X111.815 Y104.336 E2.98934
G1 X111.238 Y104.243 E3.01745
G1 X108.99 Y104.249 E3.12557
G1 X108.445 Y104.378 E3.15251
G1 X108.339 Y104.434 E3.15828
G1 X108.651 Y103.873 E3.18915
;WIDTH:0.557739
G1 X108.685 Y103.33 E3.22263
G1 X109.023 Y103.318 E3.24344
;WIDTH:0.568821
G1 X110.151 Y103.296 E3.31442
G1 X111.316 Y103.33 E3.38775
;WIDTH:0.550444
G1 X111.346 Y103.817 E3.41733
G1 X111.088 Y103.808 E3.43298
;WIDTH:0.568821
G1 X109.03 Y103.81 E3.56246
;WIDTH:0.55711
G1 X108.841 Y103.841 E3.57423
G1 E1.57423 F2400
G92 E0
G1 X107.807 Y110.074 F7800
G1 E2 F2400
;WIDTH:0.588409
G1 F1200
G1 X107.911 Y110.2 E2.01068
G1 X108.24 Y110.469 E2.03846
G1 X108.336 Y110.5 E2.04505
;WIDTH:0.553621
G1 X108.596 Y110.575 E2.06156
;WIDTH:0.516316
G1 X108.857 Y110.651 E2.07688
;WIDTH:0.500782
G1 X109.157 Y110.693 E2.09337
;WIDTH:0.540713
G1 X109.451 Y110.713 E2.11088
;WIDTH:0.580644
G1 X109.745 Y110.733 E2.12985
G1 X110.565 Y110.716 E2.18266
;WIDTH:0.546414
G1 X110.903 Y110.693 E2.20303
;WIDTH:0.501447
G1 X111.241 Y110.671 E2.22149
;WIDTH:0.491003
G1 X111.748 Y110.605 E2.2487
;WIDTH:0.520109
G1 X112.203 Y110.379 E2.27758
G1 X112.146 Y111.041 E2.31535
G1 X111.905 Y111.001 E2.32924
G1 X111.719 Y111.022 E2.33988
;WIDTH:0.471147
G1 X111.147 Y111.07 E2.369
;WIDTH:0.507015
G1 X110.828 Y111.131 E2.38693
;WIDTH:0.546847
G1 X110.508 Y111.192 E2.40653
;WIDTH:0.58668
G1 X110.188 Y111.254 E2.42776
G1 X109.676 Y111.24 E2.46113
;WIDTH:0.580644
G1 X109.374 Y111.177 E2.48099
;WIDTH:0.546766
G1 X109.072 Y111.115 E2.49954
;WIDTH:0.512889
G1 X108.769 Y111.052 E2.51685
;WIDTH:0.516316
G1 X108.501 Y111.013 E2.53212
;WIDTH:0.553621
G1 X108.233 Y110.973 E2.54865
;WIDTH:0.588409
G1 X107.886 Y111 E2.5714
G1 X107.821 Y110.267 E2.6195
G1 E.6195 F2400
G92 E0
G1 X112.232 Y111.96 F7800
G1 E2 F2400
;TYPE:Top solid infill
;WIDTH:0.425718
G1 F900
G1 X111.655 Y111.383 E2.03678
G1 X111.196 Y111.435 E2.0576
G1 X112.027 Y112.266 E2.11056
G1 X111.938 Y112.688 E2.13
G1 X110.808 Y111.558 E2.20202
G1 X110.403 Y111.664 E2.22089
G1 X111.835 Y113.096 E2.31216
G1 X111.703 Y113.476 E2.33029
G1 X109.922 Y111.694 E2.44384
G1 X109.644 Y111.671 E2.45641
G1 X109.318 Y111.601 E2.47144
G1 X111.532 Y113.816 E2.61258
G1 X111.488 Y113.876 E2.61593
G1 X111.244 Y114.038 E2.62913
G1 X108.613 Y111.407 E2.79682
G1 X108.359 Y111.383 E2.80832
G1 X108.091 Y111.396 E2.82041
G1 X110.86 Y114.165 E2.99689
G1 X110.44 Y114.257 E3.01627
G1 X107.878 Y111.694 E3.17959
G1 X107.98 Y112.307 E3.2076
G1 X109.956 Y114.284 E3.33357
G1 X109.581 Y114.262 E3.3505
G1 X109.38 Y114.218 E3.35977
G1 X108.128 Y112.966 E3.43957
G1 X108.226 Y113.304 E3.45543
G1 X108.397 Y113.719 E3.47566
G1 X108.472 Y113.821 E3.48137
G1 X108.923 Y114.273 E3.51015
;LAYER_CHANGE
;Z:18.9643
;HEIGHT:0.0142841
G1 E1.51015 F2400
G92 E0
G1 Z18.964 F7800
G1 X110.714 Y108.757
G1 E2 F2400
;TYPE:Support material interface
;WIDTH:0.35
;HEIGHT:0.314286
G1 F3600
G1 X110.714 Y106.667 E2.07716
G1 X110.428 Y106.667 E2.08772
G1 X110.428 Y108.629 E2.16016
G1 X110.143 Y108.629 E2.17068
G1 X110.143 Y106.667 E2.24312
G1 X109.857 Y106.667 E2.25368
G1 X109.857 Y108.629 E2.32612
G1 X109.572 Y108.629 E2.33664
G1 X109.572 Y106.539 E2.4138
;LAYER_CHANGE
;Z:19.25
;HEIGHT:0.285715
G1 E.4138 F2400
G92 E0
G1 Z19.25 F7800
G1 X110.714 Y108.757
G1 E2 F2400
G1 F3600
G1 X110.714 Y106.667 E2.07167
G1 X110.428 Y106.667 E2.08148
G1 X110.428 Y108.629 E2.14876
G1 X110.143 Y108.629 E2.15853
G1 X110.143 Y106.667 E2.22581
G1 X109.857 Y106.667 E2.23562
G1 X109.857 Y108.629 E2.3029
G1 X109.572 Y108.629 E2.31267
G1 X109.572 Y106.539 E2.38434
G1 E.38434 F2400
G92 E0
G1 X112.001 Y105.659 F7800
G1 E2 F2400
;TYPE:Perimeter
;WIDTH:0.45
;HEIGHT:0.3
G1 F900
G1 X112.015 Y105.675 E2.00102
;WIDTH:0.488788
G1 X112.126 Y105.891 E2.01388
;WIDTH:0.527576
G1 X112.236 Y106.107 E2.02788
;WIDTH:0.566365
G1 X112.346 Y106.323 E2.04306
G1 X112.343 Y108.123 E2.15576
;WIDTH:0.562328
G1 X112.331 Y108.95 E2.20713
;WIDTH:0.546442
G1 X112.308 Y109.183 E2.22121
G1 X112.162 Y109.403 E2.23709
;WIDTH:0.498221
G1 X112.015 Y109.622 E2.25136
;WIDTH:0.45
G1 X111.667 Y109.897 E2.27269
G1 X111.247 Y109.993 E2.29341
G1 X109.153 Y109.993 E2.39412
G1 X108.825 Y109.935 E2.41014
G1 X108.461 Y109.7 E2.43098
G1 X108.309 Y109.532 E2.44188
G1 X108.148 Y109.206 E2.45937
G1 X108.113 Y108.95 E2.4718
G1 X108.113 Y106.346 E2.59704
G1 X108.385 Y105.675 E2.63186
G1 X108.553 Y105.512 E2.64312
G1 X108.83 Y105.359 E2.65834
G1 X109.153 Y105.303 E2.67411
G1 X111.247 Y105.303 E2.77482
G1 X111.562 Y105.356 E2.79018
G1 X111.94 Y105.596 E2.81172
G1 X111.959 Y105.616 E2.81305
G1 X111.718 Y105.928 F7800
G1 F900
G1 X111.738 Y105.943 E2.81425
G1 X111.902 Y106.346 E2.83518
G1 X111.902 Y108.95 E2.96042
G1 X111.838 Y109.215 E2.97353
G1 X111.663 Y109.431 E2.9869
G1 X111.499 Y109.549 E2.99662
G1 X111.247 Y109.607 E3.00906
G1 X109.153 Y109.607 E3.10977
G1 X108.956 Y109.573 E3.11939
G1 X108.738 Y109.431 E3.1319
G1 X108.616 Y109.3 E3.14051
G1 X108.499 Y108.979 E3.15694
G1 X108.499 Y106.346 E3.28358
G1 X108.662 Y105.943 E3.30449
G1 X108.793 Y105.814 E3.31333
G1 X108.959 Y105.722 E3.32246
G1 X109.153 Y105.689 E3.33192
G1 X111.247 Y105.689 E3.43263
G1 X111.436 Y105.721 E3.44185
G1 X111.669 Y105.892 E3.45575
G1 X111.435 Y106.212 F7800
;TYPE:External perimeter
G1 F900
G1 X111.516 Y106.34 E3.46304
G1 X111.516 Y108.95 E3.58857
G1 X111.462 Y109.085 E3.59556
G1 X111.282 Y109.218 E3.60632
G1 X109.087 Y109.21 E3.71189
G1 X108.923 Y109.067 E3.72236
G1 X108.884 Y108.95 E3.72829
G1 X108.884 Y106.346 E3.85353
G1 X108.939 Y106.211 E3.86054
G1 X109.088 Y106.086 E3.86989
G1 X111.247 Y106.075 E3.97373
G1 X111.386 Y106.133 E3.98097
G1 X111.403 Y106.161 E3.98255
G1 X111.505 Y106.548 F7800
G1 E1.98255 F2400
G92 E0
G1 X112.161 Y102.345 F7800
G1 E2 F2400
;TYPE:Perimeter
G1 F900
G1 X112.309 Y102.365 E2.00718
G1 X112.47 Y105.152 E2.14145
G1 X112.492 Y105.879 E2.17643
G1 X112.292 Y105.406 E2.20113
G1 X112.175 Y105.287 E2.20916
G1 X111.687 Y104.991 E2.23661
G1 X111.247 Y104.918 E2.25806
G1 X109.153 Y104.918 E2.35877
G1 X108.701 Y104.996 E2.38083
G1 X108.314 Y105.21 E2.4021
G1 X108.108 Y105.406 E2.41578
G1 X107.936 Y105.876 E2.43985
;WIDTH:0.413394
G1 X107.764 Y106.346 E2.46164
;WIDTH:0.376789
G1 X107.764 Y108.147 E2.53182
;WIDTH:0.376489
G1 X107.774 Y108.95 E2.56308
;WIDTH:0.368332
G1 X107.815 Y109.297 E2.57633
;WIDTH:0.409166
G1 X107.908 Y109.531 E2.58716
;WIDTH:0.45
G1 X108.001 Y109.765 E2.59927
G1 X108.386 Y110.139 E2.62509
G1 X108.694 Y110.298 E2.64176
G1 X109.153 Y110.378 E2.66417
G1 X110.741 Y110.378 E2.74055
G1 X111.492 Y110.356 E2.77669
G1 X111.835 Y110.244 E2.79404
G1 X112.216 Y109.968 E2.81667
G1 X112.402 Y109.737 E2.83093
G1 X112.285 Y110.598 E2.87272
G1 X112.073 Y111.443 E2.91462
G1 X111.844 Y111.926 E2.94033
G1 X111.699 Y112.104 E2.95137
G1 X111.281 Y112.371 E2.97523
G1 X110.869 Y112.531 E2.99649
G1 X110.186 Y112.637 E3.02973
G1 X109.459 Y112.6 E3.06474
G1 X108.932 Y112.469 E3.09086
G1 X108.469 Y112.239 E3.11572
G1 X108.234 Y112.03 E3.13085
G1 X107.954 Y111.5 E3.15968
G1 X107.816 Y111.066 E3.18158
G1 X107.708 Y110.562 E3.20637
G1 X107.547 Y109.437 E3.26103
;WIDTH:0.403456
G1 X107.482 Y108.958 E3.28147
;WIDTH:0.376489
G1 X107.452 Y108.147 E3.31306
;WIDTH:0.376789
G1 X107.452 Y106.299 E3.38507
;WIDTH:0.413394
G1 X107.492 Y105.73 E3.4099
;WIDTH:0.45
G1 X107.691 Y102.364 E3.57208
G1 X108.257 Y102.28 E3.5996
G1 X109.125 Y102.237 E3.6414
G1 X110.167 Y102.216 E3.69153
G1 X110.986 Y102.234 E3.73093
G1 X111.597 Y102.267 E3.76036
G1 X112.102 Y102.337 E3.78488
G1 X112.635 Y102.039 F7800
G1 F900
G1 X112.677 Y102.047 E3.78694
G1 X112.861 Y105.317 E3.94446
;WIDTH:0.488788
G1 X112.856 Y105.802 E3.97013
;WIDTH:0.527576
G1 X112.852 Y106.287 E3.99815
;WIDTH:0.566365
G1 X112.847 Y106.772 E4.02852
G1 X112.841 Y108.129 E4.11348
;WIDTH:0.562328
G1 X112.801 Y109.037 E4.16993
;WIDTH:0.537017
G1 X112.801 Y109.312 E4.18614
;WIDTH:0.504172
G1 X112.8 Y109.587 E4.20122
;WIDTH:0.471328
G1 X112.743 Y110.09 E4.22691
;WIDTH:0.45
G1 X112.662 Y110.68 E4.25555
G1 X112.434 Y111.582 E4.3003
G1 X112.158 Y112.165 E4.33132
G1 X111.865 Y112.476 E4.35187
G1 X111.36 Y112.772 E4.38002
G1 X110.956 Y112.906 E4.40049
G1 X110.347 Y113.012 E4.43022
G1 X109.788 Y113.021 E4.45711
G1 X109.165 Y112.936 E4.48735
G1 X108.643 Y112.769 E4.51371
G1 X108.138 Y112.483 E4.54162
G1 X107.835 Y112.15 E4.56327
G1 X107.605 Y111.665 E4.58909
G1 X107.448 Y111.187 E4.61329
G1 X107.331 Y110.645 E4.63996
G1 X107.229 Y109.969 E4.67284
G1 X107.151 Y109.145 E4.71265
G1 X107.103 Y108.159 E4.76013
G1 X107.103 Y106.306 E4.84925
G1 X107.161 Y104.798 E4.92183
G1 X107.323 Y102.062 E5.05365
G1 X107.443 Y102.012 E5.0599
G1 X108.187 Y101.898 E5.0961
G1 X108.751 Y101.859 E5.12329
G1 X110.139 Y101.83 E5.19006
G1 X111.582 Y101.88 E5.2595
G1 X112.098 Y101.928 E5.28442
G1 X112.576 Y102.027 E5.3079
G1 X113.04 Y101.885 F7800
G1 F900
G1 X113.055 Y101.907 E5.30918
G1 X113.246 Y105.305 E5.47287
G1 X113.291 Y106.774 E5.54356
G1 X113.283 Y108.146 E5.60955
G1 X113.197 Y109.613 E5.68023
G1 X113.048 Y110.719 E5.73391
G1 X112.937 Y111.231 E5.75911
G1 X112.795 Y111.72 E5.7836
G1 X112.49 Y112.366 E5.81796
G1 X112.097 Y112.787 E5.84566
G1 X111.67 Y113.037 E5.86946
G1 X111.15 Y113.257 E5.89662
G1 X110.631 Y113.366 E5.92213
G1 X109.948 Y113.412 E5.95505
G1 X109.411 Y113.376 E5.98094
G1 X108.884 Y113.262 E6.00687
G1 X108.346 Y113.057 E6.03456
G1 X107.905 Y112.791 E6.05933
G1 X107.506 Y112.356 E6.08772
G1 X107.257 Y111.83 E6.11571
G1 X107.074 Y111.283 E6.14345
G1 X106.951 Y110.715 E6.1714
G1 X106.847 Y110.016 E6.20539
G1 X106.767 Y109.173 E6.24612
G1 X106.718 Y108.169 E6.29447
G1 X106.717 Y106.298 E6.38446
G1 X106.776 Y104.779 E6.45757
G1 X106.94 Y101.997 E6.59161
G1 X107.02 Y101.77 E6.60319
G1 X107.405 Y101.628 E6.62293
G1 X108.204 Y101.51 E6.66178
G1 X109.108 Y101.466 E6.70531
G1 X110.183 Y101.445 E6.75702
G1 X111.671 Y101.5 E6.82864
G1 X112.213 Y101.558 E6.85486
G1 X112.937 Y101.735 E6.89071
G1 X113.006 Y101.835 E6.89655
G1 X113.426 Y101.817 F7800
;TYPE:External perimeter
G1 F900
G1 X113.437 Y101.84 E6.89778
G1 X113.626 Y105.101 E7.05489
G1 X113.677 Y106.777 E7.13554
G1 X113.668 Y108.158 E7.20196
G1 X113.581 Y109.65 E7.27384
G1 X113.416 Y110.842 E7.33172
G1 X113.28 Y111.445 E7.36145
G1 X113.054 Y112.076 E7.39369
G1 X112.725 Y112.694 E7.42736
G1 X112.329 Y113.098 E7.45457
G1 X111.688 Y113.473 E7.49029
G1 X111.13 Y113.657 E7.51855
G1 X110.438 Y113.777 E7.55233
G1 X109.839 Y113.799 E7.58116
G1 X109.24 Y113.736 E7.61013
G1 X108.585 Y113.572 E7.64261
G1 X108.039 Y113.34 E7.67114
G1 X107.577 Y113.017 E7.69825
G1 X107.177 Y112.562 E7.72739
G1 X106.844 Y111.859 E7.7648
G1 X106.7 Y111.379 E7.7889
G1 X106.572 Y110.784 E7.81817
G1 X106.464 Y110.063 E7.85323
G1 X106.382 Y109.2 E7.89492
G1 X106.332 Y108.178 E7.94413
G1 X106.331 Y106.291 E8.03489
G1 X106.391 Y104.76 E8.10858
G1 X106.563 Y101.844 E8.24907
G1 X106.704 Y101.534 E8.26545
G1 X106.853 Y101.422 E8.27442
G1 X107.346 Y101.247 E8.29958
G1 X108.177 Y101.126 E8.33997
G1 X109.1 Y101.08 E8.38442
G1 X110.191 Y101.059 E8.4369
G1 X111.708 Y101.116 E8.50991
G1 X112.291 Y101.181 E8.53812
G1 X113.009 Y101.345 E8.57354
G1 X113.275 Y101.508 E8.58854
G1 X113.399 Y101.763 E8.60218
G1 X113.452 Y102.16 F7800
G1 E6.60218 F2400
G92 E0
G1 X109.97 Y102.509 F7800
G1 E2 F2400
;TYPE:Solid infill
G1 F1200
G1 X108.785 Y102.533 E2.05701
G1 X107.966 Y102.622 E2.09663
G1 X107.82 Y105.353 E2.22817
G1 X107.92 Y105.186 E2.23753
G1 X108.158 Y104.969 E2.25302
G1 X108.635 Y104.716 E2.27899
G1 X109.129 Y104.629 E2.30312
G1 X111.239 Y104.629 E2.4046
G1 X111.748 Y104.711 E2.4294
G1 X112.168 Y104.95 E2.45264
G1 X112.033 Y102.611 E2.56532
G1 X111.535 Y102.553 E2.58943
G1 X110.163 Y102.505 E2.65546
G1 X110.16 Y102.891 E2.67403
G1 X111.667 Y102.955 E2.74658
G1 X111.746 Y104.32 E2.81234
G1 X111.239 Y104.243 E2.837
G1 X109.118 Y104.243 E2.93901
G1 X108.565 Y104.337 E2.96599
G1 X108.247 Y104.479 E2.98274
G1 X108.333 Y102.97 E3.05544
G1 X108.81 Y102.919 E3.07851
G1 X109.967 Y102.895 E3.13417
G1 X109.964 Y103.329 E3.15504
;WIDTH:0.545547
G1 X109.124 Y103.341 E3.20546
;WIDTH:0.540704
G1 X108.742 Y103.359 E3.22818
G1 X108.713 Y103.872 E3.25871
G1 X109.129 Y103.814 E3.28366
;WIDTH:0.547483
G1 X111.042 Y103.816 E3.39893
;WIDTH:0.531892
G1 X111.29 Y103.821 E3.41339
G1 X111.263 Y103.356 E3.44055
;WIDTH:0.547483
G1 X110.156 Y103.326 E3.50728
G1 E1.50728 F2400
G92 E0
G1 X111.913 Y111.513 F7800
G1 E2 F2400
;TYPE:Top solid infill
;WIDTH:0.410917
G1 F900
G1 X111.473 Y111.953 E2.02689
G1 X111.083 Y112.181 E2.04642
G1 X110.857 Y112.262 E2.0568
G1 X110.618 Y112.317 E2.0674
G1 X111.926 Y111.01 E2.14732
G1 X112.044 Y110.415 E2.17354
G1 X110.071 Y112.374 E2.29371
G1 X109.602 Y112.353 E2.314
G1 X111.315 Y110.641 E2.41868
G1 X110.825 Y110.641 E2.43986
G1 X109.192 Y112.273 E2.53965
G1 X108.834 Y112.142 E2.55613
G1 X110.335 Y110.641 E2.64788
G1 X109.845 Y110.641 E2.66906
G1 X108.531 Y111.955 E2.74938
G1 X108.389 Y111.802 E2.7584
G1 X108.326 Y111.669 E2.76476
G1 X109.355 Y110.64 E2.82766
G1 X109.064 Y110.64 E2.84024
G1 X108.889 Y110.617 E2.84787
G1 X108.17 Y111.335 E2.89179
G1 X108.062 Y110.953 E2.90895
G1 X108.514 Y110.501 E2.93658
G1 X108.199 Y110.326 E2.95215
G1 X107.848 Y110.677 E2.9736
M106 S232.05
;LAYER_CHANGE
;Z:19.35
;HEIGHT:0.1
G1 E.9736 F2400
G92 E0
G1 Z19.35 F7800
G1 X110.714 Y107.38
G1 E2 F2400
;TYPE:Support material interface
;WIDTH:0.35
G1 F3600
G1 X110.714 Y106.667 E2.00974
G1 X110.428 Y106.667 E2.01365
G1 X110.428 Y107.274 E2.02194
G1 X110.143 Y107.274 E2.02583
G1 X110.143 Y106.667 E2.03412
G1 X109.857 Y106.667 E2.03803
G1 X109.809 Y107.274 E2.04635
G1 X109.653 Y107.103 E2.04951
G1 X109.572 Y107.172 E2.05096
G1 X109.572 Y106.539 E2.05961
;LAYER_CHANGE
;Z:19.55
;HEIGHT:0.199999
G1 E.05961 F2400
G92 E0
G1 Z19.55 F7800
G1 X111.995 Y105.658
G1 E2 F2400
;TYPE:Perimeter
;WIDTH:0.45
;HEIGHT:0.3
G1 F900
G1 X112.015 Y105.675 E2.00126
;WIDTH:0.499681
G1 X112.314 Y106.336 E2.04065
G1 X112.299 Y107.824 E2.12144
;WIDTH:0.472923
G1 X112.281 Y108.491 E2.15544
;WIDTH:0.438185
G1 X112.251 Y108.842 E2.17186
;WIDTH:0.408944
G1 X112.22 Y109.192 E2.18696
;WIDTH:0.414654
G1 X112.094 Y109.499 E2.20146
;WIDTH:0.452509
G1 X111.925 Y109.716 E2.21477
G1 X111.566 Y109.993 E2.23672
;WIDTH:0.45
G1 X109.153 Y109.993 E2.35278
G1 X108.892 Y109.957 E2.36545
G1 X108.567 Y109.795 E2.38292
G1 X108.275 Y109.485 E2.4034
G1 X108.155 Y109.233 E2.41682
G1 X108.113 Y108.951 E2.43053
G1 X108.113 Y106.346 E2.55582
G1 X108.143 Y106.109 E2.56731
G1 X108.461 Y105.596 E2.59634
G1 X108.667 Y105.435 E2.60891
G1 X109.153 Y105.303 E2.63313
G1 X111.247 Y105.303 E2.73384
G1 X111.714 Y105.424 E2.75704
G1 X111.949 Y105.619 E2.77173
G1 X111.721 Y105.928 F7800
G1 F900
G1 X111.738 Y105.943 E2.77282
G1 X111.902 Y106.346 E2.79375
G1 X111.902 Y108.95 E2.91899
G1 X111.847 Y109.195 E2.93107
G1 X111.653 Y109.441 E2.94614
G1 X111.429 Y109.578 E2.95877
G1 X111.247 Y109.607 E2.96763
G1 X109.153 Y109.607 E3.06834
G1 X108.903 Y109.55 E3.08067
G1 X108.64 Y109.329 E3.09719
G1 X108.524 Y109.12 E3.10869
G1 X108.499 Y108.139 E3.15589
G1 X108.499 Y106.346 E3.24213
G1 X108.516 Y106.203 E3.24906
G1 X108.738 Y105.865 E3.26851
G1 X108.861 Y105.768 E3.27604
G1 X109.153 Y105.689 E3.29059
G1 X111.247 Y105.689 E3.3913
G1 X111.527 Y105.761 E3.40521
G1 X111.675 Y105.889 E3.41462
G1 X111.435 Y106.213 F7800
;TYPE:External perimeter
G1 F900
G1 X111.516 Y106.346 E3.42211
G1 X111.516 Y108.95 E3.54735
G1 X111.44 Y109.107 E3.55574
G1 X111.296 Y109.221 E3.56457
G1 X109.153 Y109.221 E3.66764
G1 X109.014 Y109.163 E3.67488
G1 X108.893 Y109.007 E3.68438
G1 X108.884 Y106.346 E3.81237
G1 X108.939 Y106.211 E3.81938
G1 X109.056 Y106.101 E3.8271
G1 X110.048 Y106.075 E3.87483
G1 X111.247 Y106.075 E3.9325
G1 X111.386 Y106.133 E3.93974
G1 X111.403 Y106.162 E3.94136
G1 X111.505 Y106.549 F7800
G1 X112.27 Y105.388
;TYPE:Perimeter
G1 F900
G1 X111.901 Y105.086 E3.96429
G1 X111.247 Y104.918 E3.99677
G1 X109.084 Y104.92 E4.1008
G1 X108.472 Y105.102 E4.13151
G1 X108.108 Y105.406 E4.15432
;WIDTH:0.489654
G1 X108.004 Y105.553 E4.16387
;WIDTH:0.529309
G1 X107.9 Y105.7 E4.17431
;WIDTH:0.568964
G1 X107.796 Y105.847 E4.18564
;WIDTH:0.608618
G1 X107.692 Y105.994 E4.19786
G1 X107.677 Y105.797 E4.21127
;WIDTH:0.568964
G1 X107.663 Y105.601 E4.22364
;WIDTH:0.529309
G1 X107.648 Y105.404 E4.2351
;WIDTH:0.489654
G1 X107.633 Y105.207 E4.24558
;WIDTH:0.45
G1 X107.649 Y104.608 E4.2744
G1 X107.774 Y102.38 E4.38173
G1 X109.122 Y102.289 E4.44671
G1 X110.084 Y102.268 E4.49299
G1 X111.427 Y102.305 E4.55761
G1 X112.237 Y102.396 E4.59681
G1 X112.359 Y104.811 E4.71311
G1 X112.372 Y105.598 E4.75097
G1 X112.304 Y105.435 E4.75946
G1 E2.75946 F2400
G92 E0
G1 X110.603 Y110.431 F7800
G1 E2 F2400
;WIDTH:0.584222
G1 F900
G1 X110.289 Y110.445 E2.02038
;WIDTH:0.612177
G1 X109.974 Y110.459 E2.04192
G1 X109.625 Y110.44 E2.0658
;WIDTH:0.574184
G1 X109.276 Y110.421 E2.08802
;WIDTH:0.536191
G1 X109.115 Y110.385 E2.09773
;WIDTH:0.496979
G1 X108.953 Y110.349 E2.10668
;WIDTH:0.457767
G1 X108.792 Y110.313 E2.11477
;WIDTH:0.418555
G1 X108.346 Y110.085 E2.1369
;WIDTH:0.409103
G1 X108.037 Y109.746 E2.15662
;WIDTH:0.370023
G1 X107.947 Y109.535 E2.16536
;WIDTH:0.33668
G1 X107.857 Y109.324 E2.17315
;WIDTH:0.330913
G1 X107.815 Y109.138 E2.17949
;WIDTH:0.358489
G1 X107.773 Y108.951 E2.18652
;WIDTH:0.399321
G1 X107.753 Y108.68 E2.19787
;WIDTH:0.440153
G1 X107.732 Y108.409 E2.21061
;WIDTH:0.480985
G1 X107.712 Y108.139 E2.22468
;WIDTH:0.50857
G1 X107.698 Y107.78 E2.24458
;WIDTH:0.536155
G1 X107.684 Y107.422 E2.26566
;WIDTH:0.557741
G1 X107.674 Y106.346 E2.33187
;WIDTH:0.58318
G1 X107.683 Y106.17 E2.34327
;WIDTH:0.608618
G1 X107.692 Y105.994 E2.35523
G1 E.35523 F2400
G92 E0
G1 X112.561 Y102.064 F7800
G1 E2 F2400
;WIDTH:0.45
G1 F900
G1 X112.607 Y102.072 E2.00225
G1 X112.745 Y104.805 E2.13387
G1 X112.754 Y105.369 E2.161
;WIDTH:0.499681
G1 X112.747 Y106.526 E2.22382
G1 X112.707 Y107.834 E2.29487
;WIDTH:0.472923
G1 X112.653 Y108.522 E2.33004
;WIDTH:0.438185
G1 X112.588 Y108.898 E2.34783
;WIDTH:0.408944
G1 X112.524 Y109.275 E2.36426
;WIDTH:0.409309
G1 X112.421 Y109.549 E2.37685
;WIDTH:0.438916
G1 X112.317 Y109.823 E2.39054
;WIDTH:0.469106
G1 X112.17 Y110.013 E2.40267
;WIDTH:0.499297
G1 X112.023 Y110.202 E2.41566
;WIDTH:0.528939
G1 X111.526 Y110.547 E2.45072
;WIDTH:0.489469
G1 X111.305 Y110.688 E2.46462
;WIDTH:0.45
G1 X110.683 Y110.865 E2.49572
G1 X110.016 Y110.924 E2.52793
G1 X109.56 Y110.902 E2.54989
G1 X108.828 Y110.74 E2.58595
G1 X108.27 Y110.473 E2.6157
G1 X107.908 Y110.169 E2.63844
G1 X107.677 Y109.803 E2.65926
G1 X107.443 Y109.04 E2.69764
G1 X107.313 Y108.184 E2.73928
G1 X107.256 Y107.443 E2.77502
G1 X107.227 Y105.993 E2.84477
G1 X107.264 Y104.593 E2.91213
G1 X107.394 Y102.076 E3.03335
G1 X107.721 Y101.998 E3.04952
G1 X108.641 Y101.915 E3.09395
G1 X110.051 Y101.881 E3.16179
G1 X111.425 Y101.918 E3.2279
G1 X111.939 Y101.959 E3.2527
G1 X112.502 Y102.054 E3.28016
G1 X112.969 Y101.886 F7800
G1 F900
G1 X112.986 Y101.934 E3.28261
G1 X113.13 Y104.799 E3.42058
G1 X113.157 Y106.543 E3.50447
G1 X113.103 Y107.868 E3.56825
G1 X113.027 Y108.584 E3.60288
G1 X112.863 Y109.366 E3.64131
G1 X112.653 Y110.004 E3.67362
G1 X112.357 Y110.44 E3.69897
G1 X112.054 Y110.724 E3.71894
G1 X111.451 Y111.048 E3.75186
G1 X110.753 Y111.246 E3.78676
G1 X110.05 Y111.308 E3.8207
G1 X109.498 Y111.283 E3.84728
G1 X108.936 Y111.171 E3.87484
G1 X108.466 Y110.994 E3.899
G1 X107.992 Y110.755 E3.92453
G1 X107.591 Y110.399 E3.95032
G1 X107.318 Y109.949 E3.97563
G1 X107.066 Y109.126 E4.01703
G1 X106.93 Y108.228 E4.06071
G1 X106.871 Y107.462 E4.09766
G1 X106.841 Y105.992 E4.16838
G1 X106.878 Y104.578 E4.23641
G1 X107.012 Y101.993 E4.36091
G1 X107.082 Y101.785 E4.37147
G1 X107.668 Y101.615 E4.40082
G1 X108.619 Y101.53 E4.44674
G1 X110.051 Y101.496 E4.51563
G1 X111.444 Y101.533 E4.58265
G1 X111.949 Y101.57 E4.607
G1 X112.635 Y101.679 E4.64041
G1 X112.936 Y101.795 E4.65592
G1 X112.949 Y101.829 E4.65767
G1 X113.341 Y101.81 F7800
;TYPE:External perimeter
G1 F900
G1 X113.37 Y101.895 E4.66199
G1 X113.516 Y104.792 E4.8015
G1 X113.544 Y106.53 E4.8851
G1 X113.488 Y107.896 E4.95086
G1 X113.412 Y108.619 E4.98583
G1 X113.33 Y109.114 E5.00996
G1 X113.186 Y109.649 E5.03661
G1 X112.966 Y110.25 E5.06739
G1 X112.598 Y110.766 E5.09787
G1 X112.131 Y111.12 E5.12605
G1 X111.478 Y111.441 E5.16105
G1 X110.711 Y111.637 E5.19913
G1 X109.909 Y111.696 E5.23781
G1 X109.083 Y111.606 E5.27777
G1 X108.554 Y111.464 E5.30411
G1 X108.091 Y111.242 E5.32881
G1 X107.616 Y110.96 E5.35538
G1 X107.239 Y110.569 E5.3815
G1 X106.96 Y110.096 E5.40791
G1 X106.689 Y109.212 E5.45238
G1 X106.546 Y108.272 E5.49811
G1 X106.485 Y107.48 E5.53632
G1 X106.456 Y105.991 E5.60795
G1 X106.493 Y104.563 E5.67665
G1 X106.633 Y101.855 E5.80707
G1 X106.805 Y101.502 E5.82596
G1 X107.183 Y101.33 E5.84593
G1 X107.616 Y101.233 E5.86727
G1 X108.597 Y101.144 E5.91465
G1 X110.052 Y101.11 E5.98465
G1 X111.464 Y101.148 E6.05259
G1 X111.993 Y101.187 E6.0781
G1 X112.695 Y101.298 E6.11228
G1 X113.174 Y101.478 E6.13689
G1 X113.27 Y101.6 E6.14436
G1 X113.322 Y101.753 E6.15213
G1 X113.378 Y102.15 F7800
G1 E4.15213 F2400
G92 E0
G1 X107.938 Y104.62 F7800
G1 E2 F2400
;TYPE:Solid infill
G1 F1200
G1 X108.04 Y102.646 E2.09507
G1 X109.064 Y102.58 E2.14442
G1 X110.104 Y102.558 E2.19445
G1 X111.413 Y102.595 E2.25743
G1 X111.96 Y102.65 E2.28387
G1 X112.064 Y104.836 E2.38913
G1 X111.235 Y104.629 E2.43023
G1 X109.033 Y104.639 E2.53614
G1 X108.326 Y104.855 E2.5717
G1 X107.923 Y105.185 E2.59675
G1 X107.933 Y104.812 E2.6147
G1 X108.333 Y104.445 E2.64081
G1 X108.408 Y103.001 E2.71035
G1 X110.094 Y102.943 E2.79149
G1 X111.59 Y102.984 E2.86347
G1 X111.654 Y104.332 E2.92838
G1 X111.235 Y104.243 E2.94898
G1 X110.077 Y104.244 E3.00468
G1 X108.923 Y104.269 E3.0602
G1 X108.518 Y104.39 E3.08053
G1 X108.804 Y103.87 E3.10907
;WIDTH:0.511492
G1 X108.805 Y103.388 E3.13595
G1 X109.082 Y103.382 E3.1514
;WIDTH:0.522022
G1 X110.082 Y103.365 E3.20849
G1 X111.193 Y103.388 E3.27192
;WIDTH:0.509477
G1 X111.214 Y103.828 E3.29637
G1 X110.981 Y103.828 E3.3093
;WIDTH:0.522022
G1 X109.088 Y103.829 E3.41735
;WIDTH:0.511328
G1 X108.995 Y103.842 E3.42258
M106 S239.7
;LAYER_CHANGE
;Z:19.85
;HEIGHT:0.300001
G1 E1.42258 F2400
G92 E0
G1 Z19.85 F7800
G1 X111.343 Y105.703
G1 E2 F2400
;TYPE:Perimeter
;WIDTH:0.45
G1 F900
G1 X111.633 Y106.132 E2.02491
G1 X111.658 Y106.859 E2.0599
G1 X111.651 Y107.379 E2.08491
G1 X111.545 Y107.716 E2.1019
G1 X111.455 Y107.854 E2.10982
;WIDTH:0.476007
G1 X111.133 Y108.136 E2.1318
G1 X111.091 Y108.146 E2.13402
;TYPE:Overhang perimeter
;WIDTH:0.4
;HEIGHT:0.4
M106 S255
G1 X110.694 Y108.246 E2.15541
G1 X109.978 Y108.264 E2.19283
G1 X109.581 Y108.241 E2.21361
G1 X109.309 Y108.095 E2.22974
M106 S239.7
;TYPE:Perimeter
;WIDTH:0.45
;HEIGHT:0.3
G1 X109.21 Y108.042 E2.23514
G1 X108.911 Y107.685 E2.25754
G1 X108.816 Y107.316 E2.27587
G1 X108.814 Y106.347 E2.32248
G1 X108.834 Y106.152 E2.33191
G1 X109.14 Y105.625 E2.36122
G1 X109.593 Y105.401 E2.38553
G1 X110.828 Y105.393 E2.44493
G1 X111.242 Y105.554 E2.46629
G1 X111.309 Y105.653 E2.47204
G1 X111.083 Y105.961 F7800
G1 F900
G1 X111.258 Y106.218 E2.48699
G1 X111.272 Y106.859 E2.51783
G1 X111.249 Y107.425 E2.54508
G1 X111.151 Y107.618 E2.55549
G1 X111.091 Y107.667 E2.55922
;TYPE:Overhang perimeter
;WIDTH:0.4
;HEIGHT:0.4
M106 S255
G1 X110.954 Y107.78 E2.5685
G1 X110.645 Y107.841 E2.58496
G1 X109.778 Y107.841 E2.63026
G1 X109.664 Y107.83 E2.63624
G1 X109.437 Y107.73 E2.6492
G1 X109.309 Y107.577 E2.65962
M106 S239.7
;TYPE:Perimeter
;WIDTH:0.45
;HEIGHT:0.3
G1 X109.258 Y107.516 E2.66344
G1 X109.201 Y107.295 E2.67442
G1 X109.212 Y106.23 E2.72565
G1 X109.395 Y105.914 E2.74321
G1 X109.667 Y105.78 E2.75779
G1 X110.694 Y105.769 E2.80719
G1 X111.022 Y105.871 E2.82371
G1 X111.049 Y105.911 E2.82603
G1 X110.822 Y106.224 F7800
;TYPE:External perimeter
G1 F900
G1 X110.887 Y106.347 E2.83272
G1 X110.887 Y106.5 E2.84008
;TYPE:Overhang perimeter
;WIDTH:0.4
;HEIGHT:0.4
M106 S255
G1 X110.887 Y107.263 E2.87994
G1 X110.846 Y107.381 E2.88647
G1 X110.694 Y107.456 E2.89533
G1 X109.778 Y107.456 E2.94319
G1 X109.665 Y107.419 E2.9494
G1 X109.586 Y107.274 E2.95803
G1 X109.586 Y106.5 E2.99847
M106 S239.7
;TYPE:External perimeter
;WIDTH:0.45
;HEIGHT:0.3
G1 X109.585 Y106.347 E3.00583
G1 X109.651 Y106.203 E3.01345
G1 X109.778 Y106.155 E3.01998
G1 X110.694 Y106.155 E3.06404
G1 X110.784 Y106.183 E3.06857
G1 X110.878 Y106.571 F7800
G1 X112.093 Y106.347
;TYPE:Perimeter
;WIDTH:0.549369
G1 F900
G1 X112.079 Y106.603 E3.08408
;WIDTH:0.520491
G1 X112.064 Y106.859 E3.09867
G1 E1.09867 F2400
G92 E0
G1 X111.981 Y102.418 F7800
G1 E2 F2400
;WIDTH:0.45
G1 F900
G1 X112.139 Y102.431 E2.00762
G1 X112.197 Y103.846 E2.07573
G1 X112.214 Y104.856 E2.12431
;WIDTH:0.469616
G1 X112.169 Y106.029 E2.18364
;WIDTH:0.509492
G1 X112.131 Y106.188 E2.19272
;WIDTH:0.549369
G1 X112.093 Y106.347 E2.20261
G1 X112.056 Y106.195 E2.21207
;WIDTH:0.509492
G1 X112.019 Y106.043 E2.22075
;WIDTH:0.469616
G1 X111.461 Y105.237 E2.2703
;WIDTH:0.45
G1 X110.881 Y105.011 E2.30024
G1 X109.778 Y104.998 E2.35329
G1 X109.393 Y105.054 E2.372
G1 X108.885 Y105.336 E2.39995
;WIDTH:0.464324
G1 X108.449 Y106.073 E2.44267
;WIDTH:0.503255
G1 X108.416 Y106.21 E2.45038
;WIDTH:0.542186
G1 X108.383 Y106.347 E2.45878
G1 X108.396 Y106.817 E2.4868
;WIDTH:0.515636
G1 X108.416 Y107.5 E2.52526
G1 X108.535 Y107.868 E2.54703
G1 X108.657 Y108.036 E2.55872
G1 X108.54 Y107.986 E2.56588
G1 X108.27 Y107.768 E2.58541
G1 X108.077 Y107.398 E2.6089
G1 X107.951 Y106.87 E2.63945
;WIDTH:0.542186
G1 X107.906 Y106.374 E2.66913
G1 X107.867 Y106.197 E2.67993
;WIDTH:0.503255
G1 X107.828 Y106.019 E2.6899
;WIDTH:0.464324
G1 X107.785 Y104.846 E2.74845
;WIDTH:0.45
G1 X107.803 Y103.832 E2.79723
G1 X107.876 Y102.426 E2.86494
G1 X108.79 Y102.359 E2.90902
G1 X110.033 Y102.334 E2.96882
G1 X111.333 Y102.364 E3.03136
G1 X111.922 Y102.413 E3.05979
G1 X112.445 Y102.095 F7800
G1 F900
G1 X112.512 Y102.108 E3.06307
G1 X112.583 Y103.84 E3.14644
G1 X112.6 Y104.847 E3.19488
G1 X112.564 Y106.06 E3.25325
G1 X112.465 Y106.929 E3.29532
G1 X112.328 Y107.501 E3.32361
G1 X112.125 Y107.944 E3.34705
G1 X111.798 Y108.258 E3.36885
;WIDTH:0.476007
G1 X111.282 Y108.517 E3.39849
;WIDTH:0.476673
G1 X111.091 Y108.567 E3.40864
;TYPE:Overhang perimeter
;WIDTH:0.4
;HEIGHT:0.4
M106 S255
G1 X110.664 Y108.679 E3.4317
G1 X109.998 Y108.723 E3.46657
G1 X109.309 Y108.657 E3.50273
M106 S239.7
;TYPE:Perimeter
;WIDTH:0.463076
;HEIGHT:0.3
G1 X108.896 Y108.593 E3.52351
;WIDTH:0.45
G1 X108.232 Y108.286 E3.55869
G1 X107.901 Y107.977 E3.58047
G1 X107.677 Y107.525 E3.60473
G1 X107.535 Y106.929 E3.6342
G1 X107.436 Y106.06 E3.67627
G1 X107.4 Y104.847 E3.73464
G1 X107.417 Y103.821 E3.78399
G1 X107.488 Y102.108 E3.86645
G1 X107.825 Y102.043 E3.88296
G1 X108.772 Y101.973 E3.92863
G1 X110.034 Y101.949 E3.98934
G1 X111.353 Y101.979 E4.0528
G1 X112.231 Y102.051 E4.09517
G1 X112.386 Y102.083 E4.10278
G1 X112.867 Y101.896 F7800
G1 F900
G1 X112.891 Y101.931 E4.10482
G1 X112.969 Y103.833 E4.19638
G1 X112.986 Y104.849 E4.24525
G1 X112.949 Y106.088 E4.30487
G1 X112.851 Y106.948 E4.3465
G1 X112.74 Y107.436 E4.37057
G1 X112.593 Y107.888 E4.39343
G1 X112.411 Y108.204 E4.41097
G1 X112.046 Y108.562 E4.43556
G1 X111.456 Y108.883 E4.46787
G1 X110.759 Y109.08 E4.50271
G1 X110.036 Y109.144 E4.53762
G1 X109.55 Y109.125 E4.56101
G1 X108.811 Y108.976 E4.59727
G1 X108.159 Y108.698 E4.63136
G1 X107.754 Y108.387 E4.65592
G1 X107.52 Y108.1 E4.67373
G1 X107.309 Y107.642 E4.69798
G1 X107.154 Y106.996 E4.72993
G1 X107.051 Y106.088 E4.77388
G1 X107.014 Y104.849 E4.8335
G1 X107.032 Y103.81 E4.88348
G1 X107.13 Y101.839 E4.9784
G1 X107.248 Y101.761 E4.9852
G1 X107.775 Y101.66 E5.01101
G1 X108.754 Y101.588 E5.05822
G1 X110.035 Y101.563 E5.11984
G1 X111.373 Y101.594 E5.18421
G1 X112.262 Y101.667 E5.22711
G1 X112.781 Y101.771 E5.25257
G1 X112.833 Y101.847 E5.257
G1 X113.266 Y101.825 F7800
;TYPE:External perimeter
G1 F900
G1 X113.273 Y101.839 E5.25775
G1 X113.354 Y103.826 E5.3534
G1 X113.372 Y104.852 E5.40275
G1 X113.334 Y106.115 E5.46352
G1 X113.234 Y106.991 E5.50593
G1 X113.115 Y107.526 E5.53229
G1 X112.923 Y108.103 E5.56154
G1 X112.646 Y108.527 E5.5859
G1 X112.267 Y108.88 E5.61081
G1 X111.602 Y109.242 E5.64723
G1 X110.829 Y109.461 E5.68587
G1 X110.07 Y109.528 E5.72252
G1 X109.502 Y109.509 E5.74985
G1 X108.696 Y109.347 E5.78939
G1 X108.072 Y109.08 E5.82203
G1 X107.814 Y108.934 E5.83629
G1 X107.414 Y108.601 E5.86132
G1 X107.185 Y108.291 E5.87986
G1 X106.94 Y107.759 E5.90803
G1 X106.774 Y107.063 E5.94244
G1 X106.666 Y106.115 E5.98833
G1 X106.628 Y104.852 E6.0491
G1 X106.646 Y103.799 E6.09975
G1 X106.728 Y101.828 E6.19463
G1 X106.868 Y101.531 E6.21042
G1 X107.115 Y101.394 E6.224
G1 X107.724 Y101.277 E6.25383
G1 X108.736 Y101.203 E6.30263
G1 X110.035 Y101.177 E6.36512
G1 X111.393 Y101.209 E6.43045
G1 X112.294 Y101.283 E6.47393
G1 X112.839 Y101.39 E6.50064
G1 X113.134 Y101.536 E6.51647
G1 X113.241 Y101.771 E6.52889
G1 X113.283 Y102.169 F7800
G1 E4.52889 F2400
G92 E0
G1 X108.251 Y102.732 F7800
G1 E2 F2400
;TYPE:Solid infill
;WIDTH:0.558577
G1 F1200
G1 X108.207 Y102.688 E2.00384
G1 X108.148 Y102.704 E2.00761
G1 X108.132 Y102.764 E2.01144
G1 X108.175 Y102.807 E2.01519
G1 X108.235 Y102.791 E2.01902
;WIDTH:0.45
G1 X108.108 Y103.453 E2.05144
G1 X108.916 Y102.646 E2.10637
G1 X109.472 Y102.635 E2.13312
G1 X108.089 Y104.018 E2.22719
G1 X108.079 Y104.573 E2.25389
G1 X110.027 Y102.625 E2.38639
G1 X110.562 Y102.636 E2.41213
G1 X108.086 Y105.111 E2.58051
G1 X108.108 Y105.635 E2.60573
G1 X111.095 Y102.648 E2.8089
G1 X111.449 Y102.839 E2.82825
G1 X109.548 Y104.74 E2.95755
G1 X109.785 Y104.709 E2.96905
G1 X110.892 Y104.723 E3.0223
G1 X111.577 Y104.977 E3.05744
G1 X111.667 Y105.049 E3.06298
G1 X111.896 Y105.363 E3.08167
G1 X111.925 Y104.847 E3.10653
G1 X111.861 Y102.698 E3.20994
G1 X111.516 Y102.67 E3.22659
G1 X111.444 Y103.479 F7800
;WIDTH:0.576102
G1 F1200
G1 X111.47 Y104.454 E3.28884
G1 X111.122 Y104.318 E3.31269
G1 X110.651 Y104.271 E3.3429
G1 X111.308 Y103.615 E3.40216
M106 S247.35
;LAYER_CHANGE
;Z:20.15
;HEIGHT:0.299999
G1 E1.40216 F2400
G92 E0
G1 Z20.15 F7800
G1 X110.737 Y107.379
G1 E2 F2400
;TYPE:External perimeter
;WIDTH:0.404381
G1 F900
G1 X109.778 Y107.411 E2.04069
G1 E.04069 F2400
G92 E0
G1 X111.801 Y102.488 F7800
G1 E2 F2400
;TYPE:Perimeter
;WIDTH:0.45
G1 F900
G1 X111.997 Y102.503 E2.00945
G1 X112.009 Y103.12 E2.03913
G1 X111.972 Y104.261 E2.09404
G1 X111.886 Y104.987 E2.1292
G1 X111.735 Y105.495 E2.15469
G1 X111.389 Y105.191 E2.17684
G1 X110.942 Y105.021 E2.19984
G1 X110.703 Y104.998 E2.21139
G1 X110.118 Y104.998 E2.23953
G1 X109.54 Y105.019 E2.26735
G1 X109.183 Y105.136 E2.28542
G1 X108.845 Y105.372 E2.30525
G1 X108.733 Y105.494 E2.31322
G1 X108.543 Y105.82 E2.33137
G1 X108.308 Y105.596 E2.34698
G1 X108.144 Y105.134 E2.37056
G1 X108.045 Y104.468 E2.40294
G1 X107.995 Y103.502 E2.44946
G1 X107.998 Y102.5 E2.49765
G1 X109.174 Y102.436 E2.5543
G1 X110.126 Y102.427 E2.60009
G1 X111.331 Y102.454 E2.65806
G1 X111.741 Y102.484 E2.67783
G1 X112.298 Y102.154 F7800
G1 F900
G1 X112.376 Y102.161 E2.6816
G1 X112.394 Y103.122 E2.72783
G1 X112.361 Y104.252 E2.7822
G1 X112.277 Y104.986 E2.81773
G1 X112.155 Y105.49 E2.84267
G1 X112.032 Y105.765 E2.85716
G1 X111.795 Y106.053 E2.8751
G1 X111.627 Y106.171 E2.88497
G1 X111.599 Y106.017 E2.8925
G1 X111.491 Y105.806 E2.9039
G1 X111.19 Y105.521 E2.92384
G1 X110.871 Y105.4 E2.94025
G1 X110.7 Y105.383 E2.94852
G1 X109.778 Y105.383 E2.99286
G1 X109.353 Y105.482 E3.01385
G1 X109.112 Y105.651 E3.02801
G1 X108.901 Y105.949 E3.04557
G1 X108.814 Y106.395 E3.06743
G1 X108.741 Y106.373 E3.0711
G1 X108.274 Y106.111 E3.09685
G1 X107.945 Y105.744 E3.12056
G1 X107.771 Y105.243 E3.14607
G1 X107.663 Y104.548 E3.1799
G1 X107.61 Y103.539 E3.2285
G1 X107.622 Y102.171 E3.2943
G1 X107.848 Y102.125 E3.30539
G1 X108.411 Y102.08 E3.33255
G1 X110.129 Y102.041 E3.4152
G1 X111.425 Y102.074 E3.47755
G1 X112.239 Y102.148 E3.51686
G1 X112.729 Y101.881 F7800
G1 F900
G1 X112.758 Y101.957 E3.52077
G1 X112.78 Y103.124 E3.57691
G1 X112.746 Y104.279 E3.63249
G1 X112.66 Y105.03 E3.66885
G1 X112.528 Y105.586 E3.69633
G1 X112.38 Y105.932 E3.71443
G1 X112.085 Y106.307 E3.73738
G1 X111.709 Y106.58 E3.75973
G1 X111.272 Y106.765 E3.78255
G1 X111.272 Y106.347 E3.80265
G1 X111.172 Y106.023 E3.81896
G1 X110.992 Y105.852 E3.8309
G1 X110.698 Y105.769 E3.84559
G1 X109.778 Y105.769 E3.88984
G1 X109.523 Y105.828 E3.90243
G1 X109.301 Y106.02 E3.91655
G1 X109.2 Y106.347 E3.93301
G1 X109.2 Y106.908 E3.95999
G1 X108.591 Y106.731 E3.99049
G1 X108.133 Y106.474 E4.01575
G1 X107.717 Y106.104 E4.04253
G1 X107.573 Y105.856 E4.05632
G1 X107.393 Y105.326 E4.08324
G1 X107.279 Y104.587 E4.1192
G1 X107.224 Y103.549 E4.16919
G1 X107.222 Y102.646 E4.21262
G1 X107.243 Y101.97 E4.24515
G1 X107.279 Y101.848 E4.25127
G1 X107.794 Y101.742 E4.27656
G1 X108.388 Y101.695 E4.30522
G1 X109.155 Y101.665 E4.34214
G1 X110.131 Y101.655 E4.38908
G1 X111.368 Y101.683 E4.44859
G1 X112.248 Y101.748 E4.49103
G1 X112.701 Y101.833 E4.5132
G1 X113.124 Y101.813 F7800
;TYPE:External perimeter
G1 F900
G1 X113.144 Y101.95 E4.51986
G1 X113.166 Y103.126 E4.57643
G1 X113.131 Y104.307 E4.63326
G1 X113.031 Y105.175 E4.67528
G1 X112.902 Y105.681 E4.7004
G1 X112.728 Y106.099 E4.72218
G1 X112.565 Y106.345 E4.73637
G1 X112.203 Y106.713 E4.7612
G1 X111.764 Y106.989 E4.78614
G1 X110.737 Y107.379 E4.83898
;WIDTH:0.427276
G1 X110.852 Y107.263 E4.84637
;WIDTH:0.45
G1 X110.887 Y107.062 E4.85618
G1 X110.887 Y106.386 E4.88869
G1 X110.834 Y106.215 E4.8973
G1 X110.695 Y106.155 E4.90458
G1 X109.778 Y106.155 E4.94868
G1 X109.645 Y106.208 E4.95557
G1 X109.585 Y106.347 E4.96285
G1 X109.594 Y107.263 E5.00691
;WIDTH:0.441067
G1 X109.674 Y107.385 E5.01376
;WIDTH:0.417146
G1 X109.778 Y107.411 E5.01848
;WIDTH:0.45
G1 X109.194 Y107.308 E5.047
G1 X108.441 Y107.089 E5.08472
G1 X107.806 Y106.733 E5.11973
G1 X107.415 Y106.347 E5.14616
G1 X107.22 Y106.01 E5.16489
G1 X107.016 Y105.409 E5.19542
G1 X106.895 Y104.627 E5.23348
G1 X106.839 Y103.56 E5.28487
G1 X106.837 Y102.64 E5.32912
G1 X106.857 Y101.959 E5.36189
G1 X106.953 Y101.611 E5.37925
G1 X107.094 Y101.492 E5.38812
G1 X107.74 Y101.36 E5.41983
G1 X108.366 Y101.31 E5.45003
G1 X109.146 Y101.28 E5.48757
G1 X110.133 Y101.27 E5.53504
G1 X111.387 Y101.298 E5.59537
G1 X112.276 Y101.363 E5.63824
G1 X112.712 Y101.439 E5.65953
G1 X113.006 Y101.557 E5.67477
G1 X113.114 Y101.743 E5.68511
G1 X113.116 Y101.754 E5.68565
G1 X113.144 Y102.153 F7800
G1 X111.888 Y103.374
;TYPE:Top solid infill
;WIDTH:0.423575
G1 F900
G1 X111.316 Y102.802 E5.72189
G1 X110.905 Y102.899 E5.74081
G1 X111.727 Y103.721 E5.79289
G1 X111.712 Y104.214 E5.81499
G1 X110.552 Y103.054 E5.88848
G1 X110.247 Y103.258 E5.90492
G1 X111.659 Y104.67 E5.99438
G1 X111.603 Y105.026 E6.01053
G1 X111.524 Y104.963 E6.01506
G1 X111.395 Y104.913 E6.02126
G1 X109.566 Y103.084 E6.13714
G1 X109.057 Y102.885 E6.16162
G1 X108.795 Y102.822 E6.17369
G1 X110.708 Y104.735 E6.29489
G1 X110.199 Y104.734 E6.31769
G1 X108.258 Y102.792 E6.4407
G1 X108.259 Y103.301 E6.4635
G1 X109.697 Y104.739 E6.55461
G1 X109.492 Y104.759 E6.56384
G1 X109.278 Y104.829 E6.57393
G1 X108.276 Y103.826 E6.63745
G1 X108.304 Y104.362 E6.6615
G1 X108.933 Y104.991 E6.70135
G1 X108.641 Y105.207 E6.71762
G1 X108.202 Y104.768 E6.74543
G1 E4.74543 F2400
G92 E0
G1 X109.399 Y102.68 F7800
G1 E2 F2400
;TYPE:Solid infill
;WIDTH:0.362812
G1 F1200
G1 X110.606 Y102.683 E2.04493
G1 X110.288 Y102.841 E2.05815
G1 X110.07 Y102.998 E2.06815
G1 X109.574 Y102.761 E2.08861
M106 S252.45
;LAYER_CHANGE
;Z:20.45
;HEIGHT:0.300001
G1 Z20.45 F7800
G1 X111.48 Y102.61
;TYPE:Perimeter
;WIDTH:0.45
G1 F712
G1 X111.712 Y102.625 E2.09979
G1 X111.626 Y103.135 E2.12467
G1 X111.498 Y103.51 E2.14373
G1 X111.358 Y103.66 E2.1536
G1 X110.986 Y103.886 E2.17453
G1 X110.603 Y104.005 E2.19382
G1 X110.125 Y104.069 E2.21702
G1 X109.611 Y104.04 E2.24178
G1 X109.16 Y103.945 E2.26395
G1 X108.709 Y103.723 E2.28813
G1 X108.517 Y103.526 E2.30136
G1 X108.363 Y103.126 E2.32198
G1 X108.288 Y102.628 E2.3462
G1 X108.556 Y102.603 E2.35915
G1 X110.053 Y102.57 E2.43117
G1 X111.208 Y102.592 E2.48673
G1 X111.421 Y102.606 E2.497
G1 X112.022 Y102.268 F7800
G1 F712
G1 X112.131 Y102.274 E2.50225
G1 X112.075 Y102.89 E2.532
G1 X111.959 Y103.413 E2.55777
G1 X111.772 Y103.788 E2.57792
G1 X111.522 Y104.023 E2.59442
G1 X111.156 Y104.231 E2.61467
G1 X110.707 Y104.376 E2.63736
G1 X110.136 Y104.456 E2.66509
G1 X109.589 Y104.425 E2.69144
G1 X109.131 Y104.335 E2.71389
G1 X108.636 Y104.139 E2.7395
G1 X108.252 Y103.83 E2.76321
G1 X108.087 Y103.52 E2.7801
G1 X107.926 Y102.9 E2.81091
G1 X107.868 Y102.279 E2.84091
G1 X108.534 Y102.218 E2.87308
G1 X110.052 Y102.184 E2.94611
G1 X110.997 Y102.202 E2.99157
G1 X111.962 Y102.264 E3.03808
G1 X112.491 Y101.954 F7800
G1 F712
G1 X112.506 Y101.957 E3.03882
G1 X112.525 Y102.193 E3.05021
G1 X112.462 Y102.888 E3.08377
G1 X112.379 Y103.301 E3.10403
G1 X112.229 Y103.762 E3.12735
G1 X111.987 Y104.144 E3.1491
G1 X111.643 Y104.422 E3.17037
G1 X111.206 Y104.637 E3.19379
G1 X110.695 Y104.78 E3.21931
G1 X110.147 Y104.843 E3.24584
G1 X109.435 Y104.803 E3.28014
G1 X108.916 Y104.68 E3.30579
G1 X108.451 Y104.478 E3.33017
G1 X108.065 Y104.186 E3.35345
G1 X107.775 Y103.796 E3.37683
G1 X107.651 Y103.441 E3.39492
G1 X107.544 Y102.955 E3.41885
G1 X107.478 Y102.257 E3.45257
G1 X107.495 Y101.958 E3.46697
G1 X107.619 Y101.915 E3.47328
G1 X108.512 Y101.832 E3.51642
G1 X110.052 Y101.799 E3.59051
G1 X111.24 Y101.821 E3.64766
G1 X112.085 Y101.876 E3.68839
G1 X112.432 Y101.943 E3.70539
G1 X112.886 Y101.863 F7800
;TYPE:External perimeter
G1 F712
G1 X112.912 Y102.195 E3.72141
G1 X112.846 Y102.923 E3.75657
G1 X112.731 Y103.494 E3.78458
G1 X112.506 Y104.094 E3.8154
G1 X112.266 Y104.413 E3.8346
G1 X111.852 Y104.749 E3.86024
G1 X111.345 Y104.999 E3.88743
G1 X110.77 Y105.16 E3.91615
G1 X110.158 Y105.229 E3.94577
G1 X109.546 Y105.195 E3.97525
G1 X108.954 Y105.085 E4.00421
G1 X108.416 Y104.883 E4.03185
G1 X108.065 Y104.684 E4.05126
G1 X107.648 Y104.317 E4.07798
G1 X107.425 Y103.964 E4.09806
G1 X107.287 Y103.568 E4.11823
G1 X107.162 Y103.011 E4.14569
G1 X107.094 Y102.293 E4.18038
G1 X107.118 Y101.817 E4.2033
G1 X107.256 Y101.632 E4.2144
G1 X107.538 Y101.535 E4.22874
G1 X108.49 Y101.447 E4.27472
G1 X110.051 Y101.413 E4.34982
G1 X111.256 Y101.436 E4.40779
G1 X112.167 Y101.495 E4.4517
G1 X112.691 Y101.601 E4.47741
G1 X112.823 Y101.72 E4.48596
G1 X112.867 Y101.807 E4.49065
G1 X112.901 Y102.206 F7800
G1 X111.458 Y102.723
;TYPE:Top solid infill
;WIDTH:0.400613
G1 F712
G1 X110.41 Y103.771 E4.5528
G1 X110.117 Y103.804 E4.56517
G1 X109.913 Y103.792 E4.57374
G1 X110.848 Y102.857 E4.62919
G1 X110.386 Y102.844 E4.64857
G1 X109.481 Y103.749 E4.70224
G1 X109.243 Y103.693 E4.71249
G1 X109.116 Y103.638 E4.71829
G1 X109.916 Y102.838 E4.76574
G1 X109.429 Y102.85 E4.78617
G1 X108.814 Y103.465 E4.82264
G1 X108.712 Y103.339 E4.82944
G1 X108.648 Y103.155 E4.83761
G1 X109.096 Y102.707 E4.86418
M106 S255
;LAYER_CHANGE
;Z:20.75
;HEIGHT:0.299999
G1 E2.86418 F2400
G92 E0
G1 Z20.75 F7800
G1 X111.423 Y102.253
G1 E2 F2400
;TYPE:Perimeter
;WIDTH:0.52125
G1 F600
G1 X110.944 Y102.492 E2.0305
G1 X110.301 Y102.628 E2.06795
G1 X109.616 Y102.626 E2.10698
;WIDTH:0.514698
G1 X109.019 Y102.485 E2.14143
G1 X108.574 Y102.254 E2.16959
G1 X108.909 Y102.203 E2.18862
G1 X109.635 Y102.176 E2.22942
;WIDTH:0.52125
G1 X110.309 Y102.171 E2.26783
G1 X110.922 Y102.196 E2.30279
G1 X111.363 Y102.246 E2.32808
G1 X112.085 Y102.093 F7800
;TYPE:External perimeter
;WIDTH:0.45
G1 F600
G1 X112.106 Y102.175 E2.33215
G1 X112.008 Y102.316 E2.34041
G1 X111.605 Y102.649 E2.36555
G1 X111.098 Y102.889 E2.39253
G1 X110.372 Y103.05 E2.4283
G1 X109.566 Y103.043 E2.46707
G1 X108.939 Y102.896 E2.49804
G1 X108.444 Y102.672 E2.52417
G1 X108.019 Y102.339 E2.55014
G1 X107.894 Y102.175 E2.56006
G1 X107.947 Y101.97 E2.57024
G1 X108.038 Y101.914 E2.57538
G1 X108.869 Y101.786 E2.61582
G1 X110.025 Y101.743 E2.67146
G1 X110.719 Y101.759 E2.70485
G1 X111.23 Y101.795 E2.72949
G1 X111.862 Y101.897 E2.76028
G1 X112.053 Y101.969 E2.7701
G1 X112.07 Y102.035 E2.77338
G1 X111.902 Y102.398 F7800
G1 E.77338 F2400
G92 E0
M107
;TYPE:Custom
; Filament-specific end gcode 
;END gcode for filament
M104 S0 ; turn off temperature
G28 X0  ; home X axis
M84     ; disable motors
; objects_info = {"objects":[]}
; filament used [mm] = 1307.54
; filament used [cm3] = 3.14
; total filament used [g] = 0.00
; total filament cost = 0.00
; total filament used for wipe tower [g] = 0.00
; estimated printing time (normal mode) = 23m 55s
; estimated first layer printing time (normal mode) = 1m 2s

; prusaslicer_config = begin
; arc_fitting = disabled
; autoemit_temperature_commands = 1
; automatic_extrusion_widths = 0
; automatic_infill_combination = 0
; automatic_infill_combination_max_layer_height = 100%
; avoid_crossing_curled_overhangs = 0
; avoid_crossing_perimeters = 0
; avoid_crossing_perimeters_max_detour = 0
; bed_custom_model = 
; bed_custom_texture = 
; bed_shape = 0x0,220x0,220x220,0x220
; bed_temperature = 0
; bed_temperature_extruder = 0
; before_layer_gcode = 
; between_objects_gcode = 
; binary_gcode = 0
; bottom_fill_pattern = monotonic
; bottom_solid_layers = 3
; bottom_solid_min_thickness = 0
; bridge_acceleration = 0
; bridge_angle = 0
; bridge_fan_speed = 100
; bridge_flow_ratio = 1
; bridge_speed = 60
; brim_separation = 0
; brim_type = outer_only
; brim_width = 5
; chamber_minimal_temperature = 0
; chamber_temperature = 0
; color_change_gcode = M600
; colorprint_heights = 
; complete_objects = 0
; cooling = 1
; cooling_perimeter_transition_distance = 0
; cooling_slowdown_logic = uniform_cooling
; cooling_tube_length = 5
; cooling_tube_retraction = 91.5
; custom_parameters_filament = ""
; custom_parameters_print = 
; custom_parameters_printer = 
; default_acceleration = 0
; default_filament_profile = 
; default_print_profile = 
; deretract_speed = 0
; disable_fan_first_layers = 3
; dont_support_bridges = 1
; draft_shield = disabled
; duplicate_distance = 6
; elefant_foot_compensation = 0
; enable_dynamic_fan_speeds = 0
; enable_dynamic_overhang_speeds = 0
; end_filament_gcode = "; Filament-specific end gcode \n;END gcode for filament\n"
; end_gcode = M104 S0 ; turn off temperature\nG28 X0  ; home X axis\nM84     ; disable motors\n
; ensure_vertical_shell_thickness = enabled
; external_perimeter_acceleration = 0
; external_perimeter_extrusion_width = 0.45
; external_perimeter_speed = 50%
; external_perimeters_first = 0
; extra_loading_move = -2
; extra_perimeters = 1
; extra_perimeters_on_overhangs = 0
; extruder_clearance_height = 20
; extruder_clearance_radius = 20
; extruder_colour = ""
; extruder_offset = 0x0
; extrusion_axis = E
; extrusion_multiplier = 1
; extrusion_width = 0.45
; fan_always_on = 0
; fan_below_layer_time = 60
; filament_abrasive = 0
; filament_colour = #29B2B2
; filament_cooling_final_speed = 3.4
; filament_cooling_initial_speed = 2.2
; filament_cooling_moves = 4
; filament_cost = 0
; filament_density = 0
; filament_deretract_speed = nil
; filament_diameter = 1.75
; filament_flush_speed = 0
; filament_flush_volume = 0
; filament_infill_max_crossing_speed = 0
; filament_infill_max_speed = 0
; filament_load_time = 0
; filament_loading_speed = 28
; filament_loading_speed_start = 3
; filament_max_volumetric_speed = 0
; filament_minimal_purge_on_wipe_tower = 15
; filament_multitool_ramming = 0
; filament_multitool_ramming_flow = 10
; filament_multitool_ramming_volume = 10
; filament_notes = ""
; filament_purge_multiplier = 100%
; filament_ramming_parameters = "120 100 6.6 6.8 7.2 7.6 7.9 8.2 8.7 9.4 9.9 10.0| 0.05 6.6 0.45 6.8 0.95 7.8 1.45 8.3 1.95 9.7 2.45 10 2.95 7.6 3.45 7.6 3.95 7.6 4.45 7.6 4.95 7.6"
; filament_retract_before_travel = nil
; filament_retract_before_wipe = nil
; filament_retract_layer_change = nil
; filament_retract_length = nil
; filament_retract_length_toolchange = nil
; filament_retract_lift = nil
; filament_retract_lift_above = nil
; filament_retract_lift_below = nil
; filament_retract_restart_extra = nil
; filament_retract_restart_extra_toolchange = nil
; filament_retract_speed = nil
; filament_seam_gap_distance = nil
; filament_settings_id = K1C
; filament_shrinkage_compensation_xy = 0%
; filament_shrinkage_compensation_z = 0%
; filament_soluble = 0
; filament_spool_weight = 0
; filament_stamping_distance = 0
; filament_stamping_loading_speed = 20
; filament_toolchange_delay = 0
; filament_travel_lift_before_obstacle = nil
; filament_travel_max_lift = nil
; filament_travel_ramping_lift = nil
; filament_travel_slope = nil
; filament_type = PLA
; filament_unload_time = 0
; filament_unloading_speed = 90
; filament_unloading_speed_start = 100
; filament_vendor = (Unknown)
; filament_wipe = nil
; fill_angle = 45
; fill_density = 20%
; fill_pattern = stars
; first_layer_acceleration = 0
; first_layer_acceleration_over_raft = 0
; first_layer_bed_temperature = 0
; first_layer_extrusion_width = 0.42
; first_layer_height = 0.35
; first_layer_infill_speed = 0
; first_layer_speed = 30
; first_layer_speed_over_raft = 30
; first_layer_temperature = 240
; full_fan_speed_layer = 0
; fuzzy_skin = none
; fuzzy_skin_point_dist = 0.8
; fuzzy_skin_thickness = 0.3
; gap_fill_enabled = 1
; gap_fill_speed = 20
; gcode_comments = 0
; gcode_flavor = klipper
; gcode_label_objects = disabled
; gcode_resolution = 0.0125
; gcode_substitutions = 
; high_current_on_filament_swap = 0
; host_type = prusalink
; idle_temperature = nil
; infill_acceleration = 0
; infill_anchor = 600%
; infill_anchor_max = 50
; infill_every_layers = 1
; infill_extruder = 1
; infill_extrusion_width = 0.45
; infill_first = 0
; infill_overlap = 25%
; infill_speed = 80
; interface_shells = 0
; interlocking_beam = 0
; interlocking_beam_layer_count = 2
; interlocking_beam_width = 0.8
; interlocking_boundary_avoidance = 2
; interlocking_depth = 2
; interlocking_orientation = 22.5
; ironing = 0
; ironing_flowrate = 15%
; ironing_spacing = 0.1
; ironing_speed = 15
; ironing_type = top
; layer_gcode = 
; layer_height = 0.3
; machine_limits_usage = time_estimate_only
; machine_max_acceleration_e = 10000,5000
; machine_max_acceleration_extruding = 1500,1250
; machine_max_acceleration_retracting = 1500,1250
; machine_max_acceleration_travel = 1500,1250
; machine_max_acceleration_x = 9000,1000
; machine_max_acceleration_y = 9000,1000
; machine_max_acceleration_z = 500,200
; machine_max_feedrate_e = 120,120
; machine_max_feedrate_x = 500,200
; machine_max_feedrate_y = 500,200
; machine_max_feedrate_z = 12,12
; machine_max_jerk_e = 2.5,2.5
; machine_max_jerk_x = 10,10
; machine_max_jerk_y = 10,10
; machine_max_jerk_z = 0.2,0.4
; machine_max_junction_deviation = 0,0
; machine_min_extruding_rate = 0,0
; machine_min_travel_rate = 0,0
; max_fan_speed = 100
; max_layer_height = 0
; max_print_height = 250
; max_print_speed = 80
; max_volumetric_extrusion_rate_slope_negative = 0
; max_volumetric_extrusion_rate_slope_positive = 0
; max_volumetric_speed = 0
; min_bead_width = 85%
; min_fan_speed = 35
; min_feature_size = 25%
; min_layer_height = 0.07
; min_print_speed = 10
; min_skirt_length = 0
; mmu_segmented_region_interlocking_depth = 0
; mmu_segmented_region_max_width = 0
; multimaterial_purging = 140
; notes = 
; nozzle_diameter = 0.4
; nozzle_high_flow = 0
; only_one_perimeter_first_layer = 0
; only_retract_when_crossing_perimeters = 0
; ooze_prevention = 0
; output_filename_format = [input_filename_base].gcode
; over_bridge_speed = 0
; overhang_fan_speed_0 = 0
; overhang_fan_speed_1 = 0
; overhang_fan_speed_2 = 0
; overhang_fan_speed_3 = 0
; overhang_speed_0 = 15
; overhang_speed_1 = 15
; overhang_speed_2 = 20
; overhang_speed_3 = 25
; overhangs = 1
; parking_pos_retraction = 92
; pause_print_gcode = M601
; perimeter_acceleration = 0
; perimeter_extruder = 1
; perimeter_extrusion_width = 0.45
; perimeter_generator = arachne
; perimeter_speed = 60
; perimeters = 4
; physical_printer_settings_id = 
; post_process = 
; prefer_clockwise_movements = 0
; print_settings_id = K1C
; printer_model = 
; printer_notes = 
; printer_settings_id = K1C
; printer_technology = FFF
; printer_variant = 
; printer_vendor = 
; raft_contact_distance = 0.1
; raft_expansion = 1.5
; raft_first_layer_density = 90%
; raft_first_layer_expansion = 3
; raft_layers = 0
; remaining_times = 0
; resolution = 0
; retract_before_travel = 2
; retract_before_wipe = 0%
; retract_layer_change = 0
; retract_length = 2
; retract_length_toolchange = 10
; retract_lift = 0
; retract_lift_above = 0
; retract_lift_below = 0
; retract_restart_extra = 0
; retract_restart_extra_toolchange = 0
; retract_speed = 40
; scarf_seam_entire_loop = 0
; scarf_seam_length = 20
; scarf_seam_max_segment_length = 1
; scarf_seam_on_inner_perimeters = 0
; scarf_seam_only_on_smooth = 1
; scarf_seam_placement = nowhere
; scarf_seam_start_height = 0%
; seam_gap_distance = 15%
; seam_position = aligned
; silent_mode = 1
; single_extruder_multi_material = 0
; single_extruder_multi_material_priming = 1
; skirt_distance = 6
; skirt_height = 1
; skirts = 1
; slice_closing_radius = 0.049
; slicing_mode = regular
; slowdown_below_layer_time = 5
; small_perimeter_speed = 15
; solid_infill_acceleration = 0
; solid_infill_below_area = 70
; solid_infill_every_layers = 0
; solid_infill_extruder = 1
; solid_infill_extrusion_width = 0.45
; solid_infill_speed = 20
; spiral_vase = 0
; staggered_inner_seams = 0
; standby_temperature_delta = -5
; start_filament_gcode = "; Filament gcode\n"
; start_gcode = G28 ; home all axes\nG1 Z5 F5000 ; lift nozzle\n
; support_material = 1
; support_material_angle = 0
; support_material_auto = 1
; support_material_bottom_contact_distance = 0
; support_material_bottom_interface_layers = -1
; support_material_buildplate_only = 0
; support_material_closing_radius = 2
; support_material_contact_distance = 0.2
; support_material_enforce_layers = 0
; support_material_extruder = 1
; support_material_extrusion_width = 0.35
; support_material_interface_contact_loops = 0
; support_material_interface_extruder = 1
; support_material_interface_layers = 3
; support_material_interface_pattern = rectilinear
; support_material_interface_spacing = 0
; support_material_interface_speed = 100%
; support_material_pattern = rectilinear
; support_material_spacing = 2.5
; support_material_speed = 60
; support_material_style = grid
; support_material_synchronize_layers = 0
; support_material_threshold = 0
; support_material_with_sheath = 1
; support_material_xy_spacing = 50%
; support_tree_angle = 40
; support_tree_angle_slow = 25
; support_tree_branch_diameter = 2
; support_tree_branch_diameter_angle = 5
; support_tree_branch_diameter_double_wall = 3
; support_tree_branch_distance = 1
; support_tree_tip_diameter = 0.8
; support_tree_top_rate = 15%
; temperature = 240
; template_custom_gcode = 
; thick_bridges = 1
; thin_walls = 1
; thumbnails = 
; thumbnails_format = PNG
; toolchange_gcode = 
; toolchange_ordering = optimized
; top_fill_pattern = monotonic
; top_infill_extrusion_width = 0.4
; top_one_perimeter_type = none
; top_solid_infill_acceleration = 0
; top_solid_infill_speed = 15
; top_solid_layers = 3
; top_solid_min_thickness = 0
; travel_acceleration = 0
; travel_lift_before_obstacle = 0
; travel_max_lift = 0
; travel_ramping_lift = 0
; travel_short_distance_acceleration = 0
; travel_slope = 0
; travel_speed = 130
; travel_speed_z = 0
; use_firmware_retraction = 0
; use_relative_e_distances = 0
; use_volumetric_e = 0
; variable_layer_height = 1
; wall_distribution_count = 1
; wall_transition_angle = 10
; wall_transition_filter_deviation = 25%
; wall_transition_length = 100%
; wipe = 0
; wipe_into_infill = 0
; wipe_into_objects = 0
; wipe_tower = 0
; wipe_tower_acceleration = 0
; wipe_tower_bridging = 10
; wipe_tower_brim_width = 2
; wipe_tower_cone_angle = 0
; wipe_tower_extra_flow = 100%
; wipe_tower_extra_spacing = 100%
; wipe_tower_extruder = 0
; wipe_tower_no_sparse_layers = 0
; wipe_tower_width = 60
; wiping_volumes_matrix = 0
; wiping_volumes_use_custom_matrix = 0
; xy_size_compensation = 0
; z_offset = 0
; prusaslicer_config = end
